shock_start,shock_end,calendar_gap_days,strategy,repricing_change_dollars
2024-01-02,2024-01-03,1,unhedged,874.3230093415377
2024-01-02,2024-01-03,1,parallel_dv01_hedge,-399.3566275616018
2024-01-02,2024-01-03,1,key_rate_least_squares_hedge,775.4139035870928
2024-01-03,2024-01-04,1,unhedged,-2449.0618019126487
2024-01-03,2024-01-04,1,parallel_dv01_hedge,218.87317418982155
2024-01-03,2024-01-04,1,key_rate_least_squares_hedge,-2224.338095678276
2024-01-04,2024-01-05,1,unhedged,-1395.360446094429
2024-01-04,2024-01-05,1,parallel_dv01_hedge,573.0655381046413
2024-01-04,2024-01-05,1,key_rate_least_squares_hedge,-1240.9036092985266
2024-01-05,2024-01-08,3,unhedged,1932.9276278914165
2024-01-05,2024-01-08,3,parallel_dv01_hedge,399.6303875486471
2024-01-05,2024-01-08,3,key_rate_least_squares_hedge,1804.626827481407
2024-01-08,2024-01-09,1,unhedged,357.6408936497444
2024-01-08,2024-01-09,1,parallel_dv01_hedge,703.5729147303016
2024-01-08,2024-01-09,1,key_rate_least_squares_hedge,385.29953369415256
2024-01-09,2024-01-10,1,unhedged,-522.4786231570988
2024-01-09,2024-01-10,1,parallel_dv01_hedge,53.27065587989605
2024-01-09,2024-01-10,1,key_rate_least_squares_hedge,-476.518370345854
2024-01-10,2024-01-11,1,unhedged,2977.676191030696
2024-01-10,2024-01-11,1,parallel_dv01_hedge,856.408147271309
2024-01-10,2024-01-11,1,key_rate_least_squares_hedge,2788.0170119891895
2024-01-11,2024-01-12,1,unhedged,2819.8883958413035
2024-01-11,2024-01-12,1,parallel_dv01_hedge,1845.0290639302978
2024-01-11,2024-01-12,1,key_rate_least_squares_hedge,2712.9480290119536
2024-01-12,2024-01-16,4,unhedged,-3671.6233437053347
2024-01-12,2024-01-16,4,parallel_dv01_hedge,54.571089841769215
2024-01-12,2024-01-16,4,key_rate_least_squares_hedge,-3359.2842402938622
2024-01-16,2024-01-17,1,unhedged,-2981.536704490253
2024-01-16,2024-01-17,1,parallel_dv01_hedge,-1541.1529501406314
2024-01-16,2024-01-17,1,key_rate_least_squares_hedge,-2837.699647372983
2024-01-17,2024-01-18,1,unhedged,-523.4001209043981
2024-01-17,2024-01-18,1,parallel_dv01_hedge,749.6637013419158
2024-01-17,2024-01-18,1,key_rate_least_squares_hedge,-421.6136083315434
2024-01-18,2024-01-19,1,unhedged,-1578.001069755146
2024-01-18,2024-01-19,1,parallel_dv01_hedge,-1095.5333236580225
2024-01-18,2024-01-19,1,key_rate_least_squares_hedge,-1527.939695268492
2024-01-19,2024-01-22,3,unhedged,1577.0636576093011
2024-01-19,2024-01-22,3,parallel_dv01_hedge,45.23322535491559
2024-01-19,2024-01-22,3,key_rate_least_squares_hedge,1451.8069712705997
2024-01-22,2024-01-23,1,unhedged,-879.018905853286
2024-01-22,2024-01-23,1,parallel_dv01_hedge,293.0791627673472
2024-01-22,2024-01-23,1,key_rate_least_squares_hedge,-791.0861552155404
2024-01-23,2024-01-24,1,unhedged,-533.7615479837154
2024-01-23,2024-01-24,1,parallel_dv01_hedge,740.7379039402247
2024-01-23,2024-01-24,1,key_rate_least_squares_hedge,-426.08018672803905
2024-01-24,2024-01-25,1,unhedged,2110.6912177437207
2024-01-24,2024-01-25,1,parallel_dv01_hedge,323.69958443268087
2024-01-24,2024-01-25,1,key_rate_least_squares_hedge,1947.6109868390206
2024-01-25,2024-01-26,1,unhedged,-1048.9482355465896
2024-01-25,2024-01-26,1,parallel_dv01_hedge,-444.04629035262474
2024-01-25,2024-01-26,1,key_rate_least_squares_hedge,-994.8767111359618
2024-01-26,2024-01-29,3,unhedged,2099.5819339290733
2024-01-26,2024-01-29,3,parallel_dv01_hedge,-490.5637290939581
2024-01-26,2024-01-29,3,key_rate_least_squares_hedge,1886.7812183273259
2024-01-29,2024-01-30,1,unhedged,-1226.3779758019666
2024-01-29,2024-01-30,1,parallel_dv01_hedge,-1540.623040983243
2024-01-29,2024-01-30,1,key_rate_least_squares_hedge,-1240.0897514913015
2024-01-30,2024-01-31,1,unhedged,3158.340908972548
2024-01-30,2024-01-31,1,parallel_dv01_hedge,562.0963758990956
2024-01-30,2024-01-31,1,key_rate_least_squares_hedge,2930.703346385485
2024-01-31,2024-02-01,1,unhedged,3504.8886988761296
2024-01-31,2024-02-01,1,parallel_dv01_hedge,-723.5838255496923
2024-01-31,2024-02-01,1,key_rate_least_squares_hedge,3152.309860422897
2024-02-01,2024-02-02,1,unhedged,-6455.52002517178
2024-02-01,2024-02-02,1,parallel_dv01_hedge,-498.4193419520314
2024-02-01,2024-02-02,1,key_rate_least_squares_hedge,-5941.632216032633
2024-02-02,2024-02-05,3,unhedged,-4716.441363581083
2024-02-02,2024-02-05,3,parallel_dv01_hedge,164.07025865010132
2024-02-02,2024-02-05,3,key_rate_least_squares_hedge,-4308.8893888864195
2024-02-05,2024-02-06,1,unhedged,4050.8114743775536
2024-02-05,2024-02-06,1,parallel_dv01_hedge,1104.393555807584
2024-02-05,2024-02-06,1,key_rate_least_squares_hedge,3800.8165861101666
2024-02-06,2024-02-07,1,unhedged,-872.6064756541518
2024-02-06,2024-02-07,1,parallel_dv01_hedge,-618.3745347423431
2024-02-06,2024-02-07,1,key_rate_least_squares_hedge,-849.4261546116869
2024-02-07,2024-02-08,1,unhedged,-2101.2607402731473
2024-02-07,2024-02-08,1,parallel_dv01_hedge,-2.471395416931254
2024-02-07,2024-02-08,1,key_rate_least_squares_hedge,-1933.3810729504182
2024-02-08,2024-02-09,1,unhedged,-878.2113341224829
2024-02-08,2024-02-09,1,parallel_dv01_hedge,-176.3750214077276
2024-02-08,2024-02-09,1,key_rate_least_squares_hedge,-813.3915575632435
2024-02-09,2024-02-12,3,unhedged,171.34264067422578
2024-02-09,2024-02-12,3,parallel_dv01_hedge,46.01294084577553
2024-02-09,2024-02-12,3,key_rate_least_squares_hedge,164.24811572079503
2024-02-12,2024-02-13,1,unhedged,-6458.987237637785
2024-02-12,2024-02-13,1,parallel_dv01_hedge,-1206.00461900194
2024-02-12,2024-02-13,1,key_rate_least_squares_hedge,-6004.409921234572
2024-02-13,2024-02-14,1,unhedged,2100.6177019538086
2024-02-13,2024-02-14,1,parallel_dv01_hedge,446.135527567927
2024-02-13,2024-02-14,1,key_rate_least_squares_hedge,1953.994634440482
2024-02-14,2024-02-15,1,unhedged,875.6927861959696
2024-02-14,2024-02-15,1,parallel_dv01_hedge,-51.89888796469499
2024-02-14,2024-02-15,1,key_rate_least_squares_hedge,798.6025632256337
2024-02-15,2024-02-16,1,unhedged,-2446.380809988682
2024-02-15,2024-02-16,1,parallel_dv01_hedge,-347.7735965711832
2024-02-15,2024-02-16,1,key_rate_least_squares_hedge,-2264.2544617593853
2024-02-16,2024-02-20,4,unhedged,1580.3512746758486
2024-02-16,2024-02-20,4,parallel_dv01_hedge,526.6543453011506
2024-02-16,2024-02-20,4,key_rate_least_squares_hedge,1493.3229118837078
2024-02-20,2024-02-21,1,unhedged,-1750.045062685075
2024-02-20,2024-02-21,1,parallel_dv01_hedge,-1.683233814482895
2024-02-20,2024-02-21,1,key_rate_least_squares_hedge,-1607.403719174535
2024-02-21,2024-02-22,1,unhedged,-1581.5258236693808
2024-02-21,2024-02-22,1,parallel_dv01_hedge,-1105.3721472459076
2024-02-21,2024-02-22,1,key_rate_least_squares_hedge,-1532.045544399489
2024-02-22,2024-02-23,1,unhedged,1577.034992593127
2024-02-22,2024-02-23,1,parallel_dv01_hedge,-878.2395832190196
2024-02-22,2024-02-23,1,key_rate_least_squares_hedge,1375.0194778625703
2024-02-23,2024-02-26,3,unhedged,-704.3651728015732
2024-02-23,2024-02-26,3,parallel_dv01_hedge,242.06084758950357
2024-02-23,2024-02-26,3,key_rate_least_squares_hedge,-619.9935188826068
2024-02-26,2024-02-27,1,unhedged,-874.3990051753769
2024-02-26,2024-02-27,1,parallel_dv01_hedge,50.09954282661844
2024-02-26,2024-02-27,1,key_rate_least_squares_hedge,-800.5533320461735
2024-02-27,2024-02-28,1,unhedged,2102.617365497963
2024-02-27,2024-02-28,1,parallel_dv01_hedge,449.8084145527161
2024-02-27,2024-02-28,1,key_rate_least_squares_hedge,1961.764916815515
2024-02-28,2024-02-29,1,unhedged,178.99184301313653
2024-02-28,2024-02-29,1,parallel_dv01_hedge,-272.17661749112636
2024-02-28,2024-02-29,1,key_rate_least_squares_hedge,145.7002739622171
2024-02-29,2024-03-01,1,unhedged,3512.9062359938243
2024-02-29,2024-03-01,1,parallel_dv01_hedge,1151.641746751283
2024-02-29,2024-03-01,1,key_rate_least_squares_hedge,3303.9181807912214
2024-03-01,2024-03-04,3,unhedged,-1929.6261190437747
2024-03-01,2024-03-04,3,parallel_dv01_hedge,-875.4293200053409
2024-03-01,2024-03-04,3,key_rate_least_squares_hedge,-1833.2076166970835
2024-03-04,2024-03-05,1,unhedged,2626.4657494888866
2024-03-04,2024-03-05,1,parallel_dv01_hedge,-410.2182046753687
2024-03-04,2024-03-05,1,key_rate_least_squares_hedge,2372.1134863566713
2024-03-05,2024-03-06,1,unhedged,173.74346502080584
2024-03-05,2024-03-06,1,parallel_dv01_hedge,-647.6949086631398
2024-03-05,2024-03-06,1,key_rate_least_squares_hedge,110.91884276259968
2024-03-06,2024-03-07,1,unhedged,1573.026190680764
2024-03-06,2024-03-07,1,parallel_dv01_hedge,741.5670573398446
2024-03-06,2024-03-07,1,key_rate_least_squares_hedge,1500.7692642796844
2024-03-07,2024-03-08,1,unhedged,706.7404197148619
2024-03-07,2024-03-08,1,parallel_dv01_hedge,578.3191367751688
2024-03-07,2024-03-08,1,key_rate_least_squares_hedge,693.6196552564943
2024-03-08,2024-03-11,3,unhedged,-519.8483789776276
2024-03-08,2024-03-11,3,parallel_dv01_hedge,-167.1773092807281
2024-03-08,2024-03-11,3,key_rate_least_squares_hedge,-483.02137475403754
2024-03-11,2024-03-12,1,unhedged,-2446.203394829922
2024-03-11,2024-03-12,1,parallel_dv01_hedge,-223.409269426564
2024-03-11,2024-03-12,1,key_rate_least_squares_hedge,-2254.07788235165
2024-03-12,2024-03-13,1,unhedged,-1400.2803831864696
2024-03-12,2024-03-13,1,parallel_dv01_hedge,-225.96208217546882
2024-03-12,2024-03-13,1,key_rate_least_squares_hedge,-1303.5364517012488
2024-03-13,2024-03-14,1,unhedged,-3319.4989131999364
2024-03-13,2024-03-14,1,parallel_dv01_hedge,166.2290074867198
2024-03-13,2024-03-14,1,key_rate_least_squares_hedge,-3032.172775440159
2024-03-14,2024-03-15,1,unhedged,-1577.8440172388741
2024-03-14,2024-03-15,1,parallel_dv01_hedge,-752.9611638632994
2024-03-14,2024-03-15,1,key_rate_least_squares_hedge,-1509.0388976960078
2024-03-15,2024-03-18,3,unhedged,-695.2649713967674
2024-03-15,2024-03-18,3,parallel_dv01_hedge,229.08212155981556
2024-03-15,2024-03-18,3,key_rate_least_squares_hedge,-618.4358571492246
2024-03-18,2024-03-19,1,unhedged,1753.2503996818605
2024-03-18,2024-03-19,1,parallel_dv01_hedge,350.3861168729841
2024-03-18,2024-03-19,1,key_rate_least_squares_hedge,1641.085824375512
2024-03-19,2024-03-20,1,unhedged,2098.25173886415
2024-03-19,2024-03-20,1,parallel_dv01_hedge,1042.8188475664037
2024-03-19,2024-03-20,1,key_rate_least_squares_hedge,1999.3843239583498
2024-03-20,2024-03-21,1,unhedged,-348.124592045167
2024-03-20,2024-03-21,1,parallel_dv01_hedge,-346.7663487022846
2024-03-20,2024-03-21,1,key_rate_least_squares_hedge,-348.0159950913604
2024-03-21,2024-03-22,1,unhedged,2105.9887177882783
2024-03-21,2024-03-22,1,parallel_dv01_hedge,225.7254038222225
2024-03-21,2024-03-22,1,key_rate_least_squares_hedge,1946.9507789146412
2024-03-22,2024-03-25,3,unhedged,-1057.4949348254847
2024-03-22,2024-03-25,3,parallel_dv01_hedge,-9.258685054754226
2024-03-22,2024-03-25,3,key_rate_least_squares_hedge,-967.835365813377
2024-03-25,2024-03-26,1,unhedged,353.60255954998365
2024-03-25,2024-03-26,1,parallel_dv01_hedge,-120.29500815369363
2024-03-25,2024-03-26,1,key_rate_least_squares_hedge,315.71256543468246
2024-03-26,2024-03-27,1,unhedged,1046.2652327996125
2024-03-26,2024-03-27,1,parallel_dv01_hedge,-480.49728020132034
2024-03-26,2024-03-27,1,key_rate_least_squares_hedge,921.3416508376794
2024-03-27,2024-03-28,1,unhedged,-1224.8553844142407
2024-03-27,2024-03-28,1,parallel_dv01_hedge,-970.9540595071467
2024-03-27,2024-03-28,1,key_rate_least_squares_hedge,-1193.0029325750177
2024-03-28,2024-04-01,4,unhedged,-4185.700126444943
2024-03-28,2024-04-01,4,parallel_dv01_hedge,339.6222341782873
2024-03-28,2024-04-01,4,key_rate_least_squares_hedge,-3815.468896792721
2024-04-01,2024-04-02,1,unhedged,-176.29336754893643
2024-04-01,2024-04-02,1,parallel_dv01_hedge,994.0988666993525
2024-04-01,2024-04-02,1,key_rate_least_squares_hedge,-85.71176394453752
2024-04-02,2024-04-03,1,unhedged,705.5178901676129
2024-04-02,2024-04-03,1,parallel_dv01_hedge,580.8371212236822
2024-04-02,2024-04-03,1,key_rate_least_squares_hedge,689.771213172518
2024-04-03,2024-04-04,1,unhedged,1044.4304145295291
2024-04-03,2024-04-04,1,parallel_dv01_hedge,-709.6534657503818
2024-04-03,2024-04-04,1,key_rate_least_squares_hedge,895.5525268896037
2024-04-04,2024-04-05,1,unhedged,-2795.953170394796
2024-04-04,2024-04-05,1,parallel_dv01_hedge,-3.3235550514555356
2024-04-04,2024-04-05,1,key_rate_least_squares_hedge,-2558.266594414726
2024-04-05,2024-04-08,3,unhedged,-1927.1730004727772
2024-04-05,2024-04-08,3,parallel_dv01_hedge,-754.6812152086213
2024-04-05,2024-04-08,3,key_rate_least_squares_hedge,-1827.6510277403625
2024-04-08,2024-04-09,1,unhedged,2463.0381568441353
2024-04-08,2024-04-09,1,parallel_dv01_hedge,481.974919041464
2024-04-08,2024-04-09,1,key_rate_least_squares_hedge,2293.159241429029
2024-04-09,2024-04-10,1,unhedged,-8536.876537467037
2024-04-09,2024-04-10,1,parallel_dv01_hedge,-1701.0274462843245
2024-04-09,2024-04-10,1,key_rate_least_squares_hedge,-7944.288306944402
2024-04-10,2024-04-11,1,unhedged,-8.82418795782769
2024-04-10,2024-04-11,1,parallel_dv01_hedge,341.86102449408634
2024-04-10,2024-04-11,1,key_rate_least_squares_hedge,13.367672125959919
2024-04-11,2024-04-12,1,unhedged,2456.175142303181
2024-04-11,2024-04-12,1,parallel_dv01_hedge,230.47984091989156
2024-04-11,2024-04-12,1,key_rate_least_squares_hedge,2266.6674250684227
2024-04-12,2024-04-15,3,unhedged,-3320.6325581953424
2024-04-12,2024-04-15,3,parallel_dv01_hedge,1082.265040598991
2024-04-12,2024-04-15,3,key_rate_least_squares_hedge,-2959.9048844278204
2024-04-15,2024-04-16,1,unhedged,-1577.4819650367533
2024-04-15,2024-04-16,1,parallel_dv01_hedge,-181.2122953944189
2024-04-15,2024-04-16,1,key_rate_least_squares_hedge,-1460.0693626789155
2024-04-16,2024-04-17,1,unhedged,2281.2638445164166
2024-04-16,2024-04-17,1,parallel_dv01_hedge,-528.2609496434209
2024-04-16,2024-04-17,1,key_rate_least_squares_hedge,2050.854795302147
2024-04-17,2024-04-18,1,unhedged,-2100.3353230855737
2024-04-17,2024-04-18,1,parallel_dv01_hedge,-234.40071033702048
2024-04-17,2024-04-18,1,key_rate_least_squares_hedge,-1945.3711417722066
2024-04-18,2024-04-19,1,unhedged,702.2330728328541
2024-04-18,2024-04-19,1,parallel_dv01_hedge,2.404497664673326
2024-04-18,2024-04-19,1,key_rate_least_squares_hedge,643.4263022144706
2024-04-19,2024-04-22,3,unhedged,-0.778808476411541
2024-04-19,2024-04-22,3,parallel_dv01_hedge,-0.7198953595077995
2024-04-19,2024-04-22,3,key_rate_least_squares_hedge,-3.6267891603259423
2024-04-22,2024-04-23,1,unhedged,1394.076479629689
2024-04-22,2024-04-23,1,parallel_dv01_hedge,802.1780181799543
2024-04-22,2024-04-23,1,key_rate_least_squares_hedge,1341.0462071569568
2024-04-23,2024-04-24,1,unhedged,-523.0692627884537
2024-04-23,2024-04-24,1,parallel_dv01_hedge,878.1370349018817
2024-04-23,2024-04-24,1,key_rate_least_squares_hedge,-402.4101561661256
2024-04-24,2024-04-25,1,unhedged,-2273.778254276806
2024-04-24,2024-04-25,1,parallel_dv01_hedge,-530.4063031823588
2024-04-24,2024-04-25,1,key_rate_least_squares_hedge,-2122.9105546007704
2024-04-25,2024-04-26,1,unhedged,526.0964892430309
2024-04-25,2024-04-26,1,parallel_dv01_hedge,-527.6069064045884
2024-04-25,2024-04-26,1,key_rate_least_squares_hedge,441.7783634493751
2024-04-26,2024-04-29,3,unhedged,1237.939127572787
2024-04-26,2024-04-29,3,parallel_dv01_hedge,-165.32759304760853
2024-04-26,2024-04-29,3,key_rate_least_squares_hedge,1123.1010134721932
2024-04-29,2024-04-30,1,unhedged,-2445.2007846180377
2024-04-29,2024-04-30,1,parallel_dv01_hedge,-231.9108023462549
2024-04-29,2024-04-30,1,key_rate_least_squares_hedge,-2253.9112909256887
2024-04-30,2024-05-01,1,unhedged,2803.897226005745
2024-04-30,2024-05-01,1,parallel_dv01_hedge,580.7782371293483
2024-04-30,2024-05-01,1,key_rate_least_squares_hedge,2614.668655431784
2024-05-01,2024-05-02,1,unhedged,2627.8743469877954
2024-05-01,2024-05-02,1,parallel_dv01_hedge,630.5712018625736
2024-05-01,2024-05-02,1,key_rate_least_squares_hedge,2453.8465841181846
2024-05-02,2024-05-03,1,unhedged,2981.8182251310077
2024-05-02,2024-05-03,1,parallel_dv01_hedge,172.35527755300802
2024-05-02,2024-05-03,1,key_rate_least_squares_hedge,2745.7080189438975
2024-05-03,2024-05-06,3,unhedged,-176.89600370076164
2024-05-03,2024-05-06,3,parallel_dv01_hedge,-527.8366779031683
2024-05-03,2024-05-06,3,key_rate_least_squares_hedge,-204.88410832772541
2024-05-06,2024-05-07,1,unhedged,715.0710161999996
2024-05-06,2024-05-07,1,parallel_dv01_hedge,137.4648665839485
2024-05-06,2024-05-07,1,key_rate_least_squares_hedge,671.6703818549719
2024-05-07,2024-05-08,1,unhedged,-878.8877299471665
2024-05-07,2024-05-08,1,parallel_dv01_hedge,-406.19475925559175
2024-05-07,2024-05-08,1,key_rate_least_squares_hedge,-841.0940481508355
2024-05-08,2024-05-09,1,unhedged,1049.624190303291
2024-05-08,2024-05-09,1,parallel_dv01_hedge,-1.3998486660992684
2024-05-08,2024-05-09,1,key_rate_least_squares_hedge,962.7381076689744
2024-05-09,2024-05-10,1,unhedged,-1743.5914063217695
2024-05-09,2024-05-10,1,parallel_dv01_hedge,2.321876239706081
2024-05-09,2024-05-10,1,key_rate_least_squares_hedge,-1589.5987615745603
2024-05-10,2024-05-13,3,unhedged,164.35258896720484
2024-05-10,2024-05-13,3,parallel_dv01_hedge,-536.1811225357573
2024-05-10,2024-05-13,3,key_rate_least_squares_hedge,105.48973171053342
2024-05-13,2024-05-14,1,unhedged,1402.3119889719737
2024-05-13,2024-05-14,1,parallel_dv01_hedge,228.04024847265947
2024-05-13,2024-05-14,1,key_rate_least_squares_hedge,1308.424295998828
2024-05-14,2024-05-15,1,unhedged,3861.3911806442047
2024-05-14,2024-05-15,1,parallel_dv01_hedge,574.9918302709974
2024-05-14,2024-05-15,1,key_rate_least_squares_hedge,3581.2986461223295
2024-05-15,2024-05-16,1,unhedged,-2104.172746085169
2024-05-15,2024-05-16,1,parallel_dv01_hedge,-1156.4838249475993
2024-05-15,2024-05-16,1,key_rate_least_squares_hedge,-2019.7741264543993
2024-05-16,2024-05-17,1,unhedged,-1041.3293321451533
2024-05-16,2024-05-17,1,parallel_dv01_hedge,355.50822575896717
2024-05-16,2024-05-17,1,key_rate_least_squares_hedge,-926.7943468675114
2024-05-17,2024-05-20,3,unhedged,-703.5963143211177
2024-05-17,2024-05-20,3,parallel_dv01_hedge,-127.91654021154912
2024-05-17,2024-05-20,3,key_rate_least_squares_hedge,-654.5746037119475
2024-05-20,2024-05-21,1,unhedged,697.501647947405
2024-05-20,2024-05-21,1,parallel_dv01_hedge,-229.26860977163489
2024-05-20,2024-05-21,1,key_rate_least_squares_hedge,620.4794295403764
2024-05-21,2024-05-22,1,unhedged,-1220.1800937023677
2024-05-21,2024-05-22,1,parallel_dv01_hedge,-521.3173017477144
2024-05-21,2024-05-22,1,key_rate_least_squares_hedge,-1158.5283957817069
2024-05-22,2024-05-23,1,unhedged,-2102.8741250616176
2024-05-22,2024-05-23,1,parallel_dv01_hedge,-461.23544729108033
2024-05-22,2024-05-23,1,key_rate_least_squares_hedge,-1960.141216267626
2024-05-23,2024-05-24,1,unhedged,-169.43249423832185
2024-05-23,2024-05-24,1,parallel_dv01_hedge,-519.6410610003178
2024-05-23,2024-05-24,1,key_rate_least_squares_hedge,-194.58098286426355
2024-05-24,2024-05-28,4,unhedged,-1231.7220456719724
2024-05-24,2024-05-28,4,parallel_dv01_hedge,1434.7002690600948
2024-05-24,2024-05-28,4,key_rate_least_squares_hedge,-1018.6013299327078
2024-05-28,2024-05-29,1,unhedged,-1922.3061960434507
2024-05-28,2024-05-29,1,parallel_dv01_hedge,519.3207856361262
2024-05-28,2024-05-29,1,key_rate_least_squares_hedge,-1724.2362604445361
2024-05-29,2024-05-30,1,unhedged,1926.5247059331614
2024-05-29,2024-05-30,1,parallel_dv01_hedge,-177.2412764513656
2024-05-29,2024-05-30,1,key_rate_least_squares_hedge,1749.6917017735152
2024-05-30,2024-05-31,1,unhedged,1755.7151223444123
2024-05-30,2024-05-31,1,parallel_dv01_hedge,231.3847888575861
2024-05-30,2024-05-31,1,key_rate_least_squares_hedge,1630.9863719268255
2024-05-31,2024-06-03,3,unhedged,2973.08933548365
2024-05-31,2024-06-03,3,parallel_dv01_hedge,-664.2165511543471
2024-05-31,2024-06-03,3,key_rate_least_squares_hedge,2670.648161943447
2024-06-03,2024-06-04,1,unhedged,2455.5121107680125
2024-06-03,2024-06-04,1,parallel_dv01_hedge,-351.9000845137431
2024-06-03,2024-06-04,1,key_rate_least_squares_hedge,2222.418428492296
2024-06-04,2024-06-05,1,unhedged,1577.7028934311943
2024-06-04,2024-06-05,1,parallel_dv01_hedge,175.38534754344295
2024-06-04,2024-06-05,1,key_rate_least_squares_hedge,1456.9517091877888
2024-06-05,2024-06-06,1,unhedged,524.2271005147359
2024-06-05,2024-06-06,1,parallel_dv01_hedge,173.90673895611786
2024-06-05,2024-06-06,1,key_rate_least_squares_hedge,496.146300243746
2024-06-06,2024-06-07,1,unhedged,-5753.274334721396
2024-06-06,2024-06-07,1,parallel_dv01_hedge,-293.59121345835035
2024-06-06,2024-06-07,1,key_rate_least_squares_hedge,-5290.804486922265
2024-06-07,2024-06-10,3,unhedged,188.55832271796658
2024-06-07,2024-06-10,3,parallel_dv01_hedge,1339.3423651447258
2024-06-07,2024-06-10,3,key_rate_least_squares_hedge,277.71546195802256
2024-06-10,2024-06-11,1,unhedged,2098.767784226112
2024-06-10,2024-06-11,1,parallel_dv01_hedge,-585.2341551434612
2024-06-10,2024-06-11,1,key_rate_least_squares_hedge,1886.9528770035938
2024-06-11,2024-06-12,1,unhedged,3158.51540992071
2024-06-11,2024-06-12,1,parallel_dv01_hedge,225.4477503022875
2024-06-11,2024-06-12,1,key_rate_least_squares_hedge,2912.5217040261887
2024-06-12,2024-06-13,1,unhedged,2445.339470173167
2024-06-12,2024-06-13,1,parallel_dv01_hedge,-136.84653949603194
2024-06-12,2024-06-13,1,key_rate_least_squares_hedge,2221.620211557954
2024-06-13,2024-06-14,1,unhedged,522.9256029356577
2024-06-13,2024-06-14,1,parallel_dv01_hedge,-751.6893342470172
2024-06-13,2024-06-14,1,key_rate_least_squares_hedge,421.01507255850055
2024-06-14,2024-06-17,3,unhedged,-2972.3187994598275
2024-06-14,2024-06-17,3,parallel_dv01_hedge,-181.63155213884647
2024-06-14,2024-06-17,3,key_rate_least_squares_hedge,-2737.5702226110643
2024-06-17,2024-06-18,1,unhedged,2280.7801396834293
2024-06-17,2024-06-18,1,parallel_dv01_hedge,175.8581341289614
2024-06-17,2024-06-18,1,key_rate_least_squares_hedge,2106.635195791608
2024-06-18,2024-06-20,2,unhedged,-700.6015550852851
2024-06-18,2024-06-20,2,parallel_dv01_hedge,346.3291164961979
2024-06-18,2024-06-20,2,key_rate_least_squares_hedge,-614.042741332588
2024-06-20,2024-06-21,1,unhedged,-0.13703329685199606
2024-06-20,2024-06-21,1,parallel_dv01_hedge,-0.16878581487056335
2024-06-20,2024-06-21,1,key_rate_least_squares_hedge,-0.21072286819169297
2024-06-21,2024-06-24,3,unhedged,-349.9235081703489
2024-06-21,2024-06-24,3,parallel_dv01_hedge,-348.6712680955829
2024-06-21,2024-06-24,3,key_rate_least_squares_hedge,-349.7522369951209
2024-06-24,2024-06-25,1,unhedged,517.428895753369
2024-06-24,2024-06-25,1,parallel_dv01_hedge,-183.3157454778133
2024-06-24,2024-06-25,1,key_rate_least_squares_hedge,461.40157647161976
2024-06-25,2024-06-26,1,unhedged,-2626.026992192294
2024-06-25,2024-06-26,1,parallel_dv01_hedge,509.7591067194921
2024-06-25,2024-06-26,1,key_rate_least_squares_hedge,-2366.8224936717243
2024-06-26,2024-06-27,1,unhedged,1230.750071910478
2024-06-26,2024-06-27,1,parallel_dv01_hedge,-68.74969728385085
2024-06-26,2024-06-27,1,key_rate_least_squares_hedge,1118.219265652596
2024-06-27,2024-06-28,1,unhedged,-1225.9687600401037
2024-06-27,2024-06-28,1,parallel_dv01_hedge,1091.4497063535512
2024-06-27,2024-06-28,1,key_rate_least_squares_hedge,-1043.6773623497595
2024-06-28,2024-07-01,3,unhedged,-2961.2307701813734
2024-06-28,2024-07-01,3,parallel_dv01_hedge,1220.496374232081
2024-06-28,2024-07-01,3,key_rate_least_squares_hedge,-2623.747646382344
2024-07-01,2024-07-02,1,unhedged,1575.4864330959606
2024-07-01,2024-07-02,1,parallel_dv01_hedge,-180.05723297045935
2024-07-01,2024-07-02,1,key_rate_least_squares_hedge,1426.4931366059184
2024-07-02,2024-07-03,1,unhedged,2106.7033332769824
2024-07-02,2024-07-03,1,parallel_dv01_hedge,-352.739924701648
2024-07-02,2024-07-03,1,key_rate_least_squares_hedge,1901.5016601828497
2024-07-03,2024-07-05,2,unhedged,3499.8495866075527
2024-07-03,2024-07-05,2,parallel_dv01_hedge,435.42667841644027
2024-07-03,2024-07-05,2,key_rate_least_squares_hedge,3237.5715801082097
2024-07-05,2024-07-08,3,unhedged,-348.9060337317085
2024-07-05,2024-07-08,3,parallel_dv01_hedge,-347.6036760002458
2024-07-05,2024-07-08,3,key_rate_least_squares_hedge,-346.02112380514154
2024-07-08,2024-07-09,1,unhedged,364.7406523460006
2024-07-08,2024-07-09,1,parallel_dv01_hedge,1062.945972242827
2024-07-08,2024-07-09,1,key_rate_least_squares_hedge,429.19427419279793
2024-07-09,2024-07-10,1,unhedged,-179.18548853430138
2024-07-09,2024-07-10,1,parallel_dv01_hedge,-754.7650398082958
2024-07-09,2024-07-10,1,key_rate_least_squares_hedge,-228.1301713503422
2024-07-10,2024-07-11,1,unhedged,4035.7411256159994
2024-07-10,2024-07-11,1,parallel_dv01_hedge,1090.445437785359
2024-07-10,2024-07-11,1,key_rate_least_squares_hedge,3771.1298459949367
2024-07-11,2024-07-12,1,unhedged,1227.7593980292067
2024-07-11,2024-07-12,1,parallel_dv01_hedge,521.9717828518636
2024-07-11,2024-07-12,1,key_rate_least_squares_hedge,1159.7671417285017
2024-07-12,2024-07-15,3,unhedged,-697.4789887378563
2024-07-12,2024-07-15,3,parallel_dv01_hedge,801.4958522459586
2024-07-12,2024-07-15,3,key_rate_least_squares_hedge,-583.3377466012568
2024-07-15,2024-07-16,1,unhedged,1047.4830445718908
2024-07-15,2024-07-16,1,parallel_dv01_hedge,-935.0356102526488
2024-07-15,2024-07-16,1,key_rate_least_squares_hedge,888.9727982991209
2024-07-16,2024-07-17,1,unhedged,701.9842587004632
2024-07-16,2024-07-17,1,parallel_dv01_hedge,224.83497786183426
2024-07-16,2024-07-17,1,key_rate_least_squares_hedge,663.8342771955981
2024-07-17,2024-07-18,1,unhedged,-1579.0108117791135
2024-07-17,2024-07-18,1,parallel_dv01_hedge,-52.38526154053479
2024-07-17,2024-07-18,1,key_rate_least_squares_hedge,-1454.0975550706637
2024-07-18,2024-07-19,1,unhedged,-1573.5816310387918
2024-07-18,2024-07-19,1,parallel_dv01_hedge,53.709033126903975
2024-07-18,2024-07-19,1,key_rate_least_squares_hedge,-1440.5469703662905
2024-07-19,2024-07-22,3,unhedged,-350.08546984329314
2024-07-19,2024-07-22,3,parallel_dv01_hedge,124.93513510373377
2024-07-19,2024-07-22,3,key_rate_least_squares_hedge,-309.252274015297
2024-07-22,2024-07-23,1,unhedged,872.085595989347
2024-07-22,2024-07-23,1,parallel_dv01_hedge,392.8446874347993
2024-07-22,2024-07-23,1,key_rate_least_squares_hedge,825.0605821985909
2024-07-23,2024-07-24,1,unhedged,872.276882555667
2024-07-23,2024-07-24,1,parallel_dv01_hedge,1794.336412625638
2024-07-23,2024-07-24,1,key_rate_least_squares_hedge,937.2173511167649
2024-07-24,2024-07-25,1,unhedged,-526.5668405087354
2024-07-24,2024-07-25,1,parallel_dv01_hedge,-999.6397943967503
2024-07-24,2024-07-25,1,key_rate_least_squares_hedge,-561.5371486684068
2024-07-25,2024-07-26,1,unhedged,2278.5941788734476
2024-07-25,2024-07-26,1,parallel_dv01_hedge,-313.8164280348581
2024-07-25,2024-07-26,1,key_rate_least_squares_hedge,2059.8295489774464
2024-07-26,2024-07-29,3,unhedged,351.39374053528627
2024-07-26,2024-07-29,3,parallel_dv01_hedge,-575.9936116406399
2024-07-26,2024-07-29,3,key_rate_least_squares_hedge,277.2454356878506
2024-07-29,2024-07-30,1,unhedged,880.723196224551
2024-07-29,2024-07-30,1,parallel_dv01_hedge,176.7400627588371
2024-07-29,2024-07-30,1,key_rate_least_squares_hedge,821.4358743183553
2024-07-30,2024-07-31,1,unhedged,2104.6485832015096
2024-07-30,2024-07-31,1,parallel_dv01_hedge,-10.200355223416832
2024-07-30,2024-07-31,1,key_rate_least_squares_hedge,1921.1365071171979
2024-07-31,2024-08-01,1,unhedged,4747.4017465748375
2024-07-31,2024-08-01,1,parallel_dv01_hedge,1079.2143410727078
2024-07-31,2024-08-01,1,key_rate_least_squares_hedge,4422.25498946527
2024-08-01,2024-08-02,1,unhedged,8472.009577287736
2024-08-01,2024-08-02,1,parallel_dv01_hedge,1447.255149812019
2024-08-01,2024-08-02,1,key_rate_least_squares_hedge,7825.919309803424
2024-08-02,2024-08-05,3,unhedged,-179.455905569057
2024-08-02,2024-08-05,3,parallel_dv01_hedge,-873.1568133315408
2024-08-02,2024-08-05,3,key_rate_least_squares_hedge,-231.83409218618712
2024-08-05,2024-08-06,1,unhedged,-2781.6130445037857
2024-08-05,2024-08-06,1,parallel_dv01_hedge,1540.307346592322
2024-08-05,2024-08-06,1,key_rate_least_squares_hedge,-2401.1262126901515
2024-08-06,2024-08-07,1,unhedged,-1925.000943283095
2024-08-06,2024-08-07,1,parallel_dv01_hedge,180.1326667479484
2024-08-06,2024-08-07,1,key_rate_least_squares_hedge,-1759.6183286551839
2024-08-07,2024-08-08,1,unhedged,-1581.7328776938666
2024-08-07,2024-08-08,1,parallel_dv01_hedge,-396.41131257860786
2024-08-07,2024-08-08,1,key_rate_least_squares_hedge,-1478.2459079056891
2024-08-08,2024-08-09,1,unhedged,516.5655949991788
2024-08-08,2024-08-09,1,parallel_dv01_hedge,-1110.8245746000853
2024-08-08,2024-08-09,1,key_rate_least_squares_hedge,392.2344444238864
2024-08-09,2024-08-12,3,unhedged,1576.7770099452605
2024-08-09,2024-08-12,3,parallel_dv01_hedge,38.16500296637228
2024-08-09,2024-08-12,3,key_rate_least_squares_hedge,1445.192630598902
2024-08-12,2024-08-13,1,unhedged,2459.7696704435634
2024-08-12,2024-08-13,1,parallel_dv01_hedge,558.8964190550873
2024-08-12,2024-08-13,1,key_rate_least_squares_hedge,2287.4143085058004
2024-08-13,2024-08-14,1,unhedged,-7.555759697197573
2024-08-13,2024-08-14,1,parallel_dv01_hedge,-704.0152000443476
2024-08-13,2024-08-14,1,key_rate_least_squares_hedge,-57.30197604475738
2024-08-14,2024-08-15,1,unhedged,-4556.720777276269
2024-08-14,2024-08-15,1,parallel_dv01_hedge,-1133.6951189740278
2024-08-14,2024-08-15,1,key_rate_least_squares_hedge,-4254.196717253281
2024-08-15,2024-08-16,1,unhedged,880.9198722076417
2024-08-15,2024-08-16,1,parallel_dv01_hedge,-49.192533449317075
2024-08-15,2024-08-16,1,key_rate_least_squares_hedge,797.8366306266563
2024-08-16,2024-08-19,3,unhedged,522.9364651358992
2024-08-16,2024-08-19,3,parallel_dv01_hedge,-527.8868734510223
2024-08-16,2024-08-19,3,key_rate_least_squares_hedge,435.91244553177603
2024-08-19,2024-08-20,1,unhedged,1934.9973607492643
2024-08-19,2024-08-20,1,parallel_dv01_hedge,392.0119246185841
2024-08-19,2024-08-20,1,key_rate_least_squares_hedge,1797.1222633757409
2024-08-20,2024-08-21,1,unhedged,2108.0391436387913
2024-08-20,2024-08-21,1,parallel_dv01_hedge,909.0882882107292
2024-08-20,2024-08-21,1,key_rate_least_squares_hedge,1991.8013330909087
2024-08-21,2024-08-22,1,unhedged,-2803.270667536566
2024-08-21,2024-08-22,1,parallel_dv01_hedge,-215.4224972688529
2024-08-21,2024-08-22,1,key_rate_least_squares_hedge,-2576.0744355099437
2024-08-22,2024-08-23,1,unhedged,2819.4705721382716
2024-08-22,2024-08-23,1,parallel_dv01_hedge,915.1594539083044
2024-08-22,2024-08-23,1,key_rate_least_squares_hedge,2646.9124929565396
2024-08-23,2024-08-26,3,unhedged,-351.00810274926175
2024-08-23,2024-08-26,3,parallel_dv01_hedge,1.6219469693407205
2024-08-23,2024-08-26,3,key_rate_least_squares_hedge,-317.1794744327859
2024-08-26,2024-08-27,1,unhedged,359.2076180622428
2024-08-26,2024-08-27,1,parallel_dv01_hedge,698.4213292617048
2024-08-26,2024-08-27,1,key_rate_least_squares_hedge,374.75043421636144
2024-08-27,2024-08-28,1,unhedged,515.3677677159862
2024-08-27,2024-08-28,1,parallel_dv01_hedge,857.0717588427474
2024-08-27,2024-08-28,1,key_rate_least_squares_hedge,548.2465199917374
2024-08-28,2024-08-29,1,unhedged,-1231.826551354942
2024-08-28,2024-08-29,1,parallel_dv01_hedge,-297.4162792895574
2024-08-28,2024-08-29,1,key_rate_least_squares_hedge,-1151.2523197150072
2024-08-29,2024-08-30,1,unhedged,-1395.8038872736722
2024-08-29,2024-08-30,1,parallel_dv01_hedge,13.149832880003467
2024-08-29,2024-08-30,1,key_rate_least_squares_hedge,-1283.1524372482195
2024-08-30,2024-09-03,4,unhedged,2109.0603360975992
2024-08-30,2024-09-03,4,parallel_dv01_hedge,-362.11871633239053
2024-08-30,2024-09-03,4,key_rate_least_squares_hedge,1902.2207730538635
2024-09-03,2024-09-04,1,unhedged,3347.17399695478
2024-09-03,2024-09-04,1,parallel_dv01_hedge,729.393122978299
2024-09-03,2024-09-04,1,key_rate_least_squares_hedge,3103.108751609013
2024-09-04,2024-09-05,1,unhedged,702.7357135258683
2024-09-04,2024-09-05,1,parallel_dv01_hedge,-450.0578768964926
2024-09-04,2024-09-05,1,key_rate_least_squares_hedge,604.7731505305869
2024-09-05,2024-09-06,1,unhedged,1948.9718883623652
2024-09-05,2024-09-06,1,parallel_dv01_hedge,1318.2126623582083
2024-09-05,2024-09-06,1,key_rate_least_squares_hedge,1866.7827867088617
2024-09-06,2024-09-09,3,unhedged,170.4956369617605
2024-09-06,2024-09-09,3,parallel_dv01_hedge,-526.9689257396152
2024-09-06,2024-09-09,3,key_rate_least_squares_hedge,120.36627803322055
2024-09-09,2024-09-10,1,unhedged,3193.1800432097643
2024-09-09,2024-09-10,1,parallel_dv01_hedge,1404.4219341568378
2024-09-09,2024-09-10,1,key_rate_least_squares_hedge,3035.6354237927735
2024-09-10,2024-09-11,1,unhedged,-884.0888242410472
2024-09-10,2024-09-11,1,parallel_dv01_hedge,-742.7658519528721
2024-09-10,2024-09-11,1,key_rate_least_squares_hedge,-857.9568023376423
2024-09-11,2024-09-12,1,unhedged,-701.4285075300108
2024-09-11,2024-09-12,1,parallel_dv01_hedge,349.74013107809185
2024-09-11,2024-09-12,1,key_rate_least_squares_hedge,-626.2700835411283
2024-09-12,2024-09-13,1,unhedged,1590.826808769208
2024-09-12,2024-09-13,1,parallel_dv01_hedge,613.8517863435891
2024-09-12,2024-09-13,1,key_rate_least_squares_hedge,1486.3527748914585
2024-09-13,2024-09-16,3,unhedged,344.8333796676195
2024-09-13,2024-09-16,3,parallel_dv01_hedge,-582.9663209007159
2024-09-13,2024-09-16,3,key_rate_least_squares_hedge,258.8206658654991
2024-09-16,2024-09-17,1,unhedged,-1054.6925565387255
2024-09-16,2024-09-17,1,parallel_dv01_hedge,-342.0936713699447
2024-09-16,2024-09-17,1,key_rate_least_squares_hedge,-989.1438701640532
2024-09-17,2024-09-18,1,unhedged,-1231.6091537267937
2024-09-17,2024-09-18,1,parallel_dv01_hedge,519.4766370627444
2024-09-17,2024-09-18,1,key_rate_least_squares_hedge,-1103.4361744773169
2024-09-18,2024-09-19,1,unhedged,17.61068885357986
2024-09-18,2024-09-19,1,parallel_dv01_hedge,936.1843003748102
2024-09-18,2024-09-19,1,key_rate_least_squares_hedge,85.01747095372237
2024-09-19,2024-09-20,1,unhedged,353.4847766469795
2024-09-19,2024-09-20,1,parallel_dv01_hedge,220.3349193446942
2024-09-19,2024-09-20,1,key_rate_least_squares_hedge,339.7403574016585
2024-09-20,2024-09-23,3,unhedged,-694.8338325256032
2024-09-20,2024-09-23,3,parallel_dv01_hedge,137.75916209632297
2024-09-20,2024-09-23,3,key_rate_least_squares_hedge,-631.3637240537003
2024-09-23,2024-09-24,1,unhedged,1231.0848371558336
2024-09-23,2024-09-24,1,parallel_dv01_hedge,734.5591133281948
2024-09-23,2024-09-24,1,key_rate_least_squares_hedge,1182.4858403211344
2024-09-24,2024-09-25,1,unhedged,-1757.591023459213
2024-09-24,2024-09-25,1,parallel_dv01_hedge,7.766777296128449
2024-09-24,2024-09-25,1,key_rate_least_squares_hedge,-1613.5841814878304
2024-09-25,2024-09-26,1,unhedged,-1416.6105132323992
2024-09-25,2024-09-26,1,parallel_dv01_hedge,-1395.6593914347156
2024-09-25,2024-09-26,1,key_rate_least_squares_hedge,-1394.7655870687458
2024-09-26,2024-09-27,1,unhedged,1761.9544266953824
2024-09-26,2024-09-27,1,parallel_dv01_hedge,212.5256640074471
2024-09-26,2024-09-27,1,key_rate_least_squares_hedge,1620.6697054681397
2024-09-27,2024-09-30,3,unhedged,-2991.4712392951515
2024-09-27,2024-09-30,3,parallel_dv01_hedge,-735.3095158493572
2024-09-27,2024-09-30,3,key_rate_least_squares_hedge,-2787.975042201847
2024-09-30,2024-10-01,1,unhedged,2284.970981291821
2024-09-30,2024-10-01,1,parallel_dv01_hedge,-194.18041427376332
2024-09-30,2024-10-01,1,key_rate_least_squares_hedge,2080.8743203336817
2024-10-01,2024-10-02,1,unhedged,-1046.4395888148204
2024-10-01,2024-10-02,1,parallel_dv01_hedge,708.4113107027202
2024-10-01,2024-10-02,1,key_rate_least_squares_hedge,-903.2727958270597
2024-10-02,2024-10-03,1,unhedged,-2638.5562890412475
2024-10-02,2024-10-03,1,parallel_dv01_hedge,-515.9734571686387
2024-10-02,2024-10-03,1,key_rate_least_squares_hedge,-2454.4734357692214
2024-10-03,2024-10-04,1,unhedged,-7191.577212850433
2024-10-03,2024-10-04,1,parallel_dv01_hedge,-2099.2824073912107
2024-10-03,2024-10-04,1,key_rate_least_squares_hedge,-6732.376817757643
2024-10-04,2024-10-07,3,unhedged,-1755.3296911860627
2024-10-04,2024-10-07,3,parallel_dv01_hedge,-119.17155895208373
2024-10-04,2024-10-07,3,key_rate_least_squares_hedge,-1613.078317731542
2024-10-07,2024-10-08,1,unhedged,537.8556520452094
2024-10-07,2024-10-08,1,parallel_dv01_hedge,1008.6179397981113
2024-10-07,2024-10-08,1,key_rate_least_squares_hedge,566.8388721277272
2024-10-08,2024-10-09,1,unhedged,-1398.7106823014983
2024-10-08,2024-10-09,1,parallel_dv01_hedge,-564.0424248875601
2024-10-08,2024-10-09,1,key_rate_least_squares_hedge,-1323.2444636415091
2024-10-09,2024-10-10,1,unhedged,178.8853790249334
2024-10-09,2024-10-10,1,parallel_dv01_hedge,1101.9227252871963
2024-10-09,2024-10-10,1,key_rate_least_squares_hedge,246.88971953542062
2024-10-10,2024-10-11,1,unhedged,1055.1348573950747
2024-10-10,2024-10-11,1,parallel_dv01_hedge,571.5926143244933
2024-10-10,2024-10-11,1,key_rate_least_squares_hedge,1004.9574652927994
2024-10-11,2024-10-15,4,unhedged,165.31520666134725
2024-10-11,2024-10-15,4,parallel_dv01_hedge,-1466.3949209964433
2024-10-11,2024-10-15,4,key_rate_least_squares_hedge,34.697555848895284
2024-10-15,2024-10-16,1,unhedged,703.4509780922349
2024-10-15,2024-10-16,1,parallel_dv01_hedge,347.5749047064861
2024-10-15,2024-10-16,1,key_rate_least_squares_hedge,672.1378926429479
2024-10-16,2024-10-17,1,unhedged,-1928.722456994052
2024-10-16,2024-10-17,1,parallel_dv01_hedge,529.9056158142124
2024-10-16,2024-10-17,1,key_rate_least_squares_hedge,-1720.4773206727043
2024-10-17,2024-10-18,1,unhedged,883.344635426937
2024-10-17,2024-10-18,1,parallel_dv01_hedge,402.125061135808
2024-10-17,2024-10-18,1,key_rate_least_squares_hedge,839.1506114439771
2024-10-18,2024-10-21,3,unhedged,-3331.5922150569577
2024-10-18,2024-10-21,3,parallel_dv01_hedge,406.49909092819075
2024-10-18,2024-10-21,3,key_rate_least_squares_hedge,-3018.270090052166
2024-10-21,2024-10-22,1,unhedged,-882.9729818471321
2024-10-21,2024-10-22,1,parallel_dv01_hedge,-278.87998256013253
2024-10-21,2024-10-22,1,key_rate_least_squares_hedge,-834.6733454953556
2024-10-22,2024-10-23,1,unhedged,-1756.8277777385788
2024-10-22,2024-10-23,1,parallel_dv01_hedge,-346.34495931539664
2024-10-22,2024-10-23,1,key_rate_least_squares_hedge,-1635.401257092102
2024-10-23,2024-10-24,1,unhedged,524.8305223231853
2024-10-23,2024-10-24,1,parallel_dv01_hedge,-407.6013935264935
2024-10-23,2024-10-24,1,key_rate_least_squares_hedge,444.56067734833437
2024-10-24,2024-10-25,1,unhedged,-1225.3747238123935
2024-10-24,2024-10-25,1,parallel_dv01_hedge,58.66733891681716
2024-10-24,2024-10-25,1,key_rate_least_squares_hedge,-1111.0458189157926
2024-10-25,2024-10-28,3,unhedged,-1408.4606716731685
2024-10-25,2024-10-28,3,parallel_dv01_hedge,-227.2925047520612
2024-10-25,2024-10-28,3,key_rate_least_squares_hedge,-1317.2665595057515
2024-10-28,2024-10-29,1,unhedged,179.00041986052884
2024-10-28,2024-10-29,1,parallel_dv01_hedge,53.8471764471126
2024-10-28,2024-10-29,1,key_rate_least_squares_hedge,171.77560882931874
2024-10-29,2024-10-30,1,unhedged,-1592.0519667682242
2024-10-29,2024-10-30,1,parallel_dv01_hedge,-1112.2309500385707
2024-10-29,2024-10-30,1,key_rate_least_squares_hedge,-1556.624812771452
2024-10-30,2024-10-31,1,unhedged,186.23493999811558
2024-10-30,2024-10-31,1,parallel_dv01_hedge,83.71993746685038
2024-10-30,2024-10-31,1,key_rate_least_squares_hedge,175.10187097453507
2024-10-31,2024-11-01,1,unhedged,-2281.9155446603645
2024-10-31,2024-11-01,1,parallel_dv01_hedge,875.6109934493888
2024-10-31,2024-11-01,1,key_rate_least_squares_hedge,-2026.676925052897
2024-11-01,2024-11-04,3,unhedged,2300.2260729121817
2024-11-01,2024-11-04,3,parallel_dv01_hedge,180.03981974284898
2024-11-01,2024-11-04,3,key_rate_least_squares_hedge,2121.8972808150384
2024-11-04,2024-11-05,1,unhedged,-4.21620406797274
2024-11-04,2024-11-05,1,parallel_dv01_hedge,-1389.9578951376707
2024-11-04,2024-11-05,1,key_rate_least_squares_hedge,-109.29332366811418
2024-11-05,2024-11-06,1,unhedged,-3505.2642410155954
2024-11-05,2024-11-06,1,parallel_dv01_hedge,1966.8639097595653
2024-11-05,2024-11-06,1,key_rate_least_squares_hedge,-3056.155971896231
2024-11-06,2024-11-07,1,unhedged,2986.908666429997
2024-11-06,2024-11-07,1,parallel_dv01_hedge,-1032.322731603319
2024-11-06,2024-11-07,1,key_rate_least_squares_hedge,2656.8986150625983
2024-11-07,2024-11-08,1,unhedged,-1409.7458885949266
2024-11-07,2024-11-08,1,parallel_dv01_hedge,-1633.610982810906
2024-11-07,2024-11-08,1,key_rate_least_squares_hedge,-1416.0553447520037
2024-11-08,2024-11-12,4,unhedged,-4033.4526373827375
2024-11-08,2024-11-12,4,parallel_dv01_hedge,516.9217586631293
2024-11-08,2024-11-12,4,key_rate_least_squares_hedge,-3652.2516734726073
2024-11-12,2024-11-13,1,unhedged,1054.163684506193
2024-11-12,2024-11-13,1,parallel_dv01_hedge,1282.2338130118665
2024-11-12,2024-11-13,1,key_rate_least_squares_hedge,1051.9933589936072
2024-11-13,2024-11-14,1,unhedged,-1233.3336010846097
2024-11-13,2024-11-14,1,parallel_dv01_hedge,-1461.884279059277
2024-11-13,2024-11-14,1,key_rate_least_squares_hedge,-1237.0833568853202
2024-11-14,2024-11-15,1,unhedged,881.5898047720339
2024-11-14,2024-11-15,1,parallel_dv01_hedge,633.1285109991242
2024-11-14,2024-11-15,1,key_rate_least_squares_hedge,856.0821782257283
2024-11-15,2024-11-18,3,unhedged,703.4524671622933
2024-11-15,2024-11-18,3,parallel_dv01_hedge,351.19583226424646
2024-11-15,2024-11-18,3,key_rate_least_squares_hedge,672.4288688410435
2024-11-18,2024-11-19,1,unhedged,698.1795975178784
2024-11-18,2024-11-19,1,parallel_dv01_hedge,-359.71099402505445
2024-11-18,2024-11-19,1,key_rate_least_squares_hedge,616.4560529317077
2024-11-19,2024-11-20,1,unhedged,-873.2061627017629
2024-11-19,2024-11-20,1,parallel_dv01_hedge,-169.26091089306536
2024-11-19,2024-11-20,1,key_rate_least_squares_hedge,-808.3466870142049
2024-11-20,2024-11-21,1,unhedged,-1059.5466691958677
2024-11-20,2024-11-21,1,parallel_dv01_hedge,-355.72846564412333
2024-11-20,2024-11-21,1,key_rate_least_squares_hedge,-997.4793805954879
2024-11-21,2024-11-22,1,unhedged,-353.91613415796996
2024-11-21,2024-11-22,1,parallel_dv01_hedge,-933.8938807682655
2024-11-21,2024-11-22,1,key_rate_least_squares_hedge,-391.63535998646995
2024-11-22,2024-11-25,3,unhedged,4217.299454376189
2024-11-22,2024-11-25,3,parallel_dv01_hedge,-737.0836543406438
2024-11-22,2024-11-25,3,key_rate_least_squares_hedge,3806.878390441297
2024-11-25,2024-11-26,1,unhedged,-0.10410090936829874
2024-11-25,2024-11-26,1,parallel_dv01_hedge,1051.5288701082682
2024-11-25,2024-11-26,1,key_rate_least_squares_hedge,83.90154171699167
2024-11-26,2024-11-27,1,unhedged,1754.779832377551
2024-11-26,2024-11-27,1,parallel_dv01_hedge,-259.3296937931604
2024-11-26,2024-11-27,1,key_rate_least_squares_hedge,1585.0116699399373
2024-11-27,2024-11-29,2,unhedged,2290.6063809368507
2024-11-27,2024-11-29,2,parallel_dv01_hedge,-181.0096478111959
2024-11-27,2024-11-29,2,key_rate_least_squares_hedge,2081.4747347000143
2024-11-29,2024-12-02,3,unhedged,-695.0119425341938
2024-11-29,2024-12-02,3,parallel_dv01_hedge,-91.76218529417503
2024-11-29,2024-12-02,3,key_rate_least_squares_hedge,-646.7026227074256
2024-12-02,2024-12-03,1,unhedged,-878.3623505966887
2024-12-02,2024-12-03,1,parallel_dv01_hedge,524.311652136684
2024-12-02,2024-12-03,1,key_rate_least_squares_hedge,-775.0238239702701
2024-12-03,2024-12-04,1,unhedged,1406.6138471358158
2024-12-03,2024-12-04,1,parallel_dv01_hedge,-4.709600829727912
2024-12-03,2024-12-04,1,key_rate_least_squares_hedge,1282.1778696166439
2024-12-04,2024-12-05,1,unhedged,-178.0942144451103
2024-12-04,2024-12-05,1,parallel_dv01_hedge,-753.7473548858337
2024-12-04,2024-12-05,1,key_rate_least_squares_hedge,-224.11997104361666
2024-12-05,2024-12-06,1,unhedged,1585.7026351960712
2024-12-05,2024-12-06,1,parallel_dv01_hedge,751.0537216833918
2024-12-05,2024-12-06,1,key_rate_least_squares_hedge,1507.2170822962441
2024-12-06,2024-12-09,3,unhedged,-1406.2714183880587
2024-12-06,2024-12-09,3,parallel_dv01_hedge,225.13298064582423
2024-12-06,2024-12-09,3,key_rate_least_squares_hedge,-1272.9744583366876
2024-12-09,2024-12-10,1,unhedged,-164.45447091911092
2024-12-09,2024-12-10,1,parallel_dv01_hedge,538.2313814206138
2024-12-09,2024-12-10,1,key_rate_least_squares_hedge,-102.47512487666177
2024-12-10,2024-12-11,1,unhedged,-871.632757764047
2024-12-10,2024-12-11,1,parallel_dv01_hedge,657.1035577909006
2024-12-10,2024-12-11,1,key_rate_least_squares_hedge,-752.4974529118758
2024-12-11,2024-12-12,1,unhedged,-1759.020821218371
2024-12-11,2024-12-12,1,parallel_dv01_hedge,224.8772708952974
2024-12-11,2024-12-12,1,key_rate_least_squares_hedge,-1597.6181423182134
2024-12-12,2024-12-13,1,unhedged,-2459.242778595154
2024-12-12,2024-12-13,1,parallel_dv01_hedge,350.50237380145416
2024-12-12,2024-12-13,1,key_rate_least_squares_hedge,-2228.795359565342
2024-12-13,2024-12-16,3,unhedged,-179.71021355677408
2024-12-13,2024-12-16,3,parallel_dv01_hedge,-532.1456042487106
2024-12-13,2024-12-16,3,key_rate_least_squares_hedge,-208.04395434801876
2024-12-16,2024-12-17,1,unhedged,-172.96295200111445
2024-12-16,2024-12-17,1,parallel_dv01_hedge,179.12921550724678
2024-12-16,2024-12-17,1,key_rate_least_squares_hedge,-141.95178652286017
2024-12-17,2024-12-18,1,unhedged,-4737.848755400193
2024-12-17,2024-12-18,1,parallel_dv01_hedge,-984.7453327409099
2024-12-17,2024-12-18,1,key_rate_least_squares_hedge,-4423.475863357939
2024-12-18,2024-12-19,1,unhedged,-526.045849366028
2024-12-18,2024-12-19,1,parallel_dv01_hedge,1813.101190490996
2024-12-18,2024-12-19,1,key_rate_least_squares_hedge,-344.81985870892623
2024-12-19,2024-12-20,1,unhedged,1579.7515630085002
2024-12-19,2024-12-20,1,parallel_dv01_hedge,-311.01772976945665
2024-12-19,2024-12-20,1,key_rate_least_squares_hedge,1425.7166970468288
2024-12-20,2024-12-23,3,unhedged,-1933.101697156161
2024-12-20,2024-12-23,3,parallel_dv01_hedge,528.3373744939961
2024-12-20,2024-12-23,3,key_rate_least_squares_hedge,-1739.0827757006718
2024-12-23,2024-12-24,1,unhedged,171.5835164928592
2024-12-23,2024-12-24,1,parallel_dv01_hedge,172.70246317243192
2024-12-23,2024-12-24,1,key_rate_least_squares_hedge,165.95218079294216
2024-12-24,2024-12-26,2,unhedged,354.4229219468775
2024-12-24,2024-12-26,2,parallel_dv01_hedge,-247.5456219793072
2024-12-24,2024-12-26,2,key_rate_least_squares_hedge,303.5105240298736
2024-12-26,2024-12-27,1,unhedged,-701.6802804629663
2024-12-26,2024-12-27,1,parallel_dv01_hedge,709.0432633612255
2024-12-26,2024-12-27,1,key_rate_least_squares_hedge,-597.6244220488592
2024-12-27,2024-12-30,3,unhedged,2641.575913051213
2024-12-27,2024-12-30,3,parallel_dv01_hedge,166.07755698163294
2024-12-27,2024-12-30,3,key_rate_least_squares_hedge,2434.7558349884725
2024-12-30,2024-12-31,1,unhedged,186.07771635501535
2024-12-30,2024-12-31,1,parallel_dv01_hedge,1122.4699885422635
2024-12-30,2024-12-31,1,key_rate_least_squares_hedge,258.00723533855046
2024-12-31,2025-01-02,2,unhedged,-358.6193838843599
2024-12-31,2025-01-02,2,parallel_dv01_hedge,-713.728150430755
2024-12-31,2025-01-02,2,key_rate_least_squares_hedge,-384.0732548563488
2025-01-02,2025-01-03,1,unhedged,-1055.7607921597878
2025-01-02,2025-01-03,1,parallel_dv01_hedge,125.72930962529543
2025-01-02,2025-01-03,1,key_rate_least_squares_hedge,-958.4356245281722
2025-01-03,2025-01-06,3,unhedged,184.81261494656565
2025-01-03,2025-01-06,3,parallel_dv01_hedge,768.723260728198
2025-01-03,2025-01-06,3,key_rate_least_squares_hedge,228.55989625661547
2025-01-06,2025-01-07,1,unhedged,-1230.2974899823482
2025-01-06,2025-01-07,1,parallel_dv01_hedge,533.7698213947848
2025-01-06,2025-01-07,1,key_rate_least_squares_hedge,-1083.5327411681003
2025-01-07,2025-01-08,1,unhedged,531.1097436640466
2025-01-07,2025-01-08,1,parallel_dv01_hedge,409.28377817024955
2025-01-07,2025-01-08,1,key_rate_least_squares_hedge,521.4472130154198
2025-01-08,2025-01-09,1,unhedged,-176.8923151320223
2025-01-08,2025-01-09,1,parallel_dv01_hedge,177.42187334077897
2025-01-08,2025-01-09,1,key_rate_least_squares_hedge,-157.22427908059336
2025-01-09,2025-01-10,1,unhedged,-4921.961152621606
2025-01-09,2025-01-10,1,parallel_dv01_hedge,-1274.2224349088901
2025-01-09,2025-01-10,1,key_rate_least_squares_hedge,-4604.343426640186
2025-01-10,2025-01-13,3,unhedged,-887.2168207894049
2025-01-10,2025-01-13,3,parallel_dv01_hedge,-306.4273526311041
2025-01-10,2025-01-13,3,key_rate_least_squares_hedge,-843.4081577019261
2025-01-13,2025-01-14,1,unhedged,882.0246689725764
2025-01-13,2025-01-14,1,parallel_dv01_hedge,533.3080202546167
2025-01-13,2025-01-14,1,key_rate_least_squares_hedge,848.3448763902148
2025-01-14,2025-01-15,1,unhedged,4589.627696720128
2025-01-14,2025-01-15,1,parallel_dv01_hedge,-41.89648587248928
2025-01-14,2025-01-15,1,key_rate_least_squares_hedge,4210.503301834707
2025-01-15,2025-01-16,1,unhedged,1938.4882160015593
2025-01-15,2025-01-16,1,parallel_dv01_hedge,170.1196548080382
2025-01-15,2025-01-16,1,key_rate_least_squares_hedge,1794.239584687024
2025-01-16,2025-01-17,1,unhedged,-1232.8033793947668
2025-01-16,2025-01-17,1,parallel_dv01_hedge,-989.1765805113431
2025-01-16,2025-01-17,1,key_rate_least_squares_hedge,-1204.588888491147
2025-01-17,2025-01-21,4,unhedged,350.18479932730884
2025-01-17,2025-01-21,4,parallel_dv01_hedge,-942.6092638762967
2025-01-17,2025-01-21,4,key_rate_least_squares_hedge,246.82077556909877
2025-01-21,2025-01-22,1,unhedged,-701.4122623722585
2025-01-21,2025-01-22,1,parallel_dv01_hedge,232.293431243574
2025-01-21,2025-01-22,1,key_rate_least_squares_hedge,-629.6191785490239
2025-01-22,2025-01-23,1,unhedged,-528.5638013135951
2025-01-22,2025-01-23,1,parallel_dv01_hedge,1113.5493528143118
2025-01-22,2025-01-23,1,key_rate_least_squares_hedge,-403.06939757165975
2025-01-23,2025-01-24,1,unhedged,704.1559677639952
2025-01-23,2025-01-24,1,parallel_dv01_hedge,-2.3267534553022933
2025-01-23,2025-01-24,1,key_rate_least_squares_hedge,644.6532306040799
2025-01-24,2025-01-27,3,unhedged,3522.457548766766
2025-01-24,2025-01-27,3,parallel_dv01_hedge,-22.054458682502258
2025-01-24,2025-01-27,3,key_rate_least_squares_hedge,3227.61572631664
2025-01-27,2025-01-28,1,unhedged,-350.62500476414016
2025-01-27,2025-01-28,1,parallel_dv01_hedge,107.03806240419692
2025-01-27,2025-01-28,1,key_rate_least_squares_hedge,-311.09440364617586
2025-01-28,2025-01-29,1,unhedged,-702.827550167342
2025-01-28,2025-01-29,1,parallel_dv01_hedge,-580.4336579109105
2025-01-28,2025-01-29,1,key_rate_least_squares_hedge,-684.3836297685209
2025-01-29,2025-01-30,1,unhedged,1230.8906714963541
2025-01-29,2025-01-30,1,parallel_dv01_hedge,171.1472203887762
2025-01-29,2025-01-30,1,key_rate_least_squares_hedge,1143.2995121973304
2025-01-30,2025-01-31,1,unhedged,-1401.470567866312
2025-01-30,2025-01-31,1,parallel_dv01_hedge,713.3644524626151
2025-01-30,2025-01-31,1,key_rate_least_squares_hedge,-1229.442839535778
2025-01-31,2025-02-03,3,unhedged,-0.07356830693083793
2025-01-31,2025-02-03,3,parallel_dv01_hedge,-1169.4286127340304
2025-01-31,2025-02-03,3,key_rate_least_squares_hedge,-84.98858154211796
2025-02-03,2025-02-04,1,unhedged,1227.8091799652202
2025-02-03,2025-02-04,1,parallel_dv01_hedge,398.40610694012827
2025-02-03,2025-02-04,1,key_rate_least_squares_hedge,1155.6960379320863
2025-02-04,2025-02-05,1,unhedged,2290.8798346675494
2025-02-04,2025-02-05,1,parallel_dv01_hedge,-898.9149857271846
2025-02-04,2025-02-05,1,key_rate_least_squares_hedge,2032.9825993336597
2025-02-05,2025-02-06,1,unhedged,-1406.446098198586
2025-02-05,2025-02-06,1,parallel_dv01_hedge,-577.5204140058582
2025-02-05,2025-02-06,1,key_rate_least_squares_hedge,-1334.3721498134378
2025-02-06,2025-02-07,1,unhedged,-2463.223983457823
2025-02-06,2025-02-07,1,parallel_dv01_hedge,-808.3145615219897
2025-02-06,2025-02-07,1,key_rate_least_squares_hedge,-2313.5956711995614
2025-02-07,2025-02-10,3,unhedged,178.1014373842993
2025-02-07,2025-02-10,3,parallel_dv01_hedge,635.4988851630403
2025-02-07,2025-02-10,3,key_rate_least_squares_hedge,211.88948596767557
2025-02-10,2025-02-11,1,unhedged,-160.23926368617936
2025-02-10,2025-02-11,1,parallel_dv01_hedge,897.3637186390071
2025-02-10,2025-02-11,1,key_rate_least_squares_hedge,-72.81977661820947
2025-02-11,2025-02-12,1,unhedged,-3509.6902714485623
2025-02-11,2025-02-12,1,parallel_dv01_hedge,-330.8492132338781
2025-02-11,2025-02-12,1,key_rate_least_squares_hedge,-3241.078093094489
2025-02-12,2025-02-13,1,unhedged,2637.8106560986225
2025-02-12,2025-02-13,1,parallel_dv01_hedge,-903.6949655961432
2025-02-12,2025-02-13,1,key_rate_least_squares_hedge,2346.0722234101563
2025-02-13,2025-02-14,1,unhedged,1934.1346174780938
2025-02-13,2025-02-14,1,parallel_dv01_hedge,169.12565839612725
2025-02-13,2025-02-14,1,key_rate_least_squares_hedge,1781.4956798930698
2025-02-14,2025-02-18,4,unhedged,-2465.3152808613754
2025-02-14,2025-02-18,4,parallel_dv01_hedge,222.30504403157994
2025-02-14,2025-02-18,4,key_rate_least_squares_hedge,-2247.4143970848186
2025-02-18,2025-02-19,1,unhedged,1058.4481002442203
2025-02-18,2025-02-19,1,parallel_dv01_hedge,353.7191537798451
2025-02-18,2025-02-19,1,key_rate_least_squares_hedge,996.3820093957763
2025-02-19,2025-02-20,1,unhedged,1059.246894595418
2025-02-19,2025-02-20,1,parallel_dv01_hedge,0.0587843515917778
2025-02-19,2025-02-20,1,key_rate_least_squares_hedge,968.7625388433564
2025-02-20,2025-02-21,1,unhedged,2817.720617841246
2025-02-20,2025-02-21,1,parallel_dv01_hedge,-12.565996326926575
2025-02-20,2025-02-21,1,key_rate_least_squares_hedge,2576.8904214595227
2025-02-21,2025-02-24,3,unhedged,874.4985469404298
2025-02-21,2025-02-24,3,parallel_dv01_hedge,43.672101056990066
2025-02-21,2025-02-24,3,key_rate_least_squares_hedge,808.0706703469712
2025-02-24,2025-02-25,1,unhedged,3523.7560597266793
2025-02-24,2025-02-25,1,parallel_dv01_hedge,-144.49010718548746
2025-02-24,2025-02-25,1,key_rate_least_squares_hedge,3221.7267943256784
2025-02-25,2025-02-26,1,unhedged,1757.2810764828262
2025-02-25,2025-02-26,1,parallel_dv01_hedge,-10.253146178011919
2025-02-25,2025-02-26,1,key_rate_least_squares_hedge,1615.9596900496101
2025-02-26,2025-02-27,1,unhedged,-696.8652958956056
2025-02-26,2025-02-27,1,parallel_dv01_hedge,586.151517042591
2025-02-26,2025-02-27,1,key_rate_least_squares_hedge,-591.4228948214588
2025-02-27,2025-02-28,1,unhedged,2111.94642145486
2025-02-27,2025-02-28,1,parallel_dv01_hedge,341.2621656071285
2025-02-27,2025-02-28,1,key_rate_least_squares_hedge,1955.8323866713508
2025-02-28,2025-03-03,3,unhedged,2116.030571042131
2025-02-28,2025-03-03,3,parallel_dv01_hedge,-714.3371074478725
2025-02-28,2025-03-03,3,key_rate_least_squares_hedge,1884.4832623227592
2025-03-03,2025-03-04,1,unhedged,-871.0874650169842
2025-03-03,2025-03-04,1,parallel_dv01_hedge,1111.4852813186255
2025-03-03,2025-03-04,1,key_rate_least_squares_hedge,-718.5305047933733
2025-03-04,2025-03-05,1,unhedged,-2463.2284876066988
2025-03-04,2025-03-05,1,parallel_dv01_hedge,-224.5307417775178
2025-03-04,2025-03-05,1,key_rate_least_squares_hedge,-2278.3580859309773
2025-03-05,2025-03-06,1,unhedged,882.7954745817124
2025-03-05,2025-03-06,1,parallel_dv01_hedge,1107.5008993868544
2025-03-05,2025-03-06,1,key_rate_least_squares_hedge,889.0815938910948
2025-03-06,2025-03-07,1,unhedged,-1055.20231807958
2025-03-06,2025-03-07,1,parallel_dv01_hedge,3.912953560409714
2025-03-06,2025-03-07,1,key_rate_least_squares_hedge,-961.7843284224299
2025-03-07,2025-03-10,3,unhedged,3700.8955834112103
2025-03-07,2025-03-10,3,parallel_dv01_hedge,24.584689404175855
2025-03-07,2025-03-10,3,key_rate_least_squares_hedge,3386.61443747856
2025-03-10,2025-03-11,1,unhedged,-1040.5329784295247
2025-03-10,2025-03-11,1,parallel_dv01_hedge,1073.2216974581731
2025-03-10,2025-03-11,1,key_rate_least_squares_hedge,-857.1520428683623
2025-03-11,2025-03-12,1,unhedged,-2109.227669480447
2025-03-11,2025-03-12,1,parallel_dv01_hedge,-695.3864834036939
2025-03-11,2025-03-12,1,key_rate_least_squares_hedge,-1984.667346820852
2025-03-12,2025-03-13,1,unhedged,2107.335316212726
2025-03-12,2025-03-13,1,parallel_dv01_hedge,334.9231596930963
2025-03-12,2025-03-13,1,key_rate_least_squares_hedge,1954.1806081163427
2025-03-13,2025-03-14,1,unhedged,-2459.7761631341086
2025-03-13,2025-03-14,1,parallel_dv01_hedge,-920.5451855741578
2025-03-13,2025-03-14,1,key_rate_least_squares_hedge,-2319.394325361636
2025-03-14,2025-03-17,3,unhedged,-881.6625211692042
2025-03-14,2025-03-17,3,parallel_dv01_hedge,-754.7792769373251
2025-03-14,2025-03-17,3,key_rate_least_squares_hedge,-865.797912331909
2025-03-17,2025-03-18,1,unhedged,1051.300137675355
2025-03-17,2025-03-18,1,parallel_dv01_hedge,218.85205217755882
2025-03-17,2025-03-18,1,key_rate_least_squares_hedge,990.4624046957792
2025-03-18,2025-03-19,1,unhedged,1767.8368005914535
2025-03-18,2025-03-19,1,parallel_dv01_hedge,351.5159984080777
2025-03-18,2025-03-19,1,key_rate_least_squares_hedge,1646.0146206676127
2025-03-19,2025-03-20,1,unhedged,702.5444601359254
2025-03-19,2025-03-20,1,parallel_dv01_hedge,221.9517057116727
2025-03-19,2025-03-20,1,key_rate_least_squares_hedge,652.5186101608177
2025-03-20,2025-03-21,1,unhedged,351.7655863898028
2025-03-20,2025-03-21,1,parallel_dv01_hedge,577.4985903524685
2025-03-20,2025-03-21,1,key_rate_least_squares_hedge,364.01368825198085
2025-03-21,2025-03-24,3,unhedged,-3161.350628535331
2025-03-21,2025-03-24,3,parallel_dv01_hedge,133.10713866597928
2025-03-21,2025-03-24,3,key_rate_least_squares_hedge,-2877.8511099048287
2025-03-24,2025-03-25,1,unhedged,880.2359109822078
2025-03-24,2025-03-25,1,parallel_dv01_hedge,-182.0218896210315
2025-03-24,2025-03-25,1,key_rate_least_squares_hedge,789.5043622033871
2025-03-25,2025-03-26,1,unhedged,-710.4890483934412
2025-03-25,2025-03-26,1,parallel_dv01_hedge,575.6388413623617
2025-03-25,2025-03-26,1,key_rate_least_squares_hedge,-604.7977683740293
2025-03-26,2025-03-27,1,unhedged,6.065227510276827
2025-03-26,2025-03-27,1,parallel_dv01_hedge,815.2812741812941
2025-03-26,2025-03-27,1,key_rate_least_squares_hedge,70.84385122947259
2025-03-27,2025-03-28,1,unhedged,3521.697825808303
2025-03-27,2025-03-28,1,parallel_dv01_hedge,-514.595765407798
2025-03-27,2025-03-28,1,key_rate_least_squares_hedge,3181.734456591569
2025-03-28,2025-03-31,3,unhedged,705.1152418902973
2025-03-28,2025-03-31,3,parallel_dv01_hedge,-458.93551904931655
2025-03-28,2025-03-31,3,key_rate_least_squares_hedge,608.9469571094863
2025-03-31,2025-04-01,1,unhedged,1583.0115142715329
2025-03-31,2025-04-01,1,parallel_dv01_hedge,-541.9614281649832
2025-03-31,2025-04-01,1,key_rate_least_squares_hedge,1407.3898000019674
2025-04-01,2025-04-02,1,unhedged,-1406.7947782710633
2025-04-01,2025-04-02,1,parallel_dv01_hedge,-220.4814656384161
2025-04-01,2025-04-02,1,key_rate_least_squares_hedge,-1303.2847847559406
2025-04-02,2025-04-03,1,unhedged,7249.157369697912
2025-04-02,2025-04-03,1,parallel_dv01_hedge,1617.9760473307747
2025-04-02,2025-04-03,1,key_rate_least_squares_hedge,6764.257052300934
2025-04-03,2025-04-04,1,unhedged,877.2450713763646
2025-04-03,2025-04-04,1,parallel_dv01_hedge,-766.2139361568943
2025-04-03,2025-04-04,1,key_rate_least_squares_hedge,728.1923981527772
2025-04-04,2025-04-07,3,unhedged,-2798.7102049745263
2025-04-04,2025-04-07,3,parallel_dv01_hedge,1991.7951764508273
2025-04-04,2025-04-07,3,key_rate_least_squares_hedge,-2415.6902591430617
2025-04-07,2025-04-08,1,unhedged,-855.806398329122
2025-04-07,2025-04-08,1,parallel_dv01_hedge,2639.8161832454366
2025-04-07,2025-04-08,1,key_rate_least_squares_hedge,-584.9022141138181
2025-04-08,2025-04-09,1,unhedged,-6675.548481039755
2025-04-08,2025-04-09,1,parallel_dv01_hedge,-2966.802348663948
2025-04-08,2025-04-09,1,key_rate_least_squares_hedge,-6321.137985969414
2025-04-09,2025-04-10,1,unhedged,1421.495482280477
2025-04-09,2025-04-10,1,parallel_dv01_hedge,2914.314432121117
2025-04-09,2025-04-10,1,key_rate_least_squares_hedge,1523.2066302975347
2025-04-10,2025-04-11,1,unhedged,-4224.765639627605
2025-04-10,2025-04-11,1,parallel_dv01_hedge,-1024.869860097746
2025-04-10,2025-04-11,1,key_rate_least_squares_hedge,-3948.58480190409
2025-04-11,2025-04-14,3,unhedged,4231.104831224997
2025-04-11,2025-04-14,3,parallel_dv01_hedge,419.4025259992657
2025-04-11,2025-04-14,3,key_rate_least_squares_hedge,3912.0371558313655
2025-04-14,2025-04-15,1,unhedged,1052.0601093983828
2025-04-14,2025-04-15,1,parallel_dv01_hedge,-264.3099674294562
2025-04-14,2025-04-15,1,key_rate_least_squares_hedge,946.8110896444916
2025-04-15,2025-04-16,1,unhedged,2649.5511998375323
2025-04-15,2025-04-16,1,parallel_dv01_hedge,388.58387002964
2025-04-15,2025-04-16,1,key_rate_least_squares_hedge,2460.1149293374665
2025-04-16,2025-04-17,1,unhedged,-1587.367100377861
2025-04-16,2025-04-17,1,parallel_dv01_hedge,182.86870769633194
2025-04-16,2025-04-17,1,key_rate_least_squares_hedge,-1437.089831947471
2025-04-17,2025-04-21,4,unhedged,551.4828629600288
2025-04-17,2025-04-21,4,parallel_dv01_hedge,3129.3379950526164
2025-04-17,2025-04-21,4,key_rate_least_squares_hedge,746.0682577044394
2025-04-21,2025-04-22,1,unhedged,-1071.1682657115773
2025-04-21,2025-04-22,1,parallel_dv01_hedge,-1300.9955858268338
2025-04-21,2025-04-22,1,key_rate_least_squares_hedge,-1080.962968969954
2025-04-22,2025-04-23,1,unhedged,-1242.0348929543934
2025-04-22,2025-04-23,1,parallel_dv01_hedge,-1345.7392117241627
2025-04-22,2025-04-23,1,key_rate_least_squares_hedge,-1241.6663066268954
2025-04-23,2025-04-24,1,unhedged,2817.1068391553436
2025-04-23,2025-04-24,1,parallel_dv01_hedge,-157.91264450130492
2025-04-23,2025-04-24,1,key_rate_least_squares_hedge,2567.797516534877
2025-04-24,2025-04-25,1,unhedged,1237.445677487159
2025-04-24,2025-04-25,1,parallel_dv01_hedge,-81.07568070567321
2025-04-24,2025-04-25,1,key_rate_least_squares_hedge,1126.3028600883024
2025-04-25,2025-04-28,3,unhedged,2830.204073373324
2025-04-25,2025-04-28,3,parallel_dv01_hedge,818.3773667405122
2025-04-25,2025-04-28,3,key_rate_least_squares_hedge,2660.7674585013037
2025-04-28,2025-04-29,1,unhedged,1050.1817621801024
2025-04-28,2025-04-29,1,parallel_dv01_hedge,-497.9928768091475
2025-04-28,2025-04-29,1,key_rate_least_squares_hedge,917.6557375142609
2025-04-29,2025-04-30,1,unhedged,2123.9538287424866
2025-04-29,2025-04-30,1,parallel_dv01_hedge,1279.8409537720597
2025-04-29,2025-04-30,1,key_rate_least_squares_hedge,2044.938079472142
2025-04-30,2025-05-01,1,unhedged,-3523.8111276485997
2025-04-30,2025-05-01,1,parallel_dv01_hedge,-561.5718534430231
2025-04-30,2025-05-01,1,key_rate_least_squares_hedge,-3266.709512685003
2025-05-01,2025-05-02,1,unhedged,-4223.424290672852
2025-05-01,2025-05-02,1,parallel_dv01_hedge,-1262.6549168175393
2025-05-01,2025-05-02,1,key_rate_least_squares_hedge,-3963.505457526039
2025-05-02,2025-05-05,3,unhedged,201.19707940608578
2025-05-02,2025-05-05,3,parallel_dv01_hedge,1262.8827361961514
2025-05-02,2025-05-05,3,key_rate_least_squares_hedge,291.88239220967597
2025-05-05,2025-05-06,1,unhedged,1762.5791522223722
2025-05-05,2025-05-06,1,parallel_dv01_hedge,-120.38665326219805
2025-05-05,2025-05-06,1,key_rate_least_squares_hedge,1600.4263474780778
2025-05-06,2025-05-07,1,unhedged,697.985530323848
2025-05-06,2025-05-07,1,parallel_dv01_hedge,-721.8153484464308
2025-05-06,2025-05-07,1,key_rate_least_squares_hedge,590.3457060195827
2025-05-07,2025-05-08,1,unhedged,-4566.66310801424
2025-05-07,2025-05-08,1,parallel_dv01_hedge,-556.2866367195613
2025-05-07,2025-05-08,1,key_rate_least_squares_hedge,-4231.640564672898
2025-05-08,2025-05-09,1,unhedged,-0.7848371275542831
2025-05-08,2025-05-09,1,parallel_dv01_hedge,-0.9801183161243048
2025-05-08,2025-05-09,1,key_rate_least_squares_hedge,-0.8004506347550076
2025-05-09,2025-05-12,3,unhedged,-3699.9003704771385
2025-05-09,2025-05-12,3,parallel_dv01_hedge,-748.1018659042351
2025-05-09,2025-05-12,3,key_rate_least_squares_hedge,-3446.657311746111
2025-05-12,2025-05-13,1,unhedged,-1055.3271750485749
2025-05-12,2025-05-13,1,parallel_dv01_hedge,235.68657078410766
2025-05-12,2025-05-13,1,key_rate_least_squares_hedge,-952.1054947403102
2025-05-13,2025-05-14,1,unhedged,-1759.71929815546
2025-05-13,2025-05-14,1,parallel_dv01_hedge,-220.42585466590762
2025-05-13,2025-05-14,1,key_rate_least_squares_hedge,-1627.9890921156552
2025-05-14,2025-05-15,1,unhedged,3528.3154636555028
2025-05-14,2025-05-15,1,parallel_dv01_hedge,432.36979266232436
2025-05-14,2025-05-15,1,key_rate_least_squares_hedge,3269.2611817262537
2025-05-15,2025-05-16,1,unhedged,174.8103217924779
2025-05-15,2025-05-16,1,parallel_dv01_hedge,-409.4749236968131
2025-05-15,2025-05-16,1,key_rate_least_squares_hedge,136.752034999996
2025-05-16,2025-05-19,3,unhedged,-173.59650735627952
2025-05-16,2025-05-19,3,parallel_dv01_hedge,764.0917426715802
2025-05-16,2025-05-19,3,key_rate_least_squares_hedge,-101.32796789296395
2025-05-19,2025-05-20,1,unhedged,0.0
2025-05-19,2025-05-20,1,parallel_dv01_hedge,584.5517476079683
2025-05-19,2025-05-20,1,key_rate_least_squares_hedge,46.73723561038453
2025-05-20,2025-05-21,1,unhedged,-2278.32783436412
2025-05-20,2025-05-21,1,parallel_dv01_hedge,1257.707477396907
2025-05-20,2025-05-21,1,key_rate_least_squares_hedge,-1992.6695891054094
2025-05-21,2025-05-22,1,unhedged,872.8257630917824
2025-05-21,2025-05-22,1,parallel_dv01_hedge,-676.3073290981743
2025-05-21,2025-05-22,1,key_rate_least_squares_hedge,749.0447664373386
2025-05-22,2025-05-23,1,unhedged,1059.32892024299
2025-05-22,2025-05-23,1,parallel_dv01_hedge,-6.850213646592183
2025-05-22,2025-05-23,1,key_rate_least_squares_hedge,979.8809456840854
2025-05-23,2025-05-27,4,unhedged,1227.2444530862003
2025-05-23,2025-05-27,4,parallel_dv01_hedge,-1496.550275273925
2025-05-23,2025-05-27,4,key_rate_least_squares_hedge,1006.6063630201452
2025-05-27,2025-05-28,1,unhedged,-529.6304266627772
2025-05-27,2025-05-28,1,parallel_dv01_hedge,1012.4773570571388
2025-05-27,2025-05-28,1,key_rate_least_squares_hedge,-400.53570828988086
2025-05-28,2025-05-29,1,unhedged,1581.9617049812962
2025-05-28,2025-05-29,1,parallel_dv01_hedge,-216.90752994679576
2025-05-28,2025-05-29,1,key_rate_least_squares_hedge,1429.5547475892863
2025-05-29,2025-05-30,1,unhedged,1409.4016999486314
2025-05-29,2025-05-30,1,parallel_dv01_hedge,698.9743028773484
2025-05-29,2025-05-30,1,key_rate_least_squares_hedge,1346.8803455160457
2025-05-30,2025-06-02,3,unhedged,-1579.2986527246455
2025-05-30,2025-06-02,3,parallel_dv01_hedge,67.20265504948712
2025-05-30,2025-06-02,3,key_rate_least_squares_hedge,-1445.1869126232905
2025-06-02,2025-06-03,1,unhedged,-876.6268292559687
2025-06-02,2025-06-03,1,parallel_dv01_hedge,-752.2556420243867
2025-06-02,2025-06-03,1,key_rate_least_squares_hedge,-866.682858504753
2025-06-03,2025-06-04,1,unhedged,3520.1278681506665
2025-06-03,2025-06-04,1,parallel_dv01_hedge,313.87237201451256
2025-06-03,2025-06-04,1,key_rate_least_squares_hedge,3246.452298772516
2025-06-04,2025-06-05,1,unhedged,-2110.1529525139995
2025-06-04,2025-06-05,1,parallel_dv01_hedge,-920.9949056485982
2025-06-04,2025-06-05,1,key_rate_least_squares_hedge,-2009.3552673278282
2025-06-05,2025-06-06,1,unhedged,-4558.5079861179165
2025-06-05,2025-06-06,1,parallel_dv01_hedge,-427.8103209533985
2025-06-05,2025-06-06,1,key_rate_least_squares_hedge,-4210.929600358848
2025-06-06,2025-06-09,3,unhedged,1230.1010598714868
2025-06-06,2025-06-09,3,parallel_dv01_hedge,396.1538270851464
2025-06-06,2025-06-09,3,key_rate_least_squares_hedge,1160.6418638137773
2025-06-09,2025-06-10,1,unhedged,891.8786881542928
2025-06-09,2025-06-10,1,parallel_dv01_hedge,307.2176031003727
2025-06-09,2025-06-10,1,key_rate_least_squares_hedge,842.2726243079868
2025-06-10,2025-06-11,1,unhedged,2113.7597064411293
2025-06-10,2025-06-11,1,parallel_dv01_hedge,-19.575816287197384
2025-06-10,2025-06-11,1,key_rate_least_squares_hedge,1931.6703915226449
2025-06-11,2025-06-12,1,unhedged,1582.2718450499451
2025-06-11,2025-06-12,1,parallel_dv01_hedge,-320.72704614404853
2025-06-11,2025-06-12,1,key_rate_least_squares_hedge,1424.2412128741669
2025-06-12,2025-06-13,1,unhedged,-1757.8885428252988
2025-06-12,2025-06-13,1,parallel_dv01_hedge,12.057055252711756
2025-06-12,2025-06-13,1,key_rate_least_squares_hedge,-1607.7164607388706
2025-06-13,2025-06-16,3,unhedged,-883.6078466330832
2025-06-13,2025-06-16,3,parallel_dv01_hedge,637.0290421671742
2025-06-13,2025-06-16,3,key_rate_least_squares_hedge,-759.0097924450209
2025-06-16,2025-06-17,1,unhedged,1402.962864920454
2025-06-16,2025-06-17,1,parallel_dv01_hedge,-961.7675959604547
2025-06-16,2025-06-17,1,key_rate_least_squares_hedge,1213.8146918897967
2025-06-17,2025-06-18,1,unhedged,352.6047369651053
2025-06-17,2025-06-18,1,parallel_dv01_hedge,123.34976571227413
2025-06-17,2025-06-18,1,key_rate_least_squares_hedge,334.4320320285311
2025-06-18,2025-06-20,2,unhedged,882.807246195938
2025-06-18,2025-06-20,2,parallel_dv01_hedge,756.3095468832519
2025-06-18,2025-06-20,2,key_rate_least_squares_hedge,863.7972078466275
2025-06-20,2025-06-23,3,unhedged,1941.1550381308018
2025-06-20,2025-06-23,3,parallel_dv01_hedge,266.0569195662439
2025-06-20,2025-06-23,3,key_rate_least_squares_hedge,1787.1173813375738
2025-06-23,2025-06-24,1,unhedged,1761.5586507830017
2025-06-23,2025-06-24,1,parallel_dv01_hedge,337.360308813376
2025-06-23,2025-06-24,1,key_rate_least_squares_hedge,1644.748611331579
2025-06-24,2025-06-25,1,unhedged,697.5414772500699
2025-06-24,2025-06-25,1,parallel_dv01_hedge,341.35657209173655
2025-06-24,2025-06-25,1,key_rate_least_squares_hedge,668.9836995106386
2025-06-25,2025-06-26,1,unhedged,1769.9052138524962
2025-06-25,2025-06-26,1,parallel_dv01_hedge,448.3743972874678
2025-06-25,2025-06-26,1,key_rate_least_squares_hedge,1655.6613331752465
2025-06-26,2025-06-27,1,unhedged,-1407.7090685441362
2025-06-26,2025-06-27,1,parallel_dv01_hedge,-341.8557362167216
2025-06-26,2025-06-27,1,key_rate_least_squares_hedge,-1319.6296494902754
2025-06-27,2025-06-30,3,unhedged,1410.0077796410915
2025-06-27,2025-06-30,3,parallel_dv01_hedge,-368.5867285418967
2025-06-27,2025-06-30,3,key_rate_least_squares_hedge,1265.1803882956217
2025-06-30,2025-07-01,1,unhedged,-2117.51904610594
2025-06-30,2025-07-01,1,parallel_dv01_hedge,-1026.6532031999288
2025-06-30,2025-07-01,1,key_rate_least_squares_hedge,-2024.5802657937913
2025-07-01,2025-07-02,1,unhedged,-876.7170481382891
2025-07-01,2025-07-02,1,parallel_dv01_hedge,413.77734343869736
2025-07-01,2025-07-02,1,key_rate_least_squares_hedge,-770.756263375546
2025-07-02,2025-07-03,1,unhedged,-2459.8607786262505
2025-07-02,2025-07-03,1,parallel_dv01_hedge,-561.0872093043029
2025-07-02,2025-07-03,1,key_rate_least_squares_hedge,-2284.700638439105
2025-07-03,2025-07-07,4,unhedged,-524.1921258058824
2025-07-03,2025-07-07,4,parallel_dv01_hedge,1120.4250736323108
2025-07-03,2025-07-07,4,key_rate_least_squares_hedge,-389.9174909528767
2025-07-07,2025-07-08,1,unhedged,-697.2540875123912
2025-07-07,2025-07-08,1,parallel_dv01_hedge,12.02742033837096
2025-07-07,2025-07-08,1,key_rate_least_squares_hedge,-631.8873177524621
2025-07-08,2025-07-09,1,unhedged,2288.162219031591
2025-07-08,2025-07-09,1,parallel_dv01_hedge,-434.57362276364387
2025-07-08,2025-07-09,1,key_rate_least_squares_hedge,2058.790905226854
2025-07-09,2025-07-10,1,unhedged,-531.9027822392286
2025-07-09,2025-07-10,1,parallel_dv01_hedge,-177.0420979445085
2025-07-09,2025-07-10,1,key_rate_least_squares_hedge,-503.53026008252886
2025-07-10,2025-07-11,1,unhedged,-1751.9511067550297
2025-07-10,2025-07-11,1,parallel_dv01_hedge,952.9064622762015
2025-07-10,2025-07-11,1,key_rate_least_squares_hedge,-1529.9675033600554
2025-07-11,2025-07-14,3,unhedged,172.6699881538707
2025-07-11,2025-07-14,3,parallel_dv01_hedge,172.81273976962777
2025-07-11,2025-07-14,3,key_rate_least_squares_hedge,169.8212542261545
2025-07-14,2025-07-15,1,unhedged,-2461.647408940308
2025-07-14,2025-07-15,1,parallel_dv01_hedge,16.96225918378042
2025-07-14,2025-07-15,1,key_rate_least_squares_hedge,-2251.8779693896877
2025-07-15,2025-07-16,1,unhedged,2294.2478547027176
2025-07-15,2025-07-16,1,parallel_dv01_hedge,746.2173928401114
2025-07-15,2025-07-16,1,key_rate_least_squares_hedge,2158.8775576410376
2025-07-16,2025-07-17,1,unhedged,-882.8846422461822
2025-07-16,2025-07-17,1,parallel_dv01_hedge,-528.0891629884891
2025-07-16,2025-07-17,1,key_rate_least_squares_hedge,-848.7978382027425
2025-07-17,2025-07-18,1,unhedged,1762.7830471339223
2025-07-17,2025-07-18,1,parallel_dv01_hedge,570.3452464082138
2025-07-17,2025-07-18,1,key_rate_least_squares_hedge,1661.6436099896532
2025-07-18,2025-07-21,3,unhedged,1402.4954502721698
2025-07-18,2025-07-21,3,parallel_dv01_hedge,-608.5074020324495
2025-07-18,2025-07-21,3,key_rate_least_squares_hedge,1235.9870805799883
2025-07-21,2025-07-22,1,unhedged,1236.8777621084348
2025-07-21,2025-07-22,1,parallel_dv01_hedge,43.63965217469576
2025-07-21,2025-07-22,1,key_rate_least_squares_hedge,1138.6134209795725
2025-07-22,2025-07-23,1,unhedged,-2289.0960247657686
2025-07-22,2025-07-23,1,parallel_dv01_hedge,-390.9216117336293
2025-07-22,2025-07-23,1,key_rate_least_squares_hedge,-2128.671693896027
2025-07-23,2025-07-24,1,unhedged,-1227.8017932185037
2025-07-23,2025-07-24,1,parallel_dv01_hedge,-163.6975283403771
2025-07-23,2025-07-24,1,key_rate_least_squares_hedge,-1136.9243699880196
2025-07-24,2025-07-25,1,unhedged,697.9953342469969
2025-07-24,2025-07-25,1,parallel_dv01_hedge,-368.32644882042723
2025-07-24,2025-07-25,1,key_rate_least_squares_hedge,609.7999405721234
2025-07-25,2025-07-28,3,unhedged,-352.35696456112464
2025-07-25,2025-07-28,3,parallel_dv01_hedge,482.22324406685726
2025-07-25,2025-07-28,3,key_rate_least_squares_hedge,-285.7076079330821
2025-07-28,2025-07-29,1,unhedged,1934.5638518382202
2025-07-28,2025-07-29,1,parallel_dv01_hedge,-915.0242964958293
2025-07-28,2025-07-29,1,key_rate_least_squares_hedge,1700.8496359599756
2025-07-29,2025-07-30,1,unhedged,-2287.3736359075283
2025-07-29,2025-07-30,1,parallel_dv01_hedge,-743.4152864493998
2025-07-29,2025-07-30,1,key_rate_least_squares_hedge,-2149.39498748109
2025-07-30,2025-07-31,1,unhedged,-0.29061319224865656
2025-07-30,2025-07-31,1,parallel_dv01_hedge,-354.94951158752224
2025-07-30,2025-07-31,1,key_rate_least_squares_hedge,-34.36757783724365
2025-07-31,2025-08-01,1,unhedged,7254.391304794581
2025-07-31,2025-08-01,1,parallel_dv01_hedge,1865.7045711386124
2025-07-31,2025-08-01,1,key_rate_least_squares_hedge,6756.488205376731
2025-08-01,2025-08-04,3,unhedged,524.9177099854307
2025-08-01,2025-08-04,3,parallel_dv01_hedge,42.3352602106901
2025-08-01,2025-08-04,3,key_rate_least_squares_hedge,471.94415787892683
2025-08-04,2025-08-05,1,unhedged,194.4651101815964
2025-08-04,2025-08-05,1,parallel_dv01_hedge,447.87646665104415
2025-08-04,2025-08-05,1,key_rate_least_squares_hedge,243.40394480458227
2025-08-05,2025-08-06,1,unhedged,0.13722502330892894
2025-08-05,2025-08-06,1,parallel_dv01_hedge,-0.911097777625072
2025-08-05,2025-08-06,1,key_rate_least_squares_hedge,-5.749291386172237
2025-08-06,2025-08-07,1,unhedged,-883.8687961146263
2025-08-06,2025-08-07,1,parallel_dv01_hedge,-400.68044474034537
2025-08-06,2025-08-07,1,key_rate_least_squares_hedge,-839.5142599445338
2025-08-07,2025-08-08,1,unhedged,-1579.9222048011075
2025-08-07,2025-08-08,1,parallel_dv01_hedge,-160.6550508679201
2025-08-07,2025-08-08,1,key_rate_least_squares_hedge,-1463.585163567785
2025-08-08,2025-08-11,3,unhedged,-7.2986179175416055
2025-08-08,2025-08-11,3,parallel_dv01_hedge,-7.423701761758656
2025-08-08,2025-08-11,3,key_rate_least_squares_hedge,-7.308618868051372
2025-08-11,2025-08-12,1,unhedged,359.2532859889275
2025-08-11,2025-08-12,1,parallel_dv01_hedge,814.2626462416818
2025-08-11,2025-08-12,1,key_rate_least_squares_hedge,386.8082904356957
2025-08-12,2025-08-13,1,unhedged,1936.0870974888655
2025-08-12,2025-08-13,1,parallel_dv01_hedge,153.75030752405078
2025-08-12,2025-08-13,1,key_rate_least_squares_hedge,1781.8935917818224
2025-08-13,2025-08-14,1,unhedged,-1939.1357266692921
2025-08-13,2025-08-14,1,parallel_dv01_hedge,-163.7282539280876
2025-08-13,2025-08-14,1,key_rate_least_squares_hedge,-1782.640549117095
2025-08-14,2025-08-15,1,unhedged,-1056.331908943804
2025-08-14,2025-08-15,1,parallel_dv01_hedge,362.25801205804464
2025-08-14,2025-08-15,1,key_rate_least_squares_hedge,-937.1878616575578
2025-08-15,2025-08-18,3,unhedged,-172.24824981852294
2025-08-15,2025-08-18,3,parallel_dv01_hedge,57.46307415592436
2025-08-15,2025-08-18,3,key_rate_least_squares_hedge,-153.80207127344832
2025-08-18,2025-08-19,1,unhedged,1230.1377156970261
2025-08-18,2025-08-19,1,parallel_dv01_hedge,-67.94847124365748
2025-08-18,2025-08-19,1,key_rate_least_squares_hedge,1120.4674887565247
2025-08-19,2025-08-20,1,unhedged,352.2809888865197
2025-08-19,2025-08-20,1,parallel_dv01_hedge,-129.3692929841395
2025-08-19,2025-08-20,1,key_rate_least_squares_hedge,310.90959231716494
2025-08-20,2025-08-21,1,unhedged,-1938.6512788473453
2025-08-20,2025-08-21,1,parallel_dv01_hedge,-392.10821459910136
2025-08-20,2025-08-21,1,key_rate_least_squares_hedge,-1800.4562696079054
2025-08-21,2025-08-22,1,unhedged,3709.3702780406093
2025-08-21,2025-08-22,1,parallel_dv01_hedge,955.9984488164729
2025-08-21,2025-08-22,1,key_rate_least_squares_hedge,3465.8471796969898
2025-08-22,2025-08-25,3,unhedged,-1407.9217192688986
2025-08-22,2025-08-25,3,parallel_dv01_hedge,-569.0086888227532
2025-08-22,2025-08-25,3,key_rate_least_squares_hedge,-1337.985805110239
2025-08-25,2025-08-26,1,unhedged,1763.212185373959
2025-08-25,2025-08-26,1,parallel_dv01_hedge,919.9300689579559
2025-08-25,2025-08-26,1,key_rate_least_squares_hedge,1687.041473525324
2025-08-26,2025-08-27,1,unhedged,1755.814457312539
2025-08-26,2025-08-27,1,parallel_dv01_hedge,913.4641811854606
2025-08-26,2025-08-27,1,key_rate_least_squares_hedge,1682.579969324537
2025-08-27,2025-08-28,1,unhedged,-180.3785238354294
2025-08-27,2025-08-28,1,parallel_dv01_hedge,-1015.0792220638883
2025-08-27,2025-08-28,1,key_rate_least_squares_hedge,-241.39290517071913
2025-08-28,2025-08-29,1,unhedged,532.7949976378932
2025-08-28,2025-08-29,1,parallel_dv01_hedge,758.331772369787
2025-08-28,2025-08-29,1,key_rate_least_squares_hedge,544.8614162367484
2025-08-29,2025-09-02,4,unhedged,-1931.837963976477
2025-08-29,2025-09-02,4,parallel_dv01_hedge,-28.672553777373775
2025-08-29,2025-09-02,4,key_rate_least_squares_hedge,-1782.6959232607378
2025-09-02,2025-09-03,1,unhedged,1763.6948902433858
2025-09-02,2025-09-03,1,parallel_dv01_hedge,-377.5127741753245
2025-09-02,2025-09-03,1,key_rate_least_squares_hedge,1577.9390509591867
2025-09-03,2025-09-04,1,unhedged,1230.0305706334314
2025-09-03,2025-09-04,1,parallel_dv01_hedge,-551.2416202442378
2025-09-03,2025-09-04,1,key_rate_least_squares_hedge,1084.5859433849266
2025-09-04,2025-09-05,1,unhedged,2299.3700126744443
2025-09-04,2025-09-05,1,parallel_dv01_hedge,-201.41146651856417
2025-09-04,2025-09-05,1,key_rate_least_squares_hedge,2067.1800541331754
2025-09-05,2025-09-08,3,unhedged,525.2173930445281
2025-09-05,2025-09-08,3,parallel_dv01_hedge,-996.7476761627585
2025-09-05,2025-09-08,3,key_rate_least_squares_hedge,400.58486744817225
2025-09-08,2025-09-09,1,unhedged,-870.272152336895
2025-09-08,2025-09-09,1,parallel_dv01_hedge,322.68540577263195
2025-09-08,2025-09-09,1,key_rate_least_squares_hedge,-763.3577218812029
2025-09-09,2025-09-10,1,unhedged,524.7436334266808
2025-09-09,2025-09-10,1,parallel_dv01_hedge,-767.4696809803095
2025-09-09,2025-09-10,1,key_rate_least_squares_hedge,415.535298486315
2025-09-10,2025-09-11,1,unhedged,1.2000557335056783
2025-09-10,2025-09-11,1,parallel_dv01_hedge,-933.1693969975281
2025-09-10,2025-09-11,1,key_rate_least_squares_hedge,-82.17989464410618
2025-09-11,2025-09-12,1,unhedged,-1588.8395275214862
2025-09-11,2025-09-12,1,parallel_dv01_hedge,183.09809574249758
2025-09-11,2025-09-12,1,key_rate_least_squares_hedge,-1438.4951187837216
2025-09-12,2025-09-15,3,unhedged,705.4887672283883
2025-09-12,2025-09-15,3,parallel_dv01_hedge,220.63434675360133
2025-09-12,2025-09-15,3,key_rate_least_squares_hedge,660.8314065061749
2025-09-15,2025-09-16,1,unhedged,885.9583277804006
2025-09-15,2025-09-16,1,parallel_dv01_hedge,525.7773200018783
2025-09-15,2025-09-16,1,key_rate_least_squares_hedge,851.4328822396316
2025-09-16,2025-09-17,1,unhedged,-1235.7501215886657
2025-09-16,2025-09-17,1,parallel_dv01_hedge,-397.0972738781675
2025-09-16,2025-09-17,1,key_rate_least_squares_hedge,-1174.506347424316
2025-09-17,2025-09-18,1,unhedged,-1581.4128098516278
2025-09-17,2025-09-18,1,parallel_dv01_hedge,191.89317686432398
2025-09-17,2025-09-18,1,key_rate_least_squares_hedge,-1436.6842805588778
2025-09-18,2025-09-19,1,unhedged,-352.2240012263467
2025-09-18,2025-09-19,1,parallel_dv01_hedge,582.6537551534572
2025-09-18,2025-09-19,1,key_rate_least_squares_hedge,-280.34043988589076
2025-09-19,2025-09-22,3,unhedged,-1057.284014907367
2025-09-19,2025-09-22,3,parallel_dv01_hedge,-571.5351786932109
2025-09-19,2025-09-22,3,key_rate_least_squares_hedge,-1015.5831017997899
2025-09-22,2025-09-23,1,unhedged,878.7416984827701
2025-09-22,2025-09-23,1,parallel_dv01_hedge,-190.06828529350946
2025-09-22,2025-09-23,1,key_rate_least_squares_hedge,793.2860921332967
2025-09-23,2025-09-24,1,unhedged,-885.2755915145849
2025-09-23,2025-09-24,1,parallel_dv01_hedge,532.1243885577392
2025-09-23,2025-09-24,1,key_rate_least_squares_hedge,-766.1402843783999
2025-09-24,2025-09-25,1,unhedged,-1941.0979006707407
2025-09-24,2025-09-25,1,parallel_dv01_hedge,-1097.5955829919455
2025-09-24,2025-09-25,1,key_rate_least_squares_hedge,-1859.0976129155151
2025-09-25,2025-09-26,1,unhedged,-172.492289346593
2025-09-25,2025-09-26,1,parallel_dv01_hedge,534.5495940851929
2025-09-25,2025-09-26,1,key_rate_least_squares_hedge,-118.9884448775836
2025-09-26,2025-09-29,3,unhedged,885.5955647241842
2025-09-26,2025-09-29,3,parallel_dv01_hedge,-763.5137767901625
2025-09-26,2025-09-29,3,key_rate_least_squares_hedge,748.0974012594186
2025-09-29,2025-09-30,1,unhedged,360.13679042298463
2025-09-29,2025-09-30,1,parallel_dv01_hedge,711.5047925833633
2025-09-29,2025-09-30,1,key_rate_least_squares_hedge,396.737028038245
2025-09-30,2025-10-01,1,unhedged,1937.8787596473046
2025-09-30,2025-10-01,1,parallel_dv01_hedge,383.40638939746674
2025-09-30,2025-10-01,1,key_rate_least_squares_hedge,1796.1609152919812
2025-10-01,2025-10-02,1,unhedged,172.3538957639903
2025-10-01,2025-10-02,1,parallel_dv01_hedge,-535.8423388258634
2025-10-01,2025-10-02,1,key_rate_least_squares_hedge,115.81295745191403
2025-10-02,2025-10-03,1,unhedged,-1401.6702793368552
2025-10-02,2025-10-03,1,parallel_dv01_hedge,-208.66681012082861
2025-10-02,2025-10-03,1,key_rate_least_squares_hedge,-1300.4764324298978
2025-10-03,2025-10-06,3,unhedged,-1237.0777488182227
2025-10-03,2025-10-06,3,parallel_dv01_hedge,532.6072007372271
2025-10-03,2025-10-06,3,key_rate_least_squares_hedge,-1089.9399327798756
2025-10-06,2025-10-07,1,unhedged,1952.6956771061066
2025-10-06,2025-10-07,1,parallel_dv01_hedge,400.5427210532394
2025-10-06,2025-10-07,1,key_rate_least_squares_hedge,1825.7312357897688
2025-10-07,2025-10-08,1,unhedged,-532.5926904511391
2025-10-07,2025-10-08,1,parallel_dv01_hedge,-631.3671670395453
2025-10-07,2025-10-08,1,key_rate_least_squares_hedge,-537.5448584564574
2025-10-08,2025-10-09,1,unhedged,-525.005207965421
2025-10-08,2025-10-09,1,parallel_dv01_hedge,-168.43804123376538
2025-10-08,2025-10-09,1,key_rate_least_squares_hedge,-496.41437430160767
2025-10-09,2025-10-10,1,unhedged,2818.009408957636
2025-10-09,2025-10-10,1,parallel_dv01_hedge,-390.7198450751975
2025-10-09,2025-10-10,1,key_rate_least_squares_hedge,2544.109093242295
2025-10-10,2025-10-14,4,unhedged,1764.7116651866668
2025-10-10,2025-10-14,4,parallel_dv01_hedge,792.659952952937
2025-10-10,2025-10-14,4,key_rate_least_squares_hedge,1681.1822781469946
2025-10-14,2025-10-15,1,unhedged,-1237.2344330667318
2025-10-14,2025-10-15,1,parallel_dv01_hedge,-397.19448537036453
2025-10-14,2025-10-15,1,key_rate_least_squares_hedge,-1161.3159672489448
2025-10-15,2025-10-16,1,unhedged,3007.479826930108
2025-10-15,2025-10-16,1,parallel_dv01_hedge,606.9175716328051
2025-10-15,2025-10-16,1,key_rate_least_squares_hedge,2795.2464910730428
2025-10-16,2025-10-17,1,unhedged,-1589.9487320454853
2025-10-16,2025-10-17,1,parallel_dv01_hedge,-393.87719125937406
2025-10-16,2025-10-17,1,key_rate_least_squares_hedge,-1488.5913381097366
2025-10-17,2025-10-20,3,unhedged,172.4154188237037
2025-10-17,2025-10-20,3,parallel_dv01_hedge,-408.8872640742323
2025-10-17,2025-10-20,3,key_rate_least_squares_hedge,122.99151289117006
2025-10-20,2025-10-21,1,unhedged,524.7076571966147
2025-10-20,2025-10-21,1,parallel_dv01_hedge,-311.3098664614233
2025-10-20,2025-10-21,1,key_rate_least_squares_hedge,460.7283007600964
2025-10-21,2025-10-22,1,unhedged,360.4457148726681
2025-10-21,2025-10-22,1,parallel_dv01_hedge,131.9318122788988
2025-10-21,2025-10-22,1,key_rate_least_squares_hedge,339.3112844766535
2025-10-22,2025-10-23,1,unhedged,-1761.2531734273773
2025-10-22,2025-10-23,1,parallel_dv01_hedge,-213.67654362915604
2025-10-22,2025-10-23,1,key_rate_least_squares_hedge,-1626.0655955619009
2025-10-23,2025-10-24,1,unhedged,0.23734900523209035
2025-10-23,2025-10-24,1,parallel_dv01_hedge,226.28270458863716
2025-10-23,2025-10-24,1,key_rate_least_squares_hedge,15.281789095067191
2025-10-24,2025-10-27,3,unhedged,-180.09697701941718
2025-10-24,2025-10-27,3,parallel_dv01_hedge,-405.68399815684165
2025-10-24,2025-10-27,3,key_rate_least_squares_hedge,-195.5170243519914
2025-10-27,2025-10-28,1,unhedged,172.5674538307942
2025-10-27,2025-10-28,1,parallel_dv01_hedge,-534.5584805183976
2025-10-27,2025-10-28,1,key_rate_least_squares_hedge,115.94751950202028
2025-10-28,2025-10-29,1,unhedged,-3520.602377995061
2025-10-28,2025-10-29,1,parallel_dv01_hedge,-205.60288424010216
2025-10-28,2025-10-29,1,key_rate_least_squares_hedge,-3223.494714817587
2025-10-29,2025-10-30,1,unhedged,-524.8449024306012
2025-10-29,2025-10-30,1,parallel_dv01_hedge,535.7058144044994
2025-10-29,2025-10-30,1,key_rate_least_squares_hedge,-440.0496573007779
2025-10-30,2025-10-31,1,unhedged,352.57149054487513
2025-10-30,2025-10-31,1,parallel_dv01_hedge,224.5576638571549
2025-10-30,2025-10-31,1,key_rate_least_squares_hedge,342.3362762909209
2025-10-31,2025-11-03,3,unhedged,-352.3785131339707
2025-10-31,2025-11-03,3,parallel_dv01_hedge,229.32082106617185
2025-10-31,2025-11-03,3,key_rate_least_squares_hedge,-305.78774841896654
2025-11-03,2025-11-04,1,unhedged,878.1109153488842
2025-11-03,2025-11-04,1,parallel_dv01_hedge,-62.32355967858641
2025-11-03,2025-11-04,1,key_rate_least_squares_hedge,794.1638150796192
2025-11-04,2025-11-05,1,unhedged,-2284.9558978900577
2025-11-04,2025-11-05,1,parallel_dv01_hedge,193.51564515314305
2025-11-04,2025-11-05,1,key_rate_least_squares_hedge,-2075.2579539671597
2025-11-05,2025-11-06,1,unhedged,2471.500304347103
2025-11-05,2025-11-06,1,parallel_dv01_hedge,78.89982988516863
2025-11-05,2025-11-06,1,key_rate_least_squares_hedge,2262.7696262652153
2025-11-06,2025-11-07,1,unhedged,525.4033811566217
2025-11-06,2025-11-07,1,parallel_dv01_hedge,521.2537925866712
2025-11-06,2025-11-07,1,key_rate_least_squares_hedge,519.3433360898804
2025-11-07,2025-11-10,3,unhedged,-682.388540014216
2025-11-07,2025-11-10,3,parallel_dv01_hedge,155.73557829963534
2025-11-07,2025-11-10,3,key_rate_least_squares_hedge,-606.5411858116317
2025-11-10,2025-11-12,2,unhedged,870.4120335167431
2025-11-10,2025-11-12,2,parallel_dv01_hedge,-778.6479774102653
2025-11-10,2025-11-12,2,key_rate_least_squares_hedge,735.617382590599
2025-11-12,2025-11-13,1,unhedged,-877.3837552830344
2025-11-12,2025-11-13,1,parallel_dv01_hedge,186.4714337759034
2025-11-12,2025-11-13,1,key_rate_least_squares_hedge,-783.5708862958725
2025-11-13,2025-11-14,1,unhedged,-1237.0367856524922
2025-11-13,2025-11-14,1,parallel_dv01_hedge,-171.40683980156197
2025-11-13,2025-11-14,1,key_rate_least_squares_hedge,-1146.1087921841306
2025-11-14,2025-11-17,3,unhedged,525.235813331193
2025-11-14,2025-11-17,3,parallel_dv01_hedge,42.49178983402419
2025-11-14,2025-11-17,3,key_rate_least_squares_hedge,483.8564501963457
2025-11-17,2025-11-18,1,unhedged,705.5191931955562
2025-11-17,2025-11-18,1,parallel_dv01_hedge,347.5199424309576
2025-11-17,2025-11-18,1,key_rate_least_squares_hedge,671.0045261306992
2025-11-18,2025-11-19,1,unhedged,-352.466943074603
2025-11-18,2025-11-19,1,parallel_dv01_hedge,2.6005377754649888
2025-11-18,2025-11-19,1,key_rate_least_squares_hedge,-321.13263233156977
2025-11-19,2025-11-20,1,unhedged,1058.559801916772
2025-11-19,2025-11-20,1,parallel_dv01_hedge,-9.356995787507222
2025-11-19,2025-11-20,1,key_rate_least_squares_hedge,964.5016823624696
2025-11-20,2025-11-21,1,unhedged,2117.8800214539706
2025-11-20,2025-11-21,1,parallel_dv01_hedge,562.432889452661
2025-11-20,2025-11-21,1,key_rate_least_squares_hedge,1984.5949116182671
2025-11-21,2025-11-24,3,unhedged,353.83358135916865
2025-11-21,2025-11-24,3,parallel_dv01_hedge,-356.863236434347
2025-11-21,2025-11-24,3,key_rate_least_squares_hedge,294.2287363016943
2025-11-24,2025-11-25,1,unhedged,1575.8673718649163
2025-11-24,2025-11-25,1,parallel_dv01_hedge,502.90827777052544
2025-11-24,2025-11-25,1,key_rate_least_squares_hedge,1487.1337057110218
2025-11-25,2025-11-26,1,unhedged,-353.05605144330343
2025-11-25,2025-11-26,1,parallel_dv01_hedge,-828.2418963313997
2025-11-25,2025-11-26,1,key_rate_least_squares_hedge,-388.103006595525
2025-11-26,2025-11-28,2,unhedged,-876.7088106858978
2025-11-26,2025-11-28,2,parallel_dv01_hedge,-39.08627754756816
2025-11-26,2025-11-28,2,key_rate_least_squares_hedge,-809.9020692948374
2025-11-28,2025-12-01,3,unhedged,-2457.09829605957
2025-11-28,2025-12-01,3,parallel_dv01_hedge,149.5638715886517
2025-11-28,2025-12-01,3,key_rate_least_squares_hedge,-2245.739248142867
2025-12-01,2025-12-02,1,unhedged,353.45865245020036
2025-12-01,2025-12-02,1,parallel_dv01_hedge,223.72300585294977
2025-12-01,2025-12-02,1,key_rate_least_squares_hedge,334.24551592496783
2025-12-02,2025-12-03,1,unhedged,1411.6535283876885
2025-12-02,2025-12-03,1,parallel_dv01_hedge,341.3331838405454
2025-12-02,2025-12-03,1,key_rate_least_squares_hedge,1320.0180688808568
2025-12-03,2025-12-04,1,unhedged,-1933.574960373221
2025-12-03,2025-12-04,1,parallel_dv01_hedge,-158.35101564853537
2025-12-03,2025-12-04,1,key_rate_least_squares_hedge,-1782.9643397090906
2025-12-04,2025-12-05,1,unhedged,-1409.7439250676302
2025-12-04,2025-12-05,1,parallel_dv01_hedge,-342.3495677878243
2025-12-04,2025-12-05,1,key_rate_least_squares_hedge,-1321.6195415600632
2025-12-05,2025-12-08,3,unhedged,-517.5461014677296
2025-12-05,2025-12-08,3,parallel_dv01_hedge,670.4850597825714
2025-12-05,2025-12-08,3,key_rate_least_squares_hedge,-422.4760174125197
2025-12-08,2025-12-09,1,unhedged,-1057.7243956699078
2025-12-08,2025-12-09,1,parallel_dv01_hedge,-572.6759239088015
2025-12-08,2025-12-09,1,key_rate_least_squares_hedge,-1013.132532711828
2025-12-09,2025-12-10,1,unhedged,2119.281825302153
2025-12-09,2025-12-10,1,parallel_dv01_hedge,462.05621519259375
2025-12-09,2025-12-10,1,key_rate_least_squares_hedge,1972.1251689727335
2025-12-10,2025-12-11,1,unhedged,180.65797368649328
2025-12-10,2025-12-11,1,parallel_dv01_hedge,280.5397287469624
2025-12-10,2025-12-11,1,key_rate_least_squares_hedge,182.58360588102943
2025-12-11,2025-12-12,1,unhedged,-1057.51392065784
2025-12-11,2025-12-12,1,parallel_dv01_hedge,586.4991411638548
2025-12-11,2025-12-12,1,key_rate_least_squares_hedge,-932.1300437633092
2025-12-12,2025-12-15,3,unhedged,706.1188299842058
2025-12-12,2025-12-15,3,parallel_dv01_hedge,348.6130844514979
2025-12-12,2025-12-15,3,key_rate_least_squares_hedge,671.9699245455397
2025-12-15,2025-12-16,1,unhedged,1412.6479438014883
2025-12-15,2025-12-16,1,parallel_dv01_hedge,215.70639086644988
2025-12-15,2025-12-16,1,key_rate_least_squares_hedge,1314.0825842426732
2025-12-16,2025-12-17,1,unhedged,-352.792411733418
2025-12-16,2025-12-17,1,parallel_dv01_hedge,2.924897546573263
2025-12-16,2025-12-17,1,key_rate_least_squares_hedge,-324.4344182221261
2025-12-17,2025-12-18,1,unhedged,1232.2138233651003
2025-12-17,2025-12-18,1,parallel_dv01_hedge,-193.23471005021165
2025-12-17,2025-12-18,1,key_rate_least_squares_hedge,1112.4297146228373
2025-12-18,2025-12-19,1,unhedged,-1230.4220394334209
2025-12-18,2025-12-19,1,parallel_dv01_hedge,189.9624890329992
2025-12-18,2025-12-19,1,key_rate_least_squares_hedge,-1110.9609086457872
2025-12-19,2025-12-22,3,unhedged,-712.6420747540863
2025-12-19,2025-12-22,3,parallel_dv01_hedge,-230.96421311031634
2025-12-19,2025-12-22,3,key_rate_least_squares_hedge,-668.400568028899
2025-12-22,2025-12-23,1,unhedged,-533.2578168376756
2025-12-22,2025-12-23,1,parallel_dv01_hedge,-176.30335645727882
2025-12-22,2025-12-23,1,key_rate_least_squares_hedge,-507.66596874037054
2025-12-23,2025-12-24,1,unhedged,706.1899563815643
2025-12-23,2025-12-24,1,parallel_dv01_hedge,-360.8322190217242
2025-12-23,2025-12-24,1,key_rate_least_squares_hedge,615.1466320082355
2025-12-24,2025-12-26,2,unhedged,706.0998401655638
2025-12-24,2025-12-26,2,parallel_dv01_hedge,222.12705082131347
2025-12-24,2025-12-26,2,key_rate_least_squares_hedge,664.4559278098611
2025-12-26,2025-12-29,3,unhedged,713.7583482189314
2025-12-26,2025-12-29,3,parallel_dv01_hedge,128.26141996547983
2025-12-26,2025-12-29,3,key_rate_least_squares_hedge,664.1635222285198
2025-12-29,2025-12-30,1,unhedged,7.878308268089995
2025-12-29,2025-12-30,1,parallel_dv01_hedge,589.300791872947
2025-12-29,2025-12-30,1,key_rate_least_squares_hedge,51.500159163932246
2025-12-30,2025-12-31,1,unhedged,-1762.8558868895539
2025-12-30,2025-12-31,1,parallel_dv01_hedge,-214.75355109736674
2025-12-30,2025-12-31,1,key_rate_least_squares_hedge,-1636.2140327730303
2025-12-31,2026-01-02,2,unhedged,-172.5452099424274
2025-12-31,2026-01-02,2,parallel_dv01_hedge,182.22011137934987
2025-12-31,2026-01-02,2,key_rate_least_squares_hedge,-147.12881629273335
2026-01-02,2026-01-05,3,unhedged,879.0330310415584
2026-01-02,2026-01-05,3,parallel_dv01_hedge,39.622875658071926
2026-01-02,2026-01-05,3,key_rate_least_squares_hedge,811.8355390607356
2026-01-05,2026-01-06,1,unhedged,-352.9995067991365
2026-01-05,2026-01-06,1,parallel_dv01_hedge,2.9237774367810436
2026-01-05,2026-01-06,1,key_rate_least_squares_hedge,-321.76020094708105
2026-01-06,2026-01-07,1,unhedged,525.5868987411816
2026-01-06,2026-01-07,1,parallel_dv01_hedge,-414.28803308029944
2026-01-06,2026-01-07,1,key_rate_least_squares_hedge,450.4401622673142
2026-01-07,2026-01-08,1,unhedged,-1230.6071712940536
2026-01-07,2026-01-08,1,parallel_dv01_hedge,189.34299837332267
2026-01-07,2026-01-08,1,key_rate_least_squares_hedge,-1117.0765114229325
2026-01-08,2026-01-09,1,unhedged,-713.6903228789038
2026-01-08,2026-01-09,1,parallel_dv01_hedge,-937.590383178456
2026-01-08,2026-01-09,1,key_rate_least_squares_hedge,-720.0501332962212
2026-01-09,2026-01-12,3,unhedged,-345.3226477384419
2026-01-09,2026-01-12,3,parallel_dv01_hedge,136.10170817822888
2026-01-09,2026-01-12,3,key_rate_least_squares_hedge,-303.8829075705091
2026-01-12,2026-01-13,1,unhedged,706.1789807868024
2026-01-12,2026-01-13,1,parallel_dv01_hedge,222.77182984263916
2026-01-12,2026-01-13,1,key_rate_least_squares_hedge,661.8808795019554
2026-01-13,2026-01-14,1,unhedged,698.5834926739187
2026-01-13,2026-01-14,1,parallel_dv01_hedge,-368.53219797842155
2026-01-13,2026-01-14,1,key_rate_least_squares_hedge,610.3150573756589
2026-01-14,2026-01-15,1,unhedged,-1942.8782882563667
2026-01-14,2026-01-15,1,parallel_dv01_hedge,-974.373822395616
2026-01-14,2026-01-15,1,key_rate_least_squares_hedge,-1853.8185470146057
2026-01-15,2026-01-16,1,unhedged,-1762.9249016096082
2026-01-15,2026-01-16,1,parallel_dv01_hedge,589.1749562727804
2026-01-15,2026-01-16,1,key_rate_least_squares_hedge,-1572.000305321211
2026-01-16,2026-01-20,4,unhedged,-871.2098652047473
2026-01-16,2026-01-20,4,parallel_dv01_hedge,1252.950803193868
2026-01-16,2026-01-20,4,key_rate_least_squares_hedge,-707.0224260912058
2026-01-20,2026-01-21,1,unhedged,879.5208233965468
2026-01-20,2026-01-21,1,parallel_dv01_hedge,-543.8352391351991
2026-01-20,2026-01-21,1,key_rate_least_squares_hedge,765.8007167285011
2026-01-21,2026-01-22,1,unhedged,-705.7681624880274
2026-01-21,2026-01-22,1,parallel_dv01_hedge,-578.0828782501742
2026-01-21,2026-01-22,1,key_rate_least_squares_hedge,-695.6420856696221
2026-01-22,2026-01-23,1,unhedged,353.0499636492834
2026-01-22,2026-01-23,1,parallel_dv01_hedge,-357.28869334667826
2026-01-22,2026-01-23,1,key_rate_least_squares_hedge,296.2555646742767
2026-01-23,2026-01-26,3,unhedged,525.7211569960418
2026-01-23,2026-01-26,3,parallel_dv01_hedge,-59.786298018346436
2026-01-23,2026-01-26,3,key_rate_least_squares_hedge,476.1253990399847
2026-01-26,2026-01-27,1,unhedged,352.95012035732043
2026-01-26,2026-01-27,1,parallel_dv01_hedge,933.1423726258764
2026-01-26,2026-01-27,1,key_rate_least_squares_hedge,393.5254733279792
2026-01-27,2026-01-28,1,unhedged,-525.5974008237274
2026-01-27,2026-01-28,1,parallel_dv01_hedge,185.17865721314305
2026-01-27,2026-01-28,1,key_rate_least_squares_hedge,-462.87287734326793
2026-01-28,2026-01-29,1,unhedged,1059.7205781873242
2026-01-28,2026-01-29,1,parallel_dv01_hedge,94.15017372996505
2026-01-28,2026-01-29,1,key_rate_least_squares_hedge,976.7062101154474
2026-01-29,2026-01-30,1,unhedged,713.9107414411683
2026-01-29,2026-01-30,1,parallel_dv01_hedge,1168.8948951602945
2026-01-29,2026-01-30,1,key_rate_least_squares_hedge,744.4750744118609
2026-01-30,2026-02-02,3,unhedged,-1411.1071788032348
2026-01-30,2026-02-02,3,parallel_dv01_hedge,-217.5323911959628
2026-01-30,2026-02-02,3,key_rate_least_squares_hedge,-1312.7282020275802
2026-02-02,2026-02-03,1,unhedged,0.0
2026-02-02,2026-02-03,1,parallel_dv01_hedge,-355.147529176574
2026-02-02,2026-02-03,1,key_rate_least_squares_hedge,-28.39545654511219
2026-02-03,2026-02-04,1,unhedged,0.0
2026-02-03,2026-02-04,1,parallel_dv01_hedge,354.810792440542
2026-02-03,2026-02-04,1,key_rate_least_squares_hedge,28.36853310465546
2026-02-04,2026-02-05,1,unhedged,3183.277097905233
2026-02-04,2026-02-05,1,parallel_dv01_hedge,323.7705405554553
2026-02-04,2026-02-05,1,key_rate_least_squares_hedge,2939.986446691772
2026-02-05,2026-02-06,1,unhedged,-706.0250233824661
2026-02-05,2026-02-06,1,parallel_dv01_hedge,-348.3100935403915
2026-02-05,2026-02-06,1,key_rate_least_squares_hedge,-674.4758601431605
2026-02-06,2026-02-09,3,unhedged,353.3186688582646
2026-02-06,2026-02-09,3,parallel_dv01_hedge,225.42892434235637
2026-02-06,2026-02-09,3,key_rate_least_squares_hedge,337.36274816271924
2026-02-09,2026-02-10,1,unhedged,1947.7978234692728
2026-02-09,2026-02-10,1,parallel_dv01_hedge,-66.23398723615993
2026-02-09,2026-02-10,1,key_rate_least_squares_hedge,1778.0878164304775
2026-02-10,2026-02-11,1,unhedged,-1764.357148517064
2026-02-10,2026-02-11,1,parallel_dv01_hedge,-794.7414870449186
2026-02-10,2026-02-11,1,key_rate_least_squares_hedge,-1666.616744513313
2026-02-11,2026-02-12,1,unhedged,2466.2424610126263
2026-02-11,2026-02-12,1,parallel_dv01_hedge,-743.6398062952129
2026-02-11,2026-02-12,1,key_rate_least_squares_hedge,2203.7021928685517
2026-02-12,2026-02-13,1,unhedged,2120.677714827366
2026-02-12,2026-02-13,1,parallel_dv01_hedge,208.3986190446161
2026-02-12,2026-02-13,1,key_rate_least_squares_hedge,1959.270530445559
2026-02-13,2026-02-17,4,unhedged,-1066.9564671229637
2026-02-13,2026-02-17,4,parallel_dv01_hedge,-705.4426846860794
2026-02-13,2026-02-17,4,key_rate_least_squares_hedge,-1020.8665485226995
2026-02-17,2026-02-18,1,unhedged,-1058.4008774392828
2026-02-17,2026-02-18,1,parallel_dv01_hedge,359.90149474218356
2026-02-17,2026-02-18,1,key_rate_least_squares_hedge,-942.0538870209119
2026-02-18,2026-02-19,1,unhedged,172.3031246136486
2026-02-18,2026-02-19,1,parallel_dv01_hedge,-182.2093867267022
2026-02-18,2026-02-19,1,key_rate_least_squares_hedge,146.82329204299538
2026-02-19,2026-02-20,1,unhedged,-0.39266034391971516
2026-02-19,2026-02-20,1,parallel_dv01_hedge,0.20477656345931036
2026-02-19,2026-02-20,1,key_rate_least_squares_hedge,2.6029709991254038
2026-02-20,2026-02-23,3,unhedged,1938.367012483866
2026-02-20,2026-02-23,3,parallel_dv01_hedge,28.193642947759773
2026-02-20,2026-02-23,3,key_rate_least_squares_hedge,1782.8590987797522
2026-02-23,2026-02-24,1,unhedged,-704.9742860178299
2026-02-23,2026-02-24,1,parallel_dv01_hedge,-221.17637691812251
2026-02-23,2026-02-24,1,key_rate_least_squares_hedge,-660.5635666114829
2026-02-24,2026-02-25,1,unhedged,-361.00472550657514
2026-02-24,2026-02-25,1,parallel_dv01_hedge,-5.503255074710697
2026-02-24,2026-02-25,1,key_rate_least_squares_hedge,-329.7162553508579
2026-02-25,2026-02-26,1,unhedged,1231.4732004642792
2026-02-25,2026-02-26,1,parallel_dv01_hedge,35.008573768625816
2026-02-25,2026-02-26,1,key_rate_least_squares_hedge,1132.8631683220365
2026-02-26,2026-02-27,1,unhedged,2299.364667722159
2026-02-26,2026-02-27,1,parallel_dv01_hedge,386.0517621163485
2026-02-26,2026-02-27,1,key_rate_least_squares_hedge,2134.842634297811
2026-02-27,2026-03-02,3,unhedged,-3692.8783263013543
2026-02-27,2026-03-02,3,parallel_dv01_hedge,-597.285296501106
2026-02-27,2026-03-02,3,key_rate_least_squares_hedge,-3427.526236403972
2026-03-02,2026-03-03,1,unhedged,-353.52253121047283
2026-03-02,2026-03-03,1,parallel_dv01_hedge,3.237243819660435
2026-03-02,2026-03-03,1,key_rate_least_squares_hedge,-322.1338828368543
2026-03-03,2026-03-04,1,unhedged,-1589.4469211433204
2026-03-03,2026-03-04,1,parallel_dv01_hedge,-395.3241611823843
2026-03-03,2026-03-04,1,key_rate_least_squares_hedge,-1485.3799914813142
2026-03-04,2026-03-05,1,unhedged,-1581.7069773315495
2026-03-04,2026-03-05,1,parallel_dv01_hedge,-36.22124093309949
2026-03-04,2026-03-05,1,key_rate_least_squares_hedge,-1455.27495387311
2026-03-05,2026-03-06,1,unhedged,0.3753940140427403
2026-03-05,2026-03-06,1,parallel_dv01_hedge,579.9276069473005
2026-03-05,2026-03-06,1,key_rate_least_squares_hedge,35.087581350349915
2026-03-06,2026-03-09,3,unhedged,352.60867066369883
2026-03-06,2026-03-09,3,parallel_dv01_hedge,-710.5125649440918
2026-03-06,2026-03-09,3,key_rate_least_squares_hedge,270.6375952045049
2026-03-09,2026-03-10,1,unhedged,-345.0537238408913
2026-03-09,2026-03-10,1,parallel_dv01_hedge,716.0899779778948
2026-03-09,2026-03-10,1,key_rate_least_squares_hedge,-260.211067204714
2026-03-10,2026-03-11,1,unhedged,-2114.151459408049
2026-03-10,2026-03-11,1,parallel_dv01_hedge,-111.17552804400319
2026-03-10,2026-03-11,1,key_rate_least_squares_hedge,-1942.5500027060807
2026-03-11,2026-03-12,1,unhedged,-3526.9507057797964
2026-03-11,2026-03-12,1,parallel_dv01_hedge,-1144.4517658837246
2026-03-11,2026-03-12,1,key_rate_least_squares_hedge,-3319.11487408321
2026-03-12,2026-03-13,1,unhedged,352.3393471465397
2026-03-12,2026-03-13,1,parallel_dv01_hedge,704.8843531830756
2026-03-12,2026-03-13,1,key_rate_least_squares_hedge,380.5267216224849
2026-03-13,2026-03-16,3,unhedged,2111.1138471823665
2026-03-13,2026-03-16,3,parallel_dv01_hedge,77.30413519169626
2026-03-13,2026-03-16,3,key_rate_least_squares_hedge,1942.9376507192878
2026-03-16,2026-03-17,1,unhedged,352.7400584422935
2026-03-16,2026-03-17,1,parallel_dv01_hedge,-585.4749208695888
2026-03-16,2026-03-17,1,key_rate_least_squares_hedge,274.7796292401535
2026-03-17,2026-03-18,1,unhedged,-2816.2572306959532
2026-03-17,2026-03-18,1,parallel_dv01_hedge,-562.4769462145155
2026-03-17,2026-03-18,1,key_rate_least_squares_hedge,-2621.495556532248
2026-03-18,2026-03-19,1,unhedged,-711.3650941265348
2026-03-18,2026-03-19,1,parallel_dv01_hedge,-811.1456272689568
2026-03-18,2026-03-19,1,key_rate_least_squares_hedge,-704.8634419151437
2026-03-19,2026-03-20,1,unhedged,-4213.681149093134
2026-03-19,2026-03-20,1,parallel_dv01_hedge,722.5389063616966
2026-03-19,2026-03-20,1,key_rate_least_squares_hedge,-3798.727508178929
2026-03-20,2026-03-23,3,unhedged,1937.1740916271563
2026-03-20,2026-03-23,3,parallel_dv01_hedge,159.06382844052746
2026-03-20,2026-03-23,3,key_rate_least_squares_hedge,1783.3878526271753
2026-03-23,2026-03-24,1,unhedged,-2815.7132325570446
2026-03-23,2026-03-24,1,parallel_dv01_hedge,-919.612056973014
2026-03-23,2026-03-24,1,key_rate_least_squares_hedge,-2649.715826588939
2026-03-24,2026-03-25,1,unhedged,2110.1333622041807
2026-03-24,2026-03-25,1,parallel_dv01_hedge,-23.159954464853303
2026-03-24,2026-03-25,1,key_rate_least_squares_hedge,1927.9486658166181
2026-03-25,2026-03-26,1,unhedged,-4219.619650299506
2026-03-25,2026-03-26,1,parallel_dv01_hedge,-915.205215406747
2026-03-25,2026-03-26,1,key_rate_least_squares_hedge,-3938.159334427327
2026-03-26,2026-03-27,1,unhedged,1421.1038637513695
2026-03-26,2026-03-27,1,parallel_dv01_hedge,1879.468243261952
2026-03-26,2026-03-27,1,key_rate_least_squares_hedge,1440.4018217477853
2026-03-27,2026-03-30,3,unhedged,3179.980055525817
2026-03-27,2026-03-30,3,parallel_dv01_hedge,-25.919384430052723
2026-03-27,2026-03-30,3,key_rate_least_squares_hedge,2906.3039066893493
2026-03-30,2026-03-31,1,unhedged,1584.9449267290083
2026-03-30,2026-03-31,1,parallel_dv01_hedge,-192.97611831993947
2026-03-30,2026-03-31,1,key_rate_least_squares_hedge,1434.1178037644133
2026-03-31,2026-04-01,1,unhedged,-1403.2908586302995
2026-03-31,2026-04-01,1,parallel_dv01_hedge,-214.5497274388492
2026-03-31,2026-04-01,1,key_rate_least_squares_hedge,-1308.2462803605408
2026-04-01,2026-04-02,1,unhedged,878.8770045261174
2026-04-01,2026-04-02,1,parallel_dv01_hedge,42.7058537429536
2026-04-01,2026-04-02,1,key_rate_least_squares_hedge,812.0217975325896
2026-04-02,2026-04-03,1,unhedged,-1940.7672439157864
2026-04-02,2026-04-03,1,parallel_dv01_hedge,-397.8662049940329
2026-04-02,2026-04-03,1,key_rate_least_squares_hedge,-1805.8701935164574
2026-04-03,2026-04-06,3,unhedged,173.15551394148088
2026-04-03,2026-04-06,3,parallel_dv01_hedge,-181.36118899843433
2026-04-03,2026-04-06,3,key_rate_least_squares_hedge,144.89195702248227
2026-04-06,2026-04-07,1,unhedged,1598.7695712789218
2026-04-06,2026-04-07,1,parallel_dv01_hedge,990.6564099239191
2026-04-06,2026-04-07,1,key_rate_least_squares_hedge,1538.6084837731023
2026-04-07,2026-04-08,1,unhedged,1239.2568533951476
2026-04-07,2026-04-08,1,parallel_dv01_hedge,-56.22805151989941
2026-04-07,2026-04-08,1,key_rate_least_squares_hedge,1138.541646240714
2026-04-08,2026-04-09,1,unhedged,352.57095106899783
2026-04-08,2026-04-09,1,parallel_dv01_hedge,351.55736026872796
2026-04-08,2026-04-09,1,key_rate_least_squares_hedge,349.46215660813374
2026-04-09,2026-04-10,1,unhedged,-1057.1094360319933
2026-04-09,2026-04-10,1,parallel_dv01_hedge,-346.86991801642216
2026-04-09,2026-04-10,1,key_rate_least_squares_hedge,-994.513418205172
2026-04-10,2026-04-13,3,unhedged,525.2145983685352
2026-04-10,2026-04-13,3,parallel_dv01_hedge,43.96128220383525
2026-04-10,2026-04-13,3,key_rate_least_squares_hedge,486.89969844715915
2026-04-13,2026-04-14,1,unhedged,1404.9276137620836
2026-04-13,2026-04-14,1,parallel_dv01_hedge,-16.975203540835277
2026-04-13,2026-04-14,1,key_rate_least_squares_hedge,1294.023194101823
2026-04-14,2026-04-15,1,unhedged,-1057.965856469707
2026-04-14,2026-04-15,1,parallel_dv01_hedge,-120.32151312840998
2026-04-14,2026-04-15,1,key_rate_least_squares_hedge,-985.9433141592086
2026-04-15,2026-04-16,1,unhedged,-352.4290626708648
2026-04-15,2026-04-16,1,parallel_dv01_hedge,584.530881954081
2026-04-15,2026-04-16,1,key_rate_least_squares_hedge,-280.4613853781078
2026-04-16,2026-04-17,1,unhedged,2652.0107356515155
2026-04-16,2026-04-17,1,parallel_dv01_hedge,513.7950313152015
2026-04-16,2026-04-17,1,key_rate_least_squares_hedge,2466.5632131194807
2026-04-17,2026-04-20,3,unhedged,-525.209544698555
2026-04-17,2026-04-20,3,parallel_dv01_hedge,-523.3535591454648
2026-04-17,2026-04-20,3,key_rate_least_squares_hedge,-521.9510031067258
2026-04-20,2026-04-21,1,unhedged,-2120.3189499796335
2026-04-20,2026-04-21,1,parallel_dv01_hedge,-574.8936436681876
2026-04-20,2026-04-21,1,key_rate_least_squares_hedge,-1985.2198884800803
2026-04-21,2026-04-22,1,unhedged,-179.72932933616903
2026-04-21,2026-04-22,1,parallel_dv01_hedge,-53.79142076962675
2026-04-21,2026-04-22,1,key_rate_least_squares_hedge,-169.74177625662642
2026-04-22,2026-04-23,1,unhedged,-1402.2961217075647
2026-04-22,2026-04-23,1,parallel_dv01_hedge,-109.96092893951273
2026-04-22,2026-04-23,1,key_rate_least_squares_hedge,-1296.104751569646
2026-04-23,2026-04-24,1,unhedged,1411.0167599716306
2026-04-23,2026-04-24,1,parallel_dv01_hedge,343.8041940318357
2026-04-23,2026-04-24,1,key_rate_least_squares_hedge,1317.0133206973665
2026-04-24,2026-04-27,3,unhedged,-885.3272422724956
2026-04-24,2026-04-27,3,parallel_dv01_hedge,531.4114102755165
2026-04-24,2026-04-27,3,key_rate_least_squares_hedge,-766.2437434614375
2026-04-27,2026-04-28,1,unhedged,-1056.0660728434357
2026-04-27,2026-04-28,1,parallel_dv01_hedge,-574.5377628807709
2026-04-27,2026-04-28,1,key_rate_least_squares_hedge,-1011.8381664041417
2026-04-28,2026-04-29,1,unhedged,-2816.0036131492916
2026-04-28,2026-04-29,1,parallel_dv01_hedge,-566.9920686416956
2026-04-28,2026-04-29,1,key_rate_least_squares_hedge,-2624.6504067338615
2026-04-29,2026-04-30,1,unhedged,1057.3418147738778
2026-04-29,2026-04-30,1,parallel_dv01_hedge,221.44733798502656
2026-04-29,2026-04-30,1,key_rate_least_squares_hedge,981.7522318390186
2026-04-30,2026-05-01,1,unhedged,0.19105339475800065
2026-04-30,2026-05-01,1,parallel_dv01_hedge,-229.16395584759886
2026-04-30,2026-05-01,1,key_rate_least_squares_hedge,-15.282676238532737
2026-05-01,2026-05-04,3,unhedged,-2291.0220135111103
2026-05-01,2026-05-04,3,parallel_dv01_hedge,-167.6824628925352
2026-05-01,2026-05-04,3,key_rate_least_squares_hedge,-2106.529642412333
2026-05-04,2026-05-05,1,unhedged,178.47065619847058
2026-05-04,2026-05-05,1,parallel_dv01_hedge,-406.47740344715424
2026-05-04,2026-05-05,1,key_rate_least_squares_hedge,128.75659641955357
2026-05-05,2026-05-06,1,unhedged,2999.358803440231
2026-05-05,2026-05-06,1,parallel_dv01_hedge,383.52131877168347
2026-05-05,2026-05-06,1,key_rate_least_squares_hedge,2778.672777311087
2026-05-06,2026-05-07,1,unhedged,-1760.7681197956992
2026-05-06,2026-05-07,1,parallel_dv01_hedge,9.229303342177746
2026-05-06,2026-05-07,1,key_rate_least_squares_hedge,-1610.6588849598202
2026-05-07,2026-05-08,1,unhedged,705.2771725535933
2026-05-07,2026-05-08,1,parallel_dv01_hedge,-360.0146794758843
2026-05-07,2026-05-08,1,key_rate_least_squares_hedge,617.2386805193701
2026-05-08,2026-05-11,3,unhedged,-1580.6523173880294
2026-05-08,2026-05-11,3,parallel_dv01_hedge,-39.58569942759856
2026-05-08,2026-05-11,3,key_rate_least_squares_hedge,-1445.7410968589102
2026-05-11,2026-05-12,1,unhedged,-1760.9956116108094
2026-05-11,2026-05-12,1,parallel_dv01_hedge,-220.8549889699899
2026-05-11,2026-05-12,1,key_rate_least_squares_hedge,-1634.9915473826684
2026-05-12,2026-05-13,1,unhedged,178.3631150387066
2026-05-12,2026-05-13,1,parallel_dv01_hedge,53.19733474744008
2026-05-12,2026-05-13,1,key_rate_least_squares_hedge,165.4916452997138
2026-05-13,2026-05-14,1,unhedged,-891.3748643534802
2026-05-13,2026-05-14,1,parallel_dv01_hedge,-537.2749179064076
2026-05-13,2026-05-14,1,key_rate_least_squares_hedge,-863.1441162152473
2026-05-14,2026-05-15,1,unhedged,-4038.096382480916
2026-05-14,2026-05-15,1,parallel_dv01_hedge,440.32110410690007
2026-05-14,2026-05-15,1,key_rate_least_squares_hedge,-3671.3578677002724
2026-05-15,2026-05-18,3,unhedged,-175.92145090034705
2026-05-15,2026-05-18,3,parallel_dv01_hedge,284.75599291826336
2026-05-15,2026-05-18,3,key_rate_least_squares_hedge,-141.9524317468224
2026-05-18,2026-05-19,1,unhedged,-1940.0277870613536
2026-05-18,2026-05-19,1,parallel_dv01_hedge,306.6775085238886
2026-05-18,2026-05-19,1,key_rate_least_squares_hedge,-1754.6676236086091
2026-05-19,2026-05-20,1,unhedged,3352.9975049835057
2026-05-19,2026-05-20,1,parallel_dv01_hedge,-333.0989104462135
2026-05-19,2026-05-20,1,key_rate_least_squares_hedge,3046.6600021882505
2026-05-20,2026-05-21,1,unhedged,-875.209570907316
2026-05-20,2026-05-21,1,parallel_dv01_hedge,-628.7756156153731
2026-05-20,2026-05-21,1,key_rate_least_squares_hedge,-843.8104985517747
2026-05-21,2026-05-22,1,unhedged,-1240.1595189510317
2026-05-21,2026-05-22,1,parallel_dv01_hedge,-1474.2814837832088
2026-05-21,2026-05-22,1,key_rate_least_squares_hedge,-1250.2079593482117
2026-05-22,2026-05-26,4,unhedged,2820.7593283335086
2026-05-22,2026-05-26,4,parallel_dv01_hedge,442.2249313914795
2026-05-22,2026-05-26,4,key_rate_least_squares_hedge,2619.2098420371594
2026-05-26,2026-05-27,1,unhedged,525.6482689308939
2026-05-26,2026-05-27,1,parallel_dv01_hedge,-58.18605308124346
2026-05-26,2026-05-27,1,key_rate_least_squares_hedge,473.1597353836759
2026-05-27,2026-05-28,1,unhedged,706.4076680832443
2026-05-27,2026-05-28,1,parallel_dv01_hedge,-357.7437835280102
2026-05-27,2026-05-28,1,key_rate_least_squares_hedge,621.3245298964038
2026-05-28,2026-05-29,1,unhedged,525.8837064104682
2026-05-28,2026-05-29,1,parallel_dv01_hedge,276.16580813562194
2026-05-28,2026-05-29,1,key_rate_least_squares_hedge,502.9729944203924
2026-05-29,2026-06-01,3,unhedged,-1399.422575480287
2026-05-29,2026-06-01,3,parallel_dv01_hedge,-318.3087259487979
2026-05-29,2026-06-01,3,key_rate_least_squares_hedge,-1301.4496744575285
2026-06-01,2026-06-02,1,unhedged,173.08765564109763
2026-06-01,2026-06-02,1,parallel_dv01_hedge,-181.10907193948603
2026-06-01,2026-06-02,1,key_rate_least_squares_hedge,141.8236547639726
2026-06-02,2026-06-03,1,unhedged,-1589.0121231214493
2026-06-02,2026-06-03,1,parallel_dv01_hedge,-529.1593909430669
2026-06-02,2026-06-03,1,key_rate_least_squares_hedge,-1498.545678566399
2026-06-03,2026-06-04,1,unhedged,1237.8519589850612
2026-06-03,2026-06-04,1,parallel_dv01_hedge,530.1118314372428
2026-06-03,2026-06-04,1,key_rate_least_squares_hedge,1175.5372439910761
2026-06-04,2026-06-05,1,unhedged,-4045.953143113792
2026-06-04,2026-06-05,1,parallel_dv01_hedge,-1103.1308665489887
2026-06-04,2026-06-05,1,key_rate_least_squares_hedge,-3793.244196897676
2026-06-05,2026-06-08,3,unhedged,176.8292472186772
2026-06-05,2026-06-08,3,parallel_dv01_hedge,531.9096518935165
2026-06-05,2026-06-08,3,key_rate_least_squares_hedge,196.78846947298052
2026-06-08,2026-06-09,1,unhedged,1421.5432271421946
2026-06-08,2026-06-09,1,parallel_dv01_hedge,359.2288382626986
2026-06-08,2026-06-09,1,key_rate_least_squares_hedge,1350.8406151490392
2026-06-09,2026-06-10,1,unhedged,-353.4419253581689
2026-06-09,2026-06-10,1,parallel_dv01_hedge,229.91998113294352
2026-06-09,2026-06-10,1,key_rate_least_squares_hedge,-306.7998222742801
2026-06-10,2026-06-11,1,unhedged,2997.265919192955
2026-06-10,2026-06-11,1,parallel_dv01_hedge,-430.84889914495034
2026-06-10,2026-06-11,1,key_rate_least_squares_hedge,2708.7731611365907
2026-06-11,2026-06-12,1,unhedged,-1055.8635056445098
2026-06-11,2026-06-12,1,parallel_dv01_hedge,4.227712638137491
2026-06-11,2026-06-12,1,key_rate_least_squares_hedge,-968.1611476298009
2026-06-12,2026-06-15,3,unhedged,878.2705155255144
2026-06-12,2026-06-15,3,parallel_dv01_hedge,400.0887598773024
2026-06-12,2026-06-15,3,key_rate_least_squares_hedge,834.2298864865224
2026-06-15,2026-06-16,1,unhedged,705.3712663970657
2026-06-15,2026-06-16,1,parallel_dv01_hedge,-713.1557002899718
2026-06-15,2026-06-16,1,key_rate_least_squares_hedge,591.9543972609578
2026-06-16,2026-06-17,1,unhedged,-4575.167991825566
2026-06-16,2026-06-17,1,parallel_dv01_hedge,-2088.323375452172
2026-06-16,2026-06-17,1,key_rate_least_squares_hedge,-4335.476335348731
2026-06-17,2026-06-18,1,unhedged,1414.19671134841
2026-06-17,2026-06-18,1,parallel_dv01_hedge,353.74376117004357
2026-06-17,2026-06-18,1,key_rate_least_squares_hedge,1335.2138807068823
2026-06-18,2026-06-22,4,unhedged,-2109.8306241823648
2026-06-18,2026-06-22,4,parallel_dv01_hedge,-348.09707698899655
2026-06-18,2026-06-22,4,key_rate_least_squares_hedge,-1957.0494943378642
2026-06-22,2026-06-23,1,unhedged,877.2576234436258
2026-06-22,2026-06-23,1,parallel_dv01_hedge,525.0116653654848
2026-06-22,2026-06-23,1,key_rate_least_squares_hedge,840.3471680042511
2026-06-23,2026-06-24,1,unhedged,2992.8759819571837
2026-06-23,2026-06-24,1,parallel_dv01_hedge,-324.3030992279365
2026-06-23,2026-06-24,1,key_rate_least_squares_hedge,2721.849293789248
2026-06-24,2026-06-25,1,unhedged,703.8498821123085
2026-06-24,2026-06-25,1,parallel_dv01_hedge,225.24832686844204
2026-06-24,2026-06-25,1,key_rate_least_squares_hedge,656.9948324990231
2026-06-25,2026-06-26,1,unhedged,1237.5206074030132
2026-06-25,2026-06-26,1,parallel_dv01_hedge,404.576717033228
2026-06-25,2026-06-26,1,key_rate_least_squares_hedge,1165.1179162211552
2026-06-26,2026-06-29,3,unhedged,-522.4884316142209
2026-06-26,2026-06-29,3,parallel_dv01_hedge,-396.91018035439674
2026-06-26,2026-06-29,3,key_rate_least_squares_hedge,-503.38374819227863
2026-06-29,2026-06-30,1,unhedged,-1759.9715534520044
2026-06-29,2026-06-30,1,parallel_dv01_hedge,354.942781376457
2026-06-29,2026-06-30,1,key_rate_least_squares_hedge,-1587.9341499697582
2026-06-30,2026-07-01,1,unhedged,-1581.5219454964335
2026-06-30,2026-07-01,1,parallel_dv01_hedge,-46.33828540008318
2026-06-30,2026-07-01,1,key_rate_least_squares_hedge,-1453.1335008525264
2026-07-01,2026-07-02,1,unhedged,708.5261486355421
2026-07-01,2026-07-02,1,parallel_dv01_hedge,938.3773404092707
2026-07-01,2026-07-02,1,key_rate_least_squares_hedge,715.2932624864751
2026-07-02,2026-07-06,4,unhedged,705.5471201006469
2026-07-02,2026-07-06,4,parallel_dv01_hedge,227.35773311882912
2026-07-02,2026-07-06,4,key_rate_least_squares_hedge,664.4514840124413
2026-07-06,2026-07-07,1,unhedged,-1748.6882577084373
2026-07-06,2026-07-07,1,parallel_dv01_hedge,720.6695970004423
2026-07-06,2026-07-07,1,key_rate_least_squares_hedge,-1519.7044851979465
2026-07-07,2026-07-08,1,unhedged,-1230.7336627556253
2026-07-07,2026-07-08,1,parallel_dv01_hedge,-630.8424042799383
2026-07-07,2026-07-08,1,key_rate_least_squares_hedge,-1182.769972282166
2026-07-08,2026-07-09,1,unhedged,1227.625006134332
2026-07-08,2026-07-09,1,parallel_dv01_hedge,396.99840380137937
2026-07-08,2026-07-09,1,key_rate_least_squares_hedge,1149.5239518778988
2026-07-09,2026-07-10,1,unhedged,-1232.063191055488
2026-07-09,2026-07-10,1,parallel_dv01_hedge,-526.9969425099362
2026-07-09,2026-07-10,1,key_rate_least_squares_hedge,-1164.0056045456665
2026-07-10,2026-07-13,3,unhedged,-2641.11464964202
2026-07-10,2026-07-13,3,parallel_dv01_hedge,-527.363459324774
2026-07-10,2026-07-13,3,key_rate_least_squares_hedge,-2454.62882741442
2026-07-13,2026-07-14,1,unhedged,2289.0379973240724
2026-07-13,2026-07-14,1,parallel_dv01_hedge,876.7986019243143
2026-07-13,2026-07-14,1,key_rate_least_squares_hedge,2146.855857068213
2026-07-14,2026-07-15,1,unhedged,1761.7053381432868
2026-07-14,2026-07-15,1,parallel_dv01_hedge,451.4060544107621
2026-07-14,2026-07-15,1,key_rate_least_squares_hedge,1642.4661524364324
2026-07-15,2026-07-16,1,unhedged,-702.7890422999405
2026-07-15,2026-07-16,1,parallel_dv01_hedge,4.138595849921606
2026-07-15,2026-07-16,1,key_rate_least_squares_hedge,-640.4629977131934
2026-07-16,2026-07-17,1,unhedged,-176.71624872861003
2026-07-16,2026-07-17,1,parallel_dv01_hedge,-762.4928156906191
2026-07-16,2026-07-17,1,key_rate_least_squares_hedge,-217.66802512748137
2026-07-17,2026-07-20,3,unhedged,-1581.6090702912788
2026-07-17,2026-07-20,3,parallel_dv01_hedge,183.13513818296337
2026-07-17,2026-07-20,3,key_rate_least_squares_hedge,-1434.469658017719
2026-07-20,2026-07-21,1,unhedged,-1763.597424451433
2026-07-20,2026-07-21,1,parallel_dv01_hedge,-458.3650301068309
2026-07-20,2026-07-21,1,key_rate_least_squares_hedge,-1644.7735069273176
2026-07-21,2026-07-22,1,unhedged,-1225.7875728774081
2026-07-21,2026-07-22,1,parallel_dv01_hedge,61.36901049149712
2026-07-21,2026-07-22,1,key_rate_least_squares_hedge,-1114.0535078164291
2026-07-22,2026-07-23,1,unhedged,-1935.1329506517345
2026-07-22,2026-07-23,1,parallel_dv01_hedge,-403.22506666223677
2026-07-22,2026-07-23,1,key_rate_least_squares_hedge,-1800.8923605643615
2026-07-23,2026-07-24,1,unhedged,1235.3851810649985
2026-07-23,2026-07-24,1,parallel_dv01_hedge,406.5177190609072
2026-07-23,2026-07-24,1,key_rate_least_squares_hedge,1166.1738353014139
2026-07-24,2026-07-27,3,unhedged,699.4248567369254
2026-07-24,2026-07-27,3,parallel_dv01_hedge,-594.5183864185612
2026-07-24,2026-07-27,3,key_rate_least_squares_hedge,596.1256247915322
2026-07-27,2026-07-28,1,unhedged,1580.2075091671952
2026-07-27,2026-07-28,1,parallel_dv01_hedge,41.17189858505676
2026-07-27,2026-07-28,1,key_rate_least_squares_hedge,1442.6082750014177
2026-07-28,2026-07-29,1,unhedged,3.415721233466229
2026-07-28,2026-07-29,1,parallel_dv01_hedge,1880.6551835630369
2026-07-28,2026-07-29,1,key_rate_least_squares_hedge,138.40533625556463
2026-07-29,2026-07-30,1,unhedged,-352.28604708194666
2026-07-29,2026-07-30,1,parallel_dv01_hedge,1.3797091459734416
2026-07-29,2026-07-30,1,key_rate_least_squares_hedge,-323.9299761299671
2026-07-30,2026-07-31,1,unhedged,-1926.6448272199455
2026-07-30,2026-07-31,1,parallel_dv01_hedge,544.809936758147
2026-07-30,2026-07-31,1,key_rate_least_squares_hedge,-1717.5947797875876
2026-07-31,2026-08-03,3,unhedged,1226.6425276010295
2026-07-31,2026-08-03,3,parallel_dv01_hedge,-548.6610320199209
2026-07-31,2026-08-03,3,key_rate_least_squares_hedge,1082.152896163018
2026-08-03,2026-08-04,1,unhedged,2471.0553987823405
2026-08-03,2026-08-04,1,parallel_dv01_hedge,-12.989800136856617
2026-08-03,2026-08-04,1,key_rate_least_squares_hedge,2263.700416386733
2026-08-04,2026-08-05,1,unhedged,176.9402025230704
2026-08-04,2026-08-05,1,parallel_dv01_hedge,177.7350354039003
2026-08-04,2026-08-05,1,key_rate_least_squares_hedge,173.98305352233785
2026-08-05,2026-08-06,1,unhedged,-2462.5149644191424
2026-08-05,2026-08-06,1,parallel_dv01_hedge,-346.8594838038499
2026-08-05,2026-08-06,1,key_rate_least_squares_hedge,-2284.695023092557
2026-08-06,2026-08-07,1,unhedged,1940.3818834823028
2026-08-06,2026-08-07,1,parallel_dv01_hedge,525.8301108662373
2026-08-06,2026-08-07,1,key_rate_least_squares_hedge,1812.729948579307
2026-08-07,2026-08-10,3,unhedged,-2110.730858501739
2026-08-07,2026-08-10,3,parallel_dv01_hedge,361.1252809514883
2026-08-07,2026-08-10,3,key_rate_least_squares_hedge,-1904.193488658905
2026-08-10,2026-08-11,1,unhedged,1063.4287268248954
2026-08-10,2026-08-11,1,parallel_dv01_hedge,356.5002713657327
2026-08-10,2026-08-11,1,key_rate_least_squares_hedge,1003.965453419875
2026-08-11,2026-08-12,1,unhedged,529.6744517934826
2026-08-11,2026-08-12,1,parallel_dv01_hedge,-179.91775382833444
2026-08-11,2026-08-12,1,key_rate_least_squares_hedge,464.19282933300497
2026-08-12,2026-08-13,1,unhedged,1937.08059651712
2026-08-12,2026-08-13,1,parallel_dv01_hedge,164.73448485687138
2026-08-12,2026-08-13,1,key_rate_least_squares_hedge,1786.5471025594566
2026-08-13,2026-08-14,1,unhedged,-1410.844377936371
2026-08-13,2026-08-14,1,parallel_dv01_hedge,233.62975783693284
2026-08-13,2026-08-14,1,key_rate_least_squares_hedge,-1276.4200897086262
2026-08-14,2026-08-17,3,unhedged,-524.3251484860423
2026-08-14,2026-08-17,3,parallel_dv01_hedge,770.2903220585578
2026-08-14,2026-08-17,3,key_rate_least_squares_hedge,-415.09085866945384
2026-08-17,2026-08-18,1,unhedged,-6.530398077870814
2026-08-17,2026-08-18,1,parallel_dv01_hedge,-362.317896879053
2026-08-17,2026-08-18,1,key_rate_least_squares_hedge,-37.919207988539114
2026-08-18,2026-08-19,1,unhedged,528.1765315822895
2026-08-18,2026-08-19,1,parallel_dv01_hedge,-1485.685177590314
2026-08-18,2026-08-19,1,key_rate_least_squares_hedge,370.02280985975443
2026-08-19,2026-08-20,1,unhedged,-875.4196352001031
2026-08-19,2026-08-20,1,parallel_dv01_hedge,664.6475662884145
2026-08-19,2026-08-20,1,key_rate_least_squares_hedge,-755.1479355026183
2026-08-20,2026-08-21,1,unhedged,-1585.6551151554754
2026-08-20,2026-08-21,1,parallel_dv01_hedge,57.43185682698229
2026-08-20,2026-08-21,1,key_rate_least_squares_hedge,-1442.7561185208513
2026-08-21,2026-08-24,3,unhedged,348.7341649713471
2026-08-21,2026-08-24,3,parallel_dv01_hedge,-825.6816223699834
2026-08-21,2026-08-24,3,key_rate_least_squares_hedge,257.7765082868903
2026-08-24,2026-08-25,1,unhedged,2115.069808218095
2026-08-24,2026-08-25,1,parallel_dv01_hedge,-138.11816642922415
2026-08-24,2026-08-25,1,key_rate_least_squares_hedge,1926.250369132425
2026-08-25,2026-08-26,1,unhedged,-1063.801389332184
2026-08-25,2026-08-26,1,parallel_dv01_hedge,-233.2014186278498
2026-08-25,2026-08-26,1,key_rate_least_squares_hedge,-994.6083968783977
2026-08-26,2026-08-27,1,unhedged,-351.5179006696201
2026-08-26,2026-08-27,1,parallel_dv01_hedge,1.9663242569640798
2026-08-26,2026-08-27,1,key_rate_least_squares_hedge,-317.5306271380727
2026-08-27,2026-08-28,1,unhedged,-3685.1111002930284
2026-08-27,2026-08-28,1,parallel_dv01_hedge,-1455.81791450107
2026-08-27,2026-08-28,1,key_rate_least_squares_hedge,-3474.7710132330462
2026-08-28,2026-08-31,3,unhedged,5.667825155057926
2026-08-28,2026-08-31,3,parallel_dv01_hedge,839.9802330562062
2026-08-28,2026-08-31,3,key_rate_least_squares_hedge,75.0017818338304
2026-08-31,2026-09-01,1,unhedged,-2112.269845968626
2026-08-31,2026-09-01,1,parallel_dv01_hedge,-706.5035204418273
2026-08-31,2026-09-01,1,key_rate_least_squares_hedge,-1994.0710158627576
2026-09-01,2026-09-02,1,unhedged,352.7295904476091
2026-09-01,2026-09-02,1,parallel_dv01_hedge,355.49575048420644
2026-09-01,2026-09-02,1,key_rate_least_squares_hedge,347.22566462194277
2026-09-02,2026-09-03,1,unhedged,1056.8587196181056
2026-09-02,2026-09-03,1,parallel_dv01_hedge,228.03556970208888
2026-09-02,2026-09-03,1,key_rate_least_squares_hedge,975.8832778539463
2026-09-03,2026-09-04,1,unhedged,-1060.7655453077314
2026-09-03,2026-09-04,1,parallel_dv01_hedge,-588.0015794531099
2026-09-03,2026-09-04,1,key_rate_least_squares_hedge,-1017.0061894656066
2026-09-04,2026-09-08,4,unhedged,-338.50883542484667
2026-09-04,2026-09-08,4,parallel_dv01_hedge,491.94791001432884
2026-09-04,2026-09-08,4,key_rate_least_squares_hedge,-266.22967055259846
2026-09-08,2026-09-09,1,unhedged,-1586.9864982107629
2026-09-08,2026-09-09,1,parallel_dv01_hedge,-532.7842253714512
2026-09-08,2026-09-09,1,key_rate_least_squares_hedge,-1496.8966922599739
2026-09-09,2026-09-10,1,unhedged,-4914.516687429682
2026-09-09,2026-09-10,1,parallel_dv01_hedge,-584.7831272180749
2026-09-09,2026-09-10,1,key_rate_least_squares_hedge,-4536.4053599975405
