date,0.5,1.0,1.5,2.0,2.5,3.0,3.5,4.0,4.5,5.0,5.5,6.0,6.5,7.0,7.5,8.0,8.5,9.0,9.5,10.0,10.5,11.0,11.5,12.0,12.5,13.0,13.5,14.0,14.5,15.0,15.5,16.0,16.5,17.0,17.5,18.0,18.5,19.0,19.5,20.0,20.5,21.0,21.5,22.0,22.5,23.0,23.5,24.0,24.5,25.0,25.5,26.0,26.5,27.0,27.5,28.0,28.5,29.0,29.5,30.0
2024-01-02,0.05172531905145475,0.047381602599556205,0.04505151190024027,0.042701836857921394,0.041506950807832566,0.04029976105029172,0.03991169540055038,0.039515749932186706,0.03911375224512177,0.0387068257040095,0.03877996039780449,0.03885006370636433,0.0389179312435312,0.03898413361986801,0.03899285794061426,0.039000491721267204,0.03900722741007865,0.03901321468902213,0.039018571728076844,0.039023393063226074,0.039207547721652504,0.03939205611169119,0.03957712090127693,0.039762920484509544,0.039949614281816835,0.04013734684343274,0.040326251068338904,0.040516450761793124,0.04070806269318935,0.04090119827304338,0.041095964937438875,0.04129246730639254,0.04149080816671242,0.04169108931826429,0.04189341231392812,0.04209787911707947,0.04230459269558256,0.04251365756761712,0.042725180311879433,0.04293927005258345,0.04278313470801647,0.042628052411045204,0.04247388858983236,0.042320521153024905,0.04216783914715656,0.042015741590010244,0.04186413645368786,0.04171293977550647,0.0415620748784097,0.041411471685508995,0.041261066115780336,0.04111079954993495,0.0409606183571367,0.040810473474619205,0.04066032003340759,0.04051011702431915,0.040359826999232386,0.04020941580330241,0.04005885233438528,0.03990810832643059
2024-01-03,0.05182276356900202,0.047479151791275626,0.045099184254455936,0.04269944409140499,0.04140336050780957,0.04009475863074157,0.0396822529108685,0.03926148740738381,0.038834386992019264,0.03840213808865296,0.03847617252665583,0.038547018493555026,0.0386155070030398,0.03868223392055479,0.038672752901248726,0.03866207230241069,0.03865037918783178,0.03863781865138231,0.03862450485650203,0.03861052876382133,0.03879520578909711,0.03898014702498038,0.039165563697320084,0.03935164118340658,0.03953854461811139,0.039726423232096804,0.03991541375266201,0.04010564310349859,0.040297230574616996,0.040490289588212006,0.04068492915396732,0.040881255084127634,0.041079371021833934,0.04127937932386402,0.041481381829768384,0.04168548054255529,0.04189177824093397,0.04210037903923362,0.04231138890815658,0.0425249161672721,0.04237785530904136,0.04223180342204323,0.04208663181066275,0.04194222361999703,0.04179847255865673,0.041655281788991326,0.04151256295976938,0.04137023536050267,0.04122822517999886,0.041086464854510264,0.04094489249313924,0.040803451370056545,0.04066208947466233,0.04052075911213158,0.040379416547882734,0.04023802169042841,0.040096537807843655,0.03995493127374138,0.03981317133920029,0.03967122992756331
2024-01-04,0.05182276356900202,0.047874016566671146,0.04554236100455169,0.04319174435705817,0.0419963859176365,0.04078871902086945,0.040374639787180706,0.03995258873345328,0.03952437478320094,0.039091114398491916,0.03916500903916726,0.03923575458634758,0.03930417494216255,0.03937086096413415,0.039379951098103355,0.03938790496532647,0.03939492308346448,0.03940116141069828,0.03940674307190744,0.03941176656699571,0.039602440356179616,0.03979349728805452,0.03998514970847688,0.04017758476750049,0.040370969944829235,0.0405654573295529,0.040761186979277345,0.040958289591057975,0.04115688865263002,0.04135710219770958,0.04155904425742483,0.04176282607716485,0.04196855715159872,0.04217634611848784,0.04238630154293422,0.04259853261700661,0.04281314979465321,0.04303026537800831,0.043249994068323465,0.043472453492573435,0.043314359692614206,0.04315736667313714,0.043001334964779564,0.04284613800874695,0.042691660767671696,0.0425377985185641,0.04238445580068902,0.042231545495725414,0.042078988021259645,0.04192671062169142,0.041774646743125886,0.04162273548088761,0.04147092109000403,0.04131915255043416,0.041167383180010356,0.041015570289064156,0.040863674871550404,0.04071166132819664,0.04055949721780948,0.04040715303338389
2024-01-05,0.05172531905145475,0.047776476909367156,0.045594539870594974,0.043394133164132744,0.042248043346947636,0.04109015393746033,0.04072666124513541,0.04035556446696879,0.039978615803443855,0.03959688868219316,0.039669448546140344,0.039739093658486026,0.03980659526951783,0.039872506680742895,0.0398996303794923,0.03992576425486975,0.03995110973580596,0.03997582405708844,0.04000003190274232,0.04002383355675739,0.04022007131064796,0.040416837094474065,0.040614340052416285,0.04081276547787887,0.04101228011903555,0.04121303629302217,0.041415175120106645,0.04161882910043265,0.0418241241947604,0.04203118152782955,0.04224011880262386,0.04245105149203397,0.04266409385860419,0.04287935984145738,0.04309696384091938,0.04331702142497473,0.04353964997689687,0.0437649692997913,0.043993102191072345,0.04422417499785141,0.0440712063587069,0.043919389987436885,0.0437685823365391,0.04361865299484165,0.043469483269780965,0.04332096495562423,0.04317299925990773,0.0430254958649803,0.04287837210531177,0.04273155224431591,0.0425849668369846,0.042438552166733715,0.04229224974660944,0.04214600587646028,0.0419997712488975,0.04185350059788954,0.041707152384696966,0.04156068851658194,0.041414074094342626,0.041267277185247746
2024-01-08,0.05172531905145475,0.04757903954283613,0.045298067789705104,0.042997988891591635,0.041751445767921114,0.04049273692122444,0.040156879662429375,0.039813120790793924,0.03946336574179547,0.03910877629321972,0.03918108990209295,0.039250518384073695,0.03931782473650085,0.039383556313773285,0.039429342211726934,0.0394742023395916,0.03951835389227435,0.0395619670427304,0.03960517734970547,0.039648094444240015,0.039843274709671854,0.040039038568166006,0.040235584680378855,0.0404330894435919,0.04063171196973642,0.04083159794690778,0.04103288267623203,0.04123569349276835,0.04144015172178898,0.04164637428166114,0.04185447501611032,0.042064565818228976,0.0422767575937735,0.042491161100431975,0.042707887691709204,0.0429270499880913,0.043148762493665775,0.043373142172998064,0.04360030900052256,0.04383038649279557,0.043678011620030696,0.04352679355771755,0.04337658967316904,0.04322727040226055,0.04307871783839579,0.0429308245064937,0.04278349229440577,0.042636631518767766,0.04249016010604156,0.04234400287257803,0.04219809089006571,0.04205236092482402,0.04190675494113934,0.0417612196602911,0.04161570616812715,0.041470169565065405,0.041324568653255,0.041178865656354764,0.041033025967999556,0.04088701792554786
2024-01-09,0.05172531905145475,0.04757903954283613,0.045298067789705104,0.042997988891591635,0.04164969291013516,0.040289213563058014,0.04000640650649584,0.03971553155319278,0.03941863657686811,0.03911696208236525,0.039215513212612046,0.039311401468137344,0.03940539045195691,0.03949802962054279,0.03954274892112796,0.03958667789320118,0.03963001000463408,0.03967289698025748,0.03971545982063438,0.03975779651629485,0.0399465519133206,0.0401359023185304,0.04032603506904177,0.04051711660178747,0.04070929712769703,0.040902714257177224,0.041097495850973435,0.04129376229237608,0.04149162832287996,0.04169120454572744,0.041892598675048076,0.0420959165891306,0.04230126323244083,0.04250874340079305,0.042718462436531685,0.04293052685495214,0.04314504491896973,0.043362127175867377,0.04358188696755499,0.04380444092396732,0.043660804914690134,0.0435182725401768,0.04337670682490185,0.043235983235830326,0.04309598833580714,0.04295661861357377,0.042817779464082543,0.04267938429716486,0.042541353756188956,0.042403615031278166,0.04226610125407891,0.042128750963065016,0.04199150763002591,0.041854319239768574,0.04171713791621923,0.041579919589082734,0.04144262369603378,0.04130521291610584,0.041167652930528306,0.04102991220776056
2024-01-10,0.05162786978595905,0.04758021137493419,0.045348725304213126,0.043098493842913414,0.04174952101704232,0.04038855319235642,0.0401314304817057,0.03986635049149864,0.03959536610786158,0.03931971788446305,0.03939072608357751,0.03945907169786423,0.03952546694407215,0.03959042292578021,0.03965431674011334,0.03971743342187662,0.0397799930862751,0.03984216902642737,0.03990410009822082,0.039965899392042106,0.04015432586986586,0.04034339945016638,0.040533302329983464,0.04072419674365523,0.04091622945449992,0.04110953524027424,0.041304239635509304,0.0415004611188473,0.041698312881812624,0.0418979042792899,0.04209934203634194,0.04230273126759633,0.04250817635207242,0.042715781696528815,0.04292565241316945,0.043137894932152115,0.04335261756529877,0.043569931034365045,0.0437899489749341,0.044012788425276665,0.04386854717508685,0.043725422193712074,0.04358327503393463,0.043441979817061806,0.043301421872674065,0.043161496556803305,0.04302210822194305,0.042883169316723264,0.04274459959669802,0.042606325430659744,0.04246827918933626,0.04233039870534505,0.0421926267949568,0.04205491083361639,0.04191720237833805,0.04177945683107258,0.04164163313796934,0.04150369352015465,0.04136560323223841,0.04122733034526433
2024-01-11,0.05153041577205291,0.04689032100282039,0.04446152439610591,0.04201247675015828,0.040818991715648824,0.039612963766074746,0.039328924556853315,0.03903719809978013,0.03873971965377047,0.03843766249632151,0.038589330812186115,0.03873865613935323,0.038886433647556035,0.03903323948306558,0.039094999910752604,0.03915623466894284,0.03921711800570865,0.0392777874839621,0.039338353696543246,0.039398907069018545,0.03960397079373112,0.03980986310595087,0.04001677008959826,0.04022485871927765,0.04043428127141812,0.04064517875454742,0.04085768361581953,0.04107192190770922,0.041288015048323565,0.04150608127348721,0.041726236853740495,0.0419485971314447,0.042173277420173974,0.042400393799045755,0.042630063827609616,0.042862407201689566,0.04309754636667757,0.04333560710186265,0.043576719087206964,0.04382101646237349,0.043682265906711384,0.04354475022378108,0.043408325711052916,0.04327286162798203,0.04313823878662383,0.04300434832703622,0.04287109064993314,0.04273837448364116,0.04260611606615489,0.04247423842615708,0.04234267074939803,0.042211347818919,0.04208020951934101,0.04194920039688533,0.04181826926800318,0.041687368870506,0.04155645555194384,0.04142548899070051,0.04129443194588743,0.04116325003263728
2024-01-12,0.050945591946062144,0.04590987809683044,0.04338259693762037,0.04083448871992059,0.03974407412971428,0.038641086844168705,0.0384596222318035,0.038271062926629136,0.03807734122621708,0.03787961933794483,0.038082308676480166,0.03828333279548716,0.038483441683519706,0.038683184575339834,0.03877967204919354,0.03887609904716943,0.03897261616873478,0.03906934457628042,0.03916638388338436,0.039263817682778805,0.03947820733467914,0.039693735502671385,0.03991056851561435,0.04012885804116279,0.040348744678765786,0.040570360766124816,0.040793832606352304,0.04101928226416542,0.041246829038859956,0.04147659069343162,0.041708684499112476,0.041943228140185335,0.04218034051351215,0.04242014244959512,0.042662757376389006,0.04290831194294695,0.04315693661692075,0.043408766267679484,0.043663940745162014,0.04392260546339717,0.043797086456981923,0.043672901996589165,0.043549906453770375,0.04342796717559306,0.04330696306425308,0.04318678334281213,0.04306732647934051,0.04294849924636382,0.042830215896282296,0.04271239743652258,0.042594970990727926,0.042477869234397704,0.04236102989513452,0.04224439530911414,0.04212791202661022,0.042011530460429276,0.041895204571971045,0.04177889159035689,0.041662551760684986,0.04154614811799516
2024-01-16,0.05114055222306018,0.04640127763101583,0.04402263015298575,0.041623904450174394,0.04063339062455469,0.03963076604325746,0.03947364042575914,0.03930981647961387,0.039141130319116674,0.038968684524777766,0.039143948094960225,0.039317583591224836,0.039490283135677005,0.03966255208930621,0.039778249344362186,0.03989395438768646,0.04000984236965694,0.040126054987925784,0.0402427094978652,0.04035990502965864,0.04057469646046923,0.04079072528113976,0.04100815543911364,0.04122713715620424,0.041447810370101354,0.041670307427055214,0.04189475522345379,0.042121276937853315,0.04234999345632938,0.042581024566971784,0.042814489980196394,0.04305051021783054,0.04328920740400475,0.043530705983645196,0.04377513338904602,0.04402262067108617,0.04427330310877077,0.04452732080866253,0.04478481930424022,0.0450459501641461,0.044909893085718015,0.04477522530837757,0.04464179175699983,0.04450945121849876,0.04437807482893009,0.044247544758956245,0.044117753068126535,0.043988600703347314,0.04385999662093566,0.0437318570149444,0.04360410463716003,0.04347666819641813,0.04334948182674413,0.04322248461537855,0.04309562018304478,0.04296883630990596,0.0428420846015753,0.042715320190319594,0.042588501467251225,0.042461589841863406
2024-01-17,0.051335493497155694,0.04738627070322076,0.0451043793760433,0.042803901238976254,0.04170977662245457,0.040603719190513775,0.04036960660505669,0.0401283112612093,0.03988167013024144,0.03963079156264489,0.039781373679301825,0.03992986405017119,0.04007700854113265,0.04022334843369429,0.04028443124361129,0.04034510586164082,0.040405528853138126,0.04046582414207033,0.040526091666384496,0.040586413439197694,0.04078006609071704,0.04097454496534795,0.04117002484123276,0.04136666259799136,0.04156460134593459,0.04176397363642958,0.041964903994189666,0.04216751094369768,0.042371908654705207,0.042578208298695,0.042786519184757656,0.042996949726521426,0.043209608279580126,0.04342460387993201,0.04364204690734846,0.04386204969268853,0.04408472708451285,0.04431019698760883,0.04453858088398901,0.04477000434540058,0.044655216362827786,0.04454157281646265,0.04442894195633165,0.044317203635964204,0.044206248040381264,0.04409597458085611,0.043986290931616975,0.043877112187799217,0.043768360127330895,0.04365996256220527,0.04355185276687456,0.04344396897338394,0.04333625392443126,0.04322865447684176,0.04312112124903806,0.04301360830700122,0.04290607288398999,0.042798475129935794,0.04269077788698341,0.042582946488116606
2024-01-18,0.051335493497155694,0.04738627070322076,0.0451043793760433,0.042803901238976254,0.041760666874186,0.04070554758790012,0.040496780434989756,0.040281038428263076,0.040060135452299854,0.039835163748208516,0.04001211935103826,0.040187225952631744,0.040361234468182676,0.040534692583746375,0.04061357850598053,0.04069226181447989,0.0407708943544721,0.040849597421440904,0.040928469907180326,0.04100759400641391,0.04121253852217935,0.041418510806797,0.04162568546693629,0.041834220646220534,0.042044261954527755,0.042255945531212494,0.042469400469935276,0.04268475076802019,0.042902116918627956,0.04312161723281978,0.04334336895647498,0.043567489231171215,0.043794095936649347,0.044023308444087535,0.04425524830322366,0.04449003988178438,0.044727810972278605,0.04496869337868841,0.045212823493731076,0.04546034287601264,0.04534217391939795,0.04522526950538946,0.04510948800543262,0.044994700265359094,0.04488078823701249,0.04476764378926613,0.04465516767172444,0.04454326860885032,0.04443186250589247,0.04432087175096659,0.04421022460009631,0.04409985463404826,0.04398970027748003,0.043879704372322116,0.04376981379848866,0.04365997913599707,0.043550154363404744,0.04344029658817279,0.04333036580515914,0.04322032467994883
2024-01-19,0.051432957009272244,0.04778000769333155,0.045546861702513784,0.043295738056123176,0.04225164589425664,0.041195811838909066,0.04096088903767799,0.04071893272201129,0.04047171982214314,0.04022032239230522,0.04034389472451405,0.04046528855713433,0.040585216180110024,0.040704192654087194,0.04076595946656383,0.04082724587307378,0.040888222455136514,0.040949024086793545,0.041009759398749186,0.04107051740578684,0.04126487713311571,0.04146005195738614,0.041656222291380864,0.041853549919842616,0.04205218228785668,0.042252255834639735,0.04245389862286294,0.04265723244240739,0.042862374518350635,0.043069438918640596,0.043278537732569684,0.04348978207369505,0.04370328294818485,0.043919152020292056,0.04413750229980774,0.044358448771254055,0.04458210898077307,0.04480860359382224,0.04503805693465888,0.04527059751701508,0.04515503586697095,0.04504062546867477,0.044927232887837044,0.04481473642317904,0.0447030248203006,0.044591996154202895,0.044481556855357055,0.04437162085839307,0.044262108855898444,0.04415294764261656,0.044044069537640444,0.04393541187410493,0.04382691654746258,0.04371852961474851,0.04361020093834169,0.043501883868656756,0.04339353496097911,0.043285113722315735,0.043176582384690715,0.04306790570179012
2024-01-22,0.05153041577205291,0.04768010693253806,0.0453978755555493,0.043097134573068456,0.04195200832693884,0.04079485565641391,0.040535459104748914,0.04026863350519289,0.03999624815923714,0.039719433281299774,0.039843843519601393,0.03996591192644652,0.04008638558056133,0.04020580427564313,0.040286874276286334,0.04036745635958183,0.040447751651505874,0.040527919735314444,0.040608089688712844,0.040688367814168576,0.040888008920706015,0.041088532118786415,0.041290116894070715,0.041492924693205306,0.04169710312062855,0.041902789203913646,0.042110111971956514,0.04231919452076842,0.04253015569369559,0.042743111469360516,0.04295817612685736,0.04317546324068836,0.04339508654557081,0.04361716070219615,0.043841801988350165,0.044069128934845735,0.04429926292202529,0.044532328749831485,0.044768455192390255,0.04500777554653542,0.04488352778255847,0.04476048327768189,0.04463850256774589,0.04451745854725659,0.04439723511842421,0.04427772601737903,0.04415883379118026,0.04404046890362936,0.04392254895148684,0.043804997975634585,0.043687745854147975,0.043570727766246445,0.04345388371775336,0.04333715812008342,0.04322049941593322,0.043103859745824875,0.042987194650470954,0.04287046280462084,0.04275362577863565,0.04263664782453648
2024-01-23,0.051432957009272244,0.047483829392225015,0.045002316744774284,0.042501625070339395,0.04176580148561868,0.04101797043637496,0.040780417851166297,0.04053650509832134,0.04028778809959688,0.040035206397086194,0.04018482580890464,0.0403325378906657,0.04047904887722104,0.04062487186284016,0.04068540469620717,0.04074560922074354,0.04080562893464008,0.040865577637715506,0.04092554731384207,0.04098561365114548,0.04119147505947254,0.0413982777628297,0.041606207527983934,0.04181543179271019,0.042026103967906694,0.04223836678756881,0.04245235495661746,0.04266819727543813,0.042886018370957193,0.04310594012979207,0.0433280829047167,0.04355256654825823,0.04377951131461356,0.04400903866183688,0.044241271979439944,0.044476337261498695,0.044714363741604396,0.044955484503203254,0.04519983707680023,0.045447564033988655,0.04533791682367066,0.045229511672150995,0.04512221197109395,0.045015893081565964,0.04491044101714818,0.044805751299614005,0.04470172796148433,0.04459828267405297,0.044495333982968815,0.04439280663632754,0.04429063099258359,0.044188742497545244,0.0440870812213352,0.04398559144754804,0.043884221307965585,0.043782922457137496,0.04368164978193294,0.04358036114184209,0.043479017136378195,0.04337758089641487
2024-01-24,0.05153041577205291,0.04768010693253806,0.045248132278358714,0.042797229785036875,0.042060855219584733,0.041312595221973454,0.040996929733956126,0.040674753930812685,0.04034753241941997,0.04001615847996629,0.04024858827663618,0.04047921543366304,0.0407089084275392,0.04093830555736311,0.041016531098549455,0.04109465157736914,0.04117280301586829,0.04125109445761602,0.041329615176302445,0.04140843972625481,0.04161340248474806,0.0418194387438561,0.0420267208258359,0.04223540515952525,0.04244563610803042,0.04265754895472761,0.04287127226902601,0.04308692981036722,0.04330464208553734,0.043524527644024494,0.04374670417465757,0.04397128945135253,0.044198402164631445,0.044428162667421944,0.044660693657640665,0.04489612081562166,0.04513457341115641,0.04537618489247321,0.04562109346769164,0.04586944268799167,0.04575041322020936,0.04563266447640612,0.04551605270997941,0.045400446821897276,0.04528572697330502,0.04517178338003876,0.04505851526196436,0.044945829924572404,0.04483364195394292,0.044721872509214895,0.044610448699181536,0.04449930303168968,0.04438837292622956,0.04427760028152223,0.04416693109110359,0.04405631510090129,0.04394570550364203,0.043835058665636785,0.04372433388209374,0.04361349315761988
2024-01-25,0.05123802523523889,0.0469925156015064,0.044611955204264676,0.04221207841012164,0.04142460083911979,0.040625328856313196,0.04036204984556691,0.04009232900117306,0.039817710329197405,0.03953912896510198,0.03971614943159263,0.03989128909374794,0.04006530357667984,0.04023874381898181,0.04037428162221711,0.040509814140386534,0.040645555991598144,0.0407816811469326,0.04091833391060988,0.04105563662040514,0.041264661959609546,0.04147494285566728,0.04168663599511342,0.04189988524265555,0.042114824883433016,0.042331582160955825,0.042550279296764866,0.04277103512502041,0.04299396643882237,0.04321918911961986,0.043446819103052786,0.043676973221661766,0.043909769955568334,0.04414533011541664,0.04438377747686965,0.04462523938226993,0.04486984732236273,0.04511773750899094,0.045369051448234554,0.04562393652245636,0.04550387519971355,0.045385159039988014,0.045267640512025094,0.04515118509162174,0.04503566983417798,0.0449209821343552,0.04480701864498395,0.044693684332006135,0.044580891646025,0.04446855979414321,0.044356614098328,0.04424498542865769,0.04413360970156034,0.04402242743461856,0.04391138335073876,0.043800426025509924,0.043689507572441805,0.043578583361503914,0.043467611767004324,0.043356553941375046
2024-01-26,0.05123802523523889,0.047189976598953236,0.04500828306712751,0.042808175350433145,0.041865797240307014,0.04091196788016201,0.04064968214688989,0.040380677964027986,0.04010658589614497,0.039828392869652146,0.040005936093586145,0.040181531815463925,0.040355953663539904,0.04052976554674933,0.04062784967657771,0.040725758662133904,0.040823671453607095,0.040921731588123074,0.04102005666537748,0.04111874498753968,0.04132323791281186,0.041528813043904884,0.04173563886420956,0.041943868464576824,0.042153643261763574,0.042365095899707654,0.04257835254865995,0.04279353475605679,0.043010760960876776,0.04323014775376312,0.0434518109443194,0.04367586648202563,0.04390243126638278,0.0441316238739756,0.044363565224311646,0.04459837920198337,0.04483619324949975,0.045077138942767304,0.045321352559459495,0.045568975649256216,0.04545041802820929,0.045333136934279684,0.04521698965332933,0.04510184603958409,0.04498758713687926,0.04487410398065955,0.04476129655382255,0.04464907287397891,0.044537348193362615,0.0444260442956255,0.04431508887622234,0.044204414995136346,0.04409396059239136,0.04398366805821063,0.04387348385086521,0.043763358156245956,0.043653244584029874,0.04354309989601648,0.043432883762808266,0.04332255854551784
2024-01-29,0.05123802523523889,0.0469925156015064,0.044661866029649895,0.04231203666940759,0.04137140020120171,0.0404188624322508,0.04010533726642448,0.03978487106910846,0.0394590919143891,0.039128991632589274,0.039280441657932465,0.03942962565770524,0.03957732608063858,0.03972411019024486,0.039842162670595586,0.039959931674093785,0.040077644203199425,0.04019548230387521,0.04031359510426503,0.04043210725160089,0.040635944996425866,0.040840844055461366,0.041046969324105224,0.04125447058121754,0.04146348613144561,0.04167414564634839,0.04188657241506437,0.04210088515532866,0.042317199494340055,0.042535629200095154,0.04275628722334336,0.042979286595647696,0.043204741218407366,0.04343276656993029,0.043663480351921295,0.04389700309251773,0.0441334587198592,0.04437297511784728,0.04461568467403388,0.044861724828330604,0.04474442738695946,0.04462838900670103,0.04451346989522035,0.044399542596082024,0.04428649063543962,0.04417420734610265,0.04406259484257111,0.043951563125029146,0.04384102929388005,0.04373091685935094,0.043621155133121314,0.043511678690934544,0.04340242689681703,0.04329334348091723,0.04318437616413634,0.04307547632369735,0.04296659869461839,0.04285770110274887,0.042748744225614706,0.04263969137781715
2024-01-30,0.05123802523523889,0.04738743801691971,0.04520495372761058,0.043004390774063594,0.04190908592018699,0.04080218075915965,0.0404638599578911,0.04011821453976273,0.03976695051500543,0.039411109847958044,0.039509712890280387,0.03960565474512846,0.03969969990910556,0.039792398525832724,0.03985594292474046,0.039918759442520116,0.03998106001418063,0.040043011589646425,0.040104748035935237,0.04016637847104775,0.04037292407331594,0.040580252121763555,0.040788561723535836,0.040998031058200116,0.041208822175255316,0.041421084723326715,0.04163495889099335,0.041850577759479944,0.04206806921250054,0.042287557510106905,0.04250916460615692,0.04273301126947355,0.04295921805459549,0.043187906157643056,0.04341919818516436,0.043653218858137194,0.04389009566905513,0.04412995950685342,0.044372945262061786,0.04461919242282002,0.04449526796228752,0.04437255663574767,0.044250919311581365,0.04413022920536955,0.044010370529885316,0.04389123732210195,0.04377273242085575,0.0436547665731939,0.043537257651023294,0.04342012996261542,0.04330331364594396,0.043186744132832904,0.04307036167455523,0.04295411092090719,0.04283794054594028,0.042721802914506626,0.042605653784590365,0.042489452041089865,0.042373159457301295,0.04225674048085203
2024-01-31,0.05114055222306018,0.04669747488750133,0.04441748444549513,0.04211817439457002,0.04102459989471753,0.03991911742883751,0.03958132846747313,0.03923619263091186,0.03888544466996683,0.03853014427047825,0.038655388463984135,0.03877809595353012,0.03889905189324743,0.0390188230023875,0.03910028928536966,0.039181174448811626,0.03926169197300468,0.03934201089161676,0.0394222675863578,0.03950257404721386,0.03971352873711231,0.03992537487957728,0.040138302328608225,0.0403524818567234,0.04056806960122139,0.04078521052459206,0.041004041147771106,0.04122469174130374,0.04144728810873473,0.04167195306105097,0.04189880765585147,0.04212797225688135,0.042359567456489895,0.04259371489400576,0.04283053799596667,0.04307016265890726,0.04331271789151108,0.04355833643002953,0.04380715533871582,0.044059316605440255,0.04393523287826219,0.04381240612951668,0.043690695668848714,0.04356997332255945,0.043450122064311196,0.04333103482531048,0.04321261345723968,0.043094767825661344,0.04297741501525424,0.042860478631221464,0.042743888183665174,0.04262757854375298,0.042511489462185394,0.04239556514187872,0.04227975385795135,0.04216400761908765,0.04204828186518294,0.04193253519687483,0.04181672913315967,0.041700827893798115
2024-02-01,0.050848104680316655,0.046207226660664485,0.043828086191925526,0.04142917750412215,0.04023515087306161,0.03902895445404537,0.03864095011880281,0.0382452319494573,0.037843607100386444,0.037437187367738385,0.037536519918616645,0.037633000575098906,0.03772742934265826,0.03782038141035092,0.037902939154778895,0.03798473560274898,0.03806601198595335,0.03814695876964666,0.038227729104061095,0.03830844824405914,0.03851292296475501,0.03871815430496977,0.03892432807268297,0.03913161053365649,0.03934015287852635,0.039550094693826164,0.03976156669780065,0.03997469292757015,0.04018959251299215,0.04040638113674023,0.04062517225472676,0.04084607813277219,0.04106921074220695,0.041294682547408826,0.04152260721112764,0.04175310023813018,0.041986279573723265,0.04222226617073448,0.042461184536299455,0.04270316326814487,0.042590576377946596,0.042479150214263836,0.042368756758380276,0.04225927934840004,0.04215061143352491,0.042042655491516874,0.04193532208504616,0.0418285290366733,0.04172220070551912,0.04161626735138734,0.041510664574335276,0.04140533281953519,0.04130021693879948,0.041195265801420605,0.04109043194804421,0.04098567128218972,0.04088094279478751,0.040776208317739336,0.04067143230304843,0.040566581624525554
2024-02-02,0.05153041577205291,0.04748265981898796,0.04525114277572795,0.043000925945117646,0.04190639009782733,0.04079999862404847,0.04043606855154549,0.04006468275043693,0.039687551596872844,0.03930572359211844,0.03940496149015564,0.03950142865110461,0.039595914416845,0.03968898666104842,0.039715269448428465,0.03974066585656446,0.039765358895463745,0.039789491468280626,0.03981317693891173,0.03983650652966694,0.040020139015756136,0.040204255769506286,0.04038904868005223,0.040574687459355635,0.04076132454127532,0.04094909887781228,0.04113813892045351,0.04132856499244657,0.041520491201239025,0.04171402700071553,0.04190927848478348,0.0421063494736931,0.04230534243983871,0.042506359309047156,0.0427095021654106,0.042914873881788516,0.043122578693649286,0.04333272273055927,0.04354541451708126,0.043760765452917745,0.04365031308434299,0.04354085762253474,0.0434322797906647,0.043324470820827965,0.043217331303076874,0.04311077018536647,0.0430047039019423,0.04289905561144445,0.042793754529057926,0.0426887353395458,0.042583937680064535,0.04247930568336803,0.042374787573423056,0.042270335306639366,0.042165904252904986,0.04206145291144571,0.041956942657225195,0.04185233751419211,0.04174760395217901,0.041642710704683526
2024-02-05,0.05182276356900202,0.048071449594491736,0.046038504793979924,0.04398787113608544,0.04304363139341562,0.04208824993562676,0.04174747073613239,0.041399819612927116,0.04104682070819152,0.04068940614631464,0.040787864822376646,0.0408837315169715,0.04097776035948527,0.041070494305346934,0.041096228321695655,0.04112115724695401,0.0411454509230153,0.04116924205309083,0.04119263598954288,0.04121571758576554,0.04139419159675241,0.04157317202677123,0.041752847949375956,0.041933386702946836,0.04211493870088669,0.042297641159441374,0.04248162102576241,0.04266699730825183,0.042853882955678255,0.043042386392683075,0.043232612791731954,0.04342466514177634,0.043618645159520665,0.04381465407864988,0.04401279334457143,0.04421316523640375,0.044415873433573186,0.04462102354108244,0.04482872358501616,0.04503908448796122,0.04492727177576934,0.044816444856411695,0.04470648214946735,0.04459727273286543,0.04448871517599116,0.04438071652588409,0.044273191423736896,0.04416606133270074,0.04405925386110278,0.04395270216772349,0.043846344437874225,0.04374012342074621,0.04363398601993937,0.04352788293027608,0.04342176831500667,0.04331559951835349,0.04320933680904789,0.043102943151112634,0.04299638399864781,0.04288962711180978
2024-02-06,0.05162786978595905,0.04758021137493419,0.04544855979171705,0.04329846947359967,0.04205015890961175,0.04079016833929543,0.04053147154013935,0.040265171246545745,0.03999319490615114,0.039716707620544446,0.039841358142796615,0.039963626639241946,0.04008426946017856,0.040203833021711675,0.04024734630308354,0.04029023297647307,0.040332658802761025,0.04037475400001592,0.04041662263214976,0.040458349182129885,0.04064107238591887,0.04082442674226777,0.04100858977651117,0.041193719463615525,0.04137995861611693,0.04156743828820889,0.04175628045314559,0.04194660013783139,0.04213850714793627,0.0423321074815252,0.04252750450412197,0.042724799940134305,0.04292409472250482,0.04312548973287591,0.04332908645747161,0.04353498757862018,0.04374329751787882,0.04395412294374172,0.04416757325466038,0.044383761046410355,0.0442798314476729,0.044176928985361595,0.04407493414244833,0.043973737857784086,0.04387324037701041,0.043773350254085006,0.04367398348100087,0.043575062727014495,0.043476516671747775,0.04337827941903019,0.04328028998040573,0.04318249181893288,0.04308483244531943,0.04298726305961131,0.04288973823264061,0.042792215622264165,0.04269465572012008,0.04259702162521851,0.04249927884118023,0.04240139509436111
2024-02-07,0.05162786978595905,0.047678932494834146,0.0455968040979754,0.043496565559792026,0.04224757237207859,0.04098705842142946,0.04075410176986054,0.04051363894726342,0.04026760786768293,0.04001717726582109,0.040114293459045706,0.0402090177115002,0.040302054980322584,0.040393912980582335,0.04040014631214917,0.04040560047727017,0.04041041297590632,0.040414690752471796,0.040418518236767204,0.04042196297263308,0.04061831594423891,0.040815230154921854,0.04101291378384503,0.04121155148737276,0.04141130964954397,0.04161234045467825,0.04181478509001807,0.042018776298560837,0.04222444044174428,0.042431899189326695,0.04264127092379887,0.042852671925126255,0.04306621738598981,0.043282022296234554,0.04350020222676377,0.043720874036803796,0.04394415652373598,0.044170171031135574,0.04439904202797906,0.044630897669971206,0.04452540840488439,0.044421007381205725,0.044317570352912686,0.044214983951117066,0.04411314448826054,0.04401195691903163,0.04391133393467469,0.04381119517124831,0.04371146651556455,0.04361207949514207,0.04351297074064942,0.04341408151108636,0.04331535727342245,0.043216747329637414,0.04311820448513344,0.04301968475334909,0.04292114709212981,0.04282255316802145,0.04272386714517128,0.04262505549596319
2024-02-08,0.05172531905145475,0.04767775817295459,0.04584567243368329,0.043996121726782154,0.042795367389022634,0.04158383680866914,0.04134935624948788,0.04110769665915087,0.04086067659057524,0.040609392886626516,0.040706237188394834,0.0408007558199665,0.04089364103974399,0.040985391593225236,0.04099138564934997,0.0409966304484591,0.04100125821237893,0.041005371780307685,0.04100905234108601,0.04101236484578652,0.041209171233049284,0.04140656260842511,0.041604749112811035,0.041803917290477804,0.042004235370314474,0.04220585736329317,0.042408926285695446,0.04261357672943465,0.04281993694000381,0.04302813052003904,0.04323827784632998,0.04345049726646127,0.04366490612556243,0.04388162166212937,0.044100761803370685,0.04432244588419398,0.04454679530920036,0.044773934173490765,0.045003989855404034,0.04523709359229823,0.04512244835668065,0.04500891253249176,0.04489635562173339,0.04478465859201885,0.04467371262012231,0.04456341800031106,0.044453683192928486,0.04434442399278258,0.04423556280023175,0.04412702798059542,0.04401875329977036,0.04391067742579623,0.04380274348766068,0.04369489868392346,0.04358709393481579,0.043479283572376855,0.043371425063950336,0.043263478765007087,0.04315540769780602,0.04304717735286757
2024-02-09,0.05192020333906329,0.047971551467210494,0.046089207487009974,0.04418930826669477,0.043039900841361466,0.041879546701542425,0.04161871467602403,0.04135070496679438,0.041077282334667876,0.04079951373298429,0.04089691145199776,0.040991897973243055,0.041085186152691446,0.04117728948219031,0.04118355199672051,0.0411890316969344,0.04119386672653493,0.041198164530624276,0.04120200993428317,0.04120547079757616,0.04139651518112845,0.04158809965162,0.0417804307310777,0.04197369143743162,0.042168046516428366,0.042363646498835776,0.04256063088992409,0.0427591307107135,0.042959270550157844,0.04316117024523363,0.043364946275981656,0.043570712941068464,0.043778583363845935,0.0439886703674559,0.044201087249074,0.04441594847708613,0.04463337033026852,0.04485347149448681,0.0450763736297507,0.04530220191844353,0.04518835864998947,0.04507558244977097,0.044963745548266335,0.04485273138823499,0.044742433396437034,0.04463275391646917,0.04452360327873135,0.04441489898753389,0.04430656500861818,0.04419853114303831,0.04409073247555424,0.04398310888750838,0.04387560462566995,0.04376816791979112,0.04366075064267278,0.043553308007422346,0.04344579829733063,0.04333818262442341,0.04323042471327692,0.04312249070713907
2024-02-12,0.05201763836210165,0.048069081611448655,0.04603699571944022,0.04398679245564243,0.042940910192608,0.04188368162324115,0.04159625374809926,0.04130174099714606,0.04100183079226801,0.04069754655746573,0.04079528167426896,0.04089054572865362,0.040984064953991206,0.041076362380258954,0.041101708117190654,0.041126297355809374,0.0411502913640433,0.04117381617649333,0.04119697188085757,0.0412198391188265,0.04141027624875665,0.041601310501977073,0.04179314102838674,0.04198594470571429,0.042179881125242964,0.0423750964596542,0.04257172650524299,0.042769899107473176,0.042969736121421506,0.043171355018493576,0.04337487022231227,0.04358039423623762,0.04378803861014124,0.04399791478318152,0.04421013483128482,0.0444248121420462,0.044642062035274314,0.04486200234402857,0.04508475396845402,0.04531044141281022,0.04519637280288591,0.04508338154875245,0.04497133915888653,0.044860128419796225,0.04474964216044215,0.044639782178727334,0.04453045830592772,0.04442158758895559,0.04431309357362954,0.044204905674815526,0.044096958621519834,0.04398919196684597,0.04388154965425019,0.043773979632796195,0.043666433515170834,0.0435588662731113,0.04345123596564406,0.04334350349616805,0.04323563239495088,0.04312758862406289
2024-02-13,0.05250474228813146,0.04924756181130137,0.04751235949828466,0.0457611684198328,0.04476204468190463,0.04375253213153476,0.04343703378663858,0.043114696894457856,0.04278703963380455,0.04245498602718055,0.04252633992276795,0.04259504761384115,0.04266182673745662,0.042727192618746294,0.04269662048013623,0.0426650315129035,0.04263255026901496,0.04259927273536095,0.04256527384272644,0.04253061272225177,0.042706569750380376,0.042882800774591764,0.04305952456268356,0.043236933147328675,0.04341519763422765,0.04359447269741893,0.043774900104101115,0.043956611513675595,0.04413973072839266,0.04432437552587581,0.04451065917038644,0.04469869167569582,0.04488858087500671,0.045080433340576244,0.0452743551862207,0.04547045277880881,0.04566883337952952,0.045869605731698404,0.046072880608811415,0.04627877133423321,0.04615021375327012,0.046022597433370484,0.04589579424700619,0.045769687393348475,0.0456441701685039,0.045519144897358844,0.045394522002963664,0.04527021919339646,0.045146160749319104,0.04502227689812121,0.04489850326275774,0.04477478037521313,0.04465105324604146,0.04452727098269626,0.04440338645042037,0.044279355970353665,0.04415513905026316,0.04403069814393088,0.04390599843577018,0.04378100764769472
2024-02-14,0.052407330993272314,0.04875526146255373,0.0468718628487983,0.04497123053198549,0.04407624899934695,0.04317051816315595,0.04285448488922853,0.042531815338370846,0.04220397374062591,0.04187185209803998,0.04194275098726357,0.04201106565916208,0.042077497703825226,0.04214255091621127,0.042149751737123625,0.0421560524554219,0.04216161191274394,0.04216655365258577,0.04217097520928631,0.04217495461031683,0.04236122935729977,0.04254798910692243,0.04273544446001899,0.0429237816485962,0.043113167930372176,0.04330375577029155,0.04349568612586757,0.043689091062880166,0.04388409586568969,0.04408082076286081,0.04427938235789735,0.04447989483271285,0.044682470975361155,0.0448872230717466,0.04509426369229881,0.045303706398084724,0.04551566638594602,0.045730261088568834,0.045947610742613734,0.046167838935939044,0.046045348269628986,0.04592389975705982,0.04580336182396994,0.04568361447154299,0.04556454801340334,0.04544606197844368,0.04532806415479284,0.04521046975434629,0.04509320068063897,0.04497618488559328,0.044859355802942744,0.04474265184800612,0.04462601597504327,0.04450939528472122,0.044392740675302446,0.04427600653207904,0.04415915045034119,0.04404213298781717,0.043924917443069485,0.04380746965679923
2024-02-15,0.0523099149537024,0.04865775748306465,0.046824260350492926,0.04497375336058851,0.04397626343178071,0.042968059624190695,0.04262709988962935,0.04227920220934538,0.04192589114406575,0.04156809854732154,0.04166697344154297,0.04176321817387149,0.04185759959583802,0.04195066990498249,0.04193867390405188,0.04192576281056146,0.04191207075371756,0.04189770156572077,0.04188273674730217,0.04186724104354473,0.04205384472878266,0.042240871170796,0.04242853662767085,0.04261703192271312,0.042806528044530785,0.0429971804860994,0.043189132652055075,0.043382518569592465,0.04357746507362889,0.04377409359161784,0.04397252162128603,0.04417286397151536,0.04437523381985555,0.04457974362787792,0.04478650594649606,0.04499563413660488,0.04520724302530279,0.04542144951412672,0.045638373152831035,0.045858136690049026,0.04573640463106863,0.04561569907477634,0.04549589034371733,0.04537686017832134,0.04525850049114737,0.04514071228467971,0.04502340470832244,0.044906494234297545,0.04478990393546214,0.04467356285077674,0.044557405426392305,0.044441371022172826,0.04432540347500504,0.04420945071152641,0.0440934644039716,0.0439773996637357,0.043861214768008326,0.04374487091547096,0.043628332007591614,0.04351156445250968
2024-02-16,0.052407330993272314,0.04915007210649195,0.04746478183569345,0.045763736543268374,0.044713046577525555,0.043652093905602464,0.043310992970823116,0.042962902725312876,0.04260934798579982,0.04225126034071702,0.04232330182164539,0.04239257763224841,0.04245983239085437,0.04252560067194037,0.042514407770944576,0.04250219406488185,0.04248911183299912,0.0424752790066832,0.042460788200573064,0.042445713034276605,0.042621030342456755,0.04279667174085035,0.04297284877032304,0.04314974740671076,0.04332753363286339,0.04350635775218421,0.04368635777191819,0.04386766209082469,0.04405039166132336,0.04423466175103525,0.04442058339660993,0.04460826461972532,0.044797811458441666,0.044989328854831805,0.0451829214307312,0.04537869417667175,0.04557675307396654,0.04577720566605867,0.0459801615923239,0.04618573309529417,0.046057155091175785,0.045929526062320286,0.0458027176248734,0.04567661275017995,0.04555110453174612,0.045426095114225504,0.045301494760298405,0.045177221035331734,0.045053198092989584,0.04492935604765351,0.044805630421727714,0.04468196165773622,0.04455829468663934,0.04443457854506468,0.0443107660352071,0.04418681342204178,0.044062680163243065,0.043938328667835085,0.04381372408013529,0.043688834086008446
2024-02-20,0.05250474228813146,0.049050161027948944,0.04716597630861936,0.045264873279421046,0.04421670886310565,0.04315758584313641,0.04284349356927964,0.04252228136076907,0.04219557465441313,0.041864362174296246,0.041963068838773376,0.04205918394525862,0.04215346675099791,0.04224646408167355,0.042234311782211945,0.04222126118734719,0.04220744320849476,0.042192959166394095,0.042177888570551214,0.04216229456479083,0.04234301527953629,0.04252413250874915,0.042705857175774395,0.04288837519795758,0.04307185297367228,0.043256441632410304,0.043442280370763246,0.04362949910507156,0.04381822060805305,0.04400856225231661,0.04420063745217546,0.044394556872562455,0.044590429457432905,0.044788363317993206,0.04498846651218019,0.04519084774015979,0.04539561697561731,0.04560288604883758,0.04581276919471587,0.04602538357667656,0.045904228873804236,0.04578406184222709,0.04566475499813754,0.04554619206558102,0.04542826675416749,0.045310881697293554,0.045193947526975704,0.04507738206537704,0.044961109616360205,0.044845060343063146,0.04472916971968966,0.044613378047520885,0.04449763002665996,0.044381874376278045,0.0442660634971786,0.044150153171378825,0.04403410229414796,0.04391787263456938,0.043801428621224256,0.04368473715004554
2024-02-21,0.05250474228813146,0.049148861363864385,0.04746400356605281,0.04576317493554414,0.04471260840874212,0.0436517381931959,0.04333672134456679,0.04301475747568201,0.04268740316840061,0.042355605545126136,0.04245424818346957,0.04255032748064924,0.042644598378066306,0.042737604707290676,0.042725309663134335,0.042712129604263856,0.042698192674060886,0.04268359802559734,0.04266842344271554,0.042652730674720106,0.04282162498679765,0.04299085564535379,0.0431606231092263,0.043331103638499104,0.04350245456528067,0.043674818373491485,0.04384832589824147,0.044023098866792884,0.04419925194202617,0.04437689438658731,0.044556131435581486,0.044737065443909825,0.04491979685853291,0.045104425054342395,0.045291049063724866,0.04547976822348257,0.045670682757945336,0.04586389431345484,0.046059506456626105,0.04625762514667953,0.046154235084560666,0.04605174239171215,0.0459500321401331,0.045848999343462656,0.04574854786545008,0.04564858947167101,0.04554904300317187,0.04544983365427679,0.045350892339690765,0.045252155138411014,0.04515356280391514,0.04505506033171542,0.04495659657671079,0.04485812391388934,0.0447595979368699,0.044660977189557576,0.044562222926849644,0.044463298900887786,0.044364171169825384,0.04426480792648211
2024-02-22,0.05250474228813146,0.04954366382754848,0.04790710680442337,0.046255508487443066,0.04525484939759692,0.04424417519600914,0.043849961595428304,0.043448836950880115,0.04304219709611216,0.04263090392808799,0.04270406029079598,0.042774274173800225,0.04284233215625051,0.04290879883022651,0.04287915922114824,0.04284838285068152,0.04281661510196682,0.04278396815254866,0.04275052970429399,0.042716369094515476,0.04287461159654839,0.04303298211723992,0.04319168721686765,0.04335090720234163,0.043510801749442524,0.04367151424879553,0.04383317520792554,0.04399590494690221,0.04415981575969114,0.04432501366756401,0.044491599858456306,0.04465967188284304,0.04482932465975693,0.04500065133413304,0.04517374401743743,0.04534869443663919,0.04552559451138556,0.04570453687529524,0.04588561535427639,0.04606892541247295,0.045959920911278464,0.045851704937803155,0.04574416680897342,0.045637205447921006,0.04553072833446157,0.04542465059345626,0.04531889420053337,0.04521338728806661,0.04510806353709747,0.045002861643177273,0.04489772484598985,0.04479260051417336,0.04468743977805406,0.04458219720408215,0.044476830505661515,0.044371300285822105,0.04426556980781962,0.04415960479028615,0.04405337322401123,0.0439468452078194
2024-02-23,0.05250474228813146,0.04934626237074013,0.04771052690155142,0.04605938478501545,0.04495696423651814,0.04384438234600249,0.04342561551840502,0.04299958139645333,0.0425677646599752,0.04213108532406752,0.04215084760940801,0.04216731618052508,0.04218125112531647,0.042193195363709045,0.04216569599268859,0.04213680561807698,0.0421067156784673,0.04207557421203593,0.0420434972701361,0.04201057690699718,0.042169191791448214,0.04232783940356491,0.042486734066213,0.042646062331997775,0.042805988895993616,0.042966661164294706,0.043128212828268855,0.04329076669454344,0.0434544369518972,0.04361933100804725,0.043785550995134176,0.043953195018152834,0.044122358202730055,0.04429313358554504,0.044465612880968675,0.04463988715022763,0.0448160473939158,0.04499418508451423,0.04517439265240265,0.04535676393640935,0.045224896865666823,0.04509381869972686,0.044963411537528454,0.04483356800039419,0.0447041900960573,0.04457518823203308,0.04444648035608101,0.04431799120521119,0.044189651647713,0.04406139810516456,0.04393317204342459,0.043804919523296904,0.04367659080296071,0.04354813998542709,0.04341952470526069,0.043290705849624696,0.04316164730939826,0.04303231575669883,0.04290268044563624,0.042772713033545844
2024-02-26,0.052699550645563975,0.04963991867985034,0.04795387982722405,0.046252344615196894,0.04520135920643438,0.04414006640570695,0.0436687413935952,0.04319014522401716,0.04270567766644868,0.04221621770736224,0.042318533139108556,0.04241766792740421,0.04251451898451607,0.04260973153050473,0.04254258135118094,0.04247417355126051,0.04240462532244007,0.04233402660526529,0.04226244727306821,0.0421899421620066,0.042349418371366424,0.04250886428126159,0.04266850368682996,0.04282853109407003,0.04298911793979914,0.04315041739676836,0.04331256813215568,0.043475697282567206,0.04363992283620958,0.043805355562183235,0.043972100590866176,0.04414025872351278,0.04430992753040922,0.04448120228313149,0.04465417675622243,0.04482894392594921,0.04500559658803042,0.04518422791184026,0.04536493194524906,0.045547804081693094,0.04542393356618081,0.045300832051815884,0.04517838518806059,0.0450564887253811,0.044935047420833416,0.04481397408753352,0.04469318876658134,0.04457261800357743,0.044452194214785065,0.044331855130379676,0.04421154330419462,0.04409120568099929,0.04397079321369626,0.043850260523948685,0.043729565600691585,0.043608669531769,0.043487536264605116,0.043366132392378756,0.04324442696264685,0.04312239130576699
2024-02-27,0.052602148838741425,0.049641141642553524,0.048004607150769686,0.04635299780018533,0.04535233022677757,0.04434162311964591,0.04389532352022942,0.04344201043992332,0.04298302946313473,0.042519221705375795,0.04259360280131826,0.04266483459783649,0.042733751100861875,0.042800950766982294,0.042753029608868905,0.04270384689751692,0.04265354444935295,0.04260223143688289,0.04254999297788974,0.04249689614853284,0.042662112018358456,0.042827392438040846,0.04299296153941884,0.043159014726808546,0.0433257248198224,0.04349324680158099,0.04366172153548953,0.04383127871012287,0.04400203920030466,0.04417411698246121,0.044347620706857625,0.04452265500384287,0.0446993215827175,0.044877720168243006,0.04505794930973455,0.045240107090142485,0.04542429175684972,0.0456106022916062,0.045799138933737785,0.045990003668255945,0.045864266694047945,0.04573935653625337,0.04561515366371783,0.045491549098478766,0.045368443271611644,0.045245745029494494,0.04512337076808748,0.04500124367655661,0.044879293074616106,0.044757453830461286,0.04463566584822099,0.044513873615558586,0.044392025803462895,0.0442700749114464,0.04414797695235168,0.04402569117179361,0.04390317979795855,0.04378040781807046,0.04365734277833081,0.04353395460456186
2024-02-28,0.052407330993272314,0.049347478097157296,0.04756149333362305,0.04575972364235401,0.044760916100973526,0.04375161475549073,0.043306098909170955,0.042853469723582546,0.04239512452464511,0.04193193587467499,0.04200623601734763,0.042077386390595974,0.04214621936265133,0.0422133321519997,0.042203404829090005,0.04219230140889507,0.042180201832594716,0.04216724555528215,0.04215354219262086,0.04213917897344634,0.04230262366374179,0.04246626215659562,0.0426302991074506,0.04279491356344347,0.04296026447492676,0.04312649495755099,0.04329373563040179,0.043462107262817705,0.043631722898478734,0.043802689580544125,0.043975109769830975,0.0441490825251927,0.04432470449866963,0.04450207078580385,0.044681275662483824,0.04486241323293546,0.04504557800839231,0.04523086543212451,0.04541837236356962,0.04560819753206534,0.04548264409212919,0.04535793606585904,0.045233953743802686,0.045110588006074925,0.04498773917372778,0.04486531601107691,0.044743234856500426,0.04462141886297133,0.04449979733264155,0.0443783051323026,0.04425688217861165,0.044135472983678564,0.04401402625302731,0.04389249452912402,0.043770833874653754,0.043649003590554195,0.04352696596451443,0.04340468604623502,0.04328213144624566,0.04315927215550092
2024-02-29,0.0523099149537024,0.049447399600193724,0.0476106268795668,0.04575827905069407,0.04470878861762159,0.04364863722541821,0.04322998069868312,0.04280405939705963,0.04237236297900013,0.041935814577546915,0.042009767216286784,0.04208062810549102,0.04214921622665348,0.042216119236376894,0.042168136078313594,0.04211891534424695,0.04206859612205339,0.042017285510590544,0.041965067037343796,0.04191200655142563,0.042076651539970235,0.04224136032666992,0.042406353046889736,0.04257182157698134,0.042737935571814906,0.042904847131199506,0.04307269445220761,0.04324160472254273,0.04341169643983982,0.04358308129262868,0.04375586570381504,0.04393015211248429,0.044106040051630324,0.04428362706604571,0.04446300950469978,0.04464428321452039,0.044827544156909566,0.045012888964086485,0.045200415449119416,0.04539022308103542,0.04526551407700374,0.045141625530964596,0.045018440041591876,0.04489585059658477,0.0447737594460732,0.04465207712408316,0.04453072159600839,0.044409617513709365,0.044288695562858076,0.044167891889606035,0.04404714759567731,0.04392640829266292,0.04380562370768207,0.04368474733373429,0.04356373611903499,0.04344255019043912,0.04332115260674292,0.0431995091382314,0.04307758806932889,0.04295536002162703
2024-03-01,0.05201763836210165,0.048760065759061506,0.04677507480382603,0.04477335884983323,0.043675120046221344,0.042565719664789836,0.04220056060762293,0.04182801494928593,0.041449724115222505,0.04106669419998262,0.041166519303516176,0.04126353799996316,0.04135855562227418,0.041452151767738345,0.04144078106628503,0.041428421716523875,0.04141522124962553,0.041401293935915344,0.04138672953072118,0.04137159939641792,0.04153981494978497,0.04170830868480186,0.041877279376850776,0.04204690143297329,0.04221733016980637,0.04238870589700149,0.042561157117464936,0.04273480306694306,0.04290975575423444,0.04308612162045829,0.04326400290541116,0.04344349878721359,0.043624706345587724,0.043807721387467365,0.043992639165013295,0.04417955500966163,0.044368564900978735,0.04455976598542132,0.0447532570573033,0.04494913901213743,0.044823641526728054,0.04469903358786934,0.04457519433113634,0.04445201362105904,0.044329390886259194,0.04420723410758402,0.044085458936447344,0.04396398792438496,0.04384274984792936,0.043721679115450544,0.04360071524470074,0.04347980240153239,0.04335888899169404,0.04323792729880587,0.04311687316261799,0.042995685692493686,0.04287432701176818,0.04275276202923038,0.042630958234481486,0.04250888551435505
2024-03-04,0.05299172760793026,0.049142809441329434,0.04731032183599546,0.04546019592138916,0.04436097052317494,0.0432507023049342,0.042807232347758524,0.042356218987651184,0.04189921820790546,0.04143719808959673,0.04151189670449226,0.04158336739661024,0.041652459118219055,0.04171978087741942,0.04171015024768568,0.04169931100186379,0.041687449241871996,0.04167470922899571,0.04166120438736431,0.0416470250063323,0.04181019699669216,0.041973543355097315,0.04213726786155811,0.04230154867003502,0.042466543813942985,0.042632395462945935,0.04279923325629284,0.042967176945142516,0.0431363385123324,0.04330682389326502,0.04347873438981936,0.04365216784637736,0.043827219640475715,0.04400398352842238,0.04418255237719178,0.04436301880716676,0.04454547576521091,0.04473001704370081,0.04491673775820906,0.045105734794281774,0.04498918439893709,0.04487346197481344,0.04475845334765848,0.04464405437830193,0.044530169869899446,0.0444167126187105,0.04430360258703739,0.04419076618051374,0.04407813561483647,0.04396564835941853,0.043853246647402463,0.043740877043096975,0.043628490059245864,0.04351603981766202,0.04340348374769646,0.04329078231780154,0.04317789879610995,0.04306479903651181,0.04295145128718715,0.0428378260189543
2024-03-05,0.05279694770906201,0.048750459060765736,0.04676894203381333,0.044768966815795605,0.04367169931470711,0.04256294777829378,0.042094263094928565,0.04161791734982206,0.041135491869373965,0.040647975620983184,0.04072307801974248,0.04079486654075363,0.04086420766492871,0.04093172283276835,0.040903589671004915,0.040874167945722656,0.04084363317809719,0.040812121097114046,0.040779738105061934,0.04074656860356515,0.04090986743485712,0.041073248557771766,0.04123692164363033,0.041401069465524805,0.04156585364140024,0.04173141907244841,0.0418978974164844,0.04206540983904361,0.04223406921809711,0.04240398193150709,0.04257524932316059,0.042747968919882424,0.04292223545390734,0.04309814173297095,0.04327577939064605,0.04345523954249704,0.043636613368305315,0.04381999263658272,0.044005470184509524,0.04419314036407326,0.044078380975248105,0.04396442311905074,0.04385115678100963,0.043738481645523096,0.04362630603972153,0.04351454601600282,0.04340312455259043,0.04329197085490371,0.04318101974333851,0.043070211115358165,0.04295948947169203,0.04284880349800554,0.04273810569470886,0.04262735204865437,0.042516501741381336,0.04240551688932689,0.04229436231206365,0.042183005325165626,0.04207141555476308,0.041959564771236975
2024-03-06,0.05279694770906201,0.04884915159416781,0.04686723073405356,0.04486702623396376,0.043718679172393395,0.042558815634624714,0.042064785824709884,0.04156290321567584,0.04105477949975675,0.040541427426324446,0.04056324123261023,0.04058141940451505,0.04059680093458836,0.040609985103222626,0.04060258970301035,0.04059371650255098,0.04058360003050397,0.04057242224450674,0.040560326359191344,0.04054742652575603,0.04070467457536526,0.0408619543296879,0.04101947059371746,0.04117740153434902,0.04133590434069714,0.04149511959673443,0.04165517470134449,0.04181618657524311,0.04197826382826958,0.042141508514396256,0.04230601756905874,0.04247188399988535,0.042639197884808945,0.042808047218987066,0.042978518642642134,0.04315069807496479,0.04332467127396574,0.04350052433816884,0.043678344162986014,0.04385821886227398,0.04374489992974735,0.043632335034063004,0.04352041824566331,0.04340905297545364,0.04329815095821445,0.04318763136950085,0.04307742005615045,0.042967448863832886,0.04285765504777687,0.042747980755026976,0.04263837256840897,0.042528781103890065,0.04241916065427518,0.042309468873223115,0.04219966649444038,0.04208971708164324,0.04197958680549514,0.04186924424424825,0.04175866020525984,0.04164780756492897
2024-03-07,0.052699550645563975,0.04865296456931264,0.046521653950124385,0.04437141692779157,0.04327581414928969,0.04216829381070178,0.041648363106985165,0.04112060380858642,0.0405866018651591,0.0400473607222334,0.04012352662169191,0.040196187225148346,0.04026625146219016,0.04033437102896365,0.040344573823971705,0.04035350126960378,0.04036137842751444,0.040368380345657234,0.04037464521978498,0.0403802836065,0.04054217265643005,0.04070424010822915,0.040866680526778866,0.04102966397545785,0.0411933412728836,0.04135784805672278,0.04152330796522966,0.041689835158523134,0.0418575363404877,0.04202651239940651,0.04219685975508882,0.042368671478456445,0.04254203823371501,0.042717049081604765,0.04289379217360193,0.04307235536049293,0.043252826733881936,0.043435295115504674,0.043619850506407785,0.04380658450589918,0.043708016435154866,0.043610250328230564,0.04351318334053887,0.043416721583889324,0.04332077914377162,0.04322527722552344,0.043130143410198135,0.043035311004143824,0.042940718468914896,0.04284630892027708,0.04275202968682909,0.04265783192022098,0.04256367025015868,0.042469502478392866,0.042375289306731914,0.04228099409482793,0.04218658264407845,0.0420920230044914,0.04199728530178622,0.04190234158236655
2024-03-08,0.052699550645563975,0.04855426976360064,0.04637344581711758,0.04417336068071422,0.043027499676636875,0.04186951468524239,0.041402458466562965,0.04092745236124292,0.040446196381736084,0.03995975114017287,0.04003497411090345,0.04010684691109607,0.040176242393233474,0.040243786473626315,0.04027230783337706,0.040299668050215155,0.040326099116096005,0.0403517820487926,0.04037686031986966,0.040401449254638025,0.040568465281210754,0.0407357790720121,0.04090357991087909,0.04107203396411754,0.04124128928878935,0.04141147970736005,0.04158272784415212,0.04175514753476343,0.0419288457614933,0.04210392422715085,0.042280480650772084,0.04245860984805389,0.042638404644260566,0.042819956656309034,0.04300335697254953,0.04318869675263846,0.043376067765290474,0.043565562878205476,0.04375727651180798,0.043951305066406085,0.04385138549257623,0.0437523247168233,0.04365401568992935,0.043556360697305174,0.04345927033430712,0.04336266261591936,0.04326646220080104,0.0431705997130292,0.043075011147590214,0.04297963734790228,0.04288442354548893,0.04278931895344291,0.042694276406580293,0.042599252042235906,0.042504205016529614,0.04240909725167091,0.04231389321049011,0.04221855969490871,0.04212306566550664,0.042027382079721405
2024-03-11,0.05279694770906201,0.04884915159416781,0.046667546301487,0.04446698091862808,0.043219016863534736,0.041958853382310916,0.04151901781549937,0.04107093950065316,0.04061644715243776,0.040156673304254306,0.040204833286415255,0.04024955864202468,0.04029169102959688,0.04033183270507911,0.040361018553158205,0.04038896099895638,0.04041590663258863,0.04044204782888959,0.040467537028401966,0.04049249673444402,0.04065384898894532,0.040815438581309205,0.04097745310286312,0.04114005683903053,0.04130339578887193,0.04146760154656369,0.04163279434125835,0.04179908544718568,0.041966579117528297,0.042135374154790586,0.04230556520142646,0.04247724381369332,0.04265049936658912,0.04282541982663429,0.0430020924210336,0.04318060422560325,0.04336104268921313,0.04354349610897896,0.043728054067759356,0.04391480784346134,0.043815876601753206,0.04371775886020842,0.043620350748086865,0.0435235574399705,0.0434272921631997,0.043331475335485196,0.04323603381331874,0.043140900235033926,0.04304601244500443,0.04295131298762837,0.04285674866152666,0.04276227012585529,0.04266783155185329,0.04257339031376551,0.042478906714131674,0.042384343739146554,0.04228966684039864,0.042194843739802756,0.042099844254971784,0.04200464014264031
2024-03-12,0.05299172760793026,0.04934018553671897,0.04725724885227293,0.045156125309741495,0.04390660915173841,0.04264517229561643,0.042204815015088604,0.04175623436757407,0.04130123128114151,0.04084092118230105,0.04088927047616489,0.040934161632795424,0.04097644273239902,0.04101672065409172,0.04102715709160407,0.04103628897442735,0.041044346518094965,0.04105150877913284,0.04105791711795622,0.04106368462289724,0.04122621133203488,0.04138891905284232,0.041552006669685546,0.04171564806504624,0.04187999748903655,0.04204519371082154,0.04221136326920183,0.04237862304908234,0.04254708234813495,0.04271684455427887,0.04288800852361746,0.04306066972621097,0.04323492121089242,0.04341085442845895,0.0435885599437669,0.04376812806067562,0.04394964937882431,0.04413321529746322,0.04431891847869172,0.04450685328026061,0.04439926231269953,0.044292487015098574,0.044186418705005844,0.04408095820281279,0.043976014792926316,0.043871505321293885,0.04376735340898301,0.04366348876489765,0.04355984658347505,0.043456367015470086,0.04335299470179891,0.04324967836195434,0.043146370429785794,0.04304302673050256,0.04293960619365084,0.0428360705975635,0.04273238434141197,0.04262851424152087,0.04252442934905868,0.04242010078659963
2024-03-13,0.05299172760793026,0.04943887375103272,0.04745537533697494,0.04545421867243689,0.04425437269504257,0.0430429622595573,0.042601433785121934,0.042151910253145825,0.04169610428319023,0.041235078063633364,0.04128324102756175,0.04132798155896041,0.04137014007141239,0.04141031798895682,0.041401756910307806,0.04139185638244195,0.041380825849823534,0.041368827737672434,0.041355989818444135,0.041342413868316844,0.04150582224024525,0.04166935609468285,0.04183322352213025,0.041997606170196176,0.04216266490674015,0.04232854419753397,0.042495375533195115,0.04266328014462244,0.04283237118029884,0.043002755472730976,0.04317453498859774,0.04334780803369215,0.04352267026667374,0.043699215563117524,0.04387753676205398,0.04405772632024625,0.044239876894214485,0.044424081866044816,0.044610435825990946,0.0447990350225578,0.0446992552072864,0.044600281350339666,0.044502008130690385,0.04440433936321058,0.044307186996275345,0.04421047024088469,0.044114114811728534,0.04401805226388178,0.04392221941147835,0.04382655781689736,0.043731013340791054,0.04363553574477222,0.04354007833981166,0.04344459767442567,0.04334905325759268,0.043253407312060614,0.04315762455431379,0.043061671997981665,0.04296551877790693,0.04286913599245979
2024-03-14,0.05308911044422432,0.049733714094309635,0.04794913911097722,0.046147978497831574,0.045047508508645785,0.04393619976687965,0.04351829808025155,0.043092898700635575,0.04266156018028214,0.04222524679031725,0.042272482432452435,0.04231646192664263,0.04235798875584493,0.042397638018945284,0.04238847045408248,0.0423780301172465,0.042366513842632576,0.0423540742185107,0.04234083122316672,0.04232688037000095,0.04248473736615663,0.04264272365058377,0.04280104299193384,0.042959873244756086,0.04311937189659133,0.04327968035564507,0.04344092730697767,0.04360323137156984,0.043766703238092716,0.04393144739205389,0.04409756353495746,0.044265147763103294,0.044434293558930346,0.04460509263553041,0.04477763566585417,0.044952012921322476,0.04512831483942339,0.045306632535981654,0.04548705827481571,0.04566968590522311,0.045569404580230365,0.04546990498053454,0.045371081453565186,0.0452728374692906,0.04517508461950991,0.045077741748506234,0.04498073419551172,0.044883993132692784,0.044787454985022596,0.044691060920588666,0.04459475640167813,0.04449849078846868,0.044402216988385035,0.0443058911452078,0.04420947236288118,0.04411292245968528,0.04401620574904725,0.043919288843776785,0.04382214048094665,0.04372473136500801
2024-03-15,0.05308911044422432,0.0498324002666194,0.04819722258442868,0.04654624829933293,0.0454949110284966,0.04443329744373533,0.04398788123588038,0.04353521575561003,0.04307672208270057,0.042613286559893555,0.0426337091223214,0.04265072792434462,0.0426651284491335,0.042677471756095396,0.04265026249956084,0.04262161700508275,0.042591733854161595,0.04256076661238653,0.04252883566757101,0.042496036516628956,0.04264910440110572,0.042802162168967935,0.042955422444524875,0.043109070015637845,0.04326326774042451,0.04341816110985909,0.043573881816025624,0.043730550575954215,0.04388827939213271,0.04404717338261084,0.0442073322794357,0.04436885166960335,0.04453182403486772,0.04469633963363984,0.044862487258490305,0.04503035489549165,0.04520003030615089,0.045371601548513836,0.0455451574508377,0.045720788048783455,0.04560544393572736,0.04549082936423368,0.045376835231091435,0.045263361971271315,0.04515031852086003,0.04503762141633268,0.04492519400986393,0.044812965783761406,0.04470087174986303,0.04458885192200486,0.04447685085152894,0.04436481721734153,0.04425270346331219,0.04414046547686931,0.044028062303539596,0.04391545589292719,0.04380261087225779,0.04368949434414533,0.04357607570568977,0.04346232648639766
2024-03-18,0.05318648853904153,0.049929856717904786,0.048294703927519465,0.04664371978036701,0.04559237213048368,0.04453072302007213,0.04413741020934848,0.04373691958695122,0.04333072762898118,0.04291974441857005,0.04291182286703026,0.042900604509034025,0.042886799309215726,0.042870913501131876,0.04286279941449741,0.04285327647708588,0.04284256511497692,0.04283083625088843,0.04281822432327831,0.04280483639964854,0.042951354040780064,0.04309789354820279,0.04324465481886766,0.043391811632314585,0.04353951719150372,0.0436879084024904,0.04383710922107785,0.04398723330092349,0.044138386112987156,0.044290666661011,0.044444168885651864,0.04459898282684822,0.04475519559726054,0.044912892207323675,0.04507215627332652,0.04523307063310593,0.04539571788878911,0.045560180892105166,0.045726543184792745,0.045894889404331486,0.045788063228881695,0.04568193201541439,0.04557639189990067,0.045471348008681085,0.04536671347725056,0.04526240859800651,0.045158360077765906,0.04505450038905424,0.044950767201780206,0.04484710288404986,0.04474345406263708,0.04463977123508379,0.0445360084266143,0.044432122886055234,0.04432807481579641,0.04422382713153465,0.0441193452481392,0.04401459688847977,0.043909551912485065,0.043804182164061706
2024-03-19,0.05318648853904153,0.049929856717904786,0.04804502455061305,0.04614336636475807,0.04509491454282033,0.04403534274174271,0.043643223196508714,0.04324369941752615,0.04283833711139138,0.04242810022605848,0.04244756051526839,0.04246377742294333,0.04247749942174522,0.04248926113500395,0.042480508528338026,0.04247043043171231,0.04245923289883575,0.042447075685780454,0.04243408442677292,0.04242035915718627,0.042572388476016895,0.04272449608116808,0.042876882509328695,0.0430297224486813,0.04318317024649661,0.0433373641646242,0.04349242970877678,0.04364848226449319,0.04380562920853176,0.04396397161955726,0.04412360568014371,0.04428462383923977,0.0444471157876181,0.04461116928662229,0.044776870881468325,0.044944306523582875,0.04511356212135166,0.04528472403477032,0.045457879526527675,0.04563311717977649,0.04553382552343623,0.045435270303333976,0.0453373490472066,0.04523996811586579,0.045143041734624176,0.045046491151890286,0.044950243906007985,0.0448542331845685,0.04475839726299782,0.04466267901133282,0.04456702545983729,0.04447138741554635,0.04437571912302101,0.04427997796358855,0.044184124188175675,0.04408812067953964,0.043991932740289175,0.04389552790358411,0.043798875763822485,0.04370194782498167
2024-03-20,0.05289434002969656,0.049440091369178506,0.047356299413031246,0.045254718994159004,0.0443617131467091,0.04345722832196863,0.04306403929212265,0.04266379709088756,0.04225796689583534,0.04184745272477489,0.041947663155743393,0.04204503072091739,0.04214037265386673,0.04223427719134713,0.042222943303609005,0.042210608936784536,0.042197423036875285,0.042183500951554924,0.042168933264257746,0.04215379197798202,0.042316605495266474,0.042479671724953975,0.04264318769164186,0.042807326085827636,0.042972240520726214,0.04313806959843498,0.043304940095700906,0.043472969491029294,0.04364226799384154,0.043812940193679865,0.04398508641716137,0.04415880385862469,0.04433418753460403,0.044511331100660204,0.04469032756049666,0.044871269890859634,0.04505425160087909,0.045239367240839025,0.04542671287257071,0.04561638651152975,0.04553124697769405,0.04544694736493307,0.04536338606632143,0.04528047018808692,0.04519811458628317,0.04511624102967857,0.04503477747007993,0.044953657404440246,0.044872819315654115,0.04479220618104002,0.04471176503923429,0.04463144660764757,0.04455120494381945,0.04447099714499406,0.044390783081064124,0.04431052515672455,0.044230188099258966,0.04414973876887598,0.044069145988929484,0.04398838039371126
2024-03-21,0.05289434002969656,0.049440091369178506,0.047506081901256735,0.04555481436855263,0.04455818486275977,0.04355039273721322,0.04315786745194559,0.04275810959267529,0.04235264138605968,0.041942401014692134,0.042015763556173806,0.04208613287183672,0.04215430521112263,0.042220851993576815,0.04221041967562319,0.04219887431209926,0.04218638471607197,0.04217308168741465,0.04215906800870227,0.04214442544228027,0.04230764352308623,0.04247107655676161,0.04263492645905681,0.042799369994892644,0.042964564198435994,0.04313065056484205,0.04329775833368638,0.04346600709280353,0.043635508868293,0.043806369822394636,0.04397869164968594,0.0441525727396054,0.04432810915699911,0.04450539548041379,0.04468452552898623,0.044865593002143926,0.04504869205133554,0.04523391779922258,0.045421366818877984,0.04561113758333412,0.04551800766611899,0.04542570901876464,0.045334136551802774,0.04524319422099316,0.045152794030918444,0.04506285516924379,0.044973303252197276,0.04488406966506725,0.04479509098415787,0.04470630846881332,0.044617667613906536,0.04452911775466562,0.04444061171693691,0.04435210550700568,0.04426355803594927,0.04417493087421465,0.04408618803271657,0.04399729576726157,0.04390822240353635,0.04381893818026499
2024-03-22,0.052699550645563975,0.04914644023678279,0.04721278849351803,0.045261779081235534,0.04411235215285483,0.04295164261905974,0.04256115737181749,0.042163016120601186,0.04175889863688734,0.04134983800482954,0.04142357702933697,0.04149424602399096,0.04156265722202644,0.041629393392747835,0.04163816417714536,0.04164583861349317,0.04165261017497654,0.04165862934073952,0.041664014910106406,0.041668861922536604,0.04182501599499234,0.04198139774363347,0.04213819363017011,0.04229556687358316,0.04245366245066691,0.042612610962444904,0.04277253166184702,0.04293353485374824,0.04309572382035107,0.04325919638422152,0.04342404619243559,0.04359036378456946,0.04375823749220689,0.04392775420657972,0.04409900004275978,0.04427206092268903,0.04444702309471428,0.04462397360378835,0.04480300072382554,0.04498419436165354,0.04490066525027909,0.044817927483629776,0.04473588399371404,0.044654446039917126,0.04457353228862994,0.04449306801346392,0.04441298439810816,0.04433321792687511,0.04425370985042243,0.04417440571614053,0.04409525495434371,0.044016210512765684,0.043937228532992166,0.04385826806340625,0.04377929080401019,0.04370026087915015,0.04362114463472656,0.0435419104569444,0.04346252861005614,0.04338297109088916
2024-03-25,0.05289434002969656,0.04934140066384031,0.04705833502099032,0.04475665121413577,0.04401879819330553,0.043269142918606764,0.04287489028795125,0.0424738775651978,0.04206747773047202,0.04165653961126077,0.04172915885502954,0.041798901996965565,0.04186653739320335,0.04193261650592413,0.041940757697805926,0.041947881240702506,0.041954166719728896,0.04195975381219679,0.04196475278966807,0.04196925186939224,0.04213142495473627,0.04229389254264174,0.04245684488362993,0.042620448959357606,0.04278485352265057,0.042950192996653966,0.043116590530429814,0.04328416042350768,0.04345301007340705,0.04362324155922245,0.04379495294533025,0.043968239368425026,0.0441431939559457,0.04431990861283036,0.04449847470529859,0.044678983664199215,0.04486152752582402,0.045046199424573094,0.045233094049182486,0.045422308072182414,0.04532914986228109,0.04523683378505259,0.045145254405906,0.04505431537639751,0.044963928433283465,0.044874012528819174,0.04478449307277236,0.04469530126987498,0.04460637353909413,0.044517651003280916,0.04442907903955088,0.044340606882232306,0.04425218727145074,0.04416377614144424,0.04407533234356188,0.04398681739961814,0.04389819528188279,0.043809432216497614,0.04372049650754568,0.043631358379367595
2024-03-26,0.05289434002969656,0.04934140066384031,0.047158176543724506,0.044956651974817456,0.044064837534109794,0.043161221877358345,0.04276854228603511,0.042368724967724945,0.041963271496031004,0.04155310791490083,0.04159910395829072,0.04164204250808594,0.04168268019857232,0.041721558627571265,0.041749621386256285,0.04177659396302544,0.041802697097486505,0.0418281031014667,0.04185294861836029,0.04187734355509359,0.0420330972304301,0.04218913310887378,0.042345631882621214,0.04250275202622698,0.04266063459577345,0.04281940694063173,0.04297918561110851,0.04314007866444473,0.04330218751589623,0.04346560844262461,0.04363043382045757,0.043796753153706534,0.043964653943789074,0.04413422243180251,0.04430554424233613,0.04447870494993276,0.0446537905851833,0.04483088809408089,0.04501008576170192,0.04519147360932395,0.04509941194124052,0.04500815158485364,0.04491759038717346,0.04482763499222652,0.044738199872211254,0.04464920648569999,0.044560582543981084,0.04447226136978618,0.04438418133521824,0.04429628536780617,0.044208520515347405,0.04412083756163665,0.04403319068637047,0.04394553716351114,0.04385783709322375,0.04377005316319792,0.04368215043575217,0.043594096157615246,0.043505859589698694,0.04341741185453194
2024-03-27,0.05289434002969656,0.049242710069990585,0.04700998010694315,0.0447586118238765,0.04386744122599365,0.0429643045187115,0.042519890947479176,0.04206821635631396,0.041610751807508686,0.04114841462500484,0.041168484421428536,0.0411852092517816,0.04119936103131113,0.04121149112805071,0.04125974069993881,0.04130679011270558,0.041352908178373074,0.041398305334439806,0.041443149043339365,0.04148757457331057,0.04164294999660737,0.04179860850398621,0.041954728083896206,0.04211146483524684,0.04226895769392459,0.04242733208819116,0.042586702801996876,0.042747176245627176,0.04290885227820223,0.04307182568813206,0.04323618741037723,0.04340202553978936,0.04356942618558393,0.04373847420155279,0.04390925381888324,0.04408184920266035,0.044256344948767054,0.04443282653458855,0.04461138073440485,0.04479209600842478,0.044700555146452686,0.04460981061600043,0.04451976143643391,0.0444303153360116,0.04434138779282167,0.04425290120146689,0.044164784146784,0.044076970769002244,0.04398940020729162,0.0439020161107385,0.043814766207505684,0.04372760192435518,0.04364047804989175,0.04355335243586893,0.043466185731721035,0.04337894114817548,0.04329158424637992,0.043204082749470345,0.043116406373921654,0.043028526678376124
2024-03-28,0.05308911044422432,0.049635028034914215,0.04745143982776326,0.04524964398093464,0.04430676603806015,0.04335195874233441,0.04288190686728261,0.04240440075776948,0.041920927062809525,0.041432417429604115,0.04142630474076181,0.041416611366787905,0.04140411492781804,0.041389370057671196,0.04140108394483027,0.04141133359609443,0.0414203774060334,0.04142841634820138,0.04143560908593063,0.04144208254988693,0.04159942875819102,0.04175687435499193,0.04191462113533536,0.042072845030167845,0.04223170162738693,0.04239133043839365,0.04255185823672148,0.04271340170211684,0.04287606953918163,0.043039964194711886,0.0432051832659611,0.04337182066913679,0.04353996762078258,0.04370971347246676,0.043881146430126555,0.04405435418263184,0.044229424459015454,0.044406445529933274,0.04458550666595163,0.04476669856298636,0.04465975108505408,0.044553572905467964,0.04444805787749198,0.04434310911207416,0.04423863796638028,0.044134563165136025,0.04403081003500675,0.04392730983553838,0.043823999172871636,0.04372081948464644,0.04361771658632887,0.0435146402706946,0.04341154395344869,0.04330838435900014,0.04320512124127847,0.04310171713520773,0.04299813713506766,0.0428943486964899,0.04279032145927633,0.04268602708859996
2024-04-01,0.05289434002969656,0.04993354658502105,0.04824713862972884,0.046545349516463906,0.0454942095200066,0.04443272771527582,0.04401344392963567,0.04358693150392288,0.04315464474212193,0.0427174850353195,0.042710171904282744,0.04269946296837424,0.04268609132660021,0.04267057974727251,0.042681736747227667,0.042691499122188434,0.04270011298244794,0.04270776974712306,0.042714620536569214,0.04272078624707075,0.04287883705376047,0.04303703375027032,0.04319558058112989,0.04335465592414331,0.04351441783533776,0.04367500833548615,0.04383655676592541,0.043999182447875325,0.04416299681498243,0.04432810514368727,0.04449460797400295,0.044662602290298205,0.044832182514971446,0.04500344135563302,0.04517647053731833,0.045351361444451024,0.04552820569215083,0.0457070956425911,0.04588812487914575,0.046071388648796174,0.04596231683011895,0.04585403660979591,0.045746437089146504,0.045639416995329675,0.04553288362964317,0.04542675195399013,0.04532094379494777,0.04521538714829926,0.04511001556968687,0.04500476763933723,0.04489958649069843,0.04479441939439014,0.044689217390164404,0.04458393496065427,0.04447852974159149,0.04437296226393221,0.0442671957239677,0.04416119577803656,0.0440549303589118,0.04394836951132401
2024-04-02,0.052699550645563975,0.049837310847709135,0.048100501683295584,0.046348363663786765,0.045399732690344516,0.04444079831080805,0.04404633877876078,0.04364500114748728,0.043238164761627666,0.04282668149344894,0.04289985908862554,0.04297009533275836,0.04303817712924321,0.043104669324868373,0.04309398990083623,0.04308222009906007,0.043069523966831204,0.04305602857057925,0.04304183371942426,0.04302701877159386,0.0431847441083547,0.04334267177044688,0.04350100067141437,0.04365990484434983,0.043819538795261126,0.04398004164261208,0.04414154035922679,0.044304152342529636,0.04446798747688529,0.04463314980827138,0.04479973892063483,0.04496785108110255,0.04513758020510139,0.045309018680609,0.045482258081986034,0.04565738979728198,0.04583450558796554,0.04601369809628366,0.046195061312599164,0.046378691012871634,0.046277143995749906,0.046176399351186045,0.04607634835742822,0.04597689165924667,0.0458779382402878,0.045779404530355,0.045681213627538374,0.04558329461846072,0.04548558198263759,0.04538801506918987,0.04529053763598929,0.04519309744284439,0.04509564589159822,0.04499813770706526,0.04490053065361623,0.04480278528295985,0.044704864709294224,0.04460673440852663,0.04450836203870632,0.04440971727919508
2024-04-03,0.052602148838741425,0.049641141642553524,0.047904726608274384,0.046152833368423664,0.04515331589303477,0.04414343147644881,0.04380179553406683,0.04345324163570895,0.04309925872980846,0.042740756578430066,0.042812851666727984,0.042882183804957896,0.04294949844231456,0.043015330804102844,0.04302307913910405,0.04302985893223012,0.04303584110263547,0.04304115858744023,0.04304591633700238,0.043050198311608306,0.043206917342549854,0.043363932518840555,0.04352143059725476,0.043679575483867,0.0438385131816734,0.043998375618034505,0.044159283643851785,0.044321349413108224,0.04448467829398024,0.04464937042254471,0.044815521981600374,0.04498322626665035,0.045152574586218915,0.045323657032756405,0.04549656315229286,0.04567138253495254,0.04584820534388445,0.04602712279671239,0.046208227610978425,0.046391614423045416,0.04628971767853998,0.04618863930043968,0.04608826944352302,0.045988507731345225,0.04588926221724119,0.04579044848173616,0.04569198884606559,0.045593811684887485,0.04549585082403195,0.04539804501139619,0.04530033745095752,0.04520267539141887,0.04510500976228043,0.04500729485119784,0.04490948801737885,0.04481154943651865,0.04471344187340444,0.044615130478852,0.04451658260808757,0.044417767658072434
2024-04-04,0.05250474228813146,0.04934626237074013,0.047610649962573776,0.04585922978603133,0.04491098627448279,0.04395244012953098,0.04355810504616784,0.04315693158532233,0.04275029961504692,0.04233906164857396,0.04238486656038857,0.04242765514917007,0.04246817570291875,0.04250696390113393,0.04251597720154954,0.04252386383941317,0.042530822637528144,0.042537008235852554,0.04254254271856389,0.042547523753004086,0.04271055164369126,0.04287384830830372,0.04303761142580338,0.04320201436484317,0.04336721144362414,0.04353334199893869,0.043700533574740276,0.04386890445204495,0.0440385656809244,0.044209622732631175,0.044382176859596584,0.044556326229276785,0.04473216688201497,0.04490979355147899,0.0450893003776342,0.04527078153578253,0.04545433180035852,0.04564004705850713,0.04582802478567659,0.04601836449332977,0.0459163292359156,0.04581514004211561,0.04571468605110635,0.04561486598365249,0.04551558709050378,0.04541676423881462,0.04531831911604567,0.04522017953422952,0.045122278820276605,0.045024555280288314,0.04492695172773018,0.04482941506687909,0.04473189592425227,0.04463434832180569,0.04453672938659137,0.044438999092320686,0.04434112002891827,0.044243057196689875,0.044144777822183505,0.044046251193211886
2024-04-05,0.052699550645563975,0.049837310847709135,0.048250327209709155,0.046648628314088884,0.045698276326499004,0.044738114708118705,0.04434292022500969,0.04394098818103465,0.04353364280659142,0.043121702707192754,0.043167587797672845,0.04321045251436684,0.043251047242015846,0.04328990920211521,0.04329892417606082,0.04330681227826323,0.04331377236844186,0.04331995911526727,0.04332549462558478,0.04333047658487051,0.043494120217057515,0.04365804771052228,0.043822460313763974,0.043987534640127814,0.044153428008572165,0.04432028257606032,0.044488228576562025,0.04465738689179649,0.04482787111689429,0.04499978924080304,0.045173245030510394,0.04534833918607366,0.04552517031740275,0.045703835781966816,0.045884432413870385,0.0460670571682246,0.04625180769983266,0.04643878289149212,0.04662808334439176,0.04681981184092571,0.04670832345766047,0.0465976958789803,0.04648781157769668,0.046378563219345345,0.04626985254789885,0.046161589417874634,0.046053690951050344,0.045946080799627496,0.04583868850064858,0.045731448908901656,0.045624301697547935,0.04551719091736177,0.045410064606846136,0.04530287444663127,0.045195575452520405,0.045088125702350663,0.0449804860925125,0.04487262012054298,0.04476449369069161,0.04465607493976917
2024-04-08,0.05279694770906201,0.0500334706604652,0.04859593244493992,0.04714448444802841,0.04624330691493553,0.045332897906675544,0.04491010900849568,0.0444808287373346,0.044046239336913984,0.04360707835084727,0.04362611705511204,0.04364198264199931,0.043655407369365504,0.04366691427853652,0.04365786620940606,0.04364751859618606,0.04363607188786883,0.0436236814451286,0.04361046939694352,0.04359653294015291,0.04374320981867689,0.0438899576991914,0.044036974956749096,0.044184434334624406,0.04433248840108209,0.04448127376525635,0.044630914375088954,0.04478152412810331,0.044933208962232275,0.04508606854943706,0.04524019768329745,0.04539568742908396,0.04555262608834684,0.04571110001795628,0.04587119433455289,0.046032993528652144,0.04619658200758059,0.04636204458257491,0.04652946691243543,0.04669893591386955,0.046598957344156304,0.04649968793518925,0.04640102457349999,0.046302872980887706,0.04620514674582314,0.046107766482106884,0.046010659095847256,0.04591375714497911,0.04581699827811884,0.04572032474166396,0.04562368294578338,0.045527023081382595,0.04543029878132227,0.0453334668201624,0.045236486847536464,0.04513932115095781,0.045041934444448255,0.04494429367987523,0.044846367878304406,0.04474812797903222
2024-04-09,0.052699550645563975,0.04963991867985034,0.048203593233245905,0.046752831334000475,0.045647879037728226,0.04453339643345481,0.04416573190073804,0.043791039950017735,0.0434107907388497,0.04302588635968801,0.04307158116665737,0.04311428617389614,0.04315474456548581,0.04319348841401093,0.04316441449052244,0.04313412780089376,0.043102786635252674,0.043070513192668275,0.0430374030700327,0.04300353190445806,0.043156166625991726,0.0433088731726117,0.04346185669855437,0.0436152959197696,0.04376934874972458,0.04392415665420611,0.0440798480585662,0.04423654104569197,0.04439434551736286,0.044553364945735106,0.044713697809113835,0.0448754387827712,0.04503867973856028,0.04520351059458476,0.04537002004692061,0.04553829620845662,0.04570842717469448,0.04588050153238204,0.04605460882382409,0.04623083997739132,0.04613073457701593,0.04603137096678754,0.04593264491370197,0.045834461147860446,0.04573673237958586,0.045639378445618946,0.04554232556518673,0.04544550568993618,0.04534885593433805,0.04525231807530891,0.04515583811156234,0.04505936587465997,0.044962854684943175,0.04486626104653538,0.04476954437644919,0.044672666763540016,0.04457559275364417,0.04447828915774375,0.044380724880426145,0.04428287076626993
2024-04-10,0.05328386189284215,0.051211494428469256,0.050120809228557016,0.04901910206545619,0.048010432113617094,0.04699364179926635,0.04659622223163763,0.04619229220348495,0.04578303635103654,0.04536918792036768,0.045333404335558096,0.045294299764262684,0.0452525339301244,0.0452085763747574,0.04514366932786177,0.04507712732970016,0.045009125072541054,0.044939796926941084,0.044869247561562575,0.044797559378508385,0.04493590705079916,0.04507398872604271,0.04521203278449359,0.04535023634186971,0.04548877179850404,0.04562779189323793,0.04576743365077393,0.04590782150022584,0.04604906976607414,0.04619128467917042,0.04633456601743114,0.04647900845855439,0.04662470270724375,0.04677173644483895,0.04692019513843065,0.04707016273843144,0.04722172228745609,0.047374956458707804,0.04752994803850255,0.047686780364817646,0.04757163545037821,0.04745707730791141,0.04734300112817051,0.04722931113567166,0.04711591960921682,0.04700274603146858,0.04688971634837014,0.04677676232240233,0.04666382096628103,0.04655083404584007,0.046437747642606685,0.0463245117680356,0.046211080022577296,0.046097409293764616,0.04598345948834512,0.0458691932941939,0.04575457596833782,0.04563957514792505,0.045524160681399854,0.045408304477505684
2024-04-11,0.05308911044422432,0.05101664331661851,0.049826001043254166,0.04862388108464328,0.04782097370102152,0.04700997923111396,0.04661009070374213,0.04620430649540085,0.045793606342030745,0.045378600553461226,0.04536927895086801,0.045356864488825095,0.04534201643189399,0.04532520466658297,0.045258979731406156,0.04519128018121705,0.04512225205991123,0.04505200744460472,0.044980633392950116,0.04490819820772758,0.04504604070881175,0.045183671486994134,0.045321312444856675,0.04545915532860855,0.04559736805718166,0.04573609960695268,0.045875483827625345,0.04601564245759347,0.04615668753317508,0.04629872333436172,0.04644184797301505,0.0465861547030641,0.04673173301308213,0.046878669547533884,0.0470270488925308,0.04717695425410293,0.04732846805108736,0.04748167244023634,0.04763664978770756,0.04779348309844798,0.047677983727264825,0.04756308073238741,0.047448668348282486,0.04733464992459233,0.04722093693770038,0.04710744813252873,0.046994108775185714,0.046880850000308776,0.0467676082395843,0.046654324720085745,0.04654094502285151,0.04642741869359443,0.046313698898656566,0.046199742120340094,0.0460855078865965,0.0459709585307696,0.045856058977690045,0.045740776552925945,0.045625080812425056,0.04550894339014914
2024-04-12,0.05289434002969656,0.05062438870433563,0.04938459742755479,0.04813274649379834,0.04722850913930349,0.04631581014478322,0.045917801828874685,0.04551352941224431,0.0451041149578703,0.04469025467240947,0.044681340368959294,0.04466927359184527,0.04465472838883893,0.04463818524405515,0.044591384058214965,0.04454312989295781,0.04449359352160282,0.04444290647807051,0.04439117137894228,0.044338469149603925,0.04448747414132998,0.04463639801265348,0.04478546377677413,0.04493486493984411,0.045084771745913216,0.0452353359999763,0.04538669483907,0.04553897371577108,0.04569228878563516,0.04584674883915582,0.046002456882669455,0.04615951144666065,0.04631800768104346,0.04647803828313107,0.04663969429372015,0.046803065789019646,0.04696824249034829,0.047135314309112455,0.047304371841205964,0.047475506822383426,0.04735842208956491,0.04724203164361992,0.0471262239632411,0.047010897189446094,0.04689595807612357,0.04678132107872584,0.04666690756054519,0.04655264509943671,0.04643846688064543,0.04632431116368871,0.04621012081313194,0.04609584288465733,0.04598142825912017,0.04586683131836762,0.045752009657497206,0.04563692382899056,0.04552153711479506,0.045405815322965254,0.04528972660593286,0.04517324129786168
2024-04-15,0.05308911044422432,0.05091795575184241,0.04977769779580757,0.04862601577615792,0.047873783001544476,0.04711372472586858,0.0467913201017542,0.04646340446171117,0.04613097631660803,0.04579464577547696,0.045810375503229125,0.04582348360968925,0.04583457508438628,0.045844082062698,0.04581398929054043,0.045782761225961706,0.045750537823492095,0.045717426857553436,0.04568351237846928,0.0456488606318299,0.04579084443972306,0.04593289402377791,0.04607521029422901,0.0462179682130916,0.04636132232081535,0.04650541100634796,0.04665035984766219,0.04679628425645638,0.046943291596375586,0.04709148289905415,0.04724095427032465,0.04739179805598131,0.04754410381980116,0.047697959174274544,0.04785345049540705,0.04801066354615619,0.0481696840279372,0.04833059807573832,0.04849349270941053,0.04865845625141463,0.048548180272547224,0.048438589920162055,0.04832957472306697,0.048221033647340844,0.048112874066790136,0.04800501086894356,0.047897365676420244,0.0477898661668671,0.04768244547740211,0.04757504168174882,0.04746759733009917,0.04736005904327212,0.04725237715400622,0.04714450538928395,0.04703640058846948,0.04692802245278648,0.046819333322286306,0.04671029797698652,0.04660088345930659,0.04649105891530867
2024-04-16,0.05318648853904153,0.05111407124547944,0.050073335092976436,0.04902185718928709,0.04831943815146753,0.04760967468108363,0.04725977141683291,0.04690457348864314,0.046544943239924134,0.04618141217571497,0.046197515241087284,0.04621093446223092,0.04622228918781394,0.04623202180974225,0.04620207828463376,0.04617097343059494,0.04613885109460106,0.04610582205304629,0.04607197270148669,0.04603737113761322,0.046173523438540184,0.04630970266884574,0.04644610604056017,0.046582905033958184,0.04672025085894177,0.046858278673420885,0.046997110882105626,0.047136859746810866,0.04727762947571824,0.047419517914490575,0.04756261793052664,0.04770701855893759,0.04785280596232274,0.04800006424430015,0.04814887614775456,0.04829932366203528,0.04845148855825809,0.04860545286800742,0.0487612993177844,0.048919111729280096,0.0488094216093862,0.04870037211730546,0.04859185513194643,0.04848377173749873,0.04837603121976211,0.04826855019466955,0.04816125184934011,0.048054065279272355,0.0479469249079636,0.04783976997743257,0.047732544099928866,0.04762519486260542,0.04751767347816889,0.047409934475556484,0.047301935425550154,0.04719363669696402,0.047085001239651196,0.04697599439109065,0.04686658370375226,0.04675673879080797
2024-04-17,0.05308911044422432,0.05091795575184241,0.04977769779580757,0.04862601577615792,0.04782265096236183,0.047011351020192854,0.04663739722576325,0.04625764902311246,0.04587310035195961,0.04548436588903011,0.04547430429245094,0.045461271889074006,0.0454458996285187,0.04542863716678823,0.04540024906858237,0.045370520490143534,0.04533962830438232,0.0453077090252962,0.04527486941688233,0.04524119391953891,0.04538364750975227,0.04552609201336904,0.0456687356519162,0.04581175936099094,0.0459553225777155,0.046099567710966606,0.04624462363711737,0.0463906084662023,0.04653763175595898,0.04668579630398875,0.04683519961478552,0.04698593511431882,0.04713809316736976,0.04729176193997273,0.04744702813978773,0.047603977660097094,0.047762696147741736,0.047923269511224116,0.04808578438208236,0.04825032854024034,0.04814926583092324,0.04804887430944299,0.0479490496623322,0.047849696432846305,0.047750727050249374,0.0476520609867605,0.04755362402317146,0.047455347607310544,0.047357168292110195,0.04725902724215355,0.04716086979931923,0.04706264509958557,0.046964305734251865,0.04686580744983272,0.04676710888171453,0.04666817131736356,0.04656895848546437,0.046469436367864894,0.04636957303162593,0.04626933847883193
2024-04-18,0.05318648853904153,0.05111407124547944,0.050123301192577824,0.049122050728233654,0.04836787988277142,0.0476064242283872,0.047230843340770524,0.04684979287225134,0.04646414269868641,0.04607443263116305,0.04606399719339067,0.04605064613815882,0.046034996793628845,0.046017489052738926,0.04596969679322897,0.04592053635146073,0.04587015989856055,0.04581868437481158,0.04576620075449202,0.04571278053198999,0.04585013178057694,0.04598737627520865,0.04612472684978098,0.04626236791523989,0.04640046145431875,0.04653915164986951,0.046678568502170406,0.046818830689142645,0.04696004785345349,0.04710232245152011,0.04724575126469236,0.047390426647935316,0.047536437573190995,0.047683870511273506,0.04783281018626328,0.0479833402289649,0.048135543750406136,0.04828950385210848,0.04844530408660998,0.04860302887922176,0.04849426667498489,0.04838612122740188,0.048278486907320166,0.04817126708192994,0.04806437313415122,0.04795772361117514,0.04785124348294626,0.047744863494573304,0.0476385195992685,0.04753215246055756,0.047425707014267036,0.04731913208225368,0.0472123800310518,0.04710540646962301,0.046998169981236675,0.046890631885217186,0.04678275602489018,0.046674508578563007,0.04656585789080184,0.046456774321629514
2024-04-19,0.05318648853904153,0.05101538605629728,0.05002503631046704,0.04902400992514436,0.04821883005758783,0.04740623001908875,0.047031470678852785,0.04665106396831746,0.04626594429297785,0.045876690324754665,0.04586647765570792,0.045853314629772046,0.04583782688784274,0.045820460271745876,0.04577281253310559,0.04572378415503796,0.0456735300304923,0.04562216923498306,0.04556979444614391,0.04551647853814031,0.045653739695693654,0.04579088757440252,0.045928134711360105,0.046065665214741015,0.04620364075664408,0.04634220519976274,0.04648148821318991,0.04662160813123365,0.046762674239178355,0.046904788620974004,0.04704804766910532,0.04719254333194053,0.04733836415572093,0.04748559616502957,0.04763432361568967,0.04778462964664357,0.047936596851775586,0.048090307788395556,0.04824584543584891,0.04840329361522001,0.04829484864547639,0.04818701816480822,0.04807969724177699,0.047972789889584935,0.047866208091113596,0.04775987095235868,0.047653703965159576,0.04754763836330478,0.04744161055869155,0.04733556164634756,0.04722943696887652,0.04712318573233972,0.04701676066678905,0.046910117725670136,0.04680321581915281,0.04669601657715027,0.04658848413838023,0.04648058496232252,0.046372287661351104,0.04626356285067896
2024-04-22,0.05318648853904153,0.05091670098603033,0.0499767355482108,0.049026162894475006,0.048220521903213624,0.04740761392443795,0.047032646234793384,0.0466520830645929,0.04626684152434217,0.04587748990925934,0.04586720406027141,0.04585398004071634,0.0458384406790614,0.04582102980825192,0.045773343313108866,0.045724281006596604,0.045673996929374946,0.04562260949406445,0.04557021085495985,0.04551687346755382,0.04566029930412755,0.04580364909368106,0.045947141539239185,0.046090966396212796,0.04623529059701496,0.046380262980967764,0.046526017992351204,0.04667267860587439,0.04682035866743031,0.04696916478801218,0.047119197893207815,0.047270554505212094,0.04742332781578237,0.04757760859495982,0.04773348597029183,0.047891048103738725,0.048050382787752005,0.04821157797768211,0.0483747222743654,0.04853990536819708,0.04842193069091452,0.04830461893775374,0.04818785767202223,0.0480715441391463,0.04795558421586571,0.04783989149788039,0.04772438650534508,0.04760899598904018,0.04749365232284689,0.04737829297045333,0.047262860016108264,0.04714729975080396,0.04703156230656737,0.046915601332620745,0.04679937370807711,0.046682839286595335,0.04656596066905838,0.04644870300087807,0.04633103379098739,0.04621292274996948
2024-04-23,0.05318648853904153,0.05071933120031699,0.04933056885822529,0.047928574580379885,0.0474352158769886,0.0469337654467428,0.046609132587937425,0.046279567149526114,0.04594587941912748,0.04560856670579318,0.04559607737568867,0.0455810203426833,0.045563933378757755,0.04554519957882437,0.045534671147200806,0.04552301048780862,0.045510386865094656,0.04549693132475204,0.04548274674094984,0.04546791484928567,0.04561531358655766,0.04576287006648072,0.04591078319379724,0.04605922672723491,0.0462083546718751,0.046358305447700116,0.04650920515301924,0.04666117015053091,0.04681430914107096,0.04696872484621173,0.04712451538974761,0.04728177544573874,0.04744059720453761,0.04760107119629041,0.04776328700255937,0.04792733388009596,0.04809330131580848,0.048261279528184466,0.0484313599275432,0.048603635545283214,0.04849228789063607,0.04838168071853304,0.04827169997100339,0.048162241359903366,0.04805320930042515,0.04794451598495336,0.047836080576388676,0.04772782850353591,0.047619690843993916,0.0475116037823129,0.0474035081331021,0.047295348920355695,0.04718707500558111,0.047078638758410535,0.046969995764293,0.046861104564633785,0.04675192642539649,0.04664242513072905,0.046532566798640006,0.04642231971614395
2024-04-24,0.05328386189284215,0.051014128919977246,0.04962453700463496,0.04822207013842601,0.047677366697751064,0.047124444277707435,0.04677428011161029,0.04641894887998692,0.04605928272022614,0.04569579536070911,0.0457663675789292,0.045834501738814544,0.04590087721658999,0.04596598240464551,0.04595342557464497,0.04593998605092819,0.04592578870341019,0.045910930035430016,0.04589548563793802,0.04587951540731238,0.04602628444095057,0.04617330257502656,0.046320759396742524,0.046468821028077666,0.04661763518937066,0.046767335115457304,0.0469180426233022,0.04706987054477161,0.04722292467938243,0.04737730538070651,0.04753310886091604,0.047690428276985206,0.04784935464682853,0.04800997763247031,0.048172386219047326,0.04833666931224874,0.04850291627212551,0.048671217397662093,0.048841664373804515,0.049014350690575685,0.0489104862943245,0.04880738181963902,0.04870492496213259,0.0486030129606534,0.048501551550466274,0.048400454054085024,0.048299640589280955,0.04819903737720472,0.04809857613634355,0.04799819355031921,0.04789783079941186,0.047797433147250906,0.04769694957540288,0.04759633245966339,0.04749553728275833,0.047394522378914596,0.047293248706396035,0.047191679644636476,0.0470897808130573,0.046987519909041736
2024-04-25,0.05338123050608915,0.051407593424597275,0.05016660924191054,0.04891402477117936,0.048367266952350725,0.04781286689631858,0.0474355214843664,0.047053119110498094,0.046666386845230313,0.046275778673710063,0.046319585264589895,0.04636075586518452,0.046399956895281105,0.0464376657894751,0.046426210921160276,0.0464137311176574,0.04640037590993963,0.046386260965531965,0.04637147698877977,0.04635609595091266,0.04650373806540789,0.04665158917806182,0.046799847255900785,0.04694868556063298,0.04709825796932269,0.047248703088912256,0.04740014747880155,0.04755270820604398,0.047706494895901744,0.04786161139724356,0.04801815715158269,0.04817622833251067,0.04833591880626947,0.048497320952446216,0.04866052637505893,0.048825626527786305,0.048992713272184504,0.049161879384013035,0.04933321901995521,0.049506828154850246,0.049393922481877066,0.049281772818823635,0.04917026155723787,0.04905928112729001,0.04894873290184014,0.048838526244791236,0.04872857768226474,0.04861881017871028,0.04850915250298043,0.04839953867179427,0.04828990745998479,0.04818020196855406,0.048070369242913066,0.04796035993480996,0.047850128002393334,0.047739630443647325,0.047628827059101576,0.04751768024028162,0.04740615478084126,0.04729421770772356
2024-04-26,0.05328386189284215,0.05140886041546917,0.050167432595040494,0.04891462595122808,0.048316589278528006,0.047710803439023675,0.047307996598062355,0.04689992075564872,0.046487327167014446,0.046070688541676716,0.04608797456313414,0.04610237958101535,0.04611456844229947,0.046125016037685825,0.046114890560829534,0.046103576969174,0.046091253860641335,0.04607805952050456,0.04606410251909567,0.046049469130082656,0.04619129081175349,0.04633322466759751,0.04647546800451142,0.046618192901470144,0.046761551598922806,0.04690568066373048,0.04705070424840367,0.04719673667243031,0.04734388449075584,0.04749224817057952,0.047641923466487185,0.04779300256157037,0.04794557502592317,0.04809972863196947,0.048255550057218904,0.04841312549842568,0.04857254121613101,0.048733884024777296,0.04889724174068808,0.049062703597988276,0.04895165950957877,0.048841311486616204,0.048731547236783565,0.04862226404682984,0.048513367737463044,0.04840477175585438,0.04829639638528217,0.04818816805485484,0.0480800187350357,0.04797188540697487,0.04786370959553325,0.04775543695743814,0.047647016917298876,0.0475384023452873,0.047429549271185686,0.04732041663025936,0.047210966037046484,0.04710116158369345,0.04699096965991915,0.04688035879207712
2024-04-29,0.053575953512766276,0.0513063842484394,0.05016663330052229,0.04901514247515921,0.048160723967806705,0.04729815177168853,0.04692500391473298,0.0465458207467113,0.046161668608415626,0.0457732054024184,0.0457635257328284,0.04575080812608152,0.045735698582828624,0.04571865749318168,0.04570959477296484,0.045699214970871614,0.04568771980073688,0.045675265540182225,0.0456619749769977,0.04564794577149747,0.045796160824259885,0.04594447403223551,0.046093093286223505,0.04624219989333467,0.0463919542603558,0.0465425002863759,0.0466939688007416,0.04684648028650694,0.047000147063413704,0.04715507505815992,0.04731136525688438,0.047469114911212126,0.04762841855206942,0.04778936885289312,0.04795205737452767,0.048116575217125326,0.04828301359910347,0.04845146437922162,0.04862202053479498,0.048794776606728,0.04868334597018763,0.04857264737831858,0.0484625668256795,0.048353000059975754,0.048243851517506056,0.04813503339872541,0.04802646486307827,0.047918071325729554,0.04780978384165477,0.047701538564876106,0.047593276272544296,0.04748494194514907,0.04737648439545481,0.047267855939852665,0.04715901210673531,0.04704991137726933,0.0469405149545862,0.046830786557959775,0.04672069223900029,0.04661020021728876
2024-04-30,0.053673307907119244,0.05179848670247253,0.05075697420843207,0.049705007274700556,0.048848768045930566,0.04798481620368483,0.0476108942355213,0.04723103585141683,0.04684625596427682,0.04645718111369546,0.046447460480362836,0.04643470047544476,0.04641954639551519,0.04640245808836375,0.04637417762716636,0.0463445247185746,0.04631368012213965,0.046281783311285934,0.04624894332473225,0.04621524636263692,0.04635230173193128,0.04648931516080337,0.04662649394917752,0.046764018037945665,0.04690204579883527,0.04704071850567068,0.047180163830058464,0.04732049860661167,0.047461831045306324,0.04760426252130973,0.047747889039093605,0.047892802443558584,0.048039091433391024,0.04818684241901211,0.048336140257940384,0.04848706889324771,0.048639711915400265,0.04879415306368165,0.04895047668026355,0.049108768127582386,0.04899903334386499,0.04888992893522666,0.04878134695521051,0.048673188634593065,0.048565363380909846,0.04845778790977988,0.0483503854884241,0.04824308527503839,0.048135821740347966,0.04802853415985611,0.04792116616709947,0.047813665359711405,0.04770598295132941,0.04759807346341285,0.047489894451897115,0.04738140626433388,0.04727257182377354,0.04716335643616141,0.04705372761845288,0.046943654945023436
2024-05-01,0.053575953512766276,0.05140505981771828,0.05016496277917754,0.04891282258883655,0.04805947073932991,0.047197634274318945,0.046824958979856134,0.0464461440789711,0.046062293306462526,0.0456740870721203,0.04569189211692679,0.04570672965426554,0.04571928449355216,0.045730045784369275,0.04572021858732681,0.0457091697551277,0.04569708415578669,0.04568410496458066,0.04567034462530454,0.045655892523039386,0.045797566630110344,0.045939335294931195,0.046081395694938236,0.04622391968241932,0.046367059186605095,0.046510950387918866,0.04665571698398548,0.04680147277578562,0.046948323739447746,0.047096369705151304,0.04724570573338925,0.04739642325640423,0.04754861103631077,0.0477023559794435,0.047857743837590554,0.04801485982012901,0.04817378913606818,0.048334617481203046,0.048497431482674186,0.04866231911100176,0.04855193762706796,0.04844224656953685,0.04833313512974864,0.04822450196704538,0.04811625417581718,0.04800830638853162,0.047900579994515274,0.047793002457627694,0.047685506718718774,0.04757803067101551,0.04747051669844295,0.04736291126841867,0.047255164571935994,0.047147230204813026,0.0470390648848728,0.04693062820056582,0.046821882387173296,0.04671279212725947,0.04660332437249136,0.04649344818432482
2024-05-02,0.05347859437924297,0.05091293743103259,0.04947470314283966,0.04802272934145071,0.04722340957220254,0.04641494274687106,0.04606891458794278,0.04571677653837915,0.04535969218458176,0.04499837459476833,0.045015403932086556,0.045029595046518434,0.04504160291257621,0.045051895369197126,0.04507993155422341,0.045106912152418646,0.04513305476055768,0.045158529358587364,0.045183470859363986,0.04520798789402344,0.04535990189284519,0.04551214039063909,0.04566488997579623,0.045818314592326555,0.04597256045729516,0.04612775986579236,0.04628403417341046,0.0464414961634786,0.04660025194927064,0.04676040252148842,0.04692204502301146,0.04708527381257181,0.047250181364241174,0.04741685903877458,0.0475853977548199,0.047755888581997495,0.0479284232733331,0.048103094751103415,0.04827999755754692,0.04845922827990506,0.04835506769660458,0.048251714153836986,0.048149053538280764,0.048046981479510115,0.04794540228093551,0.04784422799124356,0.04774337759543554,0.047642776308045975,0.04754235495396592,0.047442049424626154,0.04734180019921532,0.04724155192219508,0.04714125302969212,0.04704085541844423,0.046940314151896534,0.04683958719881325,0.046738635200420285,0.04663742126264082,0.046535910770450786,0.04643407122177546
2024-05-03,0.05338123050608915,0.05051947267220863,0.04898258595721099,0.047430973268384254,0.046531049856023424,0.045621404610321194,0.04525137045725603,0.044874752701537034,0.04449284497778831,0.044106442741745,0.04415180794001199,0.044194251195137195,0.04423450164317995,0.044273081384934056,0.044300839202682886,0.04432756884950032,0.044353482377160344,0.044378745425273945,0.044403489453058186,0.044427820302094315,0.04458523168902737,0.04474299747075728,0.044901306237598936,0.04506032388436523,0.045220198553912176,0.04538106446330968,0.04554304490397522,0.045706254624005495,0.04587080174364179,0.046036789314711134,0.04620431660644514,0.046373480179655355,0.04654437479640745,0.04671709420144782,0.04689173180356847,0.04706838127906805,0.04724713711493165,0.04742809510591759,0.047611352817129214,0.04779701002166008,0.04770121374687971,0.047606263425078836,0.047512048173090356,0.047418466568401166,0.04732542560651908,0.04723283979517175,0.04714063036498141,0.04704872457965223,0.046957055131475155,0.04686555961022647,0.04677418003540572,0.04668286244330506,0.04659155652168506,0.04650021528590219,0.046408794791226546,0.04631725387684048,0.046225553937638865,0.046133658720487206,0.04604153414204498,0.045949148125646544
2024-05-06,0.05347859437924297,0.05051822825015439,0.04903172787335348,0.04753050271777783,0.04663012226325157,0.045720147138694184,0.04532382416190339,0.04492090275623344,0.04451263309681592,0.04409978867633231,0.04411849964050819,0.0441340921106547,0.04414728573924025,0.044158594563742125,0.044187450404930065,0.04421513973028072,0.04424189891357219,0.04426791250803584,0.04429332690126488,0.04431825987416603,0.04446995199461644,0.04462191288099093,0.0447743304797166,0.044927369576169295,0.045081176798567046,0.0452358844882867,0.04539161373195469,0.04554847676639749,0.04570657890943227,0.04586602012881828,0.04602689633284731,0.04618930044533347,0.04635332331271319,0.046519054479913426,0.046686582863457504,0.04685599734415195,0.04702738729708727,0.04720084307318665,0.04737645644387492,0.04755432101840097,0.04745994999084254,0.04736636956775044,0.047273473202129455,0.04718116342386578,0.04708935083971653,0.0469979532645577,0.04690689496436357,0.046816105994645675,0.046725521620734414,0.04663508180846589,0.046544730775628824,0.046454416596010066,0.04636409084910883,0.04627370830961459,0.0461832266716026,0.04609260630312005,0.04600181002744299,0.04591080292779492,0.04581955217275349,0.045728026859938715
2024-05-07,0.05338123050608915,0.05061815228534603,0.049080845316197476,0.047529001083364775,0.046424694788393776,0.045310404025499906,0.045021407413888534,0.044725344995055295,0.04442382505543037,0.04411782158319105,0.0441076302668095,0.04409450614996655,0.04407907345686194,0.044061777115371716,0.04407151182860374,0.04408002970268181,0.04408754547392713,0.04409422615947854,0.0441002036149719,0.044105583324915945,0.04425173001092776,0.04439803724071481,0.04454469484248843,0.04469186858716568,0.044839705338738954,0.044988337035031474,0.04513788380335485,0.04528845642868059,0.04544015833201769,0.04559308717475075,0.045747336174943885,0.04590299520024549,0.046060151686498185,0.0462188914197539,0.04637929921093698,0.04654145948607055,0.0467054568102125,0.04687137635962548,0.04703930435394237,0.04720932845796846,0.04711658337223052,0.047024569225982825,0.04693318432877211,0.04684233564104645,0.04675193782146021,0.04666191239924515,0.04657218705304213,0.04648269498068908,0.04639337434699119,0.04630416779857465,0.04621502203663464,0.046125887439800756,0.04603671773051664,0.045947469679307816,0.04585810284212895,0.0457685793266683,0.04567886358406432,0.04558892222297721,0.04549872384337165,0.04540823888771866
2024-05-08,0.05338123050608915,0.05061815228534603,0.04918074040341321,0.04772923761830237,0.04667478620438987,0.04561074879696791,0.04529449795902527,0.044971376819022635,0.04464287119093302,0.04430988452540015,0.04430000605498234,0.0442871403502172,0.04427192390709436,0.04425481040843791,0.04424565964405665,0.04423521665200329,0.044223680071663794,0.04421120383760862,0.04419790893480335,0.04418389162716933,0.044343255082429235,0.044502773256150846,0.04466265925500197,0.044823099329384164,0.04498425864474713,0.04514628574420051,0.0453093160433384,0.045473474600922915,0.04563887834200227,0.045805637863105056,0.04597385891585796,0.046143643641461285,0.04631509161108217,0.046488300714469494,0.04666336792964027,0.046840389999417545,0.047019464035277125,0.04720068806492337,0.04738416153694029,0.04756998579351461,0.047475195113207865,0.04738121426931391,0.04728793536306439,0.04719525969554232,0.04710309675401969,0.04701136333133444,0.04691998275851474,0.04682888423415759,0.046738002236759765,0.04664727600840848,0.04655664910005519,0.04646606897010115,0.046375486629269505,0.046284856325779576,0.04619413526570851,0.04610328336415446,0.04601226302343106,0.04592103893504072,0.04582957790261519,0.04573784868338438
2024-05-09,0.05338123050608915,0.05051947267220863,0.04893264125717733,0.04733086687248886,0.04632940731641391,0.0453178984738134,0.04500170078657967,0.044678654256902026,0.044350244357351985,0.044017374521024305,0.044007430332889536,0.04399451335830656,0.043979257194800385,0.04396211347077906,0.043952931504997454,0.04394246396273183,0.043930908569100265,0.04391841855693435,0.04390511436630786,0.04389109183412465,0.04405020346107351,0.04420946689220282,0.044369093590948844,0.04452926833896966,0.04469015496672833,0.04485190078436849,0.0450146400514328,0.045178496727377025,0.045343586678227216,0.04551001946811584,0.04567789983136916,0.04584732889706909,0.04601840522075809,0.04619122566528648,0.0463658861634113,0.046542482387734445,0.04672111034827871,0.04690186693399073,0.04708485041140463,0.04727016089136329,0.0471675125944704,0.04706566838800458,0.04696451729773633,0.04686395787350923,0.04676389714427551,0.046664249710388,0.04656493695272596,0.04646588634163584,0.04636703083144482,0.04626830832858339,0.04616966122322839,0.04607103597592886,0.04597238275196475,0.04587365509726092,0.04577480965057625,0.04567580588744039,0.045576605891944726,0.04547717415302916,0.04537747738236062,0.04527748435128397
2024-05-10,0.053575953512766276,0.05101035825484059,0.04952219336909242,0.04802003262398648,0.046914792070457886,0.04579972713345751,0.0454843738402975,0.045161903455066814,0.04483387950356846,0.04450125193662952,0.04449174821013655,0.04447919250558253,0.044464235969597664,0.04444734273907173,0.044438385646125275,0.044428110304768946,0.04441671977328014,0.044404371416863236,0.04439118892276106,0.04437727071074292,0.044530727714458054,0.04468429756126588,0.04483818905397643,0.044992584384132533,0.045147644827452205,0.04530351514620875,0.04546032703525645,0.045618201852327865,0.04577725280697602,0.045937586736171335,0.04609930556167176,0.046262507500659265,0.04642728808396894,0.046593741023629925,0.04676195896209233,0.04693203412852321,0.04710405892228697,0.0472781264397288,0.04745433095733113,0.04763276838197898,0.047530533113501576,0.04742906119804321,0.04732824355885064,0.047227980448718204,0.04712818042668438,0.047028759469191134,0.04692964019570124,0.04683075119210215,0.046732026417945625,0.046633404685803584,0.04653482920285784,0.04643624716636059,0.04633760940586331,0.04623887006616284,0.046139986325792234,0.04604091814662079,0.04594162805074925,0.04584208092141031,0.045742243825028554,0.0456420858519725
2024-05-13,0.053575953512766276,0.050911683160118654,0.04937399464499387,0.047821896184628634,0.04687061840116678,0.04590952695127345,0.04551403289358422,0.04511170556914752,0.044703867865953,0.04429133676365969,0.04428315614204195,0.04427170554903297,0.04425768673205065,0.04424159998214775,0.04423333615041272,0.04422366935397824,0.044212817776581294,0.04420095055399679,0.04418820067218187,0.04417467399589027,0.04432829266403017,0.04448199222117313,0.04463598431841646,0.04479045345657548,0.04494556278570883,0.04510145858730803,0.04525827378213193,0.04541613070878978,0.04557514335068836,0.04573541914172618,0.045897060447613394,0.0460601657956272,0.046224830908123536,0.04639114958228257,0.0465592144490428,0.04672911763705539,0.046900951362121995,0.04707480845850416,0.047250782865384366,0.0474289700793777,0.04733541862648529,0.04724262517997217,0.04715048570576653,0.04705890502337899,0.04696779583069082,0.04687707785675846,0.04678667712359066,0.04669652530102759,0.04660655914144218,0.04651671998310829,0.04642695331282928,0.046337208379867025,0.04624743785441226,0.046157597524837876,0.046067646028813004,0.04597754461405806,0.04588725692511266,0.045796748812986794,0.045705988164989574,0.045614944752388996
2024-05-14,0.053575953512766276,0.050911683160118654,0.049174216300589435,0.04742148821462169,0.04647256065806609,0.04551314291366241,0.04511865527435256,0.044717140593071796,0.044309997444444665,0.04389808849631478,0.04389011559181514,0.043878842795973316,0.04386497934214639,0.04384903088968491,0.04385990619872122,0.04386942209412797,0.04387781847242804,0.043885281919805896,0.04389195974114395,0.043897969780348225,0.04405064308426327,0.044203460036158604,0.04435662222053669,0.044510305657739495,0.04466466628095406,0.0448198441699486,0.04497596686528854,0.045133151994396825,0.045291509377120835,0.04545114273388863,0.0456121510879117,0.04577462993017487,0.04593867219944816,0.04610436911743268,0.046271810910167015,0.046441087440098235,0.04661228876815569,0.046785505661322765,0.04696083005826899,0.04713835550336022,0.04703671677556324,0.04693584144460311,0.04683562163542795,0.04673595872037283,0.04663676230489023,0.04653794934652433,0.046439443387304366,0.04634117388303511,0.046243075615659615,0.046145088177079574,0.04604715551464032,0.045949225529992005,0.04585124972428927,0.04575318288373213,0.045654982800322354,0.04555661002344014,0.04545802763846138,0.04535920106915526,0.045260097901042545,0.045160687723269345
2024-05-15,0.05328386189284215,0.050323353352983616,0.04848721958836542,0.04663496695329358,0.04553452236169779,0.04442308103254968,0.04403130624045128,0.04363198479180318,0.043226718848285536,0.04281649396814516,0.042836238782359176,0.04285269279420419,0.042866615419611516,0.042878549098532066,0.04290786334384218,0.042935941736833724,0.042963031751146144,0.0429893265299751,0.043014979200017234,0.04304011289169612,0.04319726976359957,0.04335468195991646,0.04351254152680746,0.04367101677659228,0.04383025741191009,0.043990398488955515,0.04415156352226557,0.04431386694723327,0.04447741609701837,0.044642312808886565,0.044808654745467996,0.044976536495211876,0.045146050500898864,0.045317287853756875,0.04549033898233656,0.04566529425903372,0.045842244542420724,0.046021281669969605,0.04620249891302147,0.046385991403772545,0.04629244143994165,0.04619970341540091,0.04610767190292244,0.04601625051212297,0.045925350893970034,0.045834891875881766,0.04574479870798867,0.04565500240436465,0.045565439165677256,0.04547604987187525,0.04538677963531542,0.045297577406207594,0.04520839562348107,0.04511918990519689,0.0450299187734846,0.044940543409697845,0.04485102743608707,0.044761336720796775,0.044671439203427275,0.0445813047387666
2024-05-16,0.05338123050608915,0.05061815228534603,0.04888107080312846,0.047128606907936084,0.04612877387932699,0.04511840610178933,0.04467253093997108,0.04421940938609093,0.043760439930161904,0.04329649487623412,0.04328989350901337,0.043279770840666414,0.04326688806992818,0.043251788005633715,0.04324435943333718,0.04323543277266227,0.04322524385767585,0.04321397558306458,0.043201771827142944,0.04318874719788684,0.043341982428953055,0.04349525026691912,0.0436487622179475,0.04380270235063242,0.0439572331350601,0.04411249995419185,0.04426863463313396,0.044425758233234316,0.044583983289940024,0.04474341562575766,0.04490415583589217,0.04506630051988712,0.04522994331496113,0.045395175773790444,0.04556208811988639,0.045730769906533755,0.045901310599839394,0.04607380010232784,0.04624832923037925,0.04642499015639699,0.0463247492468944,0.04622524562047214,0.04612637489365305,0.04602804164946646,0.045930158454226856,0.04583264500345109,0.04573542737769922,0.045638437392324406,0.0455416120277316,0.0454448929288878,0.04534822596459117,0.045251560838465696,0.045154850744859865,0.045058052063836354,0.044961124090284736,0.04486402879289723,0.04476673059934365,0.044669196204486346,0.04457139439890186,0.04447329591533968
2024-05-17,0.05338123050608915,0.05071683201497727,0.04917910316089997,0.04762702656290966,0.046471519430330586,0.0453059979494581,0.04491336481057128,0.044513271222691206,0.04410726575087104,0.04369630119160624,0.0436889021889199,0.04367811005653599,0.04366465583544957,0.043649060772416266,0.043641211445857794,0.04363191290672841,0.043621392019448584,0.043609824690080866,0.043597349267699724,0.04358407592527226,0.04373742486885953,0.043890829327894676,0.04404450038777617,0.044198621889989576,0.04435335623952469,0.04450884889239837,0.04466523186686676,0.04482262652385784,0.044981145794540656,0.045140895985630716,0.0453019782594627,0.04546448986174728,0.045628525152406195,0.04579417648201034,0.04596153494680253,0.046130691048146974,0.04630173527686583,0.04647475863883619,0.04664985313510209,0.046827112207365185,0.04672622327135309,0.04662607971769486,0.04652657565143375,0.046427614260766976,0.04632910682095166,0.04623097182906038,0.04613313425011611,0.046035524858382144,0.04593807966022935,0.04584073938717486,0.045743449049475006,0.04564615754213241,0.045548817296406245,0.0454513839709355,0.0453538161774421,0.04525607523669706,0.04515812496103808,0.045059931460236735,0.04496146296794664,0.0448626896863307
2024-05-20,0.053575953512766276,0.050813008182834095,0.04917585313327911,0.04752366473478175,0.046522640256734096,0.045511367421066956,0.04511714850828531,0.04471583563696555,0.04430884968400617,0.04389706669818908,0.043861955483949853,0.043823446443460375,0.04378222138489771,0.04373876577910809,0.043750470374106516,0.04376071189473011,0.043769748530574484,0.04377778109576947,0.04378496812778603,0.04379143645660095,0.04394441818578103,0.04409750642697819,0.044250906936163105,0.04440479917742504,0.04455934194365173,0.04471467770065708,0.04487093598712425,0.04502823610788419,0.04518668929264818,0.045346400446543235,0.045507469586330646,0.045669993032864106,0.04583406441339529,0.04599977551488977,0.046167217020286186,0.046336479152729745,0.04650765224760768,0.04668082726826526,0.04685609627826795,0.047033552880767104,0.04693219287378335,0.04683158895464457,0.04673163400070935,0.04663223007359929,0.0465332874119186,0.046434723556297436,0.04633646258707161,0.04623843445819009,0.046140574413620836,0.046042822474720524,0.045945122988842645,0.04584742423095248,0.04574967805125984,0.045651839562913785,0.04555386686466875,0.045455720794157314,0.04535736470801577,0.04525876428562486,0.045159887353665724,0.04506070372906211
2024-05-21,0.05347859437924297,0.05071558260714255,0.04912835098366616,0.047526332722302826,0.046473667789940463,0.04541088110395933,0.0449649726950822,0.0445117783700775,0.044052700495067834,0.043588613487338404,0.04358212276304349,0.043572088821054546,0.043559277484987266,0.043544234851585525,0.04353686100582218,0.0435279794967765,0.0435178275910131,0.04350658928824122,0.04349440933026429,0.04348140300716749,0.04363489128610445,0.04378841371824374,0.043942183519248265,0.04409638627423007,0.044251185820680786,0.044406728793957906,0.044563148183451896,0.044720566148205555,0.04487909627224979,0.045038845391974024,0.04519991509383791,0.045362402956295615,0.04552640359204911,0.04569200953370582,0.04585931199624534,0.04602840154246556,0.046199368672122196,0.0463723043513351,0.046547300495671795,0.046724450417893956,0.04662378153020635,0.04652385336286339,0.04642456058512175,0.046325806903312006,0.04622750406984109,0.04612957102237148,0.046031933133807275,0.04593452155694547,0.045837272650284706,0.04574012747364426,0.045643031344024844,0.0455459334436137,0.045448786473057425,0.045351546344143664,0.04525417190688364,0.04515662470670105,0.0450588687680347,0.04496087040116986,0.04486259802954339,0.04476402203513346
2024-05-22,0.053575953512766276,0.050911683160118654,0.04942394249485283,0.04792201461834319,0.04681692150386372,0.045701985085534,0.04528232721869891,0.0448553381633806,0.04442246829714335,0.043984615756713134,0.04392321133828299,0.04385817487691419,0.04379019402507637,0.043719758146408945,0.04371372450037898,0.043706014030018975,0.04369689368551609,0.04368657054775695,0.04367520757460295,0.04366293462320313,0.04379267902630806,0.04392226601744589,0.04405189288295475,0.04418173005322932,0.044311926728525464,0.04444261521990214,0.04457391433926739,0.04470593207714032,0.04483876774098506,0.04497251368094933,0.0451072566971843,0.04524307919945932,0.04538006017272619,0.0455182759897546,0.04565780110265673,0.04579870863815142,0.04594107091615551,0.046084959907283805,0.04623044764176951,0.04637760657995156,0.04629752205598577,0.046218001504477385,0.04613896077922626,0.046060322812488994,0.04598201683294486,0.04590397768627209,0.045826145243072366,0.04574846388142364,0.045670882033418805,0.04559335178675007,0.04551582853380095,0.04543827066186737,0.04536063927909183,0.04528289797149645,0.045205012587171634,0.04512695104423981,0.045048683159687415,0.04497018049655944,0.04489141622734893,0.04481236501170294
2024-05-23,0.053673307907119244,0.051305120126655335,0.049866071575851295,0.04841361109131146,0.04740961770270684,0.04639611562172868,0.045922373115342675,0.04544157462032685,0.04495497317628275,0.04446335808946775,0.04443006878105515,0.044393064511549944,0.04435309854956178,0.044310707348202576,0.044266282809034205,0.04422011744774638,0.04417243361971132,0.04412340300438754,0.04407315993745086,0.04402181074398138,0.044153230216281265,0.044284364813886354,0.04441543047566908,0.04454661327043102,0.044678075630622524,0.0448099611612334,0.04494239839413335,0.04507550375241336,0.0452093839163687,0.04534413773173567,0.04547985776458323,0.04561663158124514,0.04575454281276223,0.04589367204940577,0.04603409760053626,0.046175896147324286,0.046319143310022154,0.04646391414703158,0.04661028359960595,0.04675832689339982,0.046670044957495695,0.04658230407880829,0.04649501656688778,0.04640810212417001,0.04632148703296955,0.0462351034492959,0.04614888878760403,0.04606278518323779,0.04597673902148639,0.04589070052394601,0.045804623384338834,0.04571846444714721,0.045632183423423754,0.045545742638972424,0.04545910681079312,0.045372242848269136,0.04528511967606917,0.04519770807615275,0.045109980546620625,0.045021911175451707
2024-05-24,0.053673307907119244,0.051403793201674354,0.050014269680071104,0.0486117609129174,0.04750481943465796,0.046388437903158546,0.04594196920185042,0.04548819440384007,0.04502849150373264,0.04456371956987669,0.044475667889483345,0.04438379117310343,0.04428877250358999,0.04419109792494506,0.04414817650360301,0.04410332974385179,0.044056812828954246,0.044008822979859856,0.04395951470495885,0.04390901047560321,0.044034907764199,0.04416042398222748,0.04428577679461414,0.044411153233324445,0.04453671605881485,0.044662608665608075,0.04478895891020332,0.044915882131528466,0.04504348355966064,0.04517186025641026,0.04530110269437326,0.04543129605447405,0.045562521302696876,0.045694856092499916,0.045828375528862285,0.045963152822014776,0.04609925985293477,0.046236767668139035,0.04637574691782091,0.0465162682486851,0.046437551688253115,0.04635932742804047,0.04628151596700047,0.04620404445048505,0.04612684593613522,0.04604985875613941,0.04597302596152735,0.04589629483655506,0.04581961647318733,0.0457429453972821,0.04566623923939841,0.04558945844423804,0.04551256601363504,0.04543552727875971,0.04535830969783483,0.0452808826761885,0.04520321740591522,0.045125286722790627,0.045047064978405285,0.04496852792575319
2024-05-28,0.053575953512766276,0.05140505981771828,0.05006504644361758,0.048712506304162746,0.04775812569774036,0.046794727597554396,0.04631957098944691,0.045837642818235276,0.04535008819210076,0.044857631358648134,0.04487856749602457,0.0448960142771716,0.04491077693814216,0.044923430647545504,0.0448962132678935,0.04486751863031225,0.044837548620858605,0.044806459239265496,0.04477437266314859,0.04474138569311709,0.0448716737713446,0.04500183077212828,0.04513205638932894,0.045262523332692345,0.04539338299401365,0.04552476982006048,0.045656804728464534,0.045789597806801384,0.045923250468885284,0.04605785719597672,0.0461935069577299,0.04633028438408792,0.04646827074216485,0.046607544759538655,0.046748183326016116,0.0468902620989211,0.04703385603166107,0.047179039841300036,0.047325888427778864,0.04747447725504774,0.04739304282212881,0.047312186063648676,0.0472318196936785,0.047151863735844075,0.047072244715324126,0.046992894956899775,0.04691375197328325,0.04683475793058153,0.046755859179897885,0.046677005845831926,0.04659815146408979,0.04651925266161237,0.04644026887362535,0.04636116209284293,0.04628189664675014,0.046202438999471254,0.046122757575219706,0.04604282260074079,0.04596260596450692,0.04588208109072435
2024-05-29,0.053575953512766276,0.05150373550683813,0.05021325082736481,0.04891067555267664,0.04805778551350608,0.04719625747028605,0.04679764722010708,0.04639279445162434,0.04598278890279958,0.045568306736383936,0.04558684317611284,0.04560229020922027,0.04561536077569579,0.0456265641183891,0.04559798639373258,0.04556808813849137,0.045537042354662355,0.04550498253297965,0.045472013038470205,0.04543821638050298,0.045574553176881145,0.045710855061555346,0.045847323833467866,0.04598413462716978,0.04612144155135449,0.046259382042890804,0.046398080270480244,0.046537649826685894,0.046678195881309406,0.04681981692306382,0.04696260618383064,0.04710665281632773,0.04725204287896045,0.04739886016910027,0.047547186936741016,0.047697104503525205,0.04784869380688179,0.048002035885025766,0.04815721231551588,0.0483143056177199,0.04823075600797499,0.048147845453929146,0.04806548072579906,0.04798357640228152,0.047902054006896046,0.04782084125768011,0.04773987141338004,0.04765908270208944,0.0475784178205808,0.04749782349445688,0.04741725009079624,0.047336651276248615,0.04725598371459853,0.04717520679870129,0.04709428241243637,0.0470131747189448,0.046931849971940526,0.04685027634732793,0.04676842379273232,0.046686263892868035
2024-05-30,0.05347859437924297,0.05120897055071952,0.04986936812105716,0.04851707054362507,0.047613955497873076,0.04670190739132707,0.046278303290087155,0.04584819939498147,0.045412739501613925,0.04497263708125176,0.04499200619252606,0.045008147118588,0.045021804825255786,0.04503351143097101,0.045005449479513134,0.0449760137561069,0.044945387706630736,0.044913712982245335,0.044881100426721436,0.04484763776773525,0.0449837732862415,0.04511984812264666,0.04525606401669209,0.045392595889654906,0.045529597504607236,0.045667205836567255,0.04580554448807379,0.045944726389934076,0.046084855960841976,0.04622603085333821,0.046368343380784445,0.046511881696460707,0.046656730778765816,0.046802973263918274,0.04695069015821878,0.047099961454945174,0.04725086667567555,0.047403485351823156,0.04755789745909667,0.04771418381523841,0.047639723997053775,0.047565902505408875,0.04749263224459277,0.047419833409486974,0.04734743267600072,0.04727536249760604,0.047203560492191585,0.04713196890608471,0.04706053414423801,0.04698920635733781,0.04691793907804191,0.04684668889975211,0.04677541519232392,0.04670407984994336,0.046632647067096,0.046561083139134485,0.04648935628444122,0.04641743648559721,0.046345295347318426,0.04627290596921953
2024-05-31,0.05347859437924297,0.051110292725669575,0.04967120847012743,0.04821876952168262,0.04721480507952068,0.046201377060779446,0.04577984052633238,0.04535136505031213,0.04491725555598691,0.04447832255264946,0.044498184804910745,0.044514736681795154,0.04452874211608196,0.04454074677404208,0.04453207818291176,0.044522054401897104,0.04451088492225475,0.04449873210947072,0.044485723595313276,0.044471960952178625,0.044613316066291125,0.0447547021184005,0.04489631738889351,0.04503833430123033,0.045180904910775255,0.045324165144463545,0.04546823811633006,0.04561323675115162,0.04575926588448475,0.04590642396260749,0.0460548044341108,0.04620449690206512,0.04635558808910314,0.04650816265557681,0.04666230390191014,0.04681809437950564,0.046975616429460056,0.04713495266446778,0.047296186406325956,0.04745940208917894,0.04737584707211315,0.04729297168998716,0.04721068169170294,0.0471288907741269,0.04704751970323024,0.04696649555051989,0.0468857510276109,0.04680522390465052,0.046724856500635396,0.04664459523557816,0.04656439023605394,0.0464841949869603,0.04640396602340574,0.04632366265754274,0.04624324673591499,0.04616268242352083,0.046081936011327505,0.04600097574442054,0.0459197716683538,0.045838295491589305
2024-06-03,0.05318648853904153,0.05071933120031699,0.04913076833912076,0.047528083188267824,0.04652609453800682,0.045514177658355935,0.04501521748429902,0.044509103278512305,0.04399711186928754,0.0434800530536727,0.04347455008791584,0.043465340580152556,0.04345322819121249,0.04343878604966644,0.043450922214868584,0.04346154135942044,0.04347091119284856,0.04347923993367356,0.043486691964938005,0.04349339879307603,0.04363411451757725,0.04377484369697787,0.043915781028343585,0.04405709567007209,0.04419893665151217,0.04434143705067427,0.0444847172605047,0.044628887572717,0.04477405024509235,0.04492030117401388,0.04506773126267661,0.04521642755291189,0.04536647417220891,0.04551795313550058,0.04567094503236787,0.04582552962364357,0.04598178636636135,0.04613979488216879,0.04629963538139537,0.04646138905271534,0.046379082598625554,0.04629744237285039,0.046216377045285376,0.046135803017541416,0.04605564356837114,0.045975828111169494,0.04589629154687583,0.04581697369838411,0.045737818814835206,0.04565877513602617,0.04557979450870191,0.045500832047762264,0.04542184583646792,0.045342796660605304,0.04526364777230307,0.04518436467980745,0.04510491496004192,0.04502526809121344,0.0449453953030985,0.044865269442956955
2024-06-04,0.05308911044422432,0.05042451969859236,0.048736895127647166,0.0470343814405292,0.04593177466537322,0.04481876913422978,0.04432191016846931,0.04381749798469496,0.04330696638901223,0.042791219862655896,0.04275896287790731,0.042722858669768556,0.04268369591850134,0.04264203654106891,0.04265509642143764,0.042666523816760275,0.042676606812633244,0.04268556947563138,0.042693588700419206,0.04270080600272824,0.04284752458909531,0.042994238395468405,0.043141150172633466,0.043288436049075917,0.04343625117115098,0.04358473405906449,0.04373401001276222,0.04388419380646088,0.04403539184479338,0.0441877039075168,0.044341224577080215,0.044496044419890454,0.04465225097506451,0.044809929591932855,0.044969164148267404,0.04513003767425357,0.04529263290197924,0.045457032756225424,0.0456233207992947,0.045791581640270834,0.04570937188027937,0.045627854234837534,0.045546936906442965,0.045466535904882414,0.045386574184431955,0.04530698089417237,0.04522769072459056,0.045148643336442223,0.045069782860141176,0.04499105745581748,0.044912418925733076,0.044833822372021576,0.044755225893780545,0.04467659031842865,0.04459787896297989,0.04451905742150749,0.04444009337559276,0.0443609564249959,0.04428161793615975,0.044202050906474624
2024-06-05,0.05299172760793026,0.05012969440632389,0.04834301085018065,0.046540696457450986,0.045439559625980376,0.04432768577572329,0.04385747652009399,0.04337968491281866,0.04289580793967536,0.04240678277753881,0.04237391965647584,0.04233731941908161,0.04229774647253603,0.04225574543451554,0.04226845393241788,0.04227957386808244,0.04228938557602177,0.042298107094190046,0.0423059105578143,0.04231293367507612,0.04245921874279898,0.04260550759333738,0.04275199946985412,0.0428988674654719,0.04304626406270585,0.043194325411539225,0.04334317467428823,0.04349292467173505,0.04364368000041733,0.04379553874575846,0.04394859388365116,0.04410293444006599,0.04425864646150953,0.04441581383685486,0.044574519001940975,0.044734843551506656,0.044896868777869824,0.045060676151845315,0.045226347758398545,0.045393966697229296,0.045312201605204105,0.0452311253114344,0.04515064701092653,0.0450706836340832,0.04499115899197243,0.04491200303364158,0.04483315119880515,0.04475454385201422,0.044676125786683014,0.04459784578920753,0.044519656254943474,0.04444151284907587,0.04436337420646535,0.044285201665431165,0.04420695903116384,0.04412861236507539,0.04405012979691283,0.043971481356897275,0.043892638825522655,0.04381357559896169
2024-06-06,0.05289434002969656,0.05013092946860428,0.048343803606292264,0.046541267605338096,0.04538899023082538,0.044225970717424345,0.0437303848370249,0.04322703472677673,0.04271744496722968,0.04220257491973234,0.04219762332061067,0.042188888446178206,0.04217719353288993,0.042163125758209956,0.04217548207185015,0.04218629384628533,0.042195833647257534,0.04220431347034395,0.04221190068047389,0.04221872916959086,0.042364784654843994,0.04251085735367169,0.04265714417054741,0.042803816222186326,0.042951024302986064,0.04309890310608441,0.04324757452377192,0.04339715025858827,0.04354773391270957,0.04369942267863663,0.04385230872255428,0.04400648032899977,0.04416202285895744,0.044319019561359946,0.04447755226897285,0.04463770200290063,0.04479954950486665,0.04496317571255508,0.045128662190346974,0.04529609152551111,0.04521439649247002,0.04513339130088488,0.04505298526099794,0.04497309541249942,0.044893645670477336,0.044814566083319074,0.044735792185907626,0.0446572644342308,0.04457892770978912,0.04450073088404514,0.044422626434687806,0.044344570106750816,0.04426652061267357,0.04418843936626985,0.04411029024630055,0.04403203938596086,0.04395365498511084,0.04387510714251346,0.04379636770571651,0.04371741013652742
2024-06-07,0.05328386189284215,0.051014128919977246,0.0495246305116189,0.04802180178713909,0.046916172289890305,0.045800847514462194,0.04532880143117945,0.04484937825440344,0.04436395769562807,0.04387340550575475,0.043867692171487255,0.043858302666552364,0.043846033063802,0.043831451050882174,0.043805464478953275,0.04377786733327439,0.04374888692751142,0.043718699104889513,0.04368744177338934,0.04365522438055948,0.04379143436814587,0.043927488639213016,0.044063594559088495,0.04419993141713618,0.04433665632094006,0.044473908745257765,0.04461181408548042,0.04475048646548448,0.044890030980906624,0.045030545510681065,0.045172122195485435,0.04531484865717386,0.04545880901541657,0.045604084744643676,0.04575075540465295,0.04589889927094923,0.04604859388537689,0.04619991654341717,0.046352944731314065,0.04650775652372127,0.04641856721240899,0.04632997521947028,0.04624188955096935,0.0461542269216946,0.046066910907104755,0.04597987120665177,0.0458930430019126,0.04580636639572239,0.04571978592075568,0.0456332501078502,0.045546711105889454,0.04546012434631917,0.045373448246416495,0.045286643946302,0.04519967507541216,0.04511250754476052,0.045025109361830955,0.04493745046537983,0.044849502577792626,0.04476123907295333
2024-06-10,0.05328386189284215,0.05091544634397015,0.04947632636733495,0.048023908932894425,0.046764610555727816,0.045495654334041874,0.04515596241607892,0.044808694359445705,0.04445552447025368,0.04409747283534546,0.04408914427356695,0.04407757271280286,0.044063453966344084,0.04404728409720286,0.04405798501164618,0.04406734831178408,0.044075610047199856,0.04408295381201387,0.044089524548952756,0.044095438212197746,0.04422973982614376,0.04436409208429566,0.04449867779441612,0.04463365589148621,0.04476916649727914,0.04490533482769485,0.045042274247586965,0.045180088687253026,0.04531887457575845,0.04545872240497296,0.04559971800890079,0.045741943621838435,0.04588547876359415,0.046030400988764916,0.04617678652872745,0.04632471084875774,0.04647424913798217,0.046625476746281085,0.04677846957952543,0.04693330446241844,0.04684287506948218,0.04675308029911579,0.04666382566796817,0.0465750246983645,0.04648659803725898,0.04639847269089382,0.04631058135795233,0.04622286184686305,0.04613525656525237,0.04604771207146333,0.045960178679639016,0.04587261011117656,0.04578496318644262,0.045697197551545284,0.04560927543571421,0.04552116143547468,0.04543282232233598,0.04534422687116562,0.045255345706803486,0.045166151166794816
2024-06-11,0.05318648853904153,0.05101538605629728,0.04922574981925806,0.04742173678047448,0.04621752953337452,0.04500255384064566,0.04461159704552598,0.044212804914525776,0.043807859258259314,0.043397793021952694,0.043390869619323064,0.04338047737998602,0.043367365250459824,0.043352067282806384,0.043344469470874225,0.04333539378756343,0.04332507241308956,0.043313685397209034,0.04330137436927503,0.04328825213520257,0.04343536937694272,0.04358249262398085,0.04372982685366339,0.043877550221946025,0.04402581975305045,0.04417477573415266,0.044324545152045654,0.044475244412546626,0.044626981517100005,0.044779857824616534,0.04493396949365873,0.0450894086764285,0.04524626451881992,0.04540462400817005,0.045564572700975206,0.045726195355827615,0.045889576491539304,0.04605480088640143,0.04622195403145565,0.04639112254829446,0.04629997651434751,0.04620952728395707,0.04611967730398836,0.046030337336816635,0.04594142554491558,0.04585286669559747,0.04576459146802981,0.04567653584763138,0.04558864059538256,0.04550085078157862,0.04541311537519657,0.045325386881404035,0.045237621020865204,0.04514977644543908,0.04506181448564925,0.04497369892596493,0.04488539580448686,0.04479687323410111,0.04470810124256083,0.04461905162929334
2024-06-12,0.05308911044422432,0.050621893767689205,0.04873365094502415,0.04683010405543592,0.04547453124115009,0.044107769509716815,0.04371945222175906,0.043322769712550786,0.0429196052151922,0.04251111312236844,0.04250478322882655,0.04249489611204326,0.042482222410393594,0.04246731171617717,0.04247896849558989,0.042489168177575996,0.042498167896975504,0.042506167647552856,0.04251332531912208,0.04251976722353436,0.04267789788551567,0.042836149641414016,0.04299472863314052,0.043153814755476146,0.043313567273385783,0.04347412916395318,0.04363563051503204,0.04379819121794271,0.04396192312619717,0.04412693180650555,0.04429331797587778,0.04446117869532932,0.04463060837376937,0.04480169962321433,0.04497454399725093,0.04514923263777844,0.04532585684986198,0.045504508620586415,0.045685281094792196,0.045868269018271075,0.04577587944891023,0.04568427276289259,0.04559334663807402,0.045503007531308245,0.04541316971159614,0.045323754420061334,0.045234689137881284,0.04514590694644668,0.0450573459665898,0.04496894886582723,0.04488066242429577,0.04479243715149379,0.04470422694713018,0.044615988800374526,0.04452768252263154,0.04443927050965823,0.04435071752942869,0.044261990532645935,0.04417305848321991,0.044083892206387136
2024-06-13,0.05289434002969656,0.05003223796938557,0.04809572270831011,0.04614304169339322,0.04483969854252996,0.043525019242630664,0.043084331336887105,0.04263535995497906,0.04217989851211193,0.0417190573468547,0.04171358201755538,0.041704416405268445,0.04169236299763012,0.041677994176292435,0.04170893977787669,0.04173843441090843,0.041766762473914365,0.041794145790991596,0.04182076009395154,0.04184674656024223,0.04200990466401531,0.04217325635995819,0.04233700429163157,0.042501325731564094,0.042666378039582405,0.04283230288358106,0.04299922954511463,0.04316727754021166,0.04333655872238523,0.04350717899043078,0.04367923969211698,0.04385283879226147,0.044028071857252306,0.04420503289601219,0.04438381508846111,0.04456451142584629,0.044747215282272886,0.04493202093294957,0.04511902403175402,0.045308322058498746,0.04520757344330279,0.045107649015848426,0.04500844105235692,0.044909851159721105,0.04481178925160299,0.044714172658889655,0.04461692535451086,0.044519977275953665,0.044423263731529126,0.04432672487867688,0.044230305264429184,0.04413395341967538,0.044037621500128285,0.043941264967943906,0.04384484230882554,0.04374831478017942,0.043651646186510615,0.04355480267877205,0.043457752574823816,0.04336046619853762
2024-06-14,0.05289434002969656,0.05003223796938557,0.04804578861584272,0.046042991393489816,0.04474024535997017,0.043426000225828675,0.042959544639071756,0.042484723022457836,0.042003322639694356,0.04151645543304126,0.04148453970582015,0.04144874996376606,0.0414098847574074,0.04136851317769826,0.04138161752352219,0.04139308382611812,0.041403201151938046,0.04141219433044466,0.04142024085858216,0.041427482733905896,0.04159152313431631,0.04175563896725288,0.041920045479907485,0.042084930313851014,0.04225045940247412,0.04241678152899789,0.042584031893804275,0.04275233494031501,0.0429218066200246,0.04309255622926896,0.04326468791624341,0.04343830193231169,0.04361349568386534,0.04379036462793547,0.04396900304507615,0.04414950471579858,0.044331963521376826,0.04451647398570488,0.04470313177172624,0.04489203414353803,0.04477618461376355,0.04466114347296971,0.044546798438283436,0.0444330470992872,0.04431979584315727,0.044206958920982364,0.0440944576342404,0.043982219623912876,0.04387017824757554,0.04375827203214743,0.04364644419191113,0.04353464220301328,0.043422817426978795,0.04331092477687735,0.04319892242070282,0.0430867715173025,0.04297443598084459,0.042861882270363846,0.042749079201392495,0.04263599777708057
2024-06-17,0.05318648853904153,0.05042327740158889,0.04863621396220224,0.04683363619289577,0.045579285730319476,0.044314043228072884,0.04381989584682693,0.04331760866100047,0.04280882799665411,0.0422945861900174,0.042263053897106995,0.0422275653533874,0.042188935825117735,0.04214774626750328,0.04216112788052393,0.04217283679191699,0.042183168184322654,0.042192351644238776,0.042200568424163726,0.04220796352609617,0.04236057367974199,0.04251319146831393,0.04266602533595453,0.042819256498673956,0.04297304472436802,0.0431275327976307,0.0432828500115994,0.04343911493139011,0.04359643760632095,0.04375492136098346,0.043914664261776315,0.04407576033149136,0.044238300567079336,0.04440237380289838,0.04456806745223503,0.044735468152768354,0.04490466233627869,0.045075736738822446,0.045248778864478305,0.0454238774133758,0.04530893758397775,0.04519472759882631,0.045081139124216824,0.04496807330962344,0.044855439756506243,0.044743155622660076,0.044631144841924625,0.04451933744243578,0.044407668949344004,0.044296079860173754,0.04418451518285282,0.04407292402797088,0.04396125924809985,0.0438494771180674,0.04373753705096196,0.04362540134539111,0.043513034960141736,0.04340040531291881,0.043287482100288814,0.04317423713633422
2024-06-18,0.05299172760793026,0.05022838352786252,0.048241530615538236,0.04623847717649846,0.0449355709859691,0.04362114844438306,0.04315466438981492,0.04267978797015646,0.042198308765309604,0.04171133997455161,0.04167949032763682,0.04164375106853261,0.04160492378308211,0.041563579711614694,0.04157673807475442,0.04158825164250164,0.04159841067286687,0.041607440922080394,0.04161552061874513,0.0416227923457434,0.04178094280488042,0.041939134853840335,0.04209757907030083,0.042256458762965916,0.04241593577697144,0.042576154979400455,0.042737247768454445,0.04289933485178075,0.043062528471847,0.043226934208939215,0.04339265245879331,0.043559779657756925,0.043728409310854935,0.043898632865262535,0.044070540462145584,0.04424422159268713,0.044419765678734645,0.04459726259441422,0.044776803141936265,0.04495847949242272,0.0448514524719404,0.04474518701567092,0.044639577037457794,0.044534525693679425,0.04442994437356264,0.04432575182208851,0.04422187337575297,0.04411824029473236,0.04401478917768935,0.043911461447654655,0.04380820289923344,0.0437049632988836,0.04360169603125735,0.043498357785634593,0.04339490827734298,0.04329130999978797,0.04318752800332804,0.043083529697748445,0.04297928467552492,0.04287476455344173
2024-06-20,0.05299172760793026,0.05032707276496795,0.04833979319061652,0.046336498946521164,0.045084436893201144,0.04382089292459829,0.043353672970832834,0.042878210368314865,0.04239623833905811,0.0419088361352571,0.04190390385070759,0.04189518854187819,0.04188351381503817,0.041869467126725575,0.041881818277220616,0.04189262553390379,0.04190216134862422,0.04191063762837574,0.041918221668153385,0.04192504730395326,0.04207697394551481,0.0422289470638757,0.042381168197827494,0.042533812722110494,0.04268703540969342,0.04284097472876676,0.04299575620371921,0.04315149507538958,0.04330829843108114,0.043466266929472225,0.043625496213382305,0.043786078080236296,0.04394810146327205,0.044111653264196686,0.044276819068845175,0.044443683770546916,0.044612332120739416,0.04478284922244441,0.044955320979223834,0.0451298345099303,0.045031354301076604,0.04493359967469888,0.04483647005577809,0.044739873554135286,0.04464372601220304,0.044547950177798605,0.044452474983294375,0.04435723491568309,0.04426216946456423,0.044167222637153045,0.04407234253112274,0.04397748095750255,0.04388259310702783,0.04378763725431459,0.04369257449504961,0.04359736851207176,0.04350198536679869,0.04340639331293981,0.04331056262985143,0.043214465473239164
2024-06-21,0.05289434002969656,0.050328312813526566,0.04834058586559794,0.046337067442173335,0.04508487845372249,0.043821249675014134,0.04335397503988924,0.04287847136559328,0.04239646733892035,0.04190903949105275,0.04190408858584881,0.04189535775723339,0.04188366989584594,0.04186961194705978,0.04188195344286586,0.041892752251696204,0.041902280612428844,0.041910750266413416,0.0419183283778733,0.04192514867818719,0.04207707090759545,0.042229040024584545,0.04238125751469079,0.042533898708289164,0.04268711834109609,0.04284105484979544,0.042995833731951975,0.04315157020542774,0.04330837133773411,0.043466337770412554,0.04362556513137328,0.043786145205012526,0.043948166913136244,0.04411171714738254,0.044276881484686836,0.04444374481048716,0.044612391869202725,0.04478290775759671,0.04495537837363603,0.04512989083116036,0.04503140909797251,0.04493365301704869,0.04483652200847028,0.04473992417760456,0.04464377536282697,0.04454799830825089,0.044452521942860694,0.04435728075054416,0.04426221421804991,0.044167266349971125,0.044072385241565336,0.04397752270163272,0.04388263391884857,0.04378767716592223,0.043692613536773416,0.04359740671260096,0.04350202275329846,0.043406429911157375,0.04331059846421306,0.0432145005669393
2024-06-24,0.05299172760793026,0.05032707276496795,0.04838972908496348,0.04643655395421313,0.045183895913897924,0.04391991984919676,0.04345246053583024,0.042976801418829404,0.0424946582064067,0.04200709957557321,0.04197502913519361,0.041939098910682815,0.04190010275519181,0.04185860635740265,0.04187168155918588,0.04188312236074621,0.04189321718565241,0.041902190363346775,0.04191021899602069,0.04191744476542721,0.042063626521435526,0.04220979003689393,0.04235613502974106,0.04250283487685803,0.042650042185469285,0.0427978930954003,0.04294651064232421,0.043096007417893,0.043246487697664725,0.04339804916225666,0.04355078430488854,0.04370478159529549,0.04386012645314177,0.04401690207168738,0.04417519012327605,0.04433507137133924,0.04449662620842221,0.044659935135794374,0.04482507919718951,0.04499214037690139,0.04489482412048607,0.044798185380652604,0.04470212718181842,0.04460656091043696,0.04451140539858288,0.044416586127859585,0.04432203453572211,0.04422768740929283,0.04413348635418195,0.04403937732782319,0.04394531022847826,0.043851238532424494,0.04375711897296876,0.04366291125587097,0.04356857780654789,0.04347408354508736,0.043379395685659634,0.04328448355738142,0.043189318444086675,0.04309387344079591
2024-06-25,0.05299172760793026,0.05032707276496795,0.04809013326363614,0.0458363221804345,0.0448420823660676,0.04383580485279493,0.043340279796808,0.04283704578832262,0.04232762259011322,0.04181296694545771,0.04178076372955815,0.04174472743148741,0.041705646307718953,0.041664082068196606,0.04167706902112081,0.04168843260492948,0.041698459296525374,0.041707371911277276,0.04171534635605532,0.04172252335635554,0.04186852903972006,0.04201451708637944,0.04216068595107891,0.0423072079030021,0.04245423456301416,0.042601901179443805,0.04275032997052962,0.04289963276799075,0.04304991313159283,0.043201268059374506,0.04335378938612893,0.04350756493969202,0.0436626795078412,0.043819215656304845,0.04397725442925437,0.04413687595681784,0.04429815998899692,0.0444611863714475,0.04462603547558626,0.04479278859317763,0.044695741646068154,0.04459937030157606,0.044503578166180134,0.04440827716495686,0.044313386629942275,0.044218832508179026,0.04412454667163653,0.0440304663141596,0.04393653342302423,0.04384269431466531,0.04374889922577717,0.043655101952340354,0.04356125953025151,0.04346733195216809,0.04337328191596344,0.04327907460084259,0.04318467746772425,0.043090060080959905,0.04299519394885728,0.04290005238081221
2024-06-26,0.05289434002969656,0.05062438870433563,0.0485354945806856,0.046431017523804234,0.045536624965474996,0.044630919616835636,0.044106942267957985,0.04357568238864177,0.04303845527493998,0.04249610033880432,0.04251827771458436,0.042536758861067746,0.042552396754246005,0.04256580066268449,0.04257741738333118,0.042587582013897056,0.0425965508055728,0.042604523064840145,0.04261165613892146,0.04261807590559462,0.042764063710132784,0.04291010674783448,0.043056399385906566,0.04320311074017691,0.04335039003960148,0.04349837077009899,0.04364717391533589,0.043796910521426334,0.04394768374999712,0.04409959054031502,0.044252722970135334,0.044407169382629466,0.04456301533054349,0.044720344376833886,0.04487923878219659,0.04503978010329592,0.04520204972051424,0.045366129310254195,0.0455321012739293,0.04570004913355431,0.04560150705822684,0.045503661832042075,0.045406413533692694,0.04530967083779552,0.04521335007266554,0.04511737440182878,0.04502167311086065,0.04492618098420415,0.04483083775912698,0.04473558764603028,0.04464037890601245,0.044545163477990535,0.04444989664884188,0.04435453676099613,0.04425904495271702,0.04416338492699174,0.044067522745517194,0.04397142664475591,0.04387506687144263,0.04377841553527092
2024-06-27,0.05279694770906201,0.05032955298439735,0.04834137861872439,0.046337635993840436,0.04528931764109988,0.04422977786353533,0.043733606675159686,0.04322981690639326,0.042719884603899125,0.042204740010099814,0.042172477079879284,0.04213638178193935,0.04209724107491565,0.04205561570381826,0.04210642179742329,0.042155723792072136,0.042203845665311594,0.04225104081930735,0.04229751069317096,0.042343417792923374,0.04249446368078661,0.04264567113038294,0.04279722925631602,0.04294930320160233,0.043102039268356,0.04325556888324745,0.043410011701099684,0.0435654780634151,0.04372207096892573,0.04387988767148433,0.04403902099097403,0.044199560401624774,0.044361592946653025,0.044525204016778445,0.04469047802174584,0.04485749897767719,0.04502635102832593,0.045197118914697854,0.04536988840474892,0.04554474669275805,0.04544528532425959,0.04534657343700678,0.045248507871119246,0.04515099436731985,0.04505394659084265,0.04495728528348336,0.04486093752472234,0.04476483608602774,0.044668918865039715,0.04457312838846437,0.04447741137425654,0.044381718345119475,0.04428600328655176,0.044190223343672515,0.04409433855189556,0.043998311597224435,0.04390210760253328,0.04380569393669846,0.04370904004386884,0.04361211729052406
2024-06-28,0.052602148838741425,0.05023333448149314,0.048344573271130446,0.04644086937650752,0.04549331609527905,0.04453507562391416,0.044062951006787976,0.043583687220159,0.04309862707056181,0.042608615093382325,0.04262946233458396,0.0426468350355853,0.04266153501335564,0.04267413499430168,0.042741928205668696,0.0428085425167607,0.04287427716310548,0.04293936729456374,0.04300400091586587,0.04306833074788767,0.04322426260145755,0.04338056399114027,0.04353741216409402,0.043694963104548935,0.04385335616403444,0.04401271764468417,0.0441731636085386,0.044334802107911506,0.0444977349782035,0.04466205929698411,0.04482786858651657,0.04499525381776416,0.04516430426001479,0.0453351082100561,0.045507753627270685,0.045682328695370415,0.045858922327234215,0.046037624626090595,0.04621852731383471,0.04640172413539802,0.04629955380030152,0.04619821434347206,0.04609759504080733,0.04599759471697466,0.045898120697534295,0.04579908789862859,0.04570041803376642,0.04560203892064218,0.04550388387371372,0.04540589117054651,0.0453080035818115,0.04521016795637858,0.04511233485423879,0.045014458221062675,0.044916495099103206,0.04481840536990402,0.04472015152491197,0.044621698460627295,0.04452301329538121,0.04442406520521636
2024-07-01,0.05299172760793026,0.05032707276496795,0.048689371829755745,0.04703702176420165,0.04608696377350948,0.04512689479384686,0.04478401777807023,0.044434407840101116,0.04407946798370028,0.04372005577633753,0.04376495626957546,0.04380700764876116,0.04384692165746697,0.04388520795036966,0.04395081694770073,0.04401555439804282,0.04407966850657903,0.04414335486222656,0.04420677036518379,0.04427004297935762,0.04444414718076035,0.04461886633648293,0.044794387933108824,0.04497087859567394,0.04514848876142375,0.04532735630542247,0.04550760939199212,0.045689368747875145,0.04587274949918278,0.04605786267652891,0.046244816466046286,0.046433717264812935,0.046624670585302876,0.0468177818432751,0.04701315705596998,0.047210903471859036,0.047411130148979116,0.047613948495708484,0.047819472785449166,0.04802782065487969,0.04790326766862785,0.04777972863742084,0.047657068743085174,0.047535164935594135,0.04741390465018067,0.0472931846930841,0.04717291027082776,0.04705299414210668,0.046933355874777455,0.04681392119324188,0.04669462140382029,0.04657539288761625,0.046456176651956727,0.04633691793280962,0.04621756584168326,0.046098073051437226,0.04597839551621314,0.045858492221352,0.04573832495972177,0.04561785813135321
2024-07-02,0.05289434002969656,0.05003223796938557,0.04839535463050662,0.046743481193759845,0.04574265425230682,0.04473173167844305,0.04436356461658985,0.04398846872431922,0.043607876113393944,0.04322266591965306,0.04326827627757313,0.04331091325842884,0.043351316548313826,0.04339001573246998,0.04345592587161676,0.04352091277150794,0.043585232424247715,0.043649086421007365,0.04371263634699909,0.04377601386099831,0.04394991480134036,0.044124400140534696,0.04429965750441831,0.04447585343969554,0.04465313811926861,0.0448316489912664,0.04501151364778907,0.04519285211071135,0.04537577867764721,0.045560403433231624,0.04574683350396625,0.04593517411555954,0.04612552949766958,0.04631800367067601,0.046512701141500204,0.04670972752982266,0.046909190141791804,0.04711119850511467,0.047315864876999424,0.047523304734597024,0.04740804064397323,0.047293773791570105,0.04718037551893978,0.04706772834141166,0.04695572472520527,0.04684426602516331,0.0467332615591997,0.04662262779954004,0.04651228766408332,0.04640216989387905,0.04629220850490984,0.04618234230418387,0.046072514461649346,0.04596267213069795,0.04585276611107457,0.045742750548892,0.0456325826691907,0.0455222225371108,0.04541163284427441,0.045300778717427805
2024-07-03,0.05289434002969656,0.04973616415893015,0.048100525160837626,0.04644934209918878,0.045295851633629244,0.0441320529340443,0.04376609117969615,0.04339273099775976,0.04301357655712301,0.042629610611415375,0.04264854916915944,0.04266433130061281,0.042677685411842595,0.042689131792896684,0.042755947017208425,0.042821706050109355,0.042886686484258134,0.04295110663653112,0.04301514122281343,0.04307893233325365,0.043252775100827395,0.04342713870726058,0.04360221371535318,0.043778168851168864,0.04395515584450139,0.04413331318067094,0.04431276904795971,0.044493643683939994,0.04467605126806864,0.04486010146882225,0.0450459007259224,0.04523355332829402,0.045423162333947054,0.045614830367372544,0.045808660322197714,0.04600475599099376,0.04620322263973609,0.04640416754110274,0.046607700478290354,0.04681393422913172,0.04670003029773097,0.04658710317515454,0.04647502744169155,0.046363688594426945,0.04625298185254344,0.04614281111949989,0.04603308807873596,0.04592373140344388,0.04581466606412257,0.04570582272023484,0.045597137184430994,0.04548854994957671,0.04538000577029386,0.04527145329194983,0.04516284472105702,0.045054135531903634,0.0449452842049633,0.044836251993241746,0.04472700271323856,0.04461750255764225
2024-07-05,0.052699550645563975,0.04914644023678279,0.04726271764305403,0.04536182054499347,0.044313774222925935,0.043254701580430426,0.042836629434669905,0.0424112069229471,0.04197996384520539,0.041543847677028393,0.04159067942065713,0.041634314266837134,0.04167554101735841,0.04171492424676631,0.04181906699208953,0.04192233195642909,0.04202502763145009,0.042127398537714564,0.04222964222617911,0.0423319211867727,0.04250966590681686,0.042688096085954794,0.04286738603996729,0.043047691232877834,0.04322915253635956,0.043411899535735606,0.043596053131913365,0.04378172761754064,0.04396903235668635,0.04415807316308336,0.04434895344767211,0.044541775188744165,0.04473663976532867,0.04493364868518487,0.04513290423190386,0.045334510050510264,0.04553857168712392,0.04574519709536009,0.04595449711997526,0.04616658596663444,0.04606053847261618,0.0459555205874074,0.0458514085596353,0.04574808939279138,0.04564545966338361,0.04554342449410189,0.04544189665892646,0.04534079580095194,0.04524004774683856,0.04513958390437527,0.04503934073175797,0.04493925926893897,0.04483928472285784,0.04473936609957613,0.044639455877351915,0.04453950971554106,0.04443948619492795,0.044339346585693905,0.04423905463974365,0.044138576404546916
2024-07-08,0.052602148838741425,0.04924634869654908,0.04741171222974908,0.04556048468986327,0.04446063531631588,0.04334992041469266,0.04293220040480856,0.042507027383079245,0.04207596245569849,0.04163997181711246,0.04165987313938039,0.04167645757460366,0.041690490558254106,0.04170251882995451,0.041807458038812556,0.041911419260740004,0.04201472865264751,0.04211764447408397,0.04222037512193142,0.04232309176221882,0.04250121335284271,0.042679985091405054,0.04285958586146988,0.04304017493174835,0.04322189636801728,0.04340488245642847,0.043589256396675186,0.04377513444982171,0.04396262767481996,0.044151843352211194,0.04434288616831979,0.04453585921516447,0.04473086484818867,0.04492800543428865,0.04512738401550335,0.04532910490842527,0.045533274255417436,0.04574000054072791,0.045949395082338404,0.04616157250868517,0.04604745712711326,0.04593436922183023,0.04582218158228754,0.045710778114358704,0.045600052623145516,0.04548990775553194,0.04538025407870588,0.04527100927483116,0.04516209743528611,0.04505344844053683,0.044944997413897694,0.04483668423923643,0.044728453134181174,0.0446202522716353,0.04451203344345076,0.04440375176098715,0.04429536538802205,0.04418683530210178,0.044078125080949604,0.04396920071099813
2024-07-09,0.052699550645563975,0.04954122276630364,0.047555988565480566,0.04555393514707693,0.04430261290467519,0.04303983410979479,0.042728764838590394,0.042409833843628085,0.042084916045865554,0.04175514991402435,0.041800599572162485,0.041843085198277424,0.04188334214805342,0.04192189683108075,0.04202538587470735,0.04212808859716769,0.042230298247167716,0.042332247526952964,0.04243412469432168,0.04253608484165687,0.042713642359849154,0.04289192313870678,0.043071098148811625,0.04325132014544373,0.043432727805546696,0.043615448939893595,0.04379960302240778,0.043985303209652826,0.044172657975980335,0.04436177245657773,0.044552749567085936,0.04474569095153832,0.04494069779809529,0.04513787155305017,0.045337314556928805,0.04553913062155158,0.04574342556321421,0.04595030770435493,0.046159888353976115,0.04637228227551323,0.04626578851287855,0.04616033407533181,0.04605579406432033,0.04595205443043331,0.045849010781131634,0.04574656734486604,0.04564463606830814,0.0455431358272978,0.045441991735275376,0.045341134535564265,0.04524050006600605,0.045140028786219116,0.04503966535921807,0.04493935828035524,0.04483905954756693,0.04473872436776614,0.044638310894945736,0.04453777999616651,0.04443709504212144,0.044336221719407896
2024-07-10,0.052602148838741425,0.04944374494412074,0.04750841820559278,0.0455564906201704,0.04435556829851077,0.04314340626175787,0.04280543648878062,0.04245975917833673,0.042108150582756326,0.041751693448374615,0.04177034065946631,0.041785880002042745,0.04179902867653047,0.04181029896894856,0.04189571724498174,0.04198016341447304,0.04206392986722977,0.04214724740178763,0.04223030154849228,0.042313244000444436,0.04249789012147115,0.04268318452185052,0.0428693174908948,0.04305645838340133,0.0432447603303693,0.043434363894721696,0.04362539994793107,0.04381799196483047,0.044012257879691,0.044208311608731996,0.04440626431734681,0.044606225491032186,0.04480830385500674,0.045012608177240156,0.04521924798202629,0.04542833419558166,0.04563997974091606,0.04585430009603958,0.04607141382717473,0.046291443106843876,0.04617635601022533,0.0460623348790582,0.04594924955000834,0.04583698123992897,0.045725421299439684,0.04561447013007514,0.045504036240654015,0.04539403542257703,0.0452843900270734,0.045175028330130734,0.04506588397307952,0.04495689546865244,0.04484800576387334,0.04473916185241,0.04463031443009428,0.04452141758821099,0.04441242853991252,0.044303307375754816,0.04419401684489128,0.04408452215892098
2024-07-11,0.05182276356900202,0.04846631694962399,0.046431755831513544,0.044380201994271624,0.04318077363014562,0.04196999925842068,0.04165829972024833,0.041339021581536975,0.041013969958017614,0.040684242052190275,0.04075609643049197,0.040825179221483016,0.040892231784587674,0.04095778618846235,0.04105998983010859,0.04116152291699964,0.041262653908033645,0.04136359604379996,0.04146452203806423,0.04156557436897908,0.04175408913420041,0.041943413885707985,0.04213372271451863,0.04232517175089263,0.04251790329621635,0.042712049034666556,0.042907732565718594,0.04310507142990627,0.04330417875291462,0.04350516459998411,0.04370813710913863,0.0439132034549118,0.04412047068203271,0.044330046439586344,0.04454203963955605,0.04475656105874157,0.044973723899374096,0.045193644320997574,0.045416441954125863,0.04564224040465181,0.04553501440015153,0.04542890379949738,0.045323780205292916,0.0452195264276507,0.045116035251958356,0.04501320836818792,0.04491095543770267,0.04480919327752367,0.044707845145287195,0.044606840110807885,0.044506112502369445,0.044405601417692446,0.04430525029104353,0.04420500650921439,0.044104821070155224,0.04400464827893381,0.04390444547643821,0.04380417279687157,0.04370379295062174,0.04360327102954329
2024-07-12,0.05162786978595905,0.04807381804467124,0.04599008928236701,0.04388893598889872,0.04274126486157114,0.04158216385935114,0.04129599789825784,0.041002464235676446,0.04070335073544824,0.040399741242024306,0.04049776627646182,0.040593261369575535,0.040686965040330356,0.040779409043228014,0.04088042539469226,0.04098091141061617,0.041081109960293835,0.04118121434654018,0.041281381508248914,0.0413817412692684,0.041575649770934205,0.041770449164221735,0.041966312605181987,0.04216339596363402,0.04236184185158137,0.04256178275765405,0.04276334352204282,0.042966643319643914,0.0431717972731235,0.04337891778543173,0.04358811565848993,0.043799501048413576,0.04401318429577092,0.04422927666069314,0.04444789098624354,0.04466914230869349,0.0448931484298034,0.04512003046355568,0.04534991336780984,0.04558292646989083,0.045466569939261646,0.04535138370598521,0.04523723226668292,0.04512399202476012,0.04501154998513712,0.04489980262015651,0.04478865488118345,0.04467801933466054,0.044567815404845584,0.0444579687083025,0.04434841046755604,0.044239076993256306,0.04412990922580566,0.04402085232873927,0.04391185532727044,0.04380287078635094,0.04369385452338814,0.04358476535142906,0.043475564849187374,0.04336621715477149
2024-07-15,0.05162786978595905,0.0478763750547427,0.0458433728698367,0.04379276554985983,0.04274664569382321,0.04168931525137023,0.04145368451809846,0.041211152730826865,0.04096344406227523,0.04071159868128921,0.040808084778696074,0.04090230854609042,0.040994948062296165,0.04108649196165604,0.041224559989239434,0.041362361428141425,0.04150016248130177,0.04163817747803325,0.041776582820892305,0.04191552676353371,0.04211414966976947,0.0423138885577284,0.04251490322226508,0.04271733925143308,0.04292133149227018,0.04312700675649853,0.04333448596625824,0.04354388588309492,0.04375532052421202,0.04396890234258412,0.044184743228106144,0.044402955373034105,0.0446236520348905,0.044846948222640896,0.04507296132652666,0.045301811707929025,0.04553362326266713,0.04576852396893397,0.04600664642945953,0.046248128416325425,0.04613731066579477,0.04602774608045625,0.04591929544058192,0.045811831694264386,0.04570523861869425,0.04559940965690942,0.04549424690389721,0.04538966022028337,0.04528556645539451,0.04518188876439361,0.045078556006587146,0.04497550221398646,0.04487266612085234,0.04476999074632446,0.04466742302338427,0.044564913468363894,0.044462415886023766,0.04435988710590715,0.04425728674626011,0.04415457700229899
2024-07-16,0.05162786978595905,0.0478763750547427,0.045793449744776164,0.04369275547931499,0.042596252295270975,0.04148833872870832,0.04120159156229518,0.04090763211220723,0.040608198494997756,0.040304344758998925,0.04037507338964627,0.04044320914385669,0.04050945100160176,0.040574300717498665,0.04069470480664335,0.040814578487083523,0.04093419697242945,0.04105377999928343,0.04117350664391327,0.04129352570429161,0.041480848765854485,0.04166906144648287,0.041858325090382016,0.04204878508716197,0.04224057459505869,0.04243381743769521,0.04262863039108949,0.04282512501591461,0.043023409147486306,0.0432235881262054,0.04342576583009806,0.04363004555596945,0.04383653078471629,0.044045325858311,0.044256536590039516,0.04447027082516851,0.044686638965926874,0.04490575447222563,0.04512773434770168,0.0453526996193075,0.04524562185451561,0.04513966852301674,0.04503471127406711,0.044930632974708284,0.04482732647632023,0.044724693542854556,0.044622643916681304,0.044521094501993236,0.044419968648984495,0.04431919552470597,0.044218709558708914,0.04411844995341707,0.04401836025068492,0.04391838794726328,0.043818484152952475,0.043718603286108784,0.04361870280191896,0.043518742949487536,0.04341868655431734,0.043318498823217505
2024-07-17,0.05162786978595905,0.0478763750547427,0.04574352791856939,0.04359275193574859,0.04244587707796767,0.04128740116916421,0.041001479499862034,0.04070816090490346,0.040409249151177155,0.040105837779381426,0.040176767402793925,0.04024506597668938,0.040311440717230834,0.040376399240569856,0.04051570382572968,0.04065454068081094,0.04079320712707567,0.04093194150774061,0.04107093899457166,0.04121036266694841,0.041390888737480244,0.04157232439998116,0.04175481663735996,0.04193849825564432,0.04212349121461027,0.04230990921981302,0.04249785976970931,0.042687445796412836,0.042878767000609115,0.043071920954567924,0.04326700402834376,0.043464112180733025,0.04366334164674906,0.0438647895461949,0.044068554432609604,0.04427473679792199,0.04448343954520141,0.04469476843969007,0.0449088325466532,0.04512574466335743,0.04502780607205436,0.044930952919648715,0.044835063723089784,0.04474002756890439,0.04464574294753968,0.04455211674041023,0.044459063336921595,0.04436650386252936,0.04427436550198512,0.044182580904455176,0.044091087659286925,0.043999827832923104,0.043908747558897905,0.04381779667404292,0.04372692839502996,0.043636099030215626,0.04354526772245883,0.04345439621917786,0.04336344866641978,0.04327239142414362
2024-07-18,0.05162786978595905,0.04797509649571391,0.04599161958474659,0.04399087755055005,0.042893157298765264,0.04178434151489265,0.04147118659373978,0.041150838612317095,0.04082497863426951,0.040494629541661595,0.040592947666285156,0.040688690343879126,0.04078260702378725,0.04087523728469559,0.040995303999396986,0.041114899327237484,0.04123428965472823,0.04135368791970648,0.04147326789751635,0.04159317421189043,0.04178052199922573,0.041968789390765066,0.04215813630980433,0.04234870708645083,0.04254063411637555,0.04273404070855928,0.04292904333478325,0.04312575343304936,0.04332427887536804,0.043524725181153495,0.04372719653677203,0.04393179666694341,0.04413862959293011,0.044347800304569265,0.044559415367385585,0.0447735834817031,0.04499041600745126,0.04521002746595111,0.045432536028172224,0.04565806399762154,0.04555040947540249,0.045443889969177434,0.04533837570454688,0.04523374823995581,0.045129899220546034,0.045026729295366434,0.04492414717362631,0.04482206879972694,0.04472041663011573,0.04461911899771845,0.044518109551938176,0.044417326764057415,0.04431671348941192,0.04421621657898275,0.044115786534121626,0.04401537719902047,0.0439149454862922,0.0438144511316665,0.04371385647434519,0.043613126260021264
2024-07-19,0.05172531905145475,0.04807263376118074,0.04618903935003415,0.044288488038120494,0.0432406055073344,0.042181955520727,0.041893745495818875,0.04159861381308433,0.04129818730853053,0.04099345289716515,0.04106397183728917,0.04113194910047601,0.04119807386153111,0.04126284094740717,0.0414022293065413,0.04154119739912679,0.04168003974395846,0.041818992746133724,0.041958250288789224,0.04209797466252928,0.04227902303845401,0.042461025789316154,0.04264413122975595,0.042828473632111425,0.043014176552215865,0.043201355419321984,0.043390119583275905,0.0435805739570906,0.043772820355178314,0.04396695860099871,0.044163087459098006,0.04436130543303942,0.04456171146095702,0.044764405533311444,0.044969489252149795,0.0451770663472507,0.04538724316161187,0.04560012911655252,0.04581583716507357,0.04603448424091397,0.04592688937497615,0.04582040556985316,0.04571490381626547,0.04561026634839896,0.04550638540777246,0.04540316216918604,0.04530050580462547,0.04519833266501907,0.045096565563023314,0.04499513314270545,0.04489396932420621,0.04479301281329876,0.04469220666728029,0.04459149790990057,0.04449083718909168,0.04439017847215217,0.044289478773788776,0.04418869791305072,0.04408779829572794,0.04398674471924088
2024-07-22,0.05172531905145475,0.04817135292758108,0.04628735869315442,0.04438658147753048,0.043338575237805925,0.042279814170797174,0.041991576449384845,0.041696413392031645,0.04139595099733257,0.04109117562476142,0.04118882431976249,0.04128403032388796,0.041377515060962926,0.041469798194016964,0.04158964731979351,0.04170908560638244,0.041828371936533056,0.04194771354665682,0.04206727984536157,0.042187212097362745,0.042374827201778605,0.04256340170161496,0.04275309532341218,0.04294405248486596,0.04313640591254681,0.043330279459256854,0.04352579033111808,0.04372305087469046,0.043922170033203624,0.044123254552160616,0.04432640999414503,0.044531741608010184,0.04473935508700714,0.044949357242633506,0.045161856615251225,0.04537696403826478,0.04559479316947867,0.04581546100088676,0.04603908835638613,0.04626580038561014,0.04616529948482284,0.046065948843375726,0.045967620123225396,0.04587019612726329,0.04577356957022454,0.04567764201064045,0.04558232291986734,0.04548752886821785,0.04539318281148243,0.0452992134638012,0.0452055547450488,0.04511214529271455,0.04501892802977227,0.044925849781293346,0.04483286093360938,0.044739915130714965,0.04464696900334563,0.04455398192679416,0.04446091580406159,0.044367734871391826
2024-07-23,0.05153041577205291,0.047877554473251996,0.04564443626207799,0.04339329636658841,0.04270568764873162,0.042006905436742716,0.04174165127630867,0.0414703121369763,0.04119428666492738,0.04091442209800797,0.04101033158887431,0.04110408207217136,0.04119632865742843,0.041287543606676934,0.0414253711095655,0.04156297530308725,0.041700616006067344,0.04183850263702741,0.041976807776196744,0.042115676674140214,0.04230208514046433,0.04248955551305996,0.0426782334425408,0.04286825158074637,0.04305973273417029,0.04325279232400054,0.04344754033511719,0.043644082884523316,0.04384252350393714,0.044042964206274675,0.044245506388039736,0.044450251606937656,0.04465730226482549,0.044866762219380095,0.04507873734290607,0.04529333604302919,0.045510669757287146,0.045730853431598585,0.04595400599108651,0.046180250810634677,0.04608772800452681,0.04599637211730642,0.045906058003620194,0.04581667135799147,0.04572810751526929,0.04564027040812348,0.04555307165821419,0.045466429781558314,0.045380269491795897,0.045294521087666705,0.04520911991315393,0.04512400588052812,0.04503912304799769,0.04495441924490144,0.04486984573840487,0.04478535693652459,0.04470091012303102,0.0446164652203926,0.044531984577444554,0.0444474327789066
2024-07-24,0.05123802523523889,0.04758489985925671,0.04535169829008256,0.04310060711615578,0.042463865875423515,0.04181615043088899,0.04152420667076486,0.04122631413897794,0.040923783638690335,0.040617412678985325,0.04084898732298883,0.04107895928628665,0.04130815808096518,0.04153719450242719,0.04169066922103106,0.04184443428476628,0.041998696722381344,0.04215362661891128,0.042309367225829626,0.042466042059043314,0.04266871744845441,0.04287280158154211,0.04307843267222439,0.04328573922402623,0.0434948426538074,0.04370585935416098,0.043918902343475966,0.04413408261041122,0.04435151023042504,0.04457129531167307,0.04479354881319713,0.04501838326803312,0.04524591343642551,0.04547625690892371,0.04570953467517231,0.04594587167130503,0.046185397316727904,0.046428246049541586,0.046674557868763046,0.046924478890766494,0.04682736008954169,0.046731593499319435,0.04663703979342417,0.046543571746302886,0.0464510728937894,0.046359436368731355,0.046268563885880507,0.0461783648542981,0.046088755599076506,0.045999658677090736,0.04591100227389045,0.04582271967082644,0.04573474877315038,0.04564703169119965,0.045559514367924145,0.04547214624697691,0.0453848799763988,0.0452976711436138,0.045210478038030764,0.04512326143804111
2024-07-25,0.05123802523523889,0.04768363094076769,0.045599793860209244,0.04349869909254991,0.04275848615574827,0.04200752062071416,0.041690182873413494,0.04136667148925274,0.041038323304313895,0.04070595455917922,0.04085710836817676,0.04100613864137708,0.041153806578377895,0.04130066474544317,0.04147552188899262,0.041650433898703966,0.04182568530154866,0.042001508203593475,0.04217809656724871,0.04235561623252191,0.04254646362967361,0.04273859055374673,0.04293212764213029,0.04312719574717072,0.043323908490781785,0.04352237426717492,0.04372269783966301,0.04392498163604962,0.04412932681856318,0.04433583418433735,0.04454460493830917,0.04475574137028347,0.044969347460591384,0.045185529433427046,0.045404396273026455,0.045626060214961954,0.04585063722269595,0.04607824745797512,0.046309015752514796,0.04654307208762443,0.04644022574343686,0.04633862753224193,0.04623814181378341,0.04613864474322424,0.046040022969387834,0.04594217250353499,0.04584499773329602,0.04574841056060677,0.0456523296459506,0.045556679744038896,0.045461391118394666,0.045366399024231244,0.0452716432506192,0.045177067714266834,0.04508262009835721,0.04498825153081789,0.0448939162971904,0.04479957158392992,0.04470517724853167,0.04461069561335882
2024-07-26,0.05114055222306018,0.04728987219369839,0.04515727796428972,0.04300680177342682,0.04221644033343891,0.041415069148789584,0.04107271225700411,0.04072396263059344,0.040370201417069415,0.04001227533944859,0.04013686234118529,0.04025909183626083,0.04037971624960838,0.04049927926268333,0.04069367587614014,0.040888070149614784,0.04108278811844038,0.041278095805418476,0.041474215586224904,0.04167133767868968,0.04186759289069729,0.042065152450322225,0.042264149184588415,0.042464706084941066,0.04266693889078411,0.04287095811591998,0.04307687066532847,0.04328478114787006,0.04349479296166541,0.04370700920874953,0.043921533481332466,0.04413847055178026,0.04435792699104065,0.044580011734848844,0.044804836613095984,0.0450325168548322,0.045263171579234714,0.04549692428130465,0.04573390331992588,0.04597424241512665,0.04587960530017651,0.0457862454415106,0.04569403051957392,0.04560283972096551,0.0455125624649622,0.04542309729671892,0.045334350922338555,0.04524623736513828,0.04515867722581453,0.04507159703197633,0.04498492866479546,0.04489860885240642,0.044812578721253916,0.04472678339788909,0.04464117165480594,0.044555695594824404,0.044470310369297245,0.044384973926068584,0.04429964678366344,0.04421429182865642
2024-07-29,0.05114055222306018,0.04728987219369839,0.04515727796428972,0.04300680177342682,0.04216551727449911,0.041313131699437,0.040971417131421384,0.040623162089834984,0.04026979934496752,0.039912206648046136,0.04000992357811733,0.04010514470860691,0.04019859852666081,0.0402908095376376,0.04046699729482648,0.040642988031099725,0.04081910256180634,0.040995600844228625,0.04117269845358428,0.041350578141965716,0.041553769043810286,0.04175818868464216,0.041963988446432475,0.04217130727185791,0.0423802747987964,0.04259101381292321,0.04280364219841139,0.04301827451560891,0.04323502329932884,0.04345400014676218,0.04367531664658005,0.043899085188298374,0.04412541968193492,0.04435443621139132,0.04458625364014288,0.04482099418424621,0.04505878396503418,0.04529975355193061,0.045544038504407094,0.045791779921106765,0.045688716100501604,0.04558694914091437,0.04548634167578694,0.04538676832981251,0.04528811439543664,0.04519027468268294,0.04509315251650461,0.04499665886016327,0.044900711546645586,0.044805234603006144,0.04471015765489462,0.04461541540048516,0.044520947144652497,0.04442669638559523,0.044332610447239816,0.044238640151710966,0.04414473952695463,0.044050865545277235,0.04395697788913762,0.04386303874101591
2024-07-30,0.050945591946062144,0.04719346428858478,0.045060416561986345,0.042909741941949,0.04196650053066312,0.04101206889333255,0.04069751630641758,0.04037621032352269,0.0400497032182747,0.03971894102897934,0.039816376444270454,0.039911356178252255,0.04000459860328978,0.040096620966873005,0.040272587657743886,0.0404483686896542,0.04062428127816591,0.04080058250852223,0.04097748561598163,0.04115517140751289,0.04136423255954554,0.04157455811089447,0.04178630454015284,0.04199961558763784,0.04221462548416574,0.04243146147886796,0.04265024585124196,0.042871097540040114,0.0430941334853651,0.04331946975501489,0.04354722250818765,0.04377750883681427,0.04401044751549492,0.04424615968424053,0.044484769483245694,0.0447264046552581,0.0449711971284115,0.045219283590414806,0.0454708060635635,0.04572591248903747,0.04561385562182308,0.045503140546298344,0.04539362319829292,0.04528517215202396,0.04517766722899151,0.04507099828913521,0.0449650641771209,0.04485977180114697,0.04475503532535028,0.044650775459918746,0.04454691883550842,0.04444339745062483,0.04434014818233819,0.04423711235212805,0.04413423533984504,0.044031466239777606,0.043928757553654454,0.04382606491612492,0.04372334684886239,0.043620564539948926
2024-07-31,0.0507506126624565,0.0467020760303785,0.0445202272802929,0.042320189100281964,0.04137776527217964,0.04042403377639758,0.04010973022141794,0.03978867960570859,0.03946244535318236,0.03913198050486749,0.039229197702855614,0.039323974945517697,0.039417024407962103,0.03950885881292219,0.03968447834936941,0.039859906441231545,0.04003545654710589,0.040211382615310015,0.0403878951887198,0.040565172702800446,0.04077371740416302,0.040983502110829934,0.04119468087529654,0.04140739512710021,0.041621776859496425,0.041837951123419655,0.04205603801165027,0.042276154264152974,0.04249841458975342,0.04272293277429792,0.04294982262772102,0.043179198809754724,0.04341117756482775,0.04364587739000435,0.043883419654890225,0.04412392918880777,0.044367534847867686,0.044614370072602584,0.04486457344540582,0.0451182892560145,0.04501545418355394,0.04491393892278001,0.04481360594777968,0.04471432977098528,0.044615995614431685,0.04451849825498197,0.04442174101762582,0.04432563489527042,0.044230097776966036,0.044135053769397824,0.04404043259885342,0.04394616908284383,0.04385220266218697,0.043758476985725415,0.04366493954098636,0.04357154132504829,0.04347823655068206,0.04338498238351398,0.04329173870653412,0.04319846790876196
2024-08-01,0.0501655607349265,0.04562265522153685,0.043342702010343515,0.04104374862442678,0.040051920533005436,0.03904857973547136,0.03876116383137509,0.03846696524131342,0.038167629907370854,0.037864157804242043,0.0380143316684862,0.03816237825431066,0.03830903869545791,0.03845485037113838,0.038647106243050365,0.03883943759548029,0.03903213813866217,0.03922544790018408,0.039419567873474656,0.03961467030171397,0.039827031257861814,0.04004075975118718,0.04025599538896761,0.040472867731116045,0.04069149897094311,0.04091200604070848,0.04113450229448595,0.0413590988776047,0.04158590586212542,0.04181503320698468,0.042046591586702105,0.04228069312199625,0.04251745203803018,0.04275698527045666,0.04299941303536696,0.04324485937626362,0.043493452698992595,0.04374532630398296,0.04400061892401188,0.044259475274938266,0.04416481545032099,0.04407151051229686,0.04397942603945238,0.04388843938638556,0.043798438380551856,0.043709320189581284,0.04362099033369007,0.04353336182204021,0.043446354395351695,0.043359893859904054,0.04327391150039413,0.04318834356104589,0.043103130785967524,0.043018218011085026,0.042933553801097105,0.04284909012583162,0.04276478207117274,0.04268058758039316,0.042596467222290615,0.042512383983006864
2024-08-02,0.04821415068646619,0.04277981704850792,0.04055225927237195,0.038305467212614915,0.03741536889969184,0.036514551702033334,0.03632881197169703,0.03613719763462246,0.03594126408714212,0.035741948155748424,0.03591503292325615,0.03608662725855221,0.03625736329159116,0.03642770238590769,0.03665395649533444,0.03688069646102487,0.03710819706358624,0.037336686691322986,0.03756636024041781,0.03779738818743788,0.038023919755860516,0.03825205924181592,0.03848193039315807,0.038713650552498494,0.03894733266963787,0.039183086897860105,0.03942102188581917,0.03966124584519066,0.03990386745253387,0.04014899662864541,0.04039674522797205,0.04064722766300108,0.04090056148304197,0.04115686792282864,0.04141627243348285,0.0416789052062897,0.04194490169824313,0.04221440316727585,0.0424875572243957,0.04276451840953384,0.04266899660063093,0.04257493547986989,0.042482196034970277,0.04239065151103178,0.042300186054079945,0.042210693531973355,0.042122076506267515,0.04203424533303011,0.04194711737419539,0.04186061630399094,0.04177467149739613,0.041689217489597086,0.04160419349706905,0.041519542992303864,0.04143521332536175,0.04135115538640003,0.041267323304151705,0.04118367417602023,0.041100167826043435,0.04101676658747873
2024-08-05,0.04850698360140912,0.04287545196602665,0.04064871672578389,0.038402306939137584,0.03751243213290749,0.036611740068449895,0.03640028085513331,0.03618284879981159,0.03596098799550429,0.035735630444443486,0.03585563343646194,0.035973843950308004,0.036090859150575166,0.036207110865281514,0.03643467822750397,0.03666254255719349,0.03689100976835133,0.037120332363302776,0.03735072417366109,0.03758237072091971,0.037803448397051465,0.038026018285655945,0.038250206074291256,0.03847612997740061,0.038703902914786356,0.038933634231861386,0.03916543108397059,0.039399399572459255,0.03963564569632815,0.03987427616666791,0.04011539911929156,0.0403591247525697,0.04060556591140185,0.040854838633850254,0.04110706267375018,0.04136236201026856,0.04162086535368734,0.04188270665547755,0.042148025629892956,0.042416968293770146,0.04230718582883132,0.0421988154962492,0.04209171566791987,0.041985757282732176,0.041880822462426026,0.04177680330858509,0.041673600853793596,0.041571124144480144,0.041469289436640716,0.04136801948864217,0.04126724293778372,0.04116689374934415,0.041066910728541725,0.040967237087252195,0.040867820058515,0.0407686105528527,0.040669562851266064,0.040570634330475495,0.04047178521657836,0.04037297836380219
2024-08-06,0.04938522518074282,0.044051241823460284,0.04172403037288098,0.03937686427303493,0.03823383610577852,0.03707925821741683,0.037026217778958946,0.03696677577068545,0.03690289885550625,0.0368357656746177,0.037008048221918916,0.03717905025883878,0.037349364834659,0.0375194257700016,0.03772701017066556,0.03793509906896652,0.03814393814332298,0.03835373160466453,0.03856465371498079,0.03877685688632747,0.03899851804581912,0.03922177179165936,0.03944674257534417,0.03967354818489035,0.03990230180177523,0.040133113630848,0.040366092217710876,0.040601345535710855,0.04083898190240818,0.04107911076983643,0.041321843421880146,0.041567293604249274,0.041815578106878346,0.042066817314486055,0.04232113573806004,0.04257866253787858,0.04283953204713904,0.04310388430417847,0.04337186560054603,0.04364362905174313,0.04353148387289387,0.04342079880065319,0.04331142632439777,0.043203231986178106,0.04309609294301882,0.04298989671741196,0.04288454010798302,0.04277992823697915,0.042675973715040054,0.04257259590683812,0.04246972028374736,0.04236727785182995,0.042265204645195426,0.04216344127625988,0.042061932535664495,0.04196062703564527,0.04185947689151664,0.0417584374366666,0.04165746696708377,0.041556526511966646
2024-08-07,0.04928766182551987,0.04395354962763201,0.041726101814427825,0.03947900589469781,0.03853818885229761,0.037586272369417806,0.037556706919947135,0.03752141185306516,0.037482182102474226,0.0374400933162543,0.03761124935361256,0.03778135503662744,0.0379509554681355,0.03812045042997149,0.038327675824305664,0.038535511661578974,0.038744190759984316,0.03895390759512706,0.03916482901275013,0.039377101764826936,0.03960497380468627,0.03983454086574328,0.0400659316549168,0.040299268491226815,0.04053466937210344,0.0407722496156655,0.04101212319317632,0.0412544038336632,0.04149920596051258,0.0417466455043799,0.04199684062582807,0.04224991237331549,0.0425059852965547,0.04276518803121768,0.04302765386804198,0.043293521317290494,0.04356293467802959,0.04383604462066831,0.044113008790542294,0.044393992439959624,0.04428763328632645,0.0441827983036789,0.04407933744821967,0.0439771138935527,0.043876002570980246,0.04377588890080405,0.04367666768619486,0.043578242145934455,0.04348052306620164,0.04338342805474645,0.04328688088340816,0.04319081090709363,0.04309515254912476,0.04299984484435858,0.04290483103273317,0.04281005819694121,0.04271547693881632,0.04262104108976306,0.0425267074511942,0.04243243556147561
2024-08-08,0.04948278377689417,0.04424770158867486,0.04206988257595984,0.039872598244666865,0.03898205871926071,0.03808056031150434,0.03802453908006974,0.0379628345477788,0.03789716880219849,0.03782857358550677,0.03800021690165248,0.038170755804576205,0.038340751295096724,0.038510614650377195,0.03869944522299228,0.03888878556441661,0.039078852957334806,0.039269827995105526,0.03946186475885536,0.03965509797145108,0.03988395802726447,0.040114459833154634,0.04034674203296623,0.04058093538320459,0.04081716512997282,0.04105555289105426,0.04129621817579056,0.0415392796379266,0.04178485613078959,0.042033067616160734,0.042284035965472824,0.042537885682882415,0.04279474457322744,0.043054744373149274,0.043318021360226985,0.043584716952492136,0.04385497830892028,0.04412895894025966,0.04440681933873869,0.04468872763470698,0.04457396572015214,0.044460732404946406,0.0443488732026041,0.0442382472701018,0.04412872590487597,0.044020191238596504,0.04391253509841989,0.04380565801130785,0.04369946833098189,0.04359388147035308,0.043488819224955705,0.04338420917514068,0.043279984156630064,0.043176081790574694,0.04307244406554359,0.04296901696495468,0.04286575013436562,0.04276259658381309,0.042659512421038555,0.04255645661199392
2024-08-09,0.0495803376144374,0.04444415189477251,0.04221610600681305,0.03996856058879663,0.0390275956559645,0.038075452830990966,0.03794250674992443,0.03780345717990479,0.037660009765907984,0.03751318807114788,0.03765961970437827,0.03780452771138982,0.03794851115819852,0.038092005837725415,0.038263459743319274,0.03843512602299265,0.03860723524934472,0.038779976390203134,0.03895350817220832,0.03912796705804734,0.039357772743915595,0.03958906280208138,0.039821991009300346,0.04005670045062141,0.040293326437924964,0.04053199880708148,0.040772843759037725,0.04101598536331016,0.04126154681011491,0.04150965147483858,0.04176042384262088,0.042013990329429214,0.04227048002778389,0.042530025399321734,0.04279276293202942,0.04305883377679934,0.043328384375655664,0.04360156709234913,0.04387854085487599,0.0441594718187307,0.044046203200962614,0.043934420600416184,0.04382397361195665,0.043714725124815945,0.043606549858205355,0.04349933308863399,0.04339296954039106,0.04328736241540581,0.04318242254258169,0.04307806762988527,0.042974221605091845,0.04287081403325778,0.042767779600789424,0.04266505765747827,0.042562591809126,0.04246032955443609,0.042358221960734736,0.04225622337383286,0.04215429115797527,0.04205238546236271
2024-08-12,0.0495803376144374,0.0441478420461199,0.04187097535353191,0.03957402847429973,0.03863382075208589,0.03768228569049232,0.03752363886531134,0.03735879596749548,0.03718944959738082,0.037016616878763606,0.037163413742334714,0.037308597179000286,0.03745278342382836,0.037596420394200754,0.03778663457722035,0.037977100959901144,0.038168074310441544,0.03835976402103393,0.038552346549775775,0.03874597415857893,0.038980945128050226,0.03921746819083491,0.03945569579412098,0.03969577038253081,0.0399378272084484,0.04018199654836907,0.04042840548370436,0.04067717935963799,0.04092844300475422,0.04118232177259942,0.04143894245109601,0.041698434074835394,0.04196092866742561,0.042226561935374114,0.04249547393084156,0.04276780969759082,0.043043719912283285,0.04332336153173693,0.043606898455713784,0.04389450221414458,0.043772621131208535,0.043652276227604876,0.04353331110456835,0.04341558326614472,0.04329896259130485,0.04318333000611612,0.043068576326180594,0.04295460124451395,0.042841312444090604,0.04272862481760329,0.042616459779722234,0.04250474465940059,0.04239341216165196,0.04228239988979089,0.042171649920436136,0.04206110842467507,0.04195072532971291,0.04184045401611201,0.04173025104638813,0.041620075921294464
2024-08-13,0.049092520836000374,0.04346180574959407,0.04113553475749943,0.03878902734935001,0.03790017539095359,0.03700006983708878,0.03684085938443133,0.0366756362628053,0.036506040242597654,0.03633305696686722,0.0365061879259803,0.03667786181607867,0.03684870814922816,0.03701918661983746,0.03722702420909507,0.03743528403814005,0.03764422147386147,0.037854048043793116,0.03806494356534382,0.038277064671335875,0.038510600885205575,0.038745756823892814,0.038982671035735654,0.03922147411822045,0.03946229109974977,0.03970524332487234,0.039950449976007614,0.040198029327099795,0.0404480997987565,0.04070078086635828,0.040956193859860365,0.04121446268489234,0.04147571448819983,0.04174008028572205,0.042007695568152564,0.04227870089633732,0.04255324249708069,0.04283147286868284,0.04311355140470184,0.04339964504393516,0.043294433142122904,0.04319073908542636,0.04308841524844069,0.04298732704545762,0.04288735149041601,0.042788375945241056,0.04269029702852441,0.04259301966117191,0.04249645622946092,0.042400525849077914,0.042305153716284065,0.042210270534486644,0.0421158120062629,0.04202171838235725,0.04192793406040513,0.04183440722717123,0.04174108953896138,0.04164793583560275,0.04155490388401123,0.04146195414789449
2024-08-14,0.04938522518074282,0.04365614383123934,0.041280461542574594,0.038884116782632386,0.03799586712724591,0.03709613963901407,0.03688550742428904,0.03666865696148229,0.036447206577849466,0.03622213263462137,0.03636948855004419,0.036515091743255734,0.036659584941306195,0.03680343476601801,0.03701232187012055,0.037221477928609435,0.03743118336822775,0.03764166911777786,0.03785313022094334,0.038065735399956446,0.03829364891826582,0.03852307905713045,0.038754164317474145,0.03898703448183108,0.039221813099280786,0.03945861944598149,0.039697570101175146,0.03993878023894402,0.040182364708734486,0.04042843895862434,0.04067711984184484,0.040928526337447,0.041182780209060146,0.041440006620654966,0.04170033472455227,0.04196389823424759,0.04223083599268799,0.04250129254526347,0.04277541872582888,0.04305337226346472,0.04294178717948897,0.04283166690582341,0.042722864872915656,0.04261524750354957,0.04250869278166364,0.04240308900847531,0.04229833371802256,0.042194332728880436,0.0420909993126051,0.04198825346256793,0.041886021249405006,0.04178423425142449,0.04168282905007426,0.04158174678203683,0.04148093274074446,0.04138033602113617,0.04127990920234405,0.041179608063728376,0.0410793913303011,0.04097922044410397
2024-08-15,0.04977543101555784,0.044639493324274755,0.04246143367746389,0.04026391147769579,0.039373322935001356,0.038471694936223835,0.03820864009275413,0.03793929935304154,0.037665205839656386,0.03738728916055847,0.03750921767407966,0.037629109065444685,0.03774762644668343,0.037865249104657904,0.03803848626281568,0.038211693718394425,0.03838514310833043,0.038559055267459,0.03873361400838691,0.03890897578986348,0.03912141460674154,0.03933512699391767,0.03955025814142391,0.03976694192254296,0.03998530380614057,0.04020546313863084,0.04042753496224173,0.040651631488927954,0.04087786331667424,0.04110634045214467,0.041337173187500326,0.04157047286765153,0.04180635257585393,0.042044927759461684,0.04228631681317799,0.04253064163384995,0.04277802815843003,0.04302860689495088,0.04328251345507978,0.043539889095918854,0.04343055643748986,0.043322554917501914,0.0432157460714926,0.043110003664248525,0.043005212343527444,0.042901266470047585,0.04279806909750008,0.04269553108071417,0.042593570293674436,0.0424921109420167,0.04239108295703952,0.04229042146026242,0.04219006628921592,0.042089961576527724,0.04199005537552311,0.041890299326524556,0.041790648358851705,0.04169106042421005,0.04159149625774134,0.041491919163504073
2024-08-16,0.0495803376144374,0.044345381849999796,0.04221751035979137,0.04007026307936983,0.03912843037812545,0.038175682489486294,0.03793886279848755,0.0376957543021252,0.037447938524386715,0.03719637161969101,0.03731778096022108,0.037437230878589495,0.03755536543674817,0.03767265027198618,0.037826844999108516,0.03798095315585928,0.038135220837433835,0.038289847317773316,0.03844499769386387,0.038600811753518975,0.038819529722653755,0.03903949726196137,0.03926087088485398,0.0394837943809854,0.03970840203962818,0.0399348211732372,0.04016317412608457,0.04039357990034864,0.04062615549586475,0.04086101703446093,0.04109828072189942,0.041338063687622044,0.04158048473322236,0.041825665013801715,0.042073728671400905,0.04232480343604221,0.04257902120722294,0.042836518626730026,0.04309743765221925,0.04336192614000335,0.0432442630894893,0.04312796554935775,0.04301289000991303,0.04289890570784983,0.042785893226530806,0.0426737432795737,0.042562355650451175,0.04245163826535533,0.042341506380291355,0.042231881866409325,0.04212269258009048,0.04201387180637757,0.04190535776605943,0.041797093178154866,0.04168902487073988,0.041581103434068956,0.04147328291078897,0.04136552051876033,0.04125777640260647,0.04115001341062905
2024-08-19,0.04938522518074282,0.044248791384238775,0.042170388332987335,0.04007299992359589,0.0390797349104587,0.03807570325731447,0.03781331385156613,0.037544511010279086,0.03727087778361606,0.03699337390872735,0.03708845527194994,0.037181378067821805,0.037272780249954535,0.03736312118103775,0.03751811704740983,0.03767290342819451,0.03782774601972048,0.0379828592536296,0.03813842010580328,0.03829457777909428,0.03851346969716581,0.03873355678325779,0.03895499971193103,0.039177945591793675,0.03940253134747416,0.03962888636442071,0.03985713459102883,0.040087396237339944,0.040319789171479124,0.040554430088383525,0.040791435506524386,0.041030922634822775,0.041273010142185276,0.041517818854955035,0.04176547240233268,0.04201609782595727,0.04226982616698554,0.042526793041910003,0.04278713921683473,0.04305101118884646,0.04292610627380865,0.04280256190978022,0.04268023285840894,0.04255898686017773,0.042438703212929155,0.04231927153658126,0.042200590696303227,0.042082567861040095,0.04196511767804756,0.04184816154718999,0.04173162698130273,0.041615447041024926,0.04149955983425799,0.0413839080718617,0.04126843867241814,0.04115310240991674,0.041037853599074504,0.04092264981373303,0.040807451634390576,0.040692222421451214
2024-08-20,0.049092520836000374,0.04375815091913729,0.041580524421589195,0.03938348304505744,0.03844216570604406,0.037489940607377634,0.0372531593776151,0.037010140753622224,0.036762460925470225,0.03651107312890364,0.036605308568847035,0.03669750974881476,0.036788283854743045,0.03687806819736809,0.03705112739032786,0.03722409791422213,0.03739725406425661,0.03757081840930371,0.037744975796185055,0.03791988317391527,0.03813763023038841,0.03835663044935637,0.038577033251428736,0.038798976180909994,0.039022587937537684,0.039247990750923785,0.03947530227140485,0.03970463710168096,0.039936108059637744,0.04016982723899262,0.0404059069175856,0.040644460351091004,0.04088560248120985,0.04112945058104817,0.041376124855720314,0.041625749012780114,0.04187845081455226,0.04213436262258177,0.042393621943079225,0.042656371981297694,0.04253193346069166,0.04240885792724977,0.04228700093648932,0.042166230967030274,0.04204642800498779,0.04192748231375827,0.04180929336158608,0.04169176888389814,0.041574824061150144,0.041458380796006986,0.04134236707621669,0.04122671641163394,0.0411113673355903,0.04099626296225919,0.04088135059287651,0.040766581364697005,0.04065190993742287,0.04053729421256613,0.040422695081820496,0.040308076201039156
2024-08-21,0.04860458504592954,0.04307198313552426,0.040894846895432685,0.03869825602909323,0.03780785130101239,0.03690673296931322,0.03666927456379412,0.03642579981428735,0.03617782131096294,0.03592625436525816,0.036073633713518655,0.03621923932984182,0.036363716684338576,0.03650753427773838,0.03669765914533054,0.03688794782227838,0.037078661162791564,0.03727001287426077,0.03746218240049773,0.037655323966917564,0.03786554852092353,0.03807709672675179,0.03829009538053161,0.038504662433614785,0.03872090937170647,0.038938943083720076,0.03915886735562099,0.039380784086146134,0.039604794294848734,0.039830998974441534,0.04005949982633341,0.04029039990889133,0.040523804221190916,0.040759820240085044,0.040998558424805175,0.041240132700652125,0.04148466093138129,0.04173226538846456,0.041983073224390724,0.042237216956456616,0.04213764154505615,0.04203937010292085,0.0419422719181399,0.041846227819583984,0.041751128903198154,0.04165687542493648,0.04156337583552766,0.041470545936396166,0.041378308139437533,0.04128659081611578,0.04119532772362794,0.04110445749776751,0.04101392320368168,0.04092367193702161,0.0408336544690755,0.04074382493038926,0.04065414052814989,0.040564561293258077,0.04047504985356817,0.040385571230241876
2024-08-22,0.0489949432007747,0.043759228708361686,0.041581205751242495,0.039383965716083796,0.03854416638141685,0.03769362169577458,0.03745567654544179,0.03721176682631393,0.03696337442354998,0.03671139591097162,0.03685904159778011,0.03700491457469326,0.03714966569543316,0.03729376752195311,0.03746561345653378,0.0376375568134762,0.037809842202032706,0.03798266923698514,0.03815620477897472,0.03833059152446695,0.03853599242316237,0.03874265362984181,0.03895070571803502,0.039160269500196715,0.03937145857353601,0.03958438131580438,0.03979914247650028,0.040015844467646604,0.04023458842984165,0.04045547512939243,0.04067860572825671,0.04090408245843133,0.04113200922512674,0.04136249215774313,0.04159564012375391,0.04183156521772232,0.0420703832355524,0.04231221414251817,0.04255718254248516,0.04280541815494108,0.04271388623706979,0.042623622730353056,0.042534501762649814,0.04244640851639755,0.04235923800572109,0.04227289401348743,0.042187288164495525,0.042102339114957865,0.04201797184167045,0.041934117016923886,0.04185071045739567,0.04176769263707318,0.041685008255758035,0.04160260585595396,0.041520437481987194,0.041438458376086326,0.04135662670688845,0.04127490332646317,0.041193251552475524,0.0411116369725588
2024-08-23,0.04860458504592954,0.04307198313552426,0.04079504304629274,0.03849839573722035,0.03765969322528503,0.036810086434670736,0.036624129066986026,0.03643233050970911,0.0362362309790857,0.036036758093932315,0.036209932199531,0.036381621435954394,0.03655245918468217,0.036722907803077964,0.036911986353713296,0.037101379441272425,0.03729132310556526,0.03748201183176462,0.03767360996659045,0.03786625973685926,0.03808208437121904,0.03829933161385025,0.03851812810351562,0.03873859236539331,0.03896083708798022,0.03918497091671599,0.03941109989290107,0.03963932863005069,0.03986976129473159,0.04010250244139963,0.04033765773835233,0.04057533461303988,0.04081564283857072,0.04105869507858958,0.041304607404299636,0.04155349979490983,0.04180549663097104,0.04206072718875562,0.04231932614291346,0.042581434084018085,0.042488239008766346,0.042396401294224395,0.042305789347747154,0.04221628316303387,0.042127773038203475,0.042040158461505925,0.04195334713971231,0.041867254148385956,0.041781801186631766,0.04169691592170599,0.04161253141116021,0.04152858559209052,0.04144502082863585,0.04136178351018147,0.041278823693820715,0.041196094785548046,0.04111355325543273,0.04103115838267611,0.04094887202701159,0.04086665842337733
2024-08-26,0.04850698360140912,0.04327063649582533,0.040942697815773164,0.03859541714335612,0.03775689760311773,0.03690739017972944,0.03672153759795863,0.03652981072074031,0.03633375945089935,0.036134317185666495,0.0363075816881105,0.03647935302169937,0.036650267328053696,0.0368207889694846,0.037009944220689234,0.037199413331328396,0.03738943331825494,0.037580199464080824,0.03777187678283513,0.037964608073292244,0.03818052752163439,0.038397873173863145,0.0386167721464162,0.03883734341008923,0.039059700076488346,0.039283951199240295,0.03951020321906493,0.0397385611452335,0.03996912954073829,0.0402020133608993,0.040437318682678226,0.04067515335306505,0.04091562757846796,0.04115885447236162,0.04140495057502939,0.04165403635673449,0.041906236713832534,0.04216168146602411,0.042420505862021715,0.042682851100286606,0.042589499704095826,0.04249750882486907,0.042406746476192095,0.042317092290006054,0.042228436231121005,0.04214067747983319,0.0420537234576202,0.041967488975057726,0.041881895484506985,0.04179687042291385,0.041712346632359634,0.04162826184790481,0.041544558243845474,0.04146118203081714,0.04137808309728126,0.04129521468985199,0.04121253312769906,0.0411299975469187,0.04104756967132172,0.040965213606559685
2024-08-27,0.048311766422142424,0.0428775641582869,0.04035065577271529,0.037803784428947815,0.0372717735030786,0.03672891296302613,0.03659218504271116,0.03645037095387217,0.03630485150896099,0.03615645575895291,0.03635466926762375,0.036551823673080616,0.03674851119323867,0.036945167623974824,0.03713277610365318,0.037320903599113046,0.03750975188047798,0.037699488858193624,0.037890257978890764,0.038082184830022674,0.03830342237296959,0.0385262016224236,0.0387506467339767,0.03897687489479955,0.03920499841781719,0.03943512639840733,0.039667366050655344,0.03990182380710004,0.04013860624311289,0.040377820871141126,0.04061957683879481,0.04086398555672064,0.04111116127641304,0.04136122163391162,0.04161428817227865,0.04187048685352871,0.04212994856908248,0.04239280965668311,0.0426592124309408,0.04292930573418435,0.042834481857148235,0.04274107830747814,0.04264895855707838,0.042557998101615306,0.04246808312999264,0.04237910936781358,0.04229098106892728,0.04220361013347399,0.042116915334367185,0.04203082163704058,0.041945259599667765,0.041860164843029415,0.041775477580837474,0.041691142202686174,0.04160710690293857,0.04152332334981314,0.04143974638973861,0.04135633378272617,0.041273045965083,0.04118984583628139
2024-08-28,0.04811653018614204,0.04307728874105561,0.04044908344100899,0.037801403289142395,0.03726989806150921,0.036727375053457544,0.036513294953186,0.03629388790003714,0.03607048118617581,0.03584387669866376,0.03615086882952644,0.03645706767975863,0.03676324597429118,0.03706998287593181,0.03725601702347538,0.03744277884556417,0.03763043425045727,0.037819123298199975,0.03800896749067942,0.038200074902362484,0.03842061430795031,0.038642774592545996,0.038866670686792226,0.03909241214643015,0.03932010493150512,0.0395498528210721,0.03978175856154092,0.04001592481910404,0.040252454987623164,0.04049145389004508,0.040733028402020546,0.04097728801969138,0.04122434538878905,0.041474316808698335,0.04172732272261484,0.04198348820310219,0.0422429434410564,0.042505824245183836,0.04277227255850535,0.04304243699805214,0.04293914603600571,0.042837298305016945,0.042736751994031,0.04263737781490224,0.04253905761970106,0.04244168319891272,0.04234515523359623,0.04224938237906,0.042154280461274285,0.042059771770245336,0.04196578443704934,0.04187225188327093,0.041779112333288605,0.04168630838126559,0.04159378660588725,0.04150149722688053,0.041409393798186415,0.04131743293336409,0.04122557405940343,0.04113377919563175
2024-08-29,0.048311766422142424,0.04327276858052153,0.04074443563434372,0.038196715234850936,0.03766447133801031,0.03712139598999306,0.03688114294912109,0.03663555307149785,0.036385909100366286,0.03613298836294247,0.03641376841072675,0.03669354087570778,0.03697306770864184,0.037252916406827395,0.03745861031370685,0.037665018741258646,0.037872347551203,0.03808076986089071,0.03829043525855907,0.03850147628949053,0.03871602152912628,0.03893218614927379,0.03915007709784946,0.039369796792217825,0.03959144469937147,0.039815118595145124,0.04004091558909694,0.040268932977255964,0.0404992689681167,0.04073202331552791,0.04096729788383396,0.041205197164716746,0.041445828760934465,0.041689303849083065,0.04193573763128386,0.04218524978410024,0.04243796491184938,0.042694013010687246,0.042953529949332374,0.04321665797199673,0.043113802527756664,0.04301236113059159,0.042912193630318916,0.04281317224041196,0.042715180173009536,0.04261811045251796,0.042521864881216447,0.04242635313470841,0.04233149196867767,0.04223720452137532,0.04214341969870461,0.04205007163079198,0.041957099190608194,0.04186444556660146,0.04177205788247266,0.04167988685820338,0.04158788650727364,0.04149601386570358,0.041404228749144775,0.04131249353474871
2024-08-30,0.048311766422142424,0.04327276858052153,0.04094403975986755,0.03859636314333321,0.038011634004037904,0.03741645083000437,0.03722777700050538,0.03703389786229324,0.03683613357053577,0.036635279505526405,0.03688850827306084,0.037140761864350176,0.037392738520080786,0.037644956681190014,0.03785094018420094,0.03805764155198816,0.03826526989039811,0.03847400101428772,0.03868398681738933,0.03889536186745032,0.03911026040024039,0.039326795531714635,0.03954507580358114,0.039765205156476684,0.039987284537200456,0.0402114131797408,0.040437689648180265,0.04066621270472344,0.040897082048998425,0.04113039896285263,0.041366266886443105,0.04160479194541182,0.041846083444618765,0.042090254340787184,0.042337421704158704,0.04258770717763475,0.04284123744072786,0.04309814468485332,0.04335856710597483,0.04362264942032558,0.04352716252645793,0.043433097784883946,0.043340317309587165,0.043248695334279705,0.04315811687115727,0.043068476545066355,0.042979677576970174,0.04289163089495132,0.04280425435454299,0.04271747205309249,0.04263121372526078,0.042545414208745275,0.04246001297095931,0.04237495368877573,0.04229018387458743,0.042205654542903745,0.04212131991250977,0.042037137139903584,0.041953066080305204,0.041869069073025345
2024-09-03,0.04743305323463208,0.04298589753908634,0.04065469414573961,0.03830587112215754,0.03756804491247219,0.03681974753716879,0.03663236045615298,0.03643948886968245,0.03624255410078724,0.036042412432895646,0.0362687914183675,0.036494004008454727,0.0367187243560939,0.0369434498756338,0.03714986106150008,0.037356865647781894,0.03756468794007364,0.037773515268530185,0.03798350830841266,0.038194808339380805,0.03840954731333827,0.03862584944974124,0.03884382609932739,0.039063583200399876,0.039285223025590024,0.03950884556845688,0.039734549666648716,0.03996243393102806,0.04019259753134757,0.04042514087593374,0.04066016621355367,0.040897778179014806,0.04113808429927565,0.04138119547338842,0.04162722643708679,0.0418762962210121,0.042128528610268515,0.04238405261208009,0.04264300293770697,0.04290552050439858,0.04281132870386987,0.04271852806247506,0.042626984098081896,0.04253657416623458,0.04244718615029504,0.042358717322874925,0.04227107335305792,0.04218416743816075,0.04209791954225152,0.042012255726488465,0.04192710755868468,0.041842411591442266,0.041758108899807134,0.04167414467073601,0.04159046783778796,0.0415070307553936,0.04142378890784734,0.04134070064883645,0.041257726967889145,0.0411748312806044
2024-09-04,0.0468470298871763,0.04180620385804203,0.0394768866100561,0.03712938264461258,0.0364933872494044,0.035847241733682284,0.03568452281266123,0.035516739814895684,0.03534523047583485,0.035170799577728305,0.03542251816060993,0.035673360295432055,0.035923982110860155,0.03617487112837452,0.0363984054040219,0.03662273890769759,0.03684808820829662,0.03707463628536536,0.03730254205155544,0.03753194706010866,0.037744980433417244,0.037959650523171795,0.038176052620416234,0.03839427895591375,0.038614419955065496,0.038836565244525695,0.03906080447808792,0.039287228030404665,0.039515927594021553,0.03974699670608484,0.03998053122464378,0.040216629769884264,0.04045539414233945,0.04069692972775303,0.04094134589656511,0.04118875640476968,0.04143927980203743,0.04169303985241753,0.04195016597256888,0.0422107936922818,0.04211729065921953,0.042025175366273294,0.04193431477479585,0.041844587579005936,0.041755882907816816,0.04166809919640555,0.04158114320225162,0.041494929144585496,0.04140937794962556,0.04132441658680095,0.04123997748347973,0.04115599800764142,0.04107242000952696,0.04098918941462683,0.04090625586147937,0.040823572378683094,0.040741095096312,0.04065878298758609,0.04057659763721109,0.04049450303327916
2024-09-05,0.04674934263290099,0.04160955504911766,0.03933044372140843,0.03703316602585686,0.03634602745894189,0.0356487884058735,0.03548640557534179,0.03531888695702451,0.035147596541344986,0.03497335492171973,0.03522504883425025,0.035475849828582234,0.0357264152664873,0.035977233440435144,0.03616340338949237,0.03635018447335531,0.03653775370702581,0.03672625937736393,0.03691582906682042,0.03710657529613322,0.03732651453221758,0.03754798958871311,0.03777111573136398,0.0379960022517857,0.038222754330302935,0.03845147451218129,0.03868226390086472,0.038915223142541026,0.03915045325619151,0.039388056349200846,0.03962813624865138,0.03987079907131767,0.040116153750254124,0.04036431253215654,0.040615391456978484,0.04086951082932367,0.04112679568972533,0.041387376292926124,0.04165138859959646,0.04191897478750443,0.04181770764892248,0.041717840302051765,0.041619236064821784,0.04152177035451955,0.041425329352007746,0.041329808840663895,0.041235113194025626,0.04114115449046316,0.041047851736738784,0.04095513018521491,0.04086292073186262,0.0407711593841983,0.04067978678991648,0.040588747818354726,0.040497991188068704,0.04040746913475631,0.04031713711457677,0.040226953538593735,0.040136879534650026,0.040046878733472485
2024-09-06,0.04635854589481042,0.040526318926598116,0.03834916568447468,0.03615332485185351,0.03556722459488705,0.034971529635629266,0.03488520327734797,0.03479432575877321,0.034700209620382685,0.03460364169878389,0.03487996338676895,0.03515584427965738,0.03543189278547227,0.03570856572045135,0.03593026457485506,0.036152941855449,0.03637677745816647,0.03660192560974351,0.0368285222912798,0.037056690475450696,0.03727456563571131,0.03749415949736053,0.037715562809009506,0.037938864398122246,0.038164152221016635,0.038391514213665254,0.038621038998305185,0.038852816485461024,0.03908693840039544,0.03932349875562313,0.03956259428592972,0.03980432485864601,0.04004879386929179,0.040296108630818395,0.04054638076333644,0.040799726590273144,0.04105626754626195,0.041316130601658264,0.04157944870834793,0.041846361271440514,0.04176028014835574,0.04167562081081374,0.041592252048732126,0.041510054222765526,0.04142891798148816,0.041348743146213146,0.04126943773849009,0.04119091712948209,0.041113103293819134,0.04103592415330883,0.04095931299817932,0.04088320797542434,0.04080755163539535,0.04073229052909682,0.04065737484973832,0.04058275811301746,0.04050839687138335,0.04043425045818499,0.04036028075816435,0.0402864520012254
2024-09-09,0.046260834777708405,0.04072501973458708,0.03854684329706922,0.03635043158590992,0.03566260694805993,0.03496504121010593,0.03485384234538234,0.03473778774149708,0.03461824466992132,0.0344960334958936,0.0347462910760658,0.03499584587129464,0.03524530504520292,0.03549512076609831,0.03571769918508785,0.03594112243760298,0.03616559185071224,0.03639127822284008,0.03661833051997477,0.036846882003294015,0.03706509247634285,0.03728496423091054,0.03750659350550318,0.03773007360262317,0.03795549613513044,0.03818295202758086,0.038412532339384305,0.03864432895783455,0.038878435196136055,0.0391149463225396,0.039353960040343146,0.0395955769339866,0.03983990089322491,0.0400870395250304,0.040337104561197504,0.040590212268429605,0.04084648386685407,0.04110604596235275,0.04136903099775457,0.04163557772776794,0.041542117466959204,0.04145006700010392,0.041359292753960906,0.04126967295865846,0.04118109634172158,0.04109346099283608,0.04100667337392978,0.04092064745338581,0.04083530394666314,0.04075056964843414,0.0406663768436848,0.040582662787154306,0.040499369242094005,0.0404164420706616,0.04033383086938371,0.04025148864405792,0.04016937151925481,0.04008743847824775,0.040005651129763224,0.03992397349842568
2024-09-10,0.04596767278075069,0.040233738971307643,0.03785648778481567,0.035460469016266725,0.034622197660382756,0.03377358341499937,0.033818980208770284,0.033859560514229885,0.03389698325878912,0.033932244782439155,0.03420678340027189,0.03448110144470854,0.03475574664334052,0.03503113204140924,0.03525173019460371,0.03547337106546473,0.035696216065861146,0.03592040472491925,0.036146061095734226,0.03637329827933546,0.036596250985464,0.03682095347260736,0.03704749644604767,0.03727596897814433,0.037506459516895324,0.037739056706174105,0.03797385006995129,0.038210930598189925,0.03845039126205494,0.038692327479081294,0.03893683754402261,0.03918402303760974,0.03943398922295897,0.039686845437594,0.03994270548778922,0.040201688051065367,0.04046391709208344,0.040729522296816915,0.04099863952969804,0.04127141131839349,0.0411853165542612,0.04110066524938055,0.041017325565735,0.04093517731329363,0.04085411065871753,0.04077402500279359,0.0406948280014736,0.04061643470958446,0.04053876682969202,0.04046175205140465,0.04038532346870975,0.04030941906484607,0.040233981255797774,0.040158956484817994,0.0400842948614925,0.040009949839782,0.03993587793026119,0.039862038442432794,0.03978839325355249,0.0397149066008766
2024-09-11,0.04665165060699358,0.040721005971432196,0.03824494384969833,0.035749275031961986,0.03491214784492176,0.03406422959283482,0.03408445619376193,0.034099626144457267,0.03411142499499804,0.034120864075430704,0.0343694061465237,0.03461749290788559,0.03486566940903223,0.03511434324049346,0.035317302100634565,0.03552110409558708,0.0357259117127091,0.0359318634144898,0.03613908050284294,0.03634767195569279,0.036565691423921576,0.03678532644060526,0.037006674395250384,0.03722982931036623,0.037454883158216774,0.037681926915095414,0.03791105142437873,0.03814234811955305,0.03837590964460087,0.03861183039950396,0.03885020703182461,0.03909113889048124,0.039334728454356274,0.03958108174586712,0.03983030873782145,0.04008252376058224,0.04033784591565401,0.04059639950117783,0.04085831445442673,0.041123726816178,0.04103899382959607,0.04095564467661005,0.040873551845918434,0.04079259908407274,0.04071268014753297,0.040633697717793356,0.04055556245529901,0.04047819217192049,0.04040151110505721,0.040325449279148114,0.04024994194260009,0.040174929069987805,0.04010035492091068,0.040026167648168895,0.039952318948986744,0.03987876375390843,0.03980545994874466,0.039732368125586365,0.03965945135944127,0.039586675007508246
2024-09-12,0.046260834777708405,0.040428466577327286,0.03820136815383723,0.03595552178008889,0.035116134604897944,0.03426666198823187,0.03428605522413443,0.034300600151061324,0.03431191287200446,0.034320963048759,0.03459610156269313,0.0348709641950176,0.03514611709201274,0.035421986699934835,0.035624355886217644,0.03582767273388911,0.03603208413964304,0.03623771656478259,0.03644468196251943,0.03665308195918478,0.03687695400675157,0.037102527903946664,0.037329903454003686,0.03755917745344857,0.037790444984964894,0.03802380045706495,0.038259338459762315,0.03849715448600478,0.0387373455552545,0.038980010766284906,0.03922525179969112,0.039473173385935395,0.03972388375140008,0.03997749505251522,0.04023412380630334,0.04049389132446164,0.04075692415725322,0.04102335455291822,0.04129332093798161,0.04156696842368216,0.04148066879272963,0.04139581162090064,0.04131226469647659,0.041229907479713085,0.04114862980883137,0.04106833077509888,0.040988917741823415,0.04091030548628175,0.040832415447028404,0.04075517506183897,0.04067851718385527,0.04060237956541208,0.040526704400613504,0.040451437919049406,0.040376530024149745,0.04030193397060268,0.04022760607604509,0.040153505462894264,0.04007959382674974,0.04000583522827012
2024-09-13,0.04547897393897859,0.039546605285870666,0.03741925473738935,0.03527366663048897,0.034534784915337374,0.033786405552191305,0.033829979503531664,0.03386919281164762,0.0339055524579417,0.03393996361484898,0.03421386120571929,0.03448764618338254,0.03476184140525798,0.03503684215421583,0.03527571645278871,0.035515767241752365,0.03575716852610903,0.036000071722798385,0.036244612373849246,0.03649091489394,0.03671319265472058,0.03693729739929184,0.03716331086582369,0.037391314709263844,0.03762139120363207,0.037853623826951205,0.038088097762753216,0.03832490034272999,0.03856412144867174,0.03880585388737699,0.03905019374909417,0.03929724075785789,0.039547098620534196,0.039799875380307645,0.0400556837796004,0.04031464163692681,0.0405768722418929,0.04084250477241238,0.041111674738198795,0.041384524454690805,0.041297977544950036,0.04121289155495992,0.04112913327518212,0.041046581265463074,0.040965124550239984,0.04088466148423734,0.040805098763270375,0.040726350559001416,0.04064833775994938,0.04057098730388414,0.040494231589070014,0.04041800795375064,0.040342258214869094,0.04026692825835065,0.0401919676743917,0.040117329432134766,0.04004296958889845,0.03996884702979631,0.03989492323414469,0.03982116206553806
2024-09-16,0.04499015565474181,0.03915595017771968,0.03717776324925217,0.03518207147570286,0.03449250521074098,0.033794001466551454,0.033784903311091546,0.03377155082549796,0.03375531041727095,0.03373700129565666,0.03401131126234714,0.034285416335706066,0.034559857799974454,0.03483504397637571,0.03505547750952461,0.0352769531273669,0.03549963031281336,0.03572364700359013,0.03594912590434292,0.03617617894396858,0.03639298069443848,0.03661148799750475,0.0368317847606653,0.037053953685342846,0.03727807714575633,0.0375042379059296,0.03773251971996964,0.03796300784814245,0.038195789512612974,0.03843095431068675,0.03866859459914829,0.038908805860282905,0.03915168705802413,0.039397340991141436,0.03964587464930084,0.0398973995770797,0.04015203225051304,0.04040989447043789,0.04067111377674351,0.04093582388760462,0.04085098564692754,0.04076754306114322,0.04068536808283856,0.04060434397772997,0.040524364070610636,0.040445330655159956,0.04036715404321743,0.04028975173318996,0.04021304768058032,0.04013697165634719,0.04006145868104738,0.03998644852456579,0.03991188526277636,0.0398377168837598,0.039763894937276896,0.03969037422209517,0.039617112506525685,0.0395440702781663,0.03947121051939078,0.039398498505583954
2024-09-17,0.04499015565474181,0.03945259701220594,0.0374734745602323,0.035477234768141706,0.03478745267121775,0.034088748722461495,0.03407966891885559,0.03406632759273004,0.0340500930423511,0.03403178559692945,0.03427950290481383,0.034526893374029664,0.03477447118109271,0.03502262181312477,0.03524372971767098,0.035465815481864366,0.035689051921275236,0.03591358743264889,0.03613955306789248,0.03636706752512492,0.03657833318089257,0.03679125354848572,0.03700591049683435,0.037222384523789294,0.03744075563732042,0.037661104071929255,0.037883510885950294,0.03810805847263463,0.03833483100912191,0.03856391486128726,0.03879539895813949,0.03902937514638688,0.03926593853359903,0.03950518782683164,0.039747225672466656,0.03999215900223975,0.040240099389895104,0.04049116342256693,0.04074547309079896,0.04100315620104861,0.04092689216132171,0.040851983461363366,0.04077830837502373,0.04070575591298086,0.04063422463054223,0.040563621591162925,0.04049386146249564,0.04042486572565163,0.04035656198150669,0.04028888334047226,0.040221767884282625,0.04015515819010969,0.040089000908780086,0.040023246390087315,0.03995784834921111,0.039892763569111415,0.039827951634484694,0.03976337469347915,0.03969899724388046,0.039634785940918314
2024-09-18,0.044501217869639384,0.03906188248232524,0.037381702688600256,0.03568556096148285,0.03509464225971475,0.03449581143756373,0.03445890455890357,0.03441815827538763,0.03437474834847265,0.03432937924458891,0.034630616202710886,0.03493182767030404,0.035233584199025864,0.03553631940821225,0.035756427132155974,0.03597769404891367,0.03620026621367836,0.0364242714450528,0.03664982478706904,0.036877032372923224,0.03709402078227538,0.0373127863466226,0.03753341037590029,0.037755973741379074,0.03798055762314762,0.038207244127744296,0.03843611681292463,0.03866726114629239,0.038900764917477494,0.03913671861865012,0.03937521580472635,0.039616353442194364,0.03986023225377397,0.040106957064912074,0.04035663715727314,0.04060938663381791,0.040865324799702195,0.04112457656303194,0.04138727285944816,0.04165355110456233,0.041583268276349436,0.04151441201420193,0.041446858835981204,0.041380496155539646,0.041315221070966225,0.04125093931102967,0.04118756431626457,0.0411250164350712,0.04106322221840435,0.04100211379925536,0.04094162834529482,0.040881707574833684,0.040822297327745935,0.04076334718423426,0.04070481012535548,0.04064664223009188,0.04058880240448584,0.04053125213897433,0.04047395529058272,0.040416877887083806
2024-09-19,0.04410998156166263,0.03886792699614484,0.03718696482467568,0.03549047627463928,0.03489933090586528,0.0343003809368188,0.0343666015595003,0.034429345957894764,0.034489883189319864,0.034548977059819415,0.03484844187793329,0.03514820531223304,0.0354487664259797,0.03575050792429397,0.03598836316754518,0.036227607170614594,0.036468384471627265,0.0367108239381993,0.03695504368453274,0.037201154563529244,0.03741725683969962,0.03763525875843643,0.03785522871402391,0.0380772369677261,0.03830135594427075,0.03852766050333779,0.03875622819592731,0.038987139512974875,0.039220478131887865,0.03945633116552679,0.03969478941738046,0.03993594764617077,0.040179904842797945,0.040426764522352415,0.040676635033840225,0.04092962989027579,0.041185868121873234,0.041445474655206996,0.04170858072141047,0.04197532429673605,0.04190420684890004,0.041834547223620636,0.04176621941570448,0.0416991085368873,0.041633109579428514,0.04156812634112198,0.041504070487688866,0.04144086073252393,0.04137842211703722,0.04131668537751392,0.041255586386623876,0.04119506565953809,0.04113506791612575,0.041075541691967726,0.0410164389919806,0.040957714981330384,0.04089932770906301,0.04084123786050896,0.04078340853505399,0.040725805046322804
2024-09-20,0.043816504097759286,0.03877189130212725,0.03694044114134517,0.035093455133788136,0.03465555347448547,0.034209889802428256,0.034275000388263185,0.034336910681488315,0.03439679742440381,0.034455369023377674,0.03475438682125732,0.035053765990378224,0.03535398956641448,0.0356554287368894,0.03591169338493845,0.03616946293451059,0.03642889824659673,0.036690143114230696,0.03695332968079402,0.0372185822934439,0.037427974378530564,0.03763929795595435,0.03785260659331977,0.038067957588775896,0.03828541185700248,0.03850503388197884,0.03872689172234693,0.03895105705951964,0.0391776052817097,0.03940661559920404,0.0396381711877702,0.039872359358242924,0.04010927175122882,0.0403490045565658,0.04059165875774921,0.04083734040202275,0.041086160897267195,0.041338237337221605,0.04159369285696069,0.04185265702094347,0.04179802463533615,0.04174483069667565,0.041692959547035224,0.04164230579152246,0.0415927731550802,0.041544273488417875,0.041496725900865276,0.04145005600164149,0.04140419523405419,0.04135908028962134,0.04131465259114863,0.04127085783548271,0.04122764558806156,0.041184968922550205,0.04114278409982678,0.04110105028140303,0.041059729273053354,0.04101878529500989,0.04097818477557436,0.04093789616541844
2024-09-23,0.043522983563025495,0.03867584161708067,0.036993409887424646,0.035296230299754844,0.03480619030400167,0.03430871012436568,0.03442541485214539,0.03453911789874234,0.03465104744422463,0.03476194656039398,0.03506018216559096,0.03535894895818059,0.03565869559834048,0.035959768936564204,0.03619701120762611,0.036435743984275085,0.03667609617617919,0.03691818460387469,0.0371621179805497,0.03740799974996973,0.03761787697375418,0.03782966472922845,0.03804342114632202,0.03825920741602059,0.03847708781622217,0.038697129772553455,0.03891940394824962,0.039143984359175606,0.039370948511461265,0.03960037756023097,0.03983235648866161,0.04006697430718434,0.040304324273111876,0.040544504131365684,0.0407876163773211,0.04103376854310678,0.04128307350900015,0.041535649841867577,0.04179162216291425,0.04205112154734543,0.04199637876361838,0.04194307648898396,0.041891098782689457,0.04184033998888867,0.04179070359093936,0.04174210121515765,0.04169445176177219,0.04164768064453111,0.04160171912344233,0.04155650371761157,0.04151197568718699,0.04146808057511043,0.04142476780077929,0.04138199029889283,0.04133970419773497,0.04129786853196737,0.04125644498569745,0.0412153976621709,0.04117469287693273,0.041134298971722355
2024-09-24,0.043131555829121156,0.03838287223864336,0.03645038952900115,0.03450282826875697,0.03426826268180725,0.034026418436160756,0.03411548995879595,0.034201910926226785,0.034286731422856036,0.03437058553883985,0.03472209971547347,0.03507443712297264,0.03542810370362051,0.03578349604802362,0.036038084015062234,0.036294403791644496,0.03655257760741001,0.036812719276308595,0.03707493734257752,0.037339337343890354,0.037559931065111164,0.03778261706015536,0.03800745076103337,0.03823449231888449,0.03846380637379083,0.03869546192459283,0.038929532276492936,0.03916609505093097,0.03940523224687019,0.03964703034593328,0.039891580456216165,0.04013897849137302,0.040389325382905725,0.04064272732463656,0.04089929604918582,0.04115914913698479,0.04142241035897054,0.041689210054674124,0.041959685547950494,0.042233981603129814,0.04216912159091766,0.042105796463674586,0.042043878966103385,0.0419832531028206,0.04192381288481803,0.041865461239504104,0.041808109059967014,0.041751674373160984,0.04169608161003158,0.041641260963313345,0.04158714782097102,0.0415336822651067,0.04148080862769098,0.04142847509575719,0.04137663335976836,0.041325238299764956,0.04127424770465903,0.041223622020678974,0.04117332412551146,0.04112331912514759
2024-09-25,0.043131555829121156,0.03848180102705868,0.03669876010243966,0.03490113604243812,0.034716209313925925,0.03452450864250312,0.03461269171945795,0.034698459650031134,0.03478278661877286,0.0348662612591581,0.03521779268182893,0.035570219506788174,0.03592404049989345,0.03627964757767489,0.03653433555824594,0.036790806417100225,0.037049179529690536,0.037309566784735786,0.03757207550594319,0.037836810559725195,0.03805766841905724,0.03828065974915851,0.038505839639948955,0.03873326821348971,0.03896301034844953,0.039195135516387904,0.03942971770470611,0.039666835408664766,0.0399065716801127,0.040149014224287405,0.04039425553873161,0.040642393090351635,0.04089352952814263,0.04114777293027109,0.04140523708514028,0.04166604180684574,0.041930313286104054,0.04219818447835255,0.042469795531298336,0.04274529425476653,0.042679727078532625,0.042615717438563794,0.04255313603223698,0.042491864990583376,0.042431796605246465,0.0423728322215654,0.04231488127304659,0.04225786043660971,0.04220169289135922,0.04214630766639361,0.04209163906543576,0.042037626157949134,0.04198421232796329,0.04193134487313335,0.04187897464764509,0.04182705574349057,0.04177554520540682,0.041724402775420895,0.04167359066349317,0.0416230733412203
2024-09-26,0.04332727927205277,0.03917237119279852,0.03738782354720797,0.035589277916811046,0.03530261191380075,0.03500888189874666,0.03504637624380215,0.0350810407550759,0.035113874195019074,0.03514547686767956,0.035417878142213095,0.035690556244412454,0.035963961412531206,0.03623843781178121,0.03649555560296036,0.03675414590914863,0.03701438261146574,0.03727641997879998,0.03754039877960368,0.03780645062259591,0.038022516578670965,0.03824056289611039,0.03846065334399797,0.03868285462646465,0.03890723648533139,0.03913387182401807,0.039362836850740955,0.03959421123991578,0.03982807831133687,0.04006452522719854,0.040303643207419984,0.04054552776406511,0.04079027895594005,0.041038001664722615,0.041288805894241457,0.04154280709478983,0.04180012651463825,0.042060891581209015,0.04232523631470159,0.0425933017773175,0.042521168944646005,0.04245052580164416,0.04238124343479846,0.04231320429468268,0.04224630093187264,0.042180434897893464,0.04211551578662696,0.04205146039570246,0.041988191990737264,0.04192563965803516,0.04186373773360811,0.04180242529825421,0.04174164572997398,0.041681346306299265,0.04162147785018904,0.04156199441405268,0.041502852997225455,0.041444013292865296,0.04138543746078664,0.041327089923212025
2024-09-27,0.043033686924499215,0.038581681954143285,0.03684790442313112,0.03509997814784921,0.03481300039759136,0.03451910281006391,0.03455635790444171,0.03459083863269017,0.03462352441544193,0.034655003925189436,0.03492705342596599,0.03519938163703954,0.03547243121815758,0.0357465406076266,0.03602197981145351,0.03629897283839176,0.03657771228465682,0.0368583691264109,0.037141099490970504,0.0374260494698138,0.03765322423940029,0.03788248710917359,0.038113906093221774,0.038347552523243116,0.03858350114319194,0.03882183023252901,0.039062621754708315,0.039305961528879226,0.03955193942375583,0.039800649573332215,0.04005219061469008,0.040306665948607906,0.04056418402408127,0.0408248586482245,0.04108880932336932,0.041356161613518044,0.04162704754266258,0.04190160602785416,0.04217998335031494,0.042462333668328384,0.042388607239073804,0.04231644998683743,0.04224572765369495,0.04217631783731282,0.04210810867233616,0.04204099768391974,0.04197489078777085,0.041909701415344176,0.04184534974631715,0.04178176203333266,0.04171887000635222,0.041656610345909284,0.04159492421616929,0.04153375685005072,0.04147305717978734,0.04141277750725827,0.0413528732092088,0.04129330247315694,0.041234026060351724,0.041175007092633484
2024-09-30,0.04332727927205277,0.039370220247688645,0.037784743500581246,0.0361860952410285,0.03579615772634993,0.03539939012150594,0.035411386240192855,0.03542038332920799,0.035427381065108676,0.03543297925382923,0.03567927785940651,0.03592563231149553,0.03617248647577399,0.03642017638181679,0.036678320068257636,0.036937830830135625,0.037198903521737305,0.037461708838087304,0.03772640063115955,0.03799312109427112,0.038209787267303355,0.03842840274245443,0.0386490372271473,0.03887176246972548,0.039096652547311574,0.039323784132685814,0.03955323674920594,0.03978509302054661,0.04001943892052642,0.04025636402727395,0.04049596178530359,0.04073832977863451,0.040983570017814865,0.04123178924357643,0.04148309924980388,0.04173761722854346,0.04199546613988547,0.04225677510972591,0.04252167985864112,0.04279032316539751,0.04271808149910317,0.04264732939554656,0.04257793772232548,0.042509788725172776,0.04244277476223352,0.04237679720358996,0.042311765471430195,0.042247596200357486,0.04218421250068368,0.04212154331029698,0.04205952282295309,0.04199808998270967,0.04193718803577488,0.04187676413233444,0.04181676897200357,0.04175715648745735,0.04169788356155766,0.041638909773941475,0.04158019717358073,0.04152171007429165
2024-10-01,0.043131555829121156,0.03917430489080581,0.037438978453943804,0.03569013721878375,0.03525055585322462,0.03480369874117979,0.03479073249450177,0.03477446996794566,0.034755956522872514,0.0347358186919128,0.034982549309657655,0.0352291909581774,0.03547621190926501,0.03572396524019439,0.035982058536741066,0.03624143590292951,0.03650229820082709,0.03676482038414595,0.03702915924634529,0.0372954589051742,0.03752382762329233,0.03775415727722813,0.037986531225179435,0.03822103352197361,0.03845774953360308,0.038696766460050505,0.038938173794195556,0.039182063737036324,0.03942853158428873,0.03967767609585292,0.039929599857151436,0.04018440963961206,0.04044221676637104,0.04070313748845966,0.04096729337620756,0.04123481173028268,0.041505826016643724,0.04178047632967356,0.04205890988787355,0.04234128156671503,0.042260228401604136,0.042180716749118656,0.04210261027123788,0.04202578465777241,0.04195012629042029,0.04187553108131057,0.04180190346005509,0.04172915548765944,0.04165720607917806,0.041585980319897874,0.04151540886222038,0.04144542739238717,0.04137597615783172,0.04130699954730567,0.04123844571707067,0.041170266257404,0.04110241589447468,0.04103485222332765,0.04096753546829204,0.04090042826761988
2024-10-02,0.043131555829121156,0.03927323435498585,0.037587514971836426,0.03588855340872691,0.035448505292602364,0.03500131250665926,0.03503988310373803,0.035075354724374924,0.035108815843809336,0.03514092059373186,0.03541370125495303,0.03568669484917499,0.03596036633367704,0.036235070386036676,0.036492386731485665,0.03675115023047677,0.037011539218091354,0.03727371142633791,0.03753781035662612,0.03780396980293908,0.03803217589887691,0.03826242653050117,0.038494799406746515,0.03872937414456399,0.03896623265957158,0.03920545951811715,0.03944714226491035,0.039691371736734316,0.0399382423702741,0.040187852510418405,0.04044030472424986,0.040695706125177346,0.04095416871117358,0.041215809720792404,0.04148075201050313,0.04174912445686478,0.04202106238714907,0.042296708042195666,0.04257621107553981,0.042859729093188886,0.04278569953426299,0.04271324288850317,0.04264222418135457,0.042572520347343934,0.042504018905372594,0.04243661680695107,0.04237021943162601,0.04230473970814053,0.042240097343373355,0.04217621814397497,0.04211303341798462,0.042050479445668705,0.04198849701044506,0.04192703098211127,0.04186602994572728,0.04180544587045208,0.04174523381343495,0.04168535165453742,0.04162575985823448,0.04156642125953122
2024-10-03,0.04322941994481594,0.039766901144627234,0.03817977742321671,0.036580219225315645,0.036189908261743765,0.03579284834728603,0.03580476862082032,0.03581370882597101,0.03582066231886605,0.035826225113182016,0.03607269897199906,0.03631924053835762,0.036566296092284185,0.03681420361027792,0.0370725946690641,0.03733237250806084,0.037593733450828754,0.03785684957426838,0.03812187606427881,0.03838895642903223,0.03861194283112816,0.0388369405060222,0.03906402628345436,0.03929327869958304,0.0395247784067702,0.03975860853862104,0.03999485504586892,0.04023360701462042,0.040474956975706994,0.040719001211997924,0.040965840069235385,0.04121557827507884,0.04146832527047113,0.04172419555708168,0.04198330906439296,0.04224579153993573,0.042511774966225095,0.042781398008086884,0.04305480649428612,0.0433321539376686,0.043250323270741284,0.04317003918591519,0.04309116364225605,0.04301357074844025,0.042937145412962126,0.0428617821706528,0.042787384159260984,0.042713862224221334,0.04264113413330686,0.04256912388579078,0.04249776110315547,0.04242698049037928,0.042356721358488746,0.04228692720044322,0.04221754531357207,0.0421485264627542,0.042079824579344165,0.042011396491538934,0.041943201682462385,0.04187520207274158
2024-10-04,0.044012160525229424,0.04153940004471104,0.04019881193584913,0.038847823147488934,0.03840387940163847,0.03795372264840208,0.0378876763313604,0.03781845613285958,0.037746948676450814,0.03767368445727917,0.037868658629159016,0.03806323799919297,0.03825787664438887,0.038452912318490844,0.03863920351187542,0.03882631728672675,0.039014415000130045,0.03920363371506727,0.039394093113644564,0.03958590036622515,0.03978924745086802,0.039994192315713425,0.04020083278110592,0.040409262928780575,0.040619574479700556,0.04083185789415501,0.04104620326922768,0.0412627010875713,0.04148144285684882,0.04170252166903233,0.04192603270157111,0.04215207367731653,0.04238074529641016,0.042612151650680496,0.04284640062916973,0.04308360432202591,0.04332387942901116,0.04356734767819562,0.043814136259961285,0.044064378281184646,0.04397790709717227,0.04389279291807278,0.04380890550850783,0.0437261260314924,0.043644345784241,0.04356346509924361,0.04348339238600949,0.0434040432929762,0.04332533997242919,0.043247210434021764,0.04316958797474572,0.043092410675071954,0.043015620952531836,0.042939165165303946,0.042862993259450984,0.042787058454360524,0.04271131696170644,0.0426357277338947,0.04256025223850282,0.04248485425568869
2024-10-07,0.044012160525229424,0.04193503751223503,0.04069296487280102,0.039441472967990804,0.038945359557010825,0.03844325990918236,0.03837731443931191,0.03830815672061662,0.038236683584464325,0.038163431572343184,0.03833166796327621,0.03849939177208669,0.03866703011126707,0.03883489873377736,0.03904088355018541,0.03924770709915652,0.03945556883482115,0.03966463760322416,0.03987506033953381,0.04008696819468237,0.04028428681100084,0.04048322279039026,0.04068386481218071,0.040886298954383386,0.04109060982076958,0.0412968814462658,0.041505198041080896,0.04171564461698475,0.04192830752746701,0.04214327494534979,0.04236063729567561,0.042580487657591315,0.04280292214601011,0.04302804028171213,0.043255945357020494,0.04348674480309679,0.043720550564134514,0.043957479483207995,0.044197653704207966,0.04444120109412145,0.04435488479082433,0.044269903563391236,0.04418612806936124,0.044103440267834984,0.0440217321659242,0.043940904729094725,0.04386086693100599,0.04378153492251639,0.04370283130284297,0.04362468447858621,0.04354702809857128,0.04346980055431148,0.0433929445374378,0.04331640664672068,0.043240137038382906,0.04316408911430221,0.04308821924346,0.043012486512633126,0.04293685250286786,0.04286128108873678
2024-10-08,0.04391433470408421,0.04163933767545367,0.04049785828600427,0.039347040479921,0.03874838584967177,0.03814379375440754,0.03815642813012933,0.038165903911920644,0.03817327396442502,0.03817917000642852,0.03840008609789627,0.03862094741875928,0.03884219611058618,0.0390641649213031,0.039249407828455075,0.03943566124811895,0.03962305873619134,0.03981171597523752,0.040001736012502495,0.04019321295738089,0.0403902856530323,0.04058901063275074,0.040789472955566876,0.0409917557296774,0.04119594111246516,0.041402111118387326,0.04161034828750551,0.041820736252623,0.04203336023280845,0.04224830747398821,0.042465667652283635,0.04268553325221171,0.04290799992931647,0.043133166864970256,0.043361137119772186,0.04359201799104265,0.043825921379267684,0.04406296416792336,0.044303268620855145,0.0445469628012738,0.044468496025147616,0.04439137527565274,0.04431547462650558,0.04424067915063341,0.04416688369764797,0.04409399183105534,0.04402191490142272,0.04395057123568668,0.043879885426021774,0.04380978770434299,0.04374021339069863,0.04367110240561782,0.04360239883797682,0.04353405056119735,0.043466008891636224,0.0433982282839025,0.04333066605857706,0.04326328215843414,0.04319603892979237,0.04312890092607317
2024-10-09,0.04410998156166263,0.04193400172272219,0.04069229554902189,0.03944098715286569,0.03894497616956541,0.03844294488289615,0.038506788520105646,0.03856782427155181,0.0386271129217137,0.038685293795591075,0.03885097956431136,0.039016614952844704,0.03918252481444841,0.0393489520419265,0.03951608533394253,0.03968407657231161,0.039853052089575854,0.04002312020436358,0.04019437640109428,0.040366906980084175,0.04057118077790981,0.04077706149978558,0.04098465310044732,0.041194055146021834,0.041405364346210956,0.04161867577498043,0.04183408386378634,0.04205168322766375,0.04227156936818533,0.04249383928591045,0.042718592026902834,0.04294592918215568,0.04317595535463611,0.04340877860567692,0.04364451089028256,0.04388326848935821,0.04412517244576003,0.044370349010293984,0.04461893010328271,0.04487105379702226,0.0447834948694833,0.044697313599535486,0.04461237700257663,0.04452856371070459,0.04444576268404843,0.04436387209058651,0.04428279832937043,0.044202455176255685,0.04412276303465013,0.04404364827659128,0.043965042661766464,0.043886882823995506,0.043809109816278044,0.04373166870682472,0.04365450821959485,0.04357758041378777,0.043500840397514354,0.04342424607153358,0.0433477578994963,0.04327133870161289
2024-10-10,0.044012160525229424,0.04173721858544817,0.04054579961934977,0.03934483029878086,0.038848448502858526,0.03834618327322598,0.03843578453795079,0.03852271860632887,0.03860806392748609,0.03869247238614226,0.03891166785823743,0.03913114407976273,0.03935127169005099,0.03957233262533483,0.03975676695330446,0.03994236034011946,0.0401292246229834,0.04031745879750612,0.040507152943852855,0.040698391006754916,0.04090140871865741,0.04110618843390809,0.04131281687105741,0.04152137938579102,0.04173196090799332,0.041944646705423076,0.042159523022299784,0.04237667762760735,0.04259620029865367,0.04281818325897001,0.04304272158509599,0.04326991359357477,0.04349986121718968,0.04373267037783918,0.04396845136229003,0.0442073192062459,0.04444939409163114,0.04469480176165942,0.04494367395809012,0.04519614888504521,0.0451157664618571,0.04503679958542136,0.044959116590101954,0.04488259730889356,0.04480713179517143,0.044732619211458255,0.04465896686034518,0.044586089336848496,0.044513907784866066,0.04444234924317136,0.04437134606866791,0.04430083542651491,0.04423075883830401,0.04416106178077332,0.044091693328638104,0.044022605836034324,0.04395375465184465,0.04388509786482766,0.04381659607502524,0.043748212188392484
2024-10-11,0.04391433470408421,0.041342602813254664,0.040202150117950954,0.039051892578872656,0.03855533401474164,0.03805299141316523,0.03814240980487454,0.038229198807911875,0.03831442269615626,0.0383987247930915,0.03864479558541926,0.038891272562470304,0.03913855791907265,0.03938695965204657,0.0395895024321906,0.0397933718630427,0.03999868646293269,0.04020555236928038,0.04041406725419663,0.040624323105070526,0.040832344456785866,0.04104225603142791,0.041254138563554955,0.041468073030197825,0.041684141305244365,0.041902426708691425,0.042123014481644266,0.042345992209460094,0.04257145020961845,0.04279948189687215,0.043030184135415955,0.04326365758583586,0.04350000705321749,0.04373934184183327,0.043981776121180975,0.04422742930773197,0.04447642646651407,0.044728898736565124,0.04498498378432365,0.04524482628915896,0.045171373716487065,0.045099400428719356,0.04502877504836282,0.044959377701590954,0.044891098737471435,0.04482383761442894,0.04475750192904589,0.04469200656645287,0.044627272954948595,0.044563228410266935,0.044499805557196286,0.044436941818148425,0.04437457895984367,0.04431266269058908,0.04425114230171999,0.044189970347694014,0.04412910236010087,0.04406849659150377,0.044008113785582954,0.04394791697052227
2024-10-15,0.04371866870578695,0.04134464497024403,0.04020347256437714,0.03905285466256771,0.03860699425737474,0.038155534056374826,0.038166491246101275,0.03817470913839609,0.0381811008324032,0.03818621418760888,0.03837950183553548,0.038572718133127105,0.0387662476364539,0.03896037865834557,0.03914591457820342,0.03933241467331919,0.0395200197728189,0.03970885117514433,0.03989901631975925,0.040090612788037834,0.0402877797607319,0.0404865783973182,0.04068709553129441,0.040889415703438646,0.041093622227228385,0.041299798046809826,0.041508026444242806,0.04171839163680574,0.0419309792941806,0.042145876997692344,0.04236317465838555,0.042582964906880946,0.04280534346520339,0.04303040950879143,0.04325826602547716,0.04348902017721023,0.0437227836695923,0.043959673133812605,0.044199810525282976,0.044443323543123976,0.044373163386844605,0.044304348143037915,0.04423675670977114,0.0441702785780214,0.044104812652416926,0.044040266225964804,0.04397655408584,0.04391359773113141,0.043851324686559855,0.043789667898741155,0.04372856520367316,0.043667958855868064,0.04360779511099686,0.043548023855118155,0.043488598274571307,0.04342947456145966,0.04337061165036169,0.04331197098251054,0.043253516294190705,0.043195213426536226
2024-10-16,0.04371866870578695,0.04124572855253326,0.04005494140585109,0.03885436875832277,0.0384090511456177,0.03795797754800068,0.03796912527993255,0.037977486078881434,0.037983988922508344,0.037989191197409886,0.038209485164045966,0.0384298103297212,0.03865058669596412,0.038872131095609,0.03905700478388395,0.039242917433612676,0.03942999583278504,0.039618350320646915,0.039808079646078,0.03999927439899388,0.04019606696265657,0.040394514781078104,0.040594700757287015,0.04079670611363861,0.04100061133204313,0.04120649691542465,0.041414444019680315,0.04162453499159919,0.04183685383869986,0.04205148665033029,0.04226852198470694,0.04248805123325675,0.04271016897125139,0.04293497330202343,0.04316256620083795,0.043393053863634214,0.04362654706525971,0.043863161531432965,0.044103018328444814,0.04434624427451453,0.04426800661208706,0.044191110745480135,0.044115431328825394,0.0440408539699637,0.04396727401305237,0.043894595480235485,0.043822730148697454,0.04375159674336795,0.043681120228766974,0.043611231186121584,0.043541865264060974,0.04347296269299531,0.043404467854778084,0.043336328900495595,0.043268497410268454,0.043200928089823405,0.04313357849932966,0.043066408810615325,0.04299938158940578,0.042932461599674114
2024-10-17,0.044012160525229424,0.04163830926706565,0.04039728080943655,0.039146361975108526,0.038803241928579896,0.03845446487972878,0.038490717780693115,0.03852448202730159,0.03855664869454876,0.03858775367131626,0.03883453042116095,0.03908161557500947,0.039329436500059774,0.03957831929191092,0.03976238533984366,0.03994765714276384,0.04013423832039225,0.04032222147799855,0.04051169165178291,0.040702728752353076,0.0409055665173523,0.041110183281573856,0.04131666357125973,0.041525090916403974,0.041735548714571184,0.04194812093823611,0.042162892729559455,0.0423799509142758,0.04259938445796499,0.04282128488212878,0.0430457466533848,0.04327286755617787,0.043502749057339064,0.043735496669353814,0.04397122031816586,0.044210034720633076,0.04445205977628333,0.04469742097774155,0.044946249844073125,0.04519868438129115,0.04512641979018625,0.04505557916349171,0.04498603500372979,0.044917670964513295,0.04485038060894116,0.04478406633012022,0.0447186384096763,0.04465401419414083,0.044590117372383394,0.044526877339953315,0.04446422863841162,0.04440211045956799,0.04434046620606012,0.04427924310098176,0.0442183918403263,0.04415786628290389,0.04409762317313954,0.04403762189279358,0.04397782423818229,0.043918194219933655
2024-10-18,0.044012160525229424,0.04144049091790135,0.04025010368288608,0.0390496991701223,0.03860450092977539,0.03815348262232349,0.0382166248607268,0.038277129371120315,0.03833599917407953,0.0383938388998276,0.03864032261701295,0.03888714306334998,0.03913471843811747,0.039383368168768716,0.039586129957545416,0.03979019057932743,0.03999567344546062,0.04020268849829848,0.04041133641309652,0.0406217115790012,0.04082984078080672,0.041039850004489946,0.04125182129972511,0.04146583673868853,0.041681979114386924,0.04190033252370777,0.04212098286870266,0.04234401830037771,0.042569529622934754,0.04279761067201341,0.04302835867741219,0.0432618746186059,0.043498263579857976,0.04373763511066922,0.04398010359658309,0.04422578864489868,0.04447481548956695,0.0447273154194258,0.044983426233934386,0.04524329273068483,0.04516168376002114,0.04508154723670823,0.0450027475023456,0.044925160760058494,0.04484867375593833,0.044773182632758125,0.04469859193031755,0.044624813711046145,0.04455176679298269,0.04447937607511013,0.04440757194238177,0.04433628973972266,0.04426546930590785,0.04419505455956737,0.04412499313069462,0.044055236031981526,0.04398573736510045,0.04391645405772548,0.043847345627657124,0.04377837397089797
2024-10-21,0.04420779781385262,0.04193296603559652,0.04084149810689456,0.039740812087090294,0.03939629211864204,0.039046523973014884,0.03913423992831776,0.03921977903388089,0.03930405998228289,0.03938763893742324,0.03963352256927208,0.03987994889311123,0.040127301901258364,0.040375877197755185,0.04059748367657523,0.040820598484756075,0.04104535817719461,0.04127188563418816,0.04150029448092545,0.04173069223300603,0.041932520621139724,0.042136345653873634,0.04234223311518808,0.042550251415281536,0.042760471762797486,0.04297296834272176,0.04318781850206103,0.04340510294514547,0.043624905940249224,0.043847315539157945,0.04407242381131042,0.04430032709418664,0.04453112626170057,0.04476492701247568,0.04500184018003514,0.045241982067123244,0.0454854748065939,0.04573244675155593,0.04598303289775883,0.04623737534153841,0.04616312883446134,0.046090370998081706,0.046018968546758486,0.04594879983756073,0.04587975357352921,0.045811727676266345,0.04574462830264584,0.04567836898463587,0.045612869874658714,0.04554805708172309,0.04548386208588068,0.045420221220474746,0.04535707521323792,0.04529436877862145,0.045232050254847125,0.0451700712801018,0.04510838650307935,0.045046953323735005,0.0449857316606787,0.044924683742110755
2024-10-22,0.04420779781385262,0.04193296603559652,0.04089145797140397,0.03984092870628341,0.03959783800304672,0.03934994134626774,0.03941038396943947,0.03946888539988408,0.03952622068679796,0.039582857825693374,0.039856046602320096,0.04012990217217193,0.040404850695130286,0.040681222163952195,0.04086440761325757,0.0410490122912441,0.04123511207624434,0.04142277845670532,0.04161208026091382,0.04180308490142973,0.042006075316474115,0.04221096489945481,0.04241783294748008,0.04262675917355572,0.04283782432366727,0.0430511106970909,0.04326670259862339,0.043484686743560985,0.0437051526308725,0.04392819289628339,0.044153903654384506,0.04438238483705602,0.04461374053422462,0.04484807934209306,0.04508551472339384,0.04532616538384834,0.045570155668811715,0.045817615984019365,0.04606868324439816,0.04632350135505446,0.04624122284376065,0.046160411699285565,0.046080930997578366,0.046002655748520874,0.04592547156882649,0.04584927352835086,0.045773965144000936,0.04569945749973144,0.045625668474630496,0.04555252206397539,0.045479947780511766,0.04540788012517042,0.045336258118064195,0.04526502488196411,0.04519412727158867,0.04512351554299292,0.04505314305814482,0.044982966020455685,0.04491294323760348,0.044843035908477505
2024-10-23,0.044305609282266574,0.04222863712051014,0.04123641414289619,0.04023566812779721,0.040042933445388285,0.03984573188999304,0.03990540763126033,0.039963342882503694,0.04002024755210834,0.04007655061428966,0.040322560490586364,0.04056916564785223,0.04081674730737475,0.04106559952899069,0.04124948375049597,0.04143473580965095,0.0416214442331684,0.041809690514990415,0.041999551551662746,0.04219110138143171,0.04238850595534159,0.042587768559475866,0.042788965754479935,0.04299217450603924,0.04319747277492634,0.04340494001420937,0.04361465760108011,0.04382670922322789,0.04404118123452713,0.0442581629912294,0.044477747177355476,0.044700030126230875,0.044925112143884796,0.045153097839183816,0.04538409646500222,0.04561822227436734,0.0458555948953168,0.04609633972812976,0.04634058836862883,0.046588479061374394,0.04649847824826915,0.04640990338165748,0.04632261521784435,0.046236486627003415,0.04615140124871646,0.04606725232333133,0.0459839416729699,0.045901378810378334,0.045819480157373346,0.045738168357556716,0.045657371670375375,0.045577023435592084,0.04549706159888225,0.04541742829064789,0.04533806945128999,0.04525893449714596,0.04517997602211136,0.04510114953065258,0.04502241319849813,0.04494372765779169
2024-10-24,0.044305609282266574,0.042030832576687396,0.041139229664411685,0.04023919887876207,0.039994778409093164,0.03974596744116394,0.0397798787656294,0.039811898501581795,0.03984272097798249,0.039872764114857025,0.040119329036916965,0.04036637475991279,0.04061430620771866,0.04086343424383686,0.04102861164574663,0.04119501910219118,0.04136272940499825,0.041531809776721225,0.04170232380684264,0.04187433283351431,0.04206627762775002,0.04225994434989682,0.04245541279468542,0.04265276183254552,0.0428520702155264,0.04305341723669133,0.04325688328401131,0.04346255031833686,0.0436705022971648,0.043880825560443246,0.044093609190810505,0.04430894535793348,0.04452692965466953,0.04474766143139243,0.04497124413384654,0.04519778564921597,0.04542739866464537,0.045660201042173006,0.0458963162139017,0.04613587360121258,0.04604772769661197,0.04596093743091573,0.04587536918560848,0.045790900962151965,0.04570742109252328,0.04562482711838367,0.04554302481377911,0.04546192733045637,0.045381454448293994,0.045301531916147164,0.04522209087071172,0.04514306732291927,0.04506440170295874,0.044986038456338216,0.044907925684504815,0.04483001482446574,0.04475226036263378,0.04467461957877851,0.044597052316523604,0.044519520777303805
2024-10-25,0.04459901498953387,0.04242329850299132,0.0415314021812793,0.04063117613805661,0.04033573104633529,0.0400357293469821,0.040096271996139965,0.040154860846591554,0.04021227761109912,0.040268994371923036,0.04048824211032959,0.040707911228602865,0.040928358786808686,0.04114985786954872,0.041334646006505264,0.04152069668092066,0.04170811785306232,0.04189700617200345,0.0420874505393357,0.042279534638273795,0.042471291676405655,0.04266483465047894,0.04286023863442541,0.043057578751122295,0.043256930795734026,0.04345837175558176,0.0436619802564872,0.04386783695726489,0.04407602490836559,0.04428662988673361,0.044499740716183386,0.04471544958065596,0.044933852336346176,0.04515504882773131,0.045379143211870726,0.04560624429490849,0.04583646588444378,0.046069927161301184,0.046306753074210304,0.04654707476097529,0.046458162061065816,0.04637062505401836,0.04628432802530737,0.04619914705345085,0.04611496870118042,0.046031688877782015,0.04594921184713025,0.045867449360186545,0.04578631989419657,0.045705747983665425,0.04562566363052925,0.04554600178287786,0.04546670187318952,0.04538770740837778,0.04530896560507116,0.04523042706448466,0.04515204548203493,0.0450737773875187,0.04499558191224071,0.04491742057995914
2024-10-28,0.04410998156166263,0.04232963076940182,0.041536202491398465,0.04073562207656125,0.040591782470316765,0.04044431892358005,0.040502536290866385,0.04055938864030918,0.040615462843291004,0.040671114128877514,0.04088967557531001,0.04110881123881526,0.041328847703418305,0.041550036504253984,0.041715529998369964,0.041882272086362,0.04205033795694968,0.04221979695739474,0.042390714616419675,0.04256315408766113,0.04275561995333638,0.04294983983602271,0.04314589560285119,0.04334386817372063,0.043543838352715636,0.04374588750871211,0.04395009814744989,0.044156554405565644,0.04436534248897963,0.04457655107239487,0.04479027167270576,0.0450065990063047,0.04522563133827886,0.045447470830068816,0.045672223891160026,0.04590000153968674,0.0461309197763715,0.04636509997594648,0.046602669300074555,0.04684376113577714,0.04674625891053678,0.046650130938289326,0.04655523653994386,0.046461447265312185,0.046368645539207234,0.046276723484747165,0.046185581897491834,0.04609512934843308,0.04600528139744988,0.045915959901779824,0.045827092406482625,0.04573861160587426,0.045650454866573334,0.04556256380418823,0.04547488390683139,0.04538736419962097,0.04529995694514858,0.045212617375584116,0.04512530345267474,0.04503797565239376
2024-10-29,0.044012160525229424,0.04242958654357566,0.041535502535603126,0.04063418136564753,0.04049105217844134,0.040344066528844584,0.04042862689202016,0.04051183465316476,0.040594340649311826,0.04067654058514922,0.04086744196760907,0.04105887613254323,0.041251113941998,0.041444363618567,0.04162928910908955,0.04181548771519426,0.04200306825394275,0.042192128169424185,0.042382757120525784,0.04257503952742397,0.04276700635130298,0.04296077420854994,0.04315641889671122,0.04335401628084327,0.043553642922180884,0.04375537660279682,0.04395929677639923,0.04416548496709383,0.04437402513222924,0.04458500400148227,0.0447985114015658,0.04501464057398801,0.04523348849191537,0.04545515618122847,0.04567974905019775,0.04590737723177022,0.04613815594219277,0.04637220585956975,0.0466096535259357,0.04685063177650184,0.04674462664961362,0.04664000475773061,0.04653662053938987,0.04643434112118989,0.046333044916923104,0.046232620410185915,0.04613296509315865,0.04603398453879848,0.04593559158740347,0.04583770563155218,0.04574025198593106,0.045643161330637144,0.04554636921826455,0.04544981563651898,0.045353444619303955,0.045257203900229526,0.04516104460334291,0.04506492096659592,0.04496879009417182,0.04487261173430939
2024-10-30,0.04391433470408421,0.04233172241288439,0.04168749478018432,0.04103714940956863,0.04099376290976391,0.04094763373397885,0.04095187646550066,0.040955058514141975,0.04095753344086301,0.04095951338223984,0.04112427541721982,0.04128930243640628,0.04145486669598324,0.0416211743769689,0.04178838810358983,0.041956641043568416,0.04212604605828887,0.04229670182961678,0.042468697079007925,0.042642113548427577,0.04282317501991487,0.0430058442107806,0.0431901995568585,0.043376317898045635,0.043564275363772983,0.04375414808940208,0.043946012810043567,0.044139947365245326,0.04433603113902674,0.04453434545347988,0.044734973929750205,0.04493800282707075,0.04514352136827774,0.0453516220586207,0.04556240100352262,0.045775958230124515,0.045992398016877,0.04621182923506256,0.04643436570590229,0.04666012657679368,0.0465401158846713,0.04642138396653556,0.04630378521259199,0.04618718678955091,0.04607146723932587,0.045956515261524535,0.04584222865237144,0.04572851337726119,0.04561528275786206,0.04550245675774084,0.0453899613529928,0.04527772797643843,0.04516569302567315,0.04505379742669393,0.044941986246028194,0.04483020834529972,0.04471841607301496,0.04460656498907116,0.04449461361809568,0.04438252322824208
2024-10-31,0.043816504097759286,0.04223385349326372,0.041689569969674996,0.04113965048439383,0.04094229975356013,0.04074197010460051,0.04082572511480835,0.04090833972798383,0.040990396176441415,0.04107224908203308,0.04123576214624533,0.041399756579786604,0.04156445562786704,0.041730030503732383,0.04185858917629897,0.04198811357948002,0.04211865591552488,0.042250264219133735,0.04238298375794751,0.04251685802841609,0.04269284882706522,0.042870299971584654,0.043049296755331576,0.043229921080889994,0.04341225266473189,0.04359636999617137,0.04378235111671344,0.043970274267223206,0.04416021843748513,0.04435226384374334,0.044546492353469434,0.044742987872070955,0.044941836702986376,0.04514312789024415,0.045346953550838856,0.04555340920302522,0.04576259409572538,0.045974611543604,0.04618956927192488,0.04640757977502186,0.046289316887272496,0.046172264806147674,0.04605628319849896,0.045941244037503194,0.04582703025344717,0.04571353456149185,0.04560065844006968,0.04548831123795873,0.045376409391660946,0.04526487573764907,0.0451536389064675,0.045042632787672204,0.04493179605625611,0.04482107175259027,0.04471040690906866,0.044599752217615515,0.04448906173303233,0.04437829260785211,0.044267404854954354,0.04415636113469167
2024-11-01,0.04371866870578695,0.04233381447002674,0.04198876273405733,0.04163939969142071,0.0414909908517733,0.041340443013491705,0.041448808724436945,0.04155651101490057,0.041664048394430137,0.0417717279348684,0.04198881124292727,0.042206820712090885,0.04242601496064778,0.042646597590330175,0.04277329381530619,0.042901249360170965,0.04303047035004601,0.04316096923543182,0.04329276344476605,0.04342587445756075,0.043607622100510314,0.04379100047118825,0.043976091744883,0.044162976222640954,0.04435173329431849,0.044542442216299785,0.04473518275473754,0.04493003573089571,0.045127083495353666,0.0453264103509854,0.04552810293980063,0.04573225060529975,0.04593894573953375,0.04614828412229106,0.04636036525856556,0.04657529271955775,0.046793174491833484,0.0470141233388476,0.047238257178785416,0.04746569948255451,0.04734428302791619,0.047224162009665685,0.04710518759967404,0.04698722399683482,0.046870146998353776,0.04675384275848124,0.04663820670678538,0.046523142602714194,0.04640856170698852,0.04629438205347961,0.04618052780778787,0.04606692870085776,0.04595351952772277,0.045840239702940225,0.04572703286550104,0.045613846527028545,0.04550063175794645,0.04538734290702736,0.045273937350353705,0.04516037526624959
2024-11-04,0.04342513381129949,0.04204017898345207,0.04164510871177754,0.04124550861477278,0.040893488461640606,0.04053857307732401,0.04072751122650599,0.04091545630743735,0.04110323375007979,0.04129135636579726,0.04148016717395712,0.04166991085397257,0.041860772257726116,0.04205289845468187,0.042179742740818114,0.04230778857676876,0.04243704849402443,0.042567539757660346,0.04269928342890932,0.04283230372476344,0.04300147811153123,0.043172171447918836,0.043344452555743616,0.04351838914593855,0.04369404853946935,0.043871498252123026,0.04405080648068193,0.04423204251747188,0.04441527711303448,0.04460058280162667,0.044788034200692675,0.04497770829292074,0.04516968469768156,0.04536404593734145,0.04556087770300517,0.045760269123577266,0.04596231304156463,0.046167106298730776,0.04637475003452043,0.04658535000007667,0.046475648520849205,0.04636712769528157,0.0462596524645318,0.046153099538569616,0.04604735610183752,0.045942318688623106,0.04583789220288359,0.045733989061472115,0.04563052844315124,0.04552743562859662,0.04542464141891364,0.04532208162210845,0.04521969659854704,0.045117430857763555,0.04501523270008835,0.04491305389749817,0.04481084940887435,0.04470857712551841,0.044606197643334594,0.044503674058567186
2024-11-05,0.04342513381129949,0.04223802844863041,0.04184227050918369,0.04144231558035434,0.04103905772855607,0.04063282717994901,0.04077022200669204,0.04090628115679402,0.041041794827958444,0.041177247802436895,0.04134018343938569,0.04150370426393819,0.041668010467422155,0.04183325683533905,0.04190447122557014,0.04197649071078388,0.042049293597141456,0.042122866375584676,0.042197201681901525,0.04227229687351601,0.042444060957251846,0.0426170506390831,0.04279136882294589,0.04296711141390493,0.04314436920392228,0.04332322935176125,0.04350377656439169,0.0436860940567718,0.04387026434587234,0.044056369920122455,0.04424449381505541,0.044434720118480625,0.04462713442311452,0.04482182424066439,0.0450188793884654,0.045218392357633926,0.04542045867011927,0.04562517723087244,0.04583265068049854,0.0460429857531511,0.0459269534364942,0.04581204768100013,0.04569813481832721,0.04558509289483157,0.04547281038786962,0.04536118509050606,0.045250123139557764,0.04513953816608065,0.04502935055081625,0.044919486769910616,0.04480987881852084,0.04470046370182777,0.04459118298455427,0.044481982391405266,0.044372811451947144,0.04426362318436816,0.04415437381334027,0.04404502251785942,0.043935531205499444,0.04382586430998695
2024-11-06,0.04362082852769812,0.04263162092588201,0.042435149233088686,0.04223582751533927,0.04188134622388818,0.04152469312988416,0.041712926490239575,0.041900406024920345,0.04208788999537022,0.04227585143375107,0.04254654117896796,0.04281863769815227,0.04309243742235054,0.043368179681654954,0.04345458085241834,0.04354240126126776,0.04363155067822383,0.04372196378426798,0.043813593795793554,0.04390640800995679,0.0440766091609376,0.04424834544909544,0.044421692217914345,0.044596723048537186,0.04477351063795086,0.04495212750672232,0.045132646582868814,0.04531514169534579,0.04549968800162429,0.04568636236754433,0.0458752437131947,0.046066413335409784,0.04625995521520579,0.04645595631684268,0.046654506884020196,0.04685570073787144,0.04705963558082214,0.04726641330997785,0.04747614034344153,0.04768892796282323,0.04756913626463763,0.0474505480387858,0.047333020137499716,0.047216421906287505,0.04710063381460559,0.04698554626625528,0.04687105856275341,0.0467570779973829,0.046643519061267964,0.04653030274580159,0.046417355928209766,0.046304610829068185,0.046192004532273304,0.04607947855937535,0.04596697849135521,0.04585445363191377,0.04574185670717245,0.04562914359738514,0.04551627309685599,0.04540320669876256
2024-11-07,0.043522983563025495,0.042335906940951684,0.04199014581802374,0.04164042790062875,0.04123666395330004,0.040830073875760854,0.040941272497719984,0.04105108073702739,0.041160235837640155,0.0412691879726859,0.041487143188638186,0.04170583091517547,0.04192554840977106,0.042146526592079896,0.04225463669527242,0.0423638427799473,0.04247414083018225,0.042585533732926284,0.04269802969513607,0.04281164114707218,0.042993993662046065,0.04317785439837687,0.04336331631927531,0.043550468450001635,0.043739397236770464,0.04393018762770392,0.044122923950589095,0.044317690641077975,0.04451457286043,0.04471365703174675,0.04491503131647469,0.04511878604782889,0.045325014134098715,0.04553381144212163,0.0457452771692664,0.04595951421085537,0.04617662952893888,0.046396734527616716,0.04661994543961254,0.04684638372849967,0.046734736062281235,0.04662434724984111,0.046515076269313865,0.04640679440009086,0.04629938386941998,0.046192736676436925,0.04608675356721971,0.04598134313885816,0.045876421054122596,0.04577190935126127,0.045667735835882066,0.04556383354387923,0.04546014026603139,0.04535659812628407,0.045253153206890974,0.045149755214561126,0.04504635718257968,0.04494291520456239,0.044839388196090665,0.04473573768097339
2024-11-08,0.04371866870578695,0.04272948504743506,0.04243303601694196,0.04213320638790595,0.04172868132160137,0.04132152877346206,0.04138044104033217,0.0414378304804299,0.0414943397521644,0.04155035767454434,0.041687818444121554,0.04182548948222064,0.041963598881229296,0.04210231864619433,0.04219422293881602,0.042286798447964735,0.042380081475180575,0.04247410488441469,0.042568899175816265,0.042664493245029855,0.04283043247236823,0.04299757338082393,0.043166013938845664,0.04333584552046666,0.04350715468569524,0.04368002457757518,0.043854536037286854,0.04403076850986793,0.0442088007932919,0.04438871166977196,0.044570580448335416,0.04475448744067319,0.044940514387174176,0.04512874484633115,0.045319264557968926,0.045512161788722826,0.045707527666698215,0.04590545651113688,0.04610604616210535,0.04630939831463839,0.04619382027953755,0.046079330601107894,0.04596579754383933,0.04585310089558221,0.04574113070523525,0.04562978618607598,0.04551897476007609,0.04540861122265255,0.045298617010658855,0.04518891955917072,0.04507945173488447,0.04497015133581969,0.04486096064857122,0.04475182605565138,0.04464269768654622,0.044533529107018785,0.04442427704195768,0.044314901127715814,0.044205363690432285,0.044095629547295415
2024-11-12,0.044012160525229424,0.043319781134353065,0.04312228348887728,0.042922429678128926,0.04266968116982255,0.04241513012328391,0.04249787057257081,0.04257977003740759,0.04266132003873957,0.04274282112085824,0.042906401238320124,0.043070571362291164,0.04323554484078099,0.04340148648746155,0.04349206503972774,0.04358354188250546,0.04367591906860969,0.04376920307015861,0.043863403796312275,0.04395853391396519,0.04411841939131452,0.044279587473152034,0.04444212407567585,0.04460611044353475,0.0447716245413579,0.04493874215136392,0.04510753775521313,0.04527808525610132,0.04545045858182367,0.04562473219886751,0.045800981560037986,0.045979283502713714,0.046159716610918375,0.04634236155154448,0.04652730139297518,0.046714621912812296,0.046904411900287574,0.04709676345810748,0.04729177230788468,0.04748953810289218,0.04736429276680803,0.04724013180798357,0.047116917143787414,0.046994522790854205,0.046872833544980556,0.04675174383444106,0.046631156720906834,0.04651098302644981,0.0463911405686268,0.04627155348851588,0.046152151658948704,0.046032870162141824,0.04591364882755799,0.04579443182218371,0.045675167286543535,0.045555807010723336,0.04543630614547525,0.04531662294415478,0.04519671853181339,0.045076556698257435
2024-11-13,0.043522983563025495,0.0426326747048318,0.04243584835114191,0.042236349249551094,0.04213704847909681,0.04203641495151588,0.04216948567682197,0.04230236604233466,0.04243547704270474,0.042569082440645174,0.04278532217639161,0.04300270550372819,0.04322145057282692,0.043441732536317855,0.04354885675567961,0.043657273756870243,0.04376695183185735,0.04387787263537326,0.043990027917396035,0.04410341724808125,0.04427372974820721,0.04444558751818808,0.0446190661741982,0.04479423960578826,0.044971180851982526,0.045149962807780906,0.04533065880746019,0.045513343118026066,0.04569809136719662,0.04588498092403938,0.04607409124597025,0.04626550420267743,0.04645930438527583,0.0466555794073726,0.04685442020355245,0.04705592132995346,0.04726018127101465,0.04746730275607564,0.04767739308925434,0.04789056449589318,0.04777879599011645,0.04766823178890022,0.04755873206720135,0.047450169133603996,0.04734242609574911,0.04723539570082667,0.04712897932507859,0.04702308609060147,0.04691763209128117,0.0468125397125983,0.046707737032435095,0.04660315729199376,0.04649873842757836,0.04639442265536104,0.046290156102398325,0.046185888478122994,0.046081572781346634,0.04597716503849068,0.045872624069342484,0.045767911277125574
2024-11-14,0.043816504097759286,0.043124091199152566,0.04302657842939248,0.04292726299784167,0.04272460541415658,0.04252063741612064,0.04257621065028288,0.04263111775685998,0.04268572011269133,0.04274023792975572,0.042904042777620305,0.043068399959583586,0.043233531510224237,0.04339960844760843,0.04349030768064156,0.04358189001996824,0.04367436019513751,0.04376772676006903,0.043862001267348016,0.043957197698507575,0.04411096401175062,0.044265972851213926,0.04442230409943056,0.04458003340957379,0.04473923347557947,0.04489997503400973,0.045062327668971176,0.04522636047117262,0.04539214258827336,0.04555974369393286,0.04572923439607967,0.04590068659997806,0.04607417383810132,0.04624977157621544,0.04642755750316654,0.04660761181045659,0.04679001746665594,0.04697486049093948,0.04716223022948247,0.04735221963806262,0.0472364819765942,0.04712177505939915,0.04700796839340921,0.04689494283739723,0.046782589359233365,0.04667080795633289,0.046559506715006214,0.04644860098846953,0.0463380126765766,0.04622766959304212,0.04611750490815638,0.04600745665683625,0.04589746730338785,0.04578748335563266,0.04567745502211505,0.04556733590700518,0.04545708273806473,0.04534665512367962,0.04523601533550375,0.0451251281137163
2024-11-15,0.04391433470408421,0.042925198925632096,0.0427787453752494,0.04262969116365038,0.042427865331729285,0.042224468586690135,0.04230646618152466,0.042387803308506916,0.042468910247157515,0.04255005075515948,0.04271330146604465,0.042877183247983286,0.04304189818573392,0.043207602967833006,0.043336209486890015,0.04346587350019888,0.04359664048739766,0.043728553676001085,0.04386165496011534,0.04399598556043696,0.04415425664449922,0.044313961255031814,0.044475165771578215,0.04463793516519321,0.044802333737769734,0.04496842571798269,0.04513627575298801,0.04530594932399929,0.04547751310628642,0.0456510352888514,0.04582658586530435,0.04600423690479999,0.046184062809981594,0.046366140567498264,0.04655054999566055,0.046737373993082275,0.046926698791641956,0.047118614216745416,0.04731321395763592,0.04751059585036417,0.04740144053258531,0.04729338662678172,0.04718630226540368,0.04708006700660406,0.04697457057819068,0.04686971178637278,0.04676539756477805,0.04666154214330285,0.046558066319693656,0.04645489681949375,0.04635196573224068,0.0462492100136633,0.04614657104517285,0.04604399424323081,0.04594142871225427,0.04583882693562296,0.04573614450011373,0.0456333398497317,0.04553037406545152,0.04542721066784561
2024-11-18,0.04391433470408421,0.04282628591990661,0.04263018613646181,0.04243104501410333,0.04222982296490961,0.04202683991992676,0.042109075376210926,0.04219058547772439,0.04227182105928075,0.04235305817002827,0.042543641132714,0.04273495025722024,0.04292722954805098,0.043120668846721645,0.04324854203660562,0.04337755871256046,0.04350774856996493,0.04363914253213337,0.04377177275175768,0.043905672628724454,0.04406972288149378,0.04423526967154883,0.044402381841081355,0.04457112695717175,0.04474157205665673,0.04491378424867323,0.04508783121394132,0.04526378162887542,0.04544170553506405,0.04562167466939435,0.045803762766384856,0.04598804584164342,0.04617460246347101,0.04636351401826457,0.046554864974387884,0.046748743148476456,0.04694523997764659,0.04714445080074376,0.04734647515155182,0.047551417066771816,0.04744950532837611,0.04734874470126084,0.04724900396591659,0.04715016324003105,0.04705211272756156,0.04695475163178107,0.04685798720789759,0.04676173393491359,0.04666591278971041,0.04657045060906546,0.046475279527550394,0.046380336481112554,0.046285562767679984,0.04619090365741281,0.04609630804629534,0.0460017281476638,0.04590711921702167,0.04581243930613463,0.045717649042939595,0.04562271143426318
2024-11-19,0.04391433470408421,0.042925198925632096,0.042578774739176845,0.04222869673390208,0.042079884107319165,0.04192904229126515,0.041959088646130856,0.04198822950594025,0.042016834391010754,0.0420451264762884,0.04223681629494359,0.04242902174547339,0.04262203221972572,0.04281606983262258,0.04294451271208387,0.04307400755768836,0.043204598287949404,0.04333632680220029,0.04346923383195339,0.04360335955337576,0.04376137068739309,0.043920801591036555,0.04408171750984261,0.044244182324121306,0.04440825927083589,0.04457401152549897,0.04474150268228856,0.044910797159835154,0.04508196055273,0.04525505994364381,0.04543016418729924,0.045607344174941014,0.045786673086079505,0.04596822663293312,0.04615208330201889,0.046338324596636414,0.04652703528348979,0.04671830364634446,0.04691222174938627,0.047108885712815796,0.04700867111637709,0.046909549632965376,0.04681139499814166,0.04671409185463378,0.04661753454917214,0.046521626087042314,0.04642627722088469,0.046331405654183595,0.04623693534307965,0.046142795882758214,0.0460489219668219,0.045955252909838054,0.045861732224732145,0.045768307247930504,0.04567492880618833,0.04558155091990248,0.04548813053843981,0.04539462730362442,0.04530100333805186,0.04520722305533875
2024-11-20,0.04391433470408421,0.04322193856016209,0.04292444484455022,0.042624072343260794,0.042372328638861353,0.04211846844670459,0.04217551518981444,0.042231520050370404,0.04228696822414978,0.04234215415990818,0.0425063894256109,0.0426710765773416,0.04283645722543665,0.043002716209723055,0.04313181854048931,0.0432619026982121,0.043393026224008584,0.04352524166850906,0.04365859822811,0.04379314290705853,0.04393921363398833,0.04408661706722676,0.04423540898602125,0.04438564435064254,0.04453737785538471,0.04469066437633798,0.04484555934277554,0.04500211905288525,0.04516040094899377,0.04532046386353758,0.04548236824428504,0.04564617636535352,0.04581195252915655,0.04597976326339709,0.04614967751648754,0.04632176685424551,0.04649610566033637,0.04667277134267125,0.04685184454779457,0.04703340938519237,0.04695178182718161,0.04687116257698937,0.046791440327435235,0.046712513309660635,0.04663428823438658,0.04655667937174377,0.0464796077490551,0.046403000449387256,0.04632678999649481,0.04625091381407873,0.046175313749177764,0.04609993565107606,0.04602472899841201,0.045949646568256064,0.04587464414183269,0.04579968024232105,0.045724715900810405,0.04564971444702717,0.04557464132190811,0.04549946390948534
2024-11-21,0.044012160525229424,0.04341869215926628,0.043170841925544316,0.04292054369580879,0.04271925695354508,0.042516203313988254,0.04252021291928696,0.04252322012326105,0.0425255590596853,0.04252743020882469,0.04269264852255347,0.04285816807162946,0.04302426699503488,0.04319115630315461,0.04332080363586393,0.04345137711600417,0.04358294536281576,0.04371556959968133,0.04384930592637306,0.04398420692651893,0.04413062353361321,0.044278358153285007,0.04442746980935448,0.04457801623082613,0.04473005450385755,0.04488364159592438,0.04503883478689809,0.04519569203196466,0.04535427227457505,0.045514635722914316,0.045676844100053515,0.045840960875576084,0.04600705148476097,0.04617518354016737,0.04634542703956679,0.04651785457351479,0.046692541535385546,0.04686956633636019,0.04704901062763242,0.04723095953195225,0.047149155202746575,0.04706835954526514,0.04698846087334006,0.04690935706435846,0.046830954497632644,0.04675316713172608,0.04667591570005868,0.046599127007561005,0.04652273331396092,0.04644667179159196,0.04637088404751341,0.04629531570130242,0.04621991601118229,0.04614463754223857,0.046069435871382444,0.045994269324484575,0.04591909874174382,0.045843887267898696,0.045768600164348604,0.04569320464064265
2024-11-22,0.04410998156166263,0.04371434513105845,0.04346577983589275,0.04321511377721015,0.04296251486268583,0.04270804302637631,0.042660424245527746,0.042611496346713636,0.04256156293124844,0.04251080426266203,0.04265018984796979,0.042789522035725856,0.04292909711849005,0.04306913613142514,0.0431811919445846,0.043293902330713445,0.04340734643129013,0.04352159204018945,0.04363669883502488,0.04375272065105584,0.04390671600927273,0.04406191421235546,0.04421839888225577,0.04437624871757112,0.04453553889826118,0.04469634219075018,0.0448587298328326,0.04502277225525468,0.04518853968130967,0.045356102634926704,0.04552553238004391,0.04569690130854675,0.04587028329006613,0.04604575399401949,0.046223391192139314,0.046403275048154335,0.04658548840012057,0.04677011704003888,0.046957249994767074,0.04714697981178288,0.04706487537374448,0.04698379736354011,0.04690363302461504,0.04682427926588883,0.04674564158884934,0.046667633155070457,0.04659017397325736,0.04651319018840794,0.04643661345851965,0.04636038040660446,0.0462844321376928,0.04620871381209571,0.046133174267511706,0.04605776568366392,0.04598244328407014,0.045907165070320735,0.04583189158488739,0.04575658569903399,0.0456812124228663,0.04560573873495096
2024-11-25,0.04410998156166263,0.04321980197287456,0.0424231726533976,0.041620893056179345,0.041629318276916724,0.04163493509074161,0.0415346809933621,0.041433118510353785,0.04133043319338078,0.04122673432621565,0.04133952296427909,0.04145197886062321,0.04156439377932878,0.041676982624320826,0.04178990929840302,0.0419033028760841,0.042017268079238196,0.042131892271775113,0.04224725025640813,0.04236340764341534,0.04251716837027866,0.04267202677874641,0.042828070442529766,0.04298538087755006,0.04314403514546055,0.04330410710972072,0.04346566843587944,0.043628789401667145,0.04379353956453812,0.04395998832174773,0.044128205389151416,0.044298261218533926,0.04447022736865418,0.044644176841811274,0.044820184395246015,0.04499832683484513,0.04517868329724341,0.045361335525395494,0.04554636814193317,0.04573386892406786,0.045645611984521696,0.04555833852137324,0.045471936846265826,0.045386304900792894,0.04530134919136471,0.04521698386357226,0.045133129895289184,0.0450497143912122,0.04496666996436502,0.0448839341924056,0.04480144913848537,0.04471916092798425,0.04463701937375563,0.044554977643605935,0.04447299196464578,0.044391021359915454,0.04430902741333203,0.04422697405955028,0.044144827395790905,0.04406255551308168
2024-11-26,0.044012160525229424,0.043220870213695625,0.04242387121185018,0.04162140657578423,0.04162972909260061,0.041635277437144874,0.04153497364364867,0.041433373874531346,0.04133065954463918,0.04122693745565621,0.04142130216194829,0.04161566771140665,0.041810433822076644,0.04200590102968442,0.042116696587889996,0.04222824420626829,0.0423405999469322,0.04245381339818746,0.04256792961056042,0.042682990463244155,0.04283585939957148,0.04298993634419345,0.043145296633758996,0.043302011690450254,0.04346015020293044,0.043619779057782554,0.043780964087739585,0.04394377068419608,0.044108264308534276,0.04427451092773774,0.044442577393354894,0.04461253177828006,0.04478444368249714,0.044958384516506945,0.04513442776937816,0.04531264926704984,0.04549312742554435,0.04567594350303751,0.04586118185421468,0.046048930189972734,0.04595989260172406,0.0458718614855316,0.045784722965007685,0.04569837297885599,0.04561271619511675,0.04552766506761263,0.04544313901343474,0.04535906369383366,0.04527537038376043,0.04519199541766237,0.04510887970108313,0.045025968279223526,0.04494320995495418,0.04486055694988363,0.044777964603014656,0.044695391102302924,0.04461279724508838,0.044530146223926044,0.04444740343481224,0.04436453630520274
2024-11-27,0.043816504097759286,0.042926259883756,0.04217959049108316,0.04142753436960956,0.04133340531652526,0.04123624246118857,0.04108494025948667,0.040931952445802056,0.040777479979197985,0.04062164268915237,0.040790118612426006,0.04095821592492605,0.04112635263882863,0.041294838927079254,0.041444943034554795,0.041595741211739055,0.04174736723764815,0.0418999341347874,0.04205354001449637,0.04220827218925706,0.04236625238364253,0.04252552321703446,0.04268615660112992,0.04284822147187516,0.043011784803555095,0.04317691241335475,0.04334366961245011,0.0435121217438133,0.043682334635987204,0.04385437499444714,0.0440283107467647,0.044204211353921996,0.04438214809733437,0.0445621943491055,0.044744425831553816,0.044928920870958414,0.04511576064967554,0.0453050294601982,0.04549681496431995,0.04569120846028049,0.045601556311393586,0.045512956188885026,0.04542529178038619,0.04533845682854984,0.0452523540187347,0.04516689401233787,0.045081994604099694,0.04499757998531795,0.04491358009785722,0.044829930066257136,0.044746569697234874,0.04466344303752339,0.0445804979823543,0.044497685928033034,0.04441496146300651,0.04433228209262339,0.044249607993459915,0.044166901793652805,0.04408412837616308,0.0440012547023038
2024-11-29,0.04371866870578695,0.042531649556465705,0.041686089924062246,0.04083421727179011,0.040690244392603915,0.04054268785998192,0.04041865350853439,0.04029272273906197,0.04016522854008419,0.040036369359611426,0.04017728385488238,0.04031774284687501,0.04045811700889289,0.04059867972609954,0.040749100946101555,0.04090012436930565,0.04105189497232997,0.04120453426347702,0.04135814682941097,0.041512824937611645,0.04167068680646061,0.04182978504428144,0.04199019365054111,0.042151983059893545,0.04231522125978695,0.04247997467365591,0.04264630887212525,0.04281428915695211,0.042983981050242044,0.04315545071295262,0.04332876531066785,0.04350399334030724,0.04368120492831162,0.04386047210857068,0.044041869086687536,0.044225472495947715,0.04441136164945383,0.044599618792226924,0.044790329356595146,0.04498358222385511,0.04488690803235898,0.04479126595170408,0.04469653844830116,0.04460261820342039,0.044509406986916994,0.04441681467851832,0.04432475841470962,0.04423316184291632,0.0441419544676675,0.04405107107587566,0.04396045123038539,0.04387003882261138,0.04377978167647122,0.043689631196972986,0.043599542057781646,0.0435094719228995,0.04341938119827707,0.04332923280974705,0.0432389920041625,0.04314862617103518
2024-12-02,0.043816504097759286,0.042530598482922524,0.04188531153176874,0.041234418510647936,0.04093569703583013,0.040633460381168586,0.04056251114804594,0.040489541321582244,0.040415039057725755,0.04033929533288948,0.040479516001516426,0.0406194147841577,0.040759333719260674,0.04089952582966372,0.04101177366717023,0.04112452973516595,0.04123788724654593,0.04135192443491037,0.04146670871653638,0.041582299614274565,0.04174146232364789,0.04190174914552719,0.04206324931713224,0.04222604600016979,0.042390217902299555,0.042555840548029904,0.042722987291593566,0.04289173013804899,0.04306214042072577,0.043234289370456695,0.04340824860306023,0.04358409054509917,0.04376188881327804,0.043941718559432616,0.04412365679055389,0.044307782671428764,0.04449417781609875,0.044682926573311646,0.04487411631038254,0.045067837699327956,0.0449633445482755,0.044859867980854944,0.04475728766742116,0.044655493775576975,0.04455438581666845,0.04445387164351748,0.04435386657688035,0.04425429264187144,0.044155077898653715,0.04405615585420832,0.043957464944063385,0.04385894807457164,0.04376055221774623,0.04366222805184625,0.043563929641893415,0.043465614155130394,0.043367241607131075,0.04326877463486322,0.04317017829350421,0.04307141987423562
2024-12-03,0.043522983563025495,0.042236984554963906,0.04174161203474625,0.041241377121575364,0.041043246651111386,0.04084239144287617,0.04079558942952236,0.040747308012020776,0.04069791424542593,0.040647626694017176,0.04081384615500638,0.04098006525307268,0.04114661478173013,0.04131374261774504,0.04142470914295135,0.041536367410789116,0.041648780399990766,0.041762002919395615,0.0418760839824392,0.041991068480068616,0.04214981114297214,0.04230975447757228,0.04247098062744994,0.04263356698243156,0.04279758754396572,0.04296311399960309,0.043130216583708,0.04329896477963407,0.04346942790351384,0.043641675599265115,0.04381577826695252,0.04399180744129034,0.04416983613320346,0.04434993914453557,0.04453219336391717,0.044716678050272934,0.04490347510931392,0.045092669367525415,0.04528434884755012,0.04547860504842945,0.04537324633856217,0.04526892284341018,0.045165512023090805,0.0450629020169449,0.04496099046992617,0.044859683512878855,0.0447588948737982,0.044658545100985235,0.044558560882122615,0.044458874445853176,0.044359423034546853,0.0442601484386809,0.04416099658470295,0.04406191716944932,0.04396286333519816,0.04386379138028039,0.04376466050088406,0.043665432560287216,0.04356607188226403,0.04346654506584159
2024-12-04,0.04332727927205277,0.0418433639265103,0.04134865763974206,0.04084878304757957,0.04065084343992921,0.04045013741257554,0.04040340146458703,0.04035517669396238,0.04030583469488383,0.04025559680160511,0.04042168476077881,0.04058776639567561,0.04075417035486896,0.040921142831608893,0.041032014638643026,0.04114356804773698,0.04125586571677338,0.04136896211584922,0.04148290590207912,0.04159774159247885,0.041750135520822414,0.04190368287093229,0.04205845856993507,0.0422145333370434,0.04237197490202646,0.04253084896405276,0.04269121995970906,0.04285315168946332,0.04301670783837924,0.04318195241747762,0.043348950145476475,0.04351776678586484,0.043688469450808065,0.04386112688085682,0.04403580970757474,0.04421259070482688,0.044391545033454355,0.044572750483308464,0.04475628771606645,0.044942240511852256,0.04483858339531577,0.04473590980105381,0.04463410194400524,0.044533052309481944,0.04443266252482659,0.044332842379018286,0.044233508968204355,0.04413458594880585,0.044036002882839397,0.043937694662554885,0.04383960100351081,0.043741665996881555,0.04364383771317967,0.04354606785073289,0.043448311423223515,0.0433505264814095,0.04325267386483052,0.043154716979879916,0.043056621601112725,0.04295835569307594
2024-12-05,0.04332727927205277,0.0418433639265103,0.04144862332548376,0.041049198954280386,0.04079931118540257,0.04054679851525545,0.04047421925796906,0.04040002922037277,0.04032458047314372,0.040248082358451356,0.0403876806255025,0.04052705541298133,0.04066652533611108,0.040806326657156965,0.04089930035024768,0.04099275098253622,0.0410867434138665,0.041181332483848546,0.04127656580697238,0.041372485736244344,0.04152599585419446,0.041680537351199455,0.04183619961885967,0.04199306536123828,0.04215121230525697,0.042310714537669006,0.04247164356689304,0.04263406918003166,0.04279806014612573,0.042963684803217855,0.04313101155724616,0.04330010931393818,0.04347104785990788,0.04364389820552252,0.043818732899423764,0.043995626322595294,0.044174654968383076,0.04435589771376427,0.044539436086332325,0.04472535453085306,0.044622439710406914,0.04452048482676791,0.04441937419584668,0.04431900222208514,0.044219272290252604,0.044120095802548845,0.04402139133938571,0.04392308392582156,0.04382510438856568,0.043727388790882005,0.04362987793470774,0.04353251692094585,0.04343525476025362,0.04333804402778564,0.04324084055630088,0.043143603162839654,0.04304629340484914,0.042948875362202425,0.04285131544203754,0.04275358220375073
2024-12-06,0.04293581323048202,0.041451754111601666,0.04100698327526955,0.040557332043382535,0.04030791546518087,0.04005575124446468,0.040009377431373894,0.03996143139381211,0.03991231392370844,0.0398622639199104,0.040028326897765316,0.040194359788777695,0.0403606932137609,0.040527574624797294,0.04063840866921688,0.04074990705909885,0.040862133395760496,0.040975142794895704,0.041088984335428624,0.041203702783984233,0.041361986788560054,0.0415214398571407,0.04168214260525695,0.04184417087737599,0.04200759709964868,0.04217249134355449,0.04233892217701308,0.0425069573577895,0.042676664409036925,0.04284811110634781,0.043021365898266155,0.04319649827689808,0.043373579111409696,0.0435526809543908,0.043733878328995446,0.04391724800324373,0.044102869256736336,0.04429082414419902,0.044481197759659225,0.04467407850461578,0.04458613383666771,0.04449920512067464,0.044413180446140885,0.044327957601621226,0.04424344300211313,0.04415955075687399,0.04407620185676328,0.04399332346369258,0.04391084828761062,0.043828714038781275,0.04374686294503253,0.043665241325242445,0.043583799211645645,0.04350249001464316,0.04342127022471552,0.043340099146811174,0.043258938663230925,0.043177753021577094,0.043096508644801655,0.04301517396078139
2024-12-09,0.04293581323048202,0.041550690683496046,0.04120555137113054,0.040856182318650354,0.04065673176369688,0.040455017930322405,0.04040757899250307,0.04035882687810181,0.040309074631187165,0.04025850845593744,0.0404243436596413,0.04059021490795325,0.040756441079743584,0.040923261390221226,0.04105295065028818,0.04118341122611102,0.041314724604714304,0.04144696137881102,0.04158018440603153,0.04171445103521079,0.04187222181119369,0.0420312560878534,0.04219162575687058,0.04235339956525167,0.0425166441529802,0.04268142487498768,0.04284780646503756,0.04301585358279824,0.04318563127414478,0.04335720536687464,0.04353064281846758,0.04370601202854137,0.043883383125781945,0.04406282823703301,0.04424442174469682,0.0444282405374721,0.04461436425862892,0.044802875555418425,0.04499386033278419,0.045187408014241905,0.04509848593280366,0.04501060364808864,0.044923646648109036,0.044837510334637974,0.044752098926674304,0.044667324507474855,0.04458310619378735,0.0444993694094778,0.04441604524865429,0.044333069915770545,0.04425038423215797,0.044167933200056256,0.04408566561656102,0.044003533731029165,0.04392149294042259,0.04383950151785795,0.043757520370294435,0.04367551282185218,0.04359344441972834,0.04351128276008228
2024-12-10,0.043033686924499215,0.04174753220010761,0.041402064905259335,0.04105252233276093,0.0406999302295585,0.04034465231672905,0.04037707289563442,0.04040798000586095,0.04043794299304941,0.04046730482460469,0.04063209681577931,0.04079711371933465,0.04096263262204257,0.04112886296451986,0.04125802456420886,0.04138803697314086,0.04151896891036096,0.041650881092560654,0.04178382863511617,0.04191786274781465,0.04207546492936204,0.04223436502360761,0.04239463187656449,0.04255633176678513,0.042719529331693123,0.04288428830421192,0.043050672110572466,0.04321874436578491,0.04338856929334634,0.04356021208883081,0.04373373924210956,0.043909218829445554,0.04408672078417721,0.04426631715286695,0.044448082342446,0.04463209336290309,0.044818430069346535,0.04500717540675137,0.04519841566033526,0.04539224071425893,0.04530293935869931,0.04521468673645003,0.04512736733308561,0.04504087563018905,0.04495511499964685,0.04486999674271646,0.04478543925232027,0.04470136728061116,0.04461771129678557,0.0445344069225245,0.04445139443442089,0.044368618324389944,0.04428602691041656,0.04420357199112727,0.04412120853862013,0.04403889442478155,0.04395659017698728,0.043874258759651036,0.043791865378562646,0.04370937730536449
2024-12-11,0.04274005147238504,0.04165168651069012,0.04135550020752079,0.04105584659201322,0.040753577917405845,0.04044899111633913,0.040558620099457425,0.04066723734156235,0.0407754510421059,0.04088363383838869,0.04107365461304767,0.04126437235246649,0.041456022139910696,0.04164878673575035,0.04175723577395052,0.04186671034717352,0.041977216195153134,0.04208876367799538,0.042201366788287925,0.042315042470549055,0.042484982943568755,0.042656319886366534,0.042829134099271436,0.04300350307636861,0.043179502153261204,0.04335720541931441,0.04353668645758675,0.0437180189577812,0.04390127723524022,0.04408653668041456,0.044273874157157125,0.04446336836384834,0.04465510016822581,0.04484915292451416,0.04504561277979164,0.04524456897531831,0.045446114147671406,0.04565034463390387,0.04585736078450224,0.04606726728763055,0.04598343404766744,0.045900753389870465,0.045819105783100396,0.04573838203120926,0.045658482126253744,0.045579314251730084,0.04550079391350306,0.04542284317982307,0.04534539001486305,0.045268367692697736,0.04519171428069974,0.045115372183022126,0.04503928773624648,0.04496341085044831,0.044887694689912834,0.04481209538855859,0.04473657179581901,0.04466108524931871,0.04458559937117707,0.044510079885194405
2024-12-12,0.0426421634073676,0.041751660502674176,0.04155477068415301,0.04135526418553599,0.04115387044061896,0.04095083314562309,0.04105884102072157,0.041166260765366905,0.041273562944030256,0.04138103775059562,0.04157060105772326,0.041760979179893486,0.041952385226064766,0.04214498649498098,0.04227224066042521,0.04240065115576044,0.04253023910582766,0.04266102848659084,0.04279304568452737,0.042926319204089514,0.043101896215809544,0.0432790145071202,0.04345775212645055,0.04363818510583208,0.04382038840110683,0.04400443664822422,0.044190404785773886,0.04437836857979199,0.044568405077170185,0.044760593007224805,0.04495501314620294,0.045151748656098,0.04535088540669783,0.04555251228802716,0.045756721519070676,0.04596360895775056,0.04617327441648627,0.046385821987222284,0.0466013603795246,0.04682000327518897,0.0467339536070997,0.04664913195309649,0.04656541227510993,0.0464826794306416,0.046400827963451685,0.04631976105244804,0.04623938959523222,0.046159631406682895,0.04608041051615986,0.046001656549538555,0.045923304184448774,0.0458452926688792,0.04576756539479477,0.045690069519651114,0.045612755629725464,0.045535577440051475,0.04545849152647727,0.045381457085983457,0.04530443572192158,0.0452273912512783
2024-12-13,0.04274005147238504,0.04194851210005734,0.042001280171057975,0.0420529425317038,0.04184900009174602,0.041644224468308906,0.04175122481475461,0.041857914231532505,0.04196467588513411,0.04207174772597496,0.04228843129391177,0.042506136536419686,0.042725103666771215,0.042945523310617906,0.04307201016941031,0.04319980237241447,0.04332889983238052,0.04345931025335615,0.0435910474020023,0.04372412991414037,0.043893589329710894,0.04406463287208296,0.044237327970765586,0.04441174153437738,0.04458794057571438,0.0447659927244263,0.04494596665880134,0.04512793247936652,0.04531196204096849,0.04549812925579216,0.045686510376813524,0.04587718426908225,0.046070232674730524,0.04626574047653545,0.04646379596410244,0.046664491106206824,0.046867921832471814,0.04707418832733506,0.04728339533913322,0.04749565250709855,0.047401047254068206,0.04730764760187402,0.04721532313792739,0.04712395470590789,0.04703343315966682,0.04694365828031072,0.04685453783218301,0.04676598673750812,0.04667792635276636,0.04659028383257665,0.046502991569095195,0.04641598669678236,0.04632921065392204,0.046242608793553006,0.04615613003753985,0.04606972656840576,0.045983353554304454,0.045896968903145,0.04581053304242308,0.045724008721771466
2024-12-16,0.04254427055107957,0.041950586651733554,0.04200266490640389,0.04205398238612631,0.041900897954225844,0.04174721539786438,0.04182742893458224,0.04190741502205925,0.041987456931830786,0.04206773011334117,0.04225746957071094,0.04244805196396847,0.04263969123017586,0.04283255559139037,0.04295995555187279,0.04308853908905072,0.04321832693514466,0.04334934295729273,0.0434816136526495,0.043615167811484154,0.04378501810360996,0.04395640563840611,0.044129403122010545,0.04430408181787721,0.04448051235357602,0.044658765373070466,0.044838912076878706,0.045021024680613954,0.0452051768142071,0.04539144387840089,0.045579903371076765,0.04577063519310481,0.04596372194135046,0.046159249194989975,0.04635730580022149,0.04655798415769819,0.0467613805164767,0.0469675952779139,0.04717673331272032,0.047388904294260945,0.047294608241549387,0.04720150801476661,0.04710947408787201,0.04701838811544177,0.046928141694998676,0.04683863529141834,0.046749777299292763,0.04666148322315366,0.046573674958737585,0.04648628016116635,0.046399231688131676,0.046312467108005434,0.046225928264317234,0.046139560889309414,0.046053314260338325,0.04596714089378178,0.04588099627186007,0.04579483859841181,0.04570862858020158,0.04562232923079169
2024-12-17,0.04254427055107957,0.04204953371240793,0.042051267269655655,0.04205213404827955,0.04189942495895045,0.04174599272772731,0.04185246517294173,0.04195876240543314,0.04206522307207913,0.042172058439829754,0.042361283881718996,0.042551446776638996,0.04274274032034621,0.04293531796852153,0.043062450487785515,0.043190806872048,0.043320401388496264,0.04345125290475427,0.04358338399984813,0.043716820358505284,0.043880414590839,0.044045528267306455,0.044212225748554095,0.044380570791861605,0.04455062715705193,0.04472245910181117,0.04489613179722541,0.04507171168572356,0.04524926679769125,0.04542886703889357,0.04561058445793739,0.04579449350093747,0.04598067125907447,0.046169197713674524,0.04636015598268475,0.04655363257188665,0.046749717633822824,0.04694850523717427,0.04715009364918621,0.047354585633683985,0.04725286799749604,0.04715230249917936,0.047052758288259486,0.04695411582831605,0.04685626564863575,0.04675910725948907,0.04666254820668266,0.046566503245095925,0.04647089361422393,0.04637564640146314,0.0462806939811147,0.046185973518928454,0.04609142653354655,0.045996998507484635,0.04590263854135887,0.04580829904596454,0.04571393546756844,0.04561950604241531,0.04552497157699036,0.0454302952510395
2024-12-18,0.04254427055107957,0.04254427055107939,0.042794324557401016,0.043045810430109674,0.043043385728987575,0.04304176926157286,0.04317127667323383,0.043301530832027736,0.04343264940706007,0.043564714535822016,0.04369778941333077,0.043831926607590506,0.04396717255763705,0.04410357016407661,0.0441932503844844,0.04428397460505183,0.04437572234335699,0.044468482680777494,0.04456225193289938,0.0446570320274359,0.04479827765093608,0.04494077351285585,0.04508458100166523,0.0452297595058927,0.045376367189688765,0.04552446161084768,0.04567410022361445,0.04582534079663197,0.045978241768138375,0.04613286255476497,0.04628926382621241,0.046447507755167504,0.046607658249721205,0.046769781174017144,0.04693394456174344,0.04710021882626078,0.04726867697056327,0.04743939479983584,0.047612451139066446,0.04778792805796253,0.04768983672186737,0.04759270149216589,0.04749640396616777,0.04740083589124219,0.047305898045657074,0.04721149926622737,0.04711755560093047,0.047023989568286316,0.046930729508271214,0.04683770901197059,0.04674486641918249,0.0466521443748428,0.046559489436519996,0.046466851726374735,0.0463741846219401,0.04628144448088291,0.04618859039558493,0.04609558397395566,0.04600238914337379,0.04590897197506661
2024-12-19,0.04244637290305073,0.04234742293289036,0.04254780902246418,0.042749154398198,0.04290068948345639,0.043053463132045805,0.043259770695420106,0.04346755073360327,0.043676921062335915,0.04388797553206167,0.044100795950841785,0.04431545810474944,0.04453203505809134,0.04475059909765372,0.044855813956123085,0.04496263542629521,0.0450709835959598,0.04518080294678827,0.045292056200053964,0.045404720021786034,0.04554992840808197,0.045696691393739323,0.04584504686398954,0.0459950354122076,0.04614670021957287,0.04630008698712245,0.046455243908358486,0.04661222167410003,0.04677107350371756,0.04693185519861778,0.04709462521508893,0.04725944475452895,0.047426377869761366,0.04759549158666674,0.04776685604076872,0.047940544628748465,0.04811663417514122,0.048295205114712345,0.04847634169123339,0.048660132173585155,0.04856741035264975,0.04847574906171256,0.048385025437809336,0.04829512712087675,0.04820595109092201,0.0481174026575754,0.04802939457935669,0.0479418462937622,0.047854683242365616,0.047767836277653616,0.04768124114040033,0.04759483799810717,0.04750857103646365,0.047422388096976756,0.04733624035491228,0.04725008203252771,0.0471638701432803,0.04707756426328904,0.046991126326832416,0.04690452044309223
2024-12-20,0.04244637290305073,0.04224847306614038,0.04239919285949645,0.04255040797381969,0.04265139720768845,0.042753207380077075,0.042881964434946344,0.04301164265074165,0.043142298860935006,0.04327397859038767,0.0434888393133921,0.043705141802566766,0.04392304398124392,0.044142678391645714,0.04426820860805348,0.04439524371647844,0.04452375612784993,0.044653732505156585,0.04478517035319276,0.04491807564916793,0.04507525320067837,0.0452340527074565,0.045394522788379195,0.045556713955987586,0.045720678716136096,0.045886471673365306,0.04605414964260636,0.046223771767829935,0.04639539964827696,0.04656909747294189,0.04674493216402764,0.04692297353014502,0.04710329443009768,0.047285970948166826,0.04747108258189773,0.04765871244348594,0.047848947475970946,0.04804187868556803,0.04823760139160727,0.04843621549570445,0.048350305294456615,0.048265549757941915,0.0481818249578895,0.048099017589939445,0.04801702379375019,0.04793574812752904,0.04785510267400807,0.047775006258718423,0.04769538376454138,0.047616165529079026,0.04753728681349754,0.04745868733324274,0.047380310842475765,0.04730210476528525,0.047224019867741794,0.04714600996570808,0.04706803166403217,0.046990044123354016,0.04691200885126611,0.04683388951500359
2024-12-23,0.04254427055107957,0.0421484808747897,0.04234989740744915,0.042551752407071965,0.042856962727503826,0.043164014815824825,0.04336858852175512,0.04357507652304169,0.043783450857009666,0.04399371797286109,0.04420590412347049,0.04442004812048691,0.04463619749197348,0.0448544063454503,0.044978510060261594,0.045104344979886885,0.04523184816217581,0.04536097898400317,0.045491713619462595,0.04562404119310178,0.045774600756328034,0.04592685002429611,0.046080822341685014,0.04623655516835478,0.046394089715807676,0.046553470694888625,0.04671474614785932,0.04687796734582389,0.047043188737912425,0.04721046794244406,0.047379865773020384,0.04755144629448157,0.04772527690512272,0.04790142844266903,0.04807997531235571,0.04826099563612197,0.048444571422465256,0.04863078875694709,0.04881973801372432,0.049011514088821144,0.048925510142240905,0.04884064107095199,0.04875678322730942,0.04867382353222753,0.048591658301133794,0.048510192223604816,0.048429337473819875,0.048349012932776776,0.048269143506328174,0.04818965952564529,0.04811049621881867,0.04803159324404156,0.04795289427626447,0.047874346640410466,0.047795900985246435,0.04771751099284886,0.047639133119312393,0.04756072636295013,0.047482252056742856,0.04740367368222545
2024-12-24,0.04254427055107957,0.041950586651733554,0.042202689458634146,0.04245517893923355,0.04281124757777282,0.04316949568188062,0.04334715040472505,0.043526802622478274,0.04370831393370688,0.04389162024234965,0.044131560627328786,0.04437352245268944,0.044617610088511,0.044863922365093664,0.044987423090104776,0.0451127311207797,0.0452397701087345,0.04536848900473976,0.045498855752720224,0.045630852894056814,0.04577487581159143,0.04592058174970732,0.04606799333534946,0.04621713852086597,0.046368049944619065,0.04652076446407783,0.04667532281844683,0.04683176939030244,0.04699015204428914,0.04715052202694936,0.04731293391605023,0.04747744561087256,0.0476441183572036,0.047813016802468834,0.04798420907772212,0.04815776690420048,0.04833376572292545,0.048512284846456644,0.04869340763241584,0.04887722167883628,0.04878377954960463,0.048691421927068226,0.048600023846447044,0.048509471026293105,0.04841965868555921,0.04833049051568444,0.04824187778463415,0.04815373855367657,0.04806599699081499,0.04797858276736793,0.04789143052630771,0.04780447941272066,0.04771767265820539,0.04763095721223867,0.047544283414551025,0.04745760470340493,0.04737087735538532,0.047284060252915774,0.047197114676227725,0.04711000411694479
2024-12-26,0.0426421634073676,0.04185060486338682,0.04220340074083214,0.04255683948295055,0.04280993030417806,0.04306494712058104,0.04324351147382554,0.0434238390913231,0.04360586836086755,0.043789581204400525,0.0439749840924502,0.0441620985948791,0.04435095633585829,0.04454159615382349,0.044705234685520324,0.044870610812808895,0.04503773845041069,0.04520664047261399,0.045377346910749045,0.04554989372358725,0.045693112400553876,0.04583808018725828,0.045984810460472224,0.046133323432283095,0.046283645206828164,0.04643580707950394,0.04658984501754549,0.04674579927847809,0.046903714135099965,0.04706363768417953,0.047225621722117014,0.047389721675200454,0.047555996575288396,0.047724509074130256,0.04789532549132449,0.048068515892282095,0.048244154193626085,0.04842231829429964,0.04860309023133697,0.048786556359816304,0.04870145628295013,0.048617457469048025,0.048534439005386364,0.04845229030926424,0.04837090998054999,0.048290204804433384,0.04821008888203531,0.0481304828702521,0.04805131331525161,0.047972512066532455,0.047894015760510465,0.047815765364294514,0.047737705771723336,0.04765978544490977,0.04758195609552071,0.0475041724008458,0.04742639175040192,0.047348574019406925,0.0472706813659529,0.047192678049131624
2024-12-27,0.04244637290305073,0.04155582685368912,0.04210898445888938,0.04266384967959099,0.04291517604368177,0.043169024348641616,0.04339906687983243,0.043631308224919944,0.04386571017452804,0.04410227771552489,0.044313587310456065,0.04452701157603591,0.04474256312190794,0.04496027117549355,0.04512240600640751,0.04528650310765074,0.04545254022131857,0.04562051225622268,0.04579042733562208,0.045962304063498396,0.04611739700805019,0.0462744035429554,0.046433342027315555,0.046594238152713546,0.04675712397930295,0.04692203722481167,0.0470890207431322,0.04725812214745778,0.04742939354555808,0.047602891363652165,0.04777867624165006,0.04795681298709789,0.048137370578508185,0.04832042221124677,0.04850604538103044,0.04869432200153892,0.04888533855377867,0.04907918626574816,0.049275961321701436,0.04947576510094261,0.049387574247582604,0.049300602847086004,0.04921472055422104,0.04912980818065962,0.04904575645538308,0.048962464947336755,0.048879841126193736,0.04879779954111118,0.04871626110064734,0.048635152439701006,0.04855440536155246,0.04847395634491965,0.04839374610746559,0.04831371921846167,0.04823382375437277,0.04815401099202058,0.04807423513473115,0.04799445306750644,0.047914624137796,0.04783470995890123
2024-12-30,0.042054734384151235,0.041263060770820266,0.04161581686272297,0.04196920721296091,0.04222225460916565,0.0424772010022342,0.04268185296957145,0.042888349179587566,0.04309667484101638,0.04330684386021372,0.04354628754228474,0.0437877717300447,0.0440313881109155,0.04427722604624223,0.044438892130750494,0.044602519886144804,0.04476808126211116,0.044935566375943696,0.04510497927986758,0.04527633502984832,0.045443420477554376,0.0456124675979775,0.04578350696356646,0.04595657540268444,0.046131715308946115,0.04630897414472379,0.046488404091101346,0.046670061810422325,0.0468540082971673,0.047040308799633786,0.0472290327997021,0.04742025404145888,0.04761405060202205,0.047810504999836904,0.04800970433718759,0.04821174047481705,0.04841671023746796,0.048624715649915384,0.048835864203703686,0.04905026915536781,0.04896074481889002,0.04887252170954676,0.04878546467239097,0.04869945017199162,0.04861436500172684,0.048530105161975486,0.048446574882074975,0.048363685765102776,0.04828135603795773,0.0481995098920227,0.04811807690199667,0.048036991512396814,0.047956192582813514,0.04787562298432362,0.0477952292405716,0.04771496120795517,0.0476347717901326,0.047554616682728916,0.04747445414467579,0.04739424479309635
2024-12-31,0.041956812770383656,0.04116511997225305,0.04161789078300306,0.04207189902721634,0.0421706794591602,0.04227100371996844,0.042555441492356814,0.04284170314247589,0.0431300319737093,0.04342061162496843,0.04368617153416364,0.04395413340030013,0.04422458128738455,0.04449760370381172,0.044677068893215606,0.04485878283315892,0.045042710402549695,0.045228838461879896,0.04541717074739022,0.04560772433801712,0.04576717980978558,0.04592872168908088,0.04609235483052237,0.046258094136300866,0.04642596307712621,0.046595992587031274,0.04676822023752712,0.046942689623819575,0.04711944991458733,0.04729855552999908,0.04748006592202408,0.04766404543785829,0.04785056325224058,0.04803969335810846,0.04823151460780905,0.04842611079919651,0.04862357080259165,0.04882398872588425,0.04902746411611631,0.04923410219676423,0.04913622964955271,0.049039635949462944,0.04894418204712919,0.04884974084637663,0.048756195880226796,0.048663440160333936,0.048571375174048706,0.048479910007605626,0.048388960577442124,0.04829844895453516,0.04820830276901217,0.048118454684253256,0.048028841931329176,0.04793940589597491,0.04785009175143338,0.04776084813145543,0.04767162683854305,0.04758238258320029,0.04749307275052976,0.04740365719099971
2025-01-02,0.042054734384151235,0.041263060770820266,0.04166582692074103,0.04206952830240218,0.04227100264139843,0.04247430203387733,0.04270549320277987,0.04293853836661585,0.043173502744961456,0.043410452867955515,0.04364945724078017,0.043890586751390986,0.04413391496517924,0.044379518368612196,0.044560180124452446,0.04474292934186696,0.0449277583377495,0.04511467526262488,0.04530370060956668,0.045494864811246094,0.045661134443118784,0.04582946308389004,0.04599987033868005,0.04617238398580211,0.046347038908270806,0.0465238763070905,0.0467029431259255,0.04688429163710487,0.04706797915297403,0.04725406783647497,0.0474426245918679,0.04763372102159472,0.04782743343901808,0.048023842929552474,0.04822303545481404,0.04842510199604324,0.04863013873433699,0.04883824726626268,0.04904953485428431,0.04926411471216632,0.04917397788161251,0.049085162410388135,0.04899753135400061,0.0489109595400172,0.048825332260315095,0.048740544134460585,0.04865649811875398,0.04857310463972104,0.048490280834296136,0.04840794988178356,0.04832604041502264,0.04824448600011722,0.048163224675695816,0.048082198544007144,0.04800135340727502,0.04792063844367609,0.04784000591809417,0.047759410923474084,0.04767881114916322,0.047598166673110724
2025-01-03,0.042054734384151235,0.04136201962062032,0.041864484085448996,0.042368667480938295,0.04256911409974999,0.04277174532451425,0.04300248894041394,0.04323522310228778,0.04346997243925007,0.04370677934640279,0.04397312912403078,0.044241783740762645,0.04451285426272647,0.04478644871866578,0.04494711945603237,0.04510992067863697,0.04527479882825404,0.04544172439003864,0.0456106861258998,0.045781687070397745,0.04594223310299081,0.04610478357375664,0.046269355505292334,0.0464359740163078,0.046604671237639866,0.046775485511305254,0.04694846080166414,0.04712364626824624,0.04730109596394079,0.04748086863217793,0.04766302758380006,0.04784764063943406,0.048034780126921084,0.04822452292615263,0.04841695055576967,0.04861214929780593,0.04881021035762928,0.04901123005755764,0.049215310063366956,0.0494225576436225,0.04934180439126855,0.04926233503562244,0.04918402034982257,0.04910674219858555,0.04903039230280114,0.04895487116564965,0.04888008713620555,0.048805955590497635,0.04873239821326712,0.048659342366346,0.048586720531787336,0.04851446981970496,0.04844253153229673,0.04837085077678788,0.04829937612108903,0.04822805928684886,0.0481568548753293,0.04808572012216114,0.04801461467757294,0.04794350040914033
2025-01-06,0.041956812770383656,0.0412640812209754,0.0418165545673742,0.042371055550180885,0.042468778341106496,0.04256840597991545,0.04287857012725261,0.043190815059243645,0.04350539351330733,0.04382250091113433,0.0440873952615972,0.044354851557653126,0.04462492318746302,0.04489767706556835,0.045076827278074015,0.045258304396312336,0.04544206332240897,0.045628083347003,0.04581636242179734,0.04600691319222866,0.046172608152565076,0.046340468315963675,0.0465105036273835,0.04668273403329176,0.046857188061305004,0.047033901763843255,0.04721291793417088,0.04739428552962359,0.04757805925507082,0.047764299272467066,0.04795307101146054,0.04814444506261452,0.04833849713962174,0.048535308100480706,0.04873496402031175,0.04893755631057104,0.04914318188104818,0.0493519433423338,0.04956394924751083,0.049779314372721636,0.049696738018636256,0.04961551931892702,0.049535523366575435,0.04945662684807536,0.049378716752077806,0.04930168924686396,0.04922544870152343,0.04914990682990173,0.049074981939799686,0.04900059827271082,0.04892668542169127,0.048853177816865365,0.048780014269655024,0.04870713756814168,0.04863449411707356,0.048562033616958704,0.048489708777463926,0.04841747506099982,0.04834529045293044,0.04827311525532105
2025-01-07,0.041956812770383656,0.04146200401689111,0.04201382442393914,0.04256801420519099,0.042716650111356495,0.042867483515461186,0.043203162687187234,0.04354124245437231,0.04388196704539824,0.04422553337785889,0.044517140539370344,0.04481162616499059,0.04510905491410096,0.04540950707193171,0.04558752930991857,0.045768069423995306,0.04595105345978573,0.04613643850657015,0.04632420523358725,0.04651435270842903,0.046685948825508895,0.04685983571251131,0.04703602364830099,0.047214533745352276,0.047395396418790516,0.04757865024922409,0.047764341140402296,0.04795252170129838,0.04814325080194368,0.04833659326618279,0.048532619674379926,0.04873140625623273,0.048933034859076366,0.049137592980951675,0.049345173860653326,0.04955587661923954,0.049769806449263605,0.04998707484941586,0.05020779990344478,0.050432106603227625,0.05034745729876738,0.050264240132617,0.05018231395468063,0.05010154974661985,0.050021829270299696,0.04994304389293109,0.049865093562615856,0.04978788591238312,0.04971133547438416,0.04963536298884613,0.04955989479480171,0.04948486229160827,0.04941020146193077,0.04933585244824249,0.0492617591760553,0.049187869018060264,0.049114132494176795,0.04904050300319854,0.04896693658230846,0.048893391691233905
2025-01-08,0.042054734384151235,0.0414609785699843,0.04191310126108089,0.042366804031044134,0.042516490098697415,0.04266801502333131,0.04303027776031772,0.04339493889594505,0.04376233152929256,0.044132712348900024,0.044423839225997235,0.04471791231879885,0.045014978967838355,0.045315106999208085,0.04551216542493402,0.04571185926708993,0.045914136832246204,0.04611897486036458,0.046326371890158334,0.04653634366853869,0.04670699992514934,0.046880035206591925,0.04705544838761637,0.04723325108263062,0.04741346573387031,0.04759612418127824,0.047781266592337994,0.047968940665180405,0.04815920104250205,0.04835210889081977,0.0485477316116791,0.04874614266016266,0.04894742145243835,0.049151653348835554,0.049358929702516444,0.04956934796655408,0.04978301185436832,0.050000031550175884,0.050220523967503,0.05044461305497618,0.05035963853977689,0.05027611120317911,0.05019388883782161,0.05011284146416015,0.050032849968244315,0.04995380491758246,0.04987560552859389,0.049798158763564256,0.04972137853862687,0.04964518502724851,0.04956950404613487,0.04949426651248235,0.04941940796317698,0.04934486812793177,0.049270590549520814,0.04919652224524503,0.04912261340458825,0.04904881711871763,0.0489750891380722,0.048901387654783655
2025-01-09,0.041956812770383656,0.04116511997225305,0.041717917343808815,0.042272572708238865,0.042472653972153954,0.042675036241299695,0.04306250837778691,0.043452749782083716,0.043846064805948416,0.04424269998958692,0.0445328667782096,0.044826154930381786,0.04512257317144678,0.045422161840176396,0.0456187135636132,0.045817975672949846,0.0460198843444267,0.046224406939824055,0.04643153465123965,0.046641277406404634,0.046811712898870476,0.046984559083591226,0.04715981160030137,0.04733747941514621,0.047517582794572764,0.04770015178753703,0.047885225087396156,0.04807284918189423,0.04826307772522743,0.048455971084110684,0.0486515960225346,0.04885002549911628,0.04905133855769415,0.04925562029682516,0.0494629619076167,0.04967346077221424,0.04988722061751778,0.050104351720490416,0.050324971162880455,0.05054920313439902,0.05046399184336232,0.050380235086588655,0.05029778996981108,0.05021652588407252,0.05013632313704567,0.05005707176328566,0.0499786704867893,0.049901025813672166,0.049824051236398416,0.049747666533969344,0.04967179715492205,0.049596373672014846,0.0495213312991533,0.04944660946251208,0.049372151418977606,0.04929790391601887,0.049223816887921316,0.049149843184017286,0.049075938325138686,0.049002060285021076
2025-01-10,0.04225056322989651,0.042052653806690585,0.04280357899487076,0.043558714977407,0.0438585992986028,0.044162187151425676,0.0444952373274519,0.04483150163615771,0.04517098449363743,0.04551374045885194,0.045804713963228695,0.046098845524641184,0.046396157880894746,0.04669670257440256,0.04681629588750335,0.046938309733548414,0.04706257152769942,0.04718895593205291,0.04731737280446972,0.04744775878320222,0.04760318485729667,0.04776064024929907,0.047920139804996265,0.048081706888865504,0.04824537222012744,0.04841117301060624,0.0485791523286296,0.048749358635068095,0.04892184545271723,0.04909667114082098,0.04927389875408337,0.049453595970966636,0.049635835080072625,0.04982069301637696,0.05000825144133321,0.05019859686258987,0.050391820790417124,0.05058801992902172,0.05078729640181939,0.0509897580104848,0.0508906102040983,0.050792715592538326,0.05069593304248403,0.0506001334611065,0.05050519846168279,0.05041101920410009,0.05031749538423471,0.05022453435052763,0.050132050329617484,0.05003996374579355,0.04994820062142222,0.04985669204747589,0.049765373714934134,0.04967418549919406,0.04958307109077007,0.04949197766652223,0.04940085559646086,0.04930965818185702,0.04921834142096678,0.049126863799168224
2025-01-13,0.04254427055107957,0.041950586651733554,0.04275286451851636,0.04355901370988376,0.04401241086114914,0.044470315971451624,0.04477525398078179,0.045083791343073346,0.04539571686323554,0.04571094962612508,0.045974324606589616,0.046240746219941155,0.04651018585031448,0.04678265338200676,0.04692241891995228,0.04706459345503492,0.04720904865150889,0.04735569556403486,0.04750447476208724,0.047655349444674,0.04780409251947252,0.047954883055603144,0.048107722726463714,0.04826262336779704,0.048419605451573984,0.04857869694278653,0.04873993244214122,0.04890335254555766,0.049069003370648505,0.04923693621386794,0.04940720731162916,0.04957987768562442,0.049755013057653154,0.04993268382302191,0.05011296507440599,0.05029593667021828,0.05048168334320241,0.0506702948462879,0.05086186613380877,0.05105649757706811,0.050958093851005,0.050860904436228566,0.05076479071395398,0.05066962587133397,0.05057529359307041,0.050481686924529603,0.05038870728085175,0.05029626358079615,0.05020427148753498,0.05011265274145443,0.050021334572365087,0.04993024918046201,0.049839333276983123,0.049748527676855746,0.04965777693674111,0.049567029032828884,0.049476235073524354,0.04938534904284133,0.04929432757088014,0.04920312972825156
2025-01-14,0.04244637290305073,0.041753725266592656,0.042506301477610524,0.04326223117825984,0.043716174649948945,0.044174405864647076,0.04450579773139117,0.044840820198444126,0.04517933893929697,0.045521325271551887,0.04581166119656723,0.04610526269938998,0.04640212775870841,0.04670229023475008,0.04684091634077774,0.046982087789136755,0.047125651472769675,0.04727149914476774,0.0474195561013487,0.04756977328743948,0.04773053690596447,0.04789346771250813,0.04805857599079507,0.048225882002025273,0.048395414572264615,0.04856721004225869,0.04874131148847329,0.04891776815046917,0.04909663501788689,0.049277972543060884,0.04946184645435952,0.0496483276519028,0.04983749217211485,0.05002942121114155,0.05022420119986216,0.05042192392529591,0.05062268669482739,0.0508265925409714,0.051033750465463226,0.051244275722358124,0.05114340417583281,0.05104385534197615,0.05094548274998883,0.05084815244290359,0.05075174159055959,0.050656137284346724,0.0505612354866808,0.050466940112678445,0.050373162225178215,0.05027981932727117,0.0501868347389888,0.050094137046849015,0.050001659616667485,0.049909340161461334,0.04981712035746092,0.04972494550224282,0.04963276420983615,0.04954052813836432,0.0494481917463846,0.04935571207459894
2025-01-15,0.0421526512038326,0.041459953224534905,0.04186239776131979,0.042265949307404974,0.042620712663079166,0.04297807210525733,0.04325973147239133,0.04354398144789504,0.04383082394951783,0.044120298441418,0.04438499492807043,0.04465232266783361,0.044922323731419925,0.04519505718849221,0.04539342108789044,0.04559424395665986,0.04579750407885836,0.04600320145084904,0.04621135291152304,0.04642198878685806,0.04658698729801205,0.04675425836080242,0.046923801322203654,0.04709562747536444,0.04726975826163057,0.04744622392457425,0.04762506250166653,0.04780631907215884,0.047990045202477453,0.04817629854637783,0.048365142568455,0.048556646367794436,0.04875088458454322,0.048947937376628996,0.04914789045720569,0.049350835185966745,0.049556868709461806,0.049766094147137084,0.04997862082110604,0.05019456452873039,0.05010249754247298,0.050011803991116786,0.04992234155596068,0.04983398013205409,0.04974660047090677,0.04966009300082594,0.0495743567984524,0.049489298689471946,0.04940483246007442,0.04932087816368194,0.04923736150989547,0.04915421332461685,0.04907136907197081,0.04898876843004029,0.04890635491358956,0.04882407553792552,0.04874188051886738,0.04865972300448964,0.04857755883488962,0.04849534632673117
2025-01-16,0.0421526512038326,0.04136099677342194,0.041613743219230365,0.04186653403708843,0.04217160334452305,0.04247850336420578,0.04273525818155814,0.04299412560334017,0.04325516978635922,0.04351846164402872,0.04381150637355969,0.04410709458637946,0.04440535609165492,0.044706417073602026,0.04490443982497047,0.04510491208325657,0.04530780855388428,0.04551312618120532,0.04572087912273265,0.04593109528319335,0.0461020314984338,0.04627525506145633,0.046450771581894076,0.046628598010002575,0.04680876098683204,0.04699129561428856,0.04717624453923405,0.04736365727629087,0.047553589715092694,0.04774610377250753,0.04794126716088447,0.048139153250979366,0.04833984101378531,0.04854341502963487,0.04874996555606751,0.0489595886483549,0.04917238632845349,0.049388466799654,0.04960794470542577,0.04983094143199073,0.04973842327920185,0.04964731582618603,0.04955747490099957,0.049468768734931355,0.049381076584393654,0.049294287533140704,0.049208299447982974,0.0491230180656373,0.04903835619200444,0.04895423299815845,0.0488705733997982,0.04878730750894977,0.04870437014840045,0.04862170042075579,0.048539241325190274,0.048456939415952104,0.048374744497515984,0.048292609351981645,0.048210489494913196,0.0481283429563203
2025-01-17,0.04234847046281306,0.04165580604705158,0.04195824152743261,0.042261186565049146,0.04256574114426128,0.042872331537223,0.04310272640548331,0.043335207382509865,0.0435697688924695,0.04380643528116258,0.04407268716014947,0.04434127234869826,0.04461229690115042,0.04488586534579897,0.04504648759522232,0.04520925504558322,0.04537411239298169,0.045541028806255435,0.04570999204983006,0.0458810044024212,0.046054079775273,0.04622924165064967,0.04640652159342479,0.046585958171210695,0.046767596171354855,0.0469514860377319,0.047137683473351316,0.047326249170497346,0.04751724864097133,0.04771075212663621,0.04790683457591085,0.048105575675815755,0.048307059932087455,0.048511376792068746,0.048718620806757824,0.04892889182971085,0.049142295251546245,0.049358942269670456,0.0495789501935896,0.04980244278683374,0.04971067333478391,0.04962028008120649,0.04953112128010035,0.049443067368206986,0.04935599961138694,0.04926980892812947,0.0491843948638392,0.04909966469393684,0.04901553263739616,0.048931919165281605,0.04884875039127092,0.04876595753315057,0.04868347643593355,0.04860124714863485,0.048519213547897795,0.04843732300263741,0.04835552607468481,0.048273776251109,0.048192029704478015,0.048110245077819296
2025-01-21,0.04234847046281306,0.04165580604705158,0.042058262317751734,0.042461830592959285,0.042663216085167724,0.04286647838942312,0.043045383257109424,0.043225953463926964,0.04340815749328835,0.043591995214968676,0.04383230497314013,0.044074541771490755,0.04431882758111069,0.04456527359692573,0.04470820793885872,0.04485298256491583,0.04499955271898183,0.04514789365536137,0.045297995817063105,0.04544986148514832,0.04562429881979428,0.04580065143563095,0.045978969647267436,0.046159307459132604,0.046341722433021475,0.04652627562439682,0.04671303157254257,0.04690205833418893,0.04709342755337557,0.04728721456255288,0.04748349851153962,0.04768236252215309,0.047883893867240235,0.04808818417355136,0.04829532964847561,0.04850543133114367,0.0487185953688289,0.04893493331996826,0.04915456248549612,0.049377606270552585,0.04928699030359459,0.04919771371749446,0.04910963811278605,0.049022636989213136,0.04893659442380693,0.048851403921945494,0.04876696741565603,0.04868319438771116,0.048600001103571946,0.04851730993610311,0.04843504877034952,0.04835315047761975,0.04827155244974466,0.04819019618573335,0.04810902692417825,0.04802799331571257,0.04794704713062112,0.047866142997382205,0.04778523816849002,0.047704292310392936
2025-01-22,0.04234847046281306,0.041556854392607985,0.042009652003073855,0.04246369808799462,0.04271584890078686,0.042970232590006034,0.04320064801130135,0.04343315250384741,0.04366774114467151,0.04390443874468106,0.04411584675372307,0.04432933380299258,0.044544918263827143,0.0447626333599118,0.04492479052318156,0.0450888899722239,0.04525491127680576,0.04542285068449707,0.04559271729213598,0.045764530398375546,0.04593206597285161,0.046101573213414467,0.04627308545628539,0.04644664204451812,0.04662228770050447,0.04680007207906956,0.04698004945704346,0.047162278528042986,0.047346822280082385,0.04753374793987697,0.04772312697216847,0.04791503512563848,0.0481095525193711,0.04830676376562171,0.048506758126027616,0.04870962969947798,0.04891547764072968,0.04912440640957828,0.0493365260510126,0.049551952507332755,0.04946176038213185,0.049372879949121574,0.04928517437784058,0.04919851858416808,0.04911279792527153,0.04902790706534326,0.04894374898671368,0.04886023412516532,0.04877727961172867,0.048694808606076556,0.048612749708968256,0.04853103644312533,0.048449606793524246,0.04836840279942583,0.04828737019157902,0.04820645806897383,0.04812561861030737,0.048044806815994136,0.047963980277116305,0.04788309896819001
2025-01-23,0.04225056322989651,0.041359974027416146,0.041913116496881654,0.04246795919837749,0.0427704190246119,0.04307563079761154,0.04333119662249032,0.04358922744231731,0.04384968094694195,0.044112564669979856,0.044377914911785506,0.04464578630027625,0.04491624626902713,0.04518937200163719,0.04536880093218185,0.045550550143808974,0.04573457854692128,0.0459208686918367,0.04610942124718802,0.04630025117733098,0.0464536478974788,0.046609146053532634,0.046766741965512004,0.04692644308510918,0.04708826627969102,0.04725223654333956,0.047418386026508864,0.04758675330705183,0.047757382846895256,0.04793032459372801,0.048105633697798196,0.048283370321655104,0.048463599526327714,0.048646391221621205,0.04883182017136082,0.049019966046808,0.04921091352332969,0.049404752416862104,0.04960157785788407,0.0498014905015804,0.04972939712238726,0.04965858279425926,0.049588923852470636,0.04952030725380121,0.049452629390800765,0.049385795060940915,0.049319716567602645,0.049254312933689544,0.04918950921179438,0.049125235877417996,0.049061428293858345,0.04899802623913859,0.04893497348679799,0.04887221743358027,0.048809708768068394,0.04874740117516476,0.04868525107203249,0.04862321737171827,0.04856126127119007,0.048499346060959174
2025-01-24,0.042054734384151235,0.041263060770820266,0.04176585094483534,0.04227019026016857,0.04257299920457983,0.04287842689417995,0.043134139507234895,0.04339226223742408,0.043652767405520904,0.04391567115650208,0.04418101510751296,0.044448857270369645,0.04471926726203782,0.044992323666659687,0.045171727199012066,0.045353435077421414,0.045537407119742634,0.04572362648670328,0.045912094232531786,0.04610282553249406,0.04626241611708153,0.04642413090731637,0.046587973789555225,0.04675395906399405,0.04692210990514169,0.0470924572110482,0.047265038743004216,0.047439898485728535,0.04761708617760492,0.0477966569742319,0.047978671218303175,0.04816319429587358,0.04835029656421748,0.04854005334030874,0.048732544941828805,0.04892785677481082,0.04912607946373926,0.0493273090212823,0.04953164705593652,0.04973920101678024,0.049657667655611464,0.0495774436931527,0.049498397613798886,0.04942040918731186,0.049343368211691115,0.049267173420407734,0.0491917315295438,0.049116956404454744,0.04904276832890175,0.04896909336232933,0.04889586277321115,0.04882301253824503,0.04875048289872132,0.048678217966674174,0.048606165374500646,0.04853427596263465,0.04846250350062303,0.048390804437592874,0.048319137678642474,0.04824746438415198
2025-01-27,0.042054734384151235,0.04086722635756405,0.04107126785223237,0.041274399657872926,0.04163133647141111,0.04199004641735148,0.04219426060837592,0.04240039281476602,0.04260839641811312,0.04281826591515121,0.04311215002017638,0.04340834382277495,0.04370701905317885,0.04400833121577744,0.04418751391930049,0.044368933586649624,0.044552552477837064,0.04473835518408513,0.04492634341560017,0.0451165323930091,0.04528191757083195,0.045449403015040295,0.04561899976354951,0.0457907282900227,0.04596461717245129,0.046140702103414546,0.04631902515602277,0.046499634244347554,0.046682582734271304,0.046867929172702966,0.04705573711166181,0.04724607500991069,0.047439016199347414,0.04763463890672886,0.04783302632384223,0.048034266721188226,0.048238453601764146,0.04844568589275313,0.04865606817392108,0.04886971094236284,0.04878842091426958,0.04870846064101068,0.048629698653755625,0.048552014806695715,0.04847529901631626,0.04839945016548087,0.0483243751478001,0.048249988031845964,0.04817620932811013,0.04810296534434109,0.04803018761714902,0.047957812409630055,0.047885780266310025,0.0478140356179953,0.047742526430198495,0.047671203889709725,0.04760002212464787,0.04752893795396889,0.04745791066295405,0.04738690180166483
2025-01-28,0.0421526512038326,0.04096517195726415,0.04121922582736463,0.041472656534383,0.0417780752381125,0.042085174791851025,0.04228979622715118,0.042496240785834145,0.0427044949187218,0.04291457302614481,0.043181265206801676,0.043450108911704,0.04372123820107052,0.043994776901268004,0.04421320904932875,0.044433961852445275,0.04465706919138509,0.04488257613406595,0.04511053694763968,0.0453410137691325,0.045505328659498766,0.0456718649735789,0.04584061969675723,0.04601160168246268,0.04618482983995718,0.04636033177517733,0.04653814276979644,0.04671830501671533,0.046900867053005856,0.047085883347324914,0.047273414010197336,0.047463524603776265,0.047656286033696156,0.0478517745100849,0.04805007156815204,0.048251264141326286,0.048455444681900176,0.04866271132571057,0.048873168098651575,0.04908692516386882,0.04900495858544205,0.04892434609592503,0.04884495419175379,0.04876666086811781,0.04868935433858783,0.04861293192212259,0.048537299072546065,0.04846236852973703,0.04838805957516353,0.04831429737717369,0.04824101241374242,0.04816813996226711,0.048095619647576186,0.048023395040623106,0.04795141330143495,0.047879624860801925,0.047807983135969276,0.04773644427624632,0.04766496693500158,0.04759351206498315
2025-01-29,0.04225056322989651,0.0412610201733688,0.04146442730326562,0.04166725286651443,0.04197295271672284,0.04228025612118685,0.04248502300433372,0.04269159093482388,0.04289995661651585,0.04311014072677373,0.04334956701198084,0.04359101527561723,0.04383457872054568,0.044080347654836295,0.04428039061545033,0.044482563298337,0.04468689039822345,0.04489340741329441,0.04510215860769391,0.04531319563578544,0.045484945347281834,0.04565884103755902,0.04583490152490238,0.04601315449231503,0.046193635315299464,0.04637638619797806,0.046561455540502866,0.04674889748297955,0.04693877158652198,0.047131142622855365,0.047326080451586046,0.04752365996982449,0.04772396112293745,0.04792706896825509,0.048133073785870104,0.04834207123245329,0.04855416253541754,0.04876945472590241,0.04898806090999727,0.04921010057843463,0.04912741659997309,0.049046116411844164,0.04896606426024955,0.04888713608999871,0.04880921824187475,0.04873220632028596,0.048656004205861324,0.04858052319187208,0.048505681226809566,0.04843140224827781,0.04835761559568642,0.04828425549115671,0.04821126057965052,0.04813857352066483,0.048066140624948184,0.047993911530630796,0.047921838913946545,0.0478498782303915,0.04777798748272553,0.04770612701270429
2025-01-30,0.04225056322989651,0.041162066417901155,0.04126579804230262,0.041368214220651914,0.0416748752306237,0.04198279394687048,0.042161888734856254,0.04234254465791765,0.04252475353575798,0.04270852875454763,0.042975976775260126,0.04324542516939473,0.04351703974810901,0.043790966859819695,0.043990562938442494,0.044192314049312016,0.04439623732806259,0.04460236223762384,0.04481072811967485,0.045021382530421115,0.0451865706010577,0.04535386702592765,0.04552328099224168,0.04569483139027006,0.04586854542587384,0.04604445758745806,0.046222608878029495,0.04640304624878986,0.04658582218847594,0.04677099443512943,0.04695862578585865,0.047148783986566516,0.047341541688314205,0.047536976460481106,0.04773517085351206,0.047936212506061865,0.048140194292921566,0.04834721451136747,0.04855737710459885,0.04877079192179145,0.04869807735945215,0.04862670318473278,0.04855654295742943,0.04848748115638066,0.04841941196146752,0.0483522381946984,0.04828587039669999,0.04822022601888185,0.0481552287147649,0.04809080771660569,0.04802689728562408,0.04796343622594131,0.04790036745382922,0.047837637615115565,0.04777519674463218,0.04771299796246572,0.047650997202506866,0.0475891529694153,0.047527426120644624,0.047465779670618734
2025-01-31,0.04234847046281306,0.041260000026042576,0.04151374740553718,0.041767035095217585,0.042021287044046715,0.04227702205726166,0.04250836832122259,0.04274151348448433,0.042976537855782905,0.043213516873624694,0.04350733119365346,0.04380351964803129,0.044102245928014455,0.0444036601490431,0.044602063223250304,0.04480283588890715,0.045005963775053615,0.04521145216052169,0.0454193216190798,0.0456296050223398,0.0458006304563903,0.04597390231409945,0.046149428956775436,0.046327229491636944,0.046507332232199834,0.046689773552456154,0.04687459703570065,0.04706185284745533,0.04725159728169069,0.04744389244339754,0.04763880604042878,0.04783641126465804,0.04803678674772615,0.048240016580530745,0.04844619038854856,0.04865540345733465,0.04886775690430689,0.04908335789433702,0.04930231989782916,0.04952476299094632,0.04944992265572469,0.0493765008982532,0.049304364817904074,0.04923339299136064,0.04916347419210612,0.04909450627715952,0.04902639521616488,0.04895905424208986,0.04889240310617691,0.04882636742256783,0.04876087809030967,0.04869587078234186,0.048631285492634194,0.048567066133954374,0.04850316017983806,0.048439518345252515,0.0483760943012192,0.04831284441931332,0.04824972754251261,0.048186704779337924
2025-02-03,0.04234847046281306,0.041556854392607985,0.041859621519209744,0.042162728225965486,0.0422629168363144,0.04236418237548075,0.042544777070663634,0.04272658221253083,0.042909711547055106,0.043094251829382854,0.04336241188834466,0.04363250012947201,0.043904705132510685,0.04417918981628881,0.04434081645420234,0.04450440121657918,0.044669915838818595,0.04483735023102406,0.04500670824105827,0.04517800472019865,0.04533879556495525,0.0455015076073753,0.0456661639610126,0.045832794575268204,0.0460014353882229,0.04617212770673754,0.046344917757253704,0.046519856367095734,0.046696998747385476,0.04687640435661964,0.04705813682962037,0.0472422639606625,0.04742885773258921,0.047617994385970426,0.04780975452406008,0.04800422325062322,0.04820149033874117,0.04840165042954242,0.04860480326050412,0.04881105392356703,0.048739771900813494,0.048669760751300306,0.048600898778335684,0.04853307476930495,0.04846618682592181,0.04840014134727088,0.04833485214290071,0.048270239657015664,0.0482062302879106,0.04814275578932957,0.04807975274251882,0.04801716208947311,0.047954928719308426,0.04789300110088965,0.047831330955841904,0.047769872966913,0.04770858451736109,0.04764742545763895,0.047586357896151725,0.04752534601129521
2025-02-04,0.04225056322989651,0.041359974027416146,0.0415130477695618,0.0416654212704487,0.04186928157633517,0.04207414859693709,0.04222805433053577,0.04238319153018131,0.042539584311564106,0.04269726170528486,0.042993020048080616,0.04329075887800419,0.043590724039884746,0.04389312388123625,0.044073322992558825,0.04425562066283148,0.04444000256960845,0.044626471468360636,0.044815043359651474,0.045005744845936585,0.045171602492940374,0.045339505722125056,0.04550947183776882,0.04568152649093885,0.04585570256306697,0.04603203934138292,0.04621058191310664,0.046391380726415916,0.046574491280789006,0.04675997391955729,0.04694789370479397,0.04713832035993558,0.047331328269399134,0.04752699652733761,0.04772540902985404,0.047926654606672864,0.04813082718958544,0.048338026016044804,0.048548355867160296,0.048761927340085734,0.04868095386984554,0.048601298980382665,0.04852283214966747,0.04844543409720308,0.048368995532410794,0.04829341606663628,0.0482186032644266,0.048144471813786165,0.04807094279843404,0.04799794305780123,0.04792540462274365,0.04785326421679762,0.047781462814339586,0.04770994524829225,0.04763865986108959,0.04756755819351182,0.0474965947067572,0.04742572653375787,0.047354913256286865,0.04728411670486514
2025-02-05,0.04225056322989651,0.0412610201733688,0.04126442251562691,0.041266123686755994,0.041369270266715594,0.04147248243803539,0.04160215989179764,0.04173246979688302,0.04186355353732467,0.0419955068941182,0.0422375924368102,0.042481135024915934,0.04272634297475036,0.04297338807576665,0.04315547166803408,0.04333932961036542,0.04352499626146843,0.04371251182358035,0.043901921440453504,0.044093274603888434,0.04424115267983667,0.04439082306032818,0.04454229442886352,0.04469558312961817,0.04485071206092186,0.04500770984903198,0.045166610231304076,0.0453274515982676,0.045490276658203085,0.045655132197691815,0.04582206891863692,0.04599114133732211,0.046162407734780454,0.046335930150492304,0.046511774413495265,0.0466900102065629,0.04687071116032809,0.047053954975188314,0.047239823569604225,0.04742840325404003,0.047360594680781104,0.04729393298546072,0.04722830692565614,0.047163614844041836,0.047099763599360016,0.04703666763703054,0.04697424817861562,0.04691243251281919,0.04685115337352856,0.046790348392725924,0.04672995961800579,0.04666993308601507,0.04661021844444272,0.04655076861627863,0.046491539500975225,0.04643248970791227,0.04637358031821113,0.04631477467148998,0.04625603817461435,0.04619733812988994
2025-02-06,0.04234847046281306,0.04145790283794845,0.04156098110850444,0.04166307472397579,0.04176522108215449,0.04186777763938452,0.041997012442614924,0.04212700843230988,0.042257867669361814,0.04238966248519315,0.042604409618272096,0.04282053216218091,0.043038192419898626,0.04325752554203839,0.0434212361680081,0.043586564476773955,0.04375353463098024,0.04392217695174689,0.04409252682231851,0.044264623950651207,0.044407503557695176,0.04455204861658236,0.04469827448296656,0.044846202575471374,0.04499585956075835,0.0451472767496293,0.045300489651059275,0.045455537646362,0.04561246375625827,0.045771314481029814,0.04593213969921535,0.0460949926141138,0.04625992974014517,0.04642701092318771,0.046596299390566975,0.04676786182756166,0.04694176847821672,0.04711809326898704,0.04729691395432886,0.0474783122838476,0.04741169012687637,0.04734615681285169,0.047281605040541894,0.04721793673194548,0.047155062003399355,0.047092898271091296,0.04703136947097222,0.04697040537639793,0.04690994099955165,0.046849916064931385,0.04679027454502398,0.04673096424980759,0.046671936462986945,0.046613145618916066,0.04655454901504411,0.04649610655545677,0.04643778052170823,0.04637953536766327,0.046321337535514186,0.04626315529051556
2025-02-07,0.04254427055107957,0.04204953371240793,0.04225129015155882,0.04245331233484298,0.04255413760579212,0.04265583574082829,0.04273225210536026,0.04280941534930359,0.042887288816804356,0.04296585618932136,0.043181826937343855,0.04339902443261828,0.043617652507981025,0.04383787632089226,0.04396399886701451,0.04409153178641414,0.04422046221771862,0.04435078818979729,0.044482516091431945,0.04461565891757415,0.04476678317766062,0.04491945178025935,0.04507370975032804,0.04522960391598788,0.04538718298542749,0.04554649763184427,0.04570760058618074,0.04587054673764026,0.04603539324213489,0.04620219963895534,0.04637102797606609,0.04654194294453032,0.04671501202266425,0.04689030563061257,0.04706789729612986,0.04724786383245143,0.04743028552923959,0.04761524635770368,0.04780283419111483,0.04799314104207089,0.04791723683392848,0.04784243718336084,0.04776862756199243,0.04769570325642725,0.04762356827544703,0.04755213440009869,0.047481320355407766,0.04741105108599803,0.04734125712079109,0.04727187401433243,0.047202841854244164,0.047134104825919905,0.04706561082691869,0.04699731112463345,0.046929160051742094,0.04686111473473648,0.046793134851482766,0.04672518241432656,0.04665722157572783,0.046589218453813176
2025-02-10,0.0426421634073676,0.04194954932458782,0.042151986412524566,0.042354346095688195,0.04245537677633214,0.042557209053642825,0.042659844671804135,0.042763294137141736,0.04286757217618892,0.042972695932666415,0.04318808044683543,0.04340479020241298,0.04362300633153278,0.043842877778217396,0.0440070160476004,0.04417276886659534,0.0443401659408227,0.044509242140847165,0.04468003668132706,0.04485259257741692,0.044995859693083944,0.04514080914317319,0.04528745816124225,0.04543582993196924,0.04558595281043199,0.04573785974534986,0.045891587855086645,0.04604717811998025,0.0462046751647645,0.04636412711200342,0.046525585492549176,0.046689105202713764,0.046854744500536956,0.04702256503553235,0.04719263190780231,0.04736501375356627,0.04753978285504672,0.047717015273372854,0.04789679100374384,0.0480791941525782,0.04801193048527326,0.047945768294281335,0.04788059859129247,0.04781632174137222,0.047752846419226724,0.04769008870181445,0.047627971277012016,0.04756642275142258,0.04750537704317793,0.047444772847849134,0.047384553167445144,0.04732466489402101,0.04726505844069753,0.04720568741396045,0.04714650832200004,0.047087480314600395,0.047028564950718034,0.046969725990423095,0.04691092920832636,0.046852142226000204
2025-02-11,0.0426421634073676,0.042048493886761476,0.04225059353147837,0.042452787261729005,0.04240040438550252,0.04234825759764327,0.0425833012519319,0.04281922478109036,0.0430564163723722,0.04329513625931912,0.04350818297755555,0.04372297623769782,0.0439396037193197,0.04415814779473015,0.04432108693950495,0.04448581803476525,0.0446523420674361,0.04482067169549672,0.04499082872233333,0.045162842360290445,0.04531182377272874,0.045462595838774926,0.04561517524532306,0.0457695853943273,0.04592585550864491,0.04608401997081003,0.046244117836258786,0.04640619247939672,0.04657029134255059,0.04673646576602008,0.04690477088326322,0.04707526556945257,0.047248012434717095,0.047423077855672485,0.04760053204056854,0.04778044912470433,0.04796290729379518,0.04814798893379775,0.04833578080637065,0.04852637424971029,0.048457480381105325,0.04838975220115001,0.048323075671826754,0.048257346551448886,0.04819246930145029,0.04812835613597999,0.04806492619304743,0.04800210480950657,0.047939822885059165,0.04787801632282952,0.04781662553601523,0.047755595011734306,0.04769487292452925,0.04763441079310602,0.04757416317482056,0.04751408739320936,0.04745414329452133,0.04739429302976599,0.04733450085926566,0.047274732977101754
2025-02-12,0.04283793474659986,0.04254111389771489,0.04284221951049171,0.04314453662108023,0.043193069225648334,0.04324266944676274,0.043528381223607936,0.04381569652734888,0.04410495220926494,0.04439638896882729,0.0446077750629201,0.04482129165280677,0.0450369513842663,0.04525478368996378,0.04535920065771673,0.04546535312574015,0.04557314122972044,0.04568249405906055,0.045793362309084255,0.045905713151111735,0.04606949905262442,0.04623500619420437,0.046402289801022165,0.04657140689376066,0.04674241646892119,0.046915379670716836,0.04709035995921264,0.04726742327826029,0.047446638226030055,0.04762807623044628,0.04781181173150623,0.04799792237225704,0.04818648920008666,0.048377596879933454,0.048571333921016924,0.04876779291873411,0.048967070813441586,0.04916926916795392,0.04937449446572863,0.04958285843187975,0.049494355890506395,0.04940708308647858,0.049320908762071375,0.049235712894234035,0.049151385446305026,0.04906782528311372,0.04898493922515958,0.048902641221611594,0.04882085162517819,0.048739496554609796,0.04865850733283036,0.0485778199905403,0.048497374826667175,0.048417116018317614,0.04833699127395284,0.048256951524406365,0.048176950647118466,0.04809694521959853,0.048016894298668386,0.047936759222497606
2025-02-13,0.04283793474659986,0.042244293979250176,0.04244640348353676,0.04264860757105995,0.04264731873832152,0.042646459516495906,0.0428548238516712,0.0430641162872228,0.04327463023386183,0.043486564642088735,0.04367266986528469,0.04386034388160261,0.0440496480532626,0.04424064230938326,0.04434701555089839,0.0444548211904245,0.04456400727227777,0.044674539897435195,0.04478639873060658,0.04489957386795813,0.045057549854383976,0.0452170731412416,0.04537820201022096,0.045540995022682294,0.04570551144189441,0.04587181158653824,0.04603995713538575,0.04621001139755513,0.046382039558963264,0.04655610891296814,0.04673228908135142,0.046910652230488646,0.04709127328663333,0.04727423015358934,0.04745960393559342,0.04764747916792099,0.04783794405753252,0.04803109073596595,0.048227015526639785,0.04842581922874746,0.04834018209497011,0.04825568703094974,0.04817221099360753,0.048089641483316396,0.048007875372943806,0.047926817890151914,0.04784638173015115,0.04776648627990456,0.04768705693788278,0.04760802451601382,0.04752932471256671,0.04745089764644068,0.047372687444770134,0.04729464187695353,0.047216712029216956,0.04713885201466482,0.04706101871447708,0.04698317154651272,0.04690527225808417,0.046827284740099735
2025-02-14,0.04274005147238504,0.0418495701368575,0.042002680341306865,0.04215508223388508,0.04215459602787455,0.042154271890534174,0.042336786224180065,0.042520017425494445,0.04270424120178761,0.042889641376133734,0.043103710729136824,0.043319316788072,0.043536590733492704,0.04375564577480332,0.04386157707577588,0.04396896831624322,0.04407775995896109,0.04418791208717142,0.04429939949401672,0.04441220825754152,0.0445759186006501,0.044741206916810695,0.04490813532737286,0.04507676599563313,0.04524716162038899,0.04541938584604333,0.04559350361313403,0.04576958146653676,0.04594768783403936,0.04612789328482168,0.046310270775153664,0.046494895887051,0.0466818470645133,0.04687120585117779,0.04706305713266792,0.04725748938653616,0.04745459494245202,0.047654470255141905,0.04785721619252264,0.048062938341476485,0.047985219489476524,0.047908689237905054,0.047833227155161556,0.0477587231610527,0.04768507637440748,0.04761219411135449,0.04753999101184051,0.047468388275705514,0.04739731299268112,0.047326697553180856,0.047256479128810404,0.047186599213230054,0.04711700321541539,0.04704764009854148,0.04697846205870034,0.04690942423848988,0.04684048447120835,0.046771603051977,0.04670274253261229,0.04663386753749273
2025-02-18,0.04293581323048202,0.041946437958781696,0.042199906652643636,0.04245307879637252,0.04265617909971134,0.04286058394467349,0.04304030764139304,0.043221491502920116,0.04340417238912597,0.043588391195037615,0.043801598041502736,0.04401655309104188,0.04423334729776145,0.044452065548599554,0.04457671009353827,0.04470299111254611,0.04483085976671168,0.04496028628159967,0.045091255275415534,0.04522376250681057,0.045386871994994304,0.045551695616612015,0.0457182840489508,0.04588669024041212,0.04605696947812038,0.04622917947183119,0.04640338045227898,0.04657963528284274,0.04675800958394014,0.04693857186995377,0.047121393698799356,0.047306549834491514,0.04749411842327046,0.04768418118404028,0.04787682361404111,0.04807213521084783,0.0482702097119578,0.04847114535340801,0.048675045149051945,0.04888201719233011,0.04880289290029073,0.0487249946247579,0.04864819802334525,0.04857238942457356,0.048497464639512496,0.04842332792879521,0.04834989110188511,0.048277072729327096,0.048204797451861826,0.04813299537286188,0.04806160152267228,0.0479905553851958,0.04791980047852021,0.04784928398260196,0.04777895640803562,0.04770877130079208,0.04763868497852706,0.04756865629466765,0.047498646426999615,0.04742861868791439
2025-02-19,0.04293581323048202,0.04174856412262837,0.04205270027117395,0.04235649929215346,0.04245710371486539,0.04255865190028263,0.0427394684684997,0.04292145247160051,0.04310473452162715,0.043289411601156666,0.04353033859070227,0.04377305657526704,0.044017714733695326,0.044264443488298,0.04438849849508334,0.044514251166807656,0.04464164059690274,0.04477062756660086,0.044901189179611924,0.04503331512429114,0.045183596047174555,0.04533553700649696,0.045489170888665977,0.045644534553629386,0.04580166848652986,0.04596061655615672,0.04612142585440161,0.0462841465984552,0.046448832082691065,0.04661553867084669,0.046784325821730206,0.04695525614358298,0.04712839547363351,0.04730381298043532,0.04748158128739193,0.047661776616509305,0.047844478951928615,0.04802977222321818,0.048217744508768465,0.04840848825995893,0.048357017215602024,0.04830672139188096,0.048257498284702875,0.048209254300830236,0.048161903761583066,0.04811536803648631,0.04806957478751389,0.04802445730780567,0.047979953941366324,0.04793600757241461,0.04789256517482817,0.047849577413600006,0.04780699829144349,0.04776478483469872,0.04772289681354513,0.047681296492237964,0.04763994840568859,0.04759881915921544,0.04755787724872394,0.047517092898938795
2025-02-20,0.04283793474659986,0.04155171771433135,0.04195618207530222,0.04236074828329345,0.04230718934387063,0.04225425978448144,0.04243650448954346,0.04261953990970727,0.0428036184060455,0.04298890984774046,0.04323027291007283,0.04347332144333368,0.04371822481262175,0.04396512765432905,0.044089428880068934,0.04421537691510344,0.044342917885897254,0.04447201795509484,0.044602658386078194,0.04473483210575339,0.044891319375492296,0.04504947391924754,0.045209337008045476,0.04537095295846743,0.045534368997485725,0.045699635186892275,0.04586680439393357,0.04603593229876767,0.04620707743213768,0.046380301238618096,0.04655566816220653,0.04673324575207056,0.04691310478704114,0.04709531941804299,0.04727996732812864,0.04746712991017028,0.04765689246259395,0.0478493444038292,0.04804457950641476,0.048242696151952834,0.04819053369295987,0.04813958242473419,0.048089737491085034,0.04804090316567917,0.047992991831532925,0.047945923093608143,0.04789962300469359,0.04785402338805537,0.047809061243038,0.047764678222007896,0.04772082016885288,0.047677436710757075,0.04763448089622022,0.04759190887333328,0.047549679603192535,0.04750775460406621,0.04746609772254373,0.047424674928417364,0.04738345413048755,0.04734240501085755
2025-02-21,0.04254427055107957,0.04106006760254189,0.04126513340545517,0.04146878261609601,0.04146845264763951,0.04146823266866843,0.04165068887593942,0.04183383256254148,0.04201794039968401,0.04220319641695552,0.04244437533379212,0.04268718513688332,0.042931796813030096,0.04317835562245131,0.04330257853264525,0.04342840558078648,0.04355578530826811,0.043684685524241186,0.04381508856002182,0.04394698796400147,0.04410307562725537,0.044260791406422244,0.044420175761034617,0.044581272034639685,0.04474412633394895,0.04490878746298831,0.04507530689994287,0.045243738808074065,0.045414140074642693,0.04558657037357864,0.045761092248939046,0.0459377712171544,0.046116675886779535,0.046297878095019535,0.04648145306073894,0.046667479554020175,0.046856040082641104,0.0470472210961084,0.047241113208129654,0.04743781143863992,0.047394792881683016,0.04735298114246828,0.04731227858403589,0.04727259616884791,0.047233852498404734,0.047195972978078454,0.04715888908851481,0.04712253774806405,0.04708686075323809,0.047051804286271516,0.04701731848057799,0.04698335703630993,0.046949876879406265,0.0469168378584922,0.046884202474816165,0.04685193564109575,0.04682000446572511,0.046788378059284985,0.04675702736071182,0.04672592498083473
2025-02-24,0.04254427055107957,0.04106006760254189,0.04096515991958415,0.04086717565410646,0.041073808402074606,0.04128047852002923,0.041435673926806964,0.04159173476448027,0.04174879851839136,0.041906961885785535,0.042148200410809016,0.042391027796628594,0.042635620625047305,0.042882127954627806,0.04302550672807117,0.04317054142337175,0.04331720724639858,0.04346549439116479,0.04361540450677321,0.04376694824666087,0.04393457720375274,0.044103961847533096,0.044275147419156634,0.044448182346007385,0.04462311812589093,0.044800009269846494,0.0449789132907463,0.045159890728723784,0.04534300520716437,0.0455283235149023,0.04571591571164376,0.045905855254656645,0.046098219145535704,0.04629308809645134,0.04649054671577012,0.046690683713333334,0.0468935921260256,0.04709936956457556,0.04730811848282217,0.04751994647096383,0.04746651299173158,0.047414364361256775,0.04736339122695457,0.04731349379542126,0.04726458076469948,0.04721656839581241,0.04716937970282901,0.04712294374417907,0.047077195000759006,0.0470320728286824,0.04698752097643495,0.046943487157769415,0.04689992267298392,0.04685678207231723,0.046814022856106356,0.04677160520711697,0.04672949175110131,0.0466876473421834,0.04664603887013153,0.0466046350869714
2025-02-25,0.04234847046281306,0.04076524470857621,0.04052067248362099,0.040272105103545924,0.04032698600534208,0.04038077793585105,0.04048621171660653,0.04059168030589819,0.04069744237747961,0.040803660827164696,0.041046537378561315,0.04129061033485138,0.04153613180952362,0.04178330409470401,0.04194657783546212,0.042111397957196026,0.04227778885139231,0.04244578043725353,0.042615407197417625,0.04278670753068847,0.04295356597576414,0.043122150235512184,0.043292501598235125,0.043464664802139286,0.043638687842342525,0.043814621852528456,0.04399252104410455,0.04417244269081201,0.04435444715026446,0.04453859791638426,0.04472496169849678,0.044913608524154276,0.04510461186374265,0.04529804877567478,0.04549400007156431,0.045692550501251455,0.045893788957952805,0.046097808704155606,0.046304707619193135,0.04651458846973385,0.04645384749032953,0.04639434907258975,0.046335981947504844,0.04627864452753632,0.046222243826226334,0.04616669451881162,0.04611191812284974,0.046057842281363004,0.04600440013386302,0.0459515297629606,0.045899173706194396,0.04584727852430773,0.045795794418526055,0.04574467489049175,0.04569387643943599,0.04564335829194131,0.04559308216030164,0.045543012026037145,0.04549311394558826,0.045443355875610526
2025-02-26,0.04234847046281306,0.04076524470857621,0.040420701408542835,0.04007166826031641,0.04002540711227638,0.039977374946389116,0.040032293400728045,0.04008666318472551,0.040140797301512404,0.04019488659531081,0.04046640546731174,0.040738942917359945,0.04101285303613785,0.041288414775265514,0.04145174549584426,0.04161657346862536,0.04178292767530642,0.04195084141688279,0.04212035165643684,0.04229149858608056,0.042464325345170535,0.0426388778435634,0.04281520465991688,0.04299335699520277,0.04317338866811795,0.04335535614335953,0.043539318586600616,0.04372533794197176,0.04391347902923049,0.04410380965878948,0.04429640076349927,0.04449132654662955,0.04468866464592189,0.044888496313933116,0.045090906615182315,0.045295984640872373,0.0455038237421955,0.04571452178346167,0.04592818141651647,0.046144910378150696,0.04608376118123907,0.04602388262149623,0.04596516187690097,0.0459074959601283,0.04585079062136418,0.04579495939431512,0.04573992276409326,0.045685607439211,0.04563194571281983,0.045578874900707084,0.045526336845522895,0.04547427747832981,0.045422646429912006,0.04537139668540209,0.04532048427672046,0.0452698680081088,0.04521950921070233,0.045169371522643956,0.045119420691719106,0.045069624397891854
2025-02-27,0.04234847046281306,0.0408641955783165,0.040569307982106236,0.04027033638143925,0.040172527879207394,0.04007294427839027,0.040180285889768616,0.04028717407576165,0.04039402811190287,0.040501107173362465,0.04077176705113403,0.04104362552670136,0.04131699972352473,0.04159214240907413,0.04177405250646056,0.041957627433928724,0.042142907987978366,0.04232993875990486,0.042518767735191525,0.042709446048357094,0.042881498552961625,0.04305539144923232,0.04323116169718895,0.043408850982961565,0.04358850530386747,0.043770174681810624,0.043953912974158786,0.044139777760279844,0.044327830288166455,0.0445181354699734,0.04471076191843927,0.04490578201845208,0.04510327202971428,0.0453033122177423,0.0455059870114232,0.04571138518613252,0.045919600072051855,0.046130729787859905,0.046344877500434825,0.04656215171162842,0.04650848462461991,0.04645613060206027,0.04640497912436171,0.04635492936211394,0.04630588909435166,0.04625777376792175,0.04621050567693844,0.04616401324481887,0.046118230394248366,0.04607309599277012,0.04602855336362402,0.045984549853055626,0.045941036446642214,0.04589796742828614,0.04585530007645089,0.045812994392989366,0.04577101286056705,0.04572932022523456,0.04568788330117145,0.04564667079501978
2025-02-28,0.042054734384151235,0.04037243552301693,0.03992821661489832,0.03947890816290948,0.03948456912506211,0.03948834309983056,0.03959511801772964,0.03970156002945874,0.03980804399779225,0.039914802289955434,0.04021215672768803,0.04051085687207171,0.040811247859654357,0.04111360658318448,0.04129453115200384,0.04147719885302789,0.041661632172532076,0.04184786124826111,0.04203592244102702,0.04222585736919747,0.04240337235989663,0.042582773933221414,0.04276410033536073,0.04294739472061294,0.04313270472373973,0.04332008216535654,0.04350958285844954,0.04370126649345448,0.04389519658580337,0.0440914404743996,0.044290069362742004,0.044491158396792664,0.04469478677544188,0.044901037890755134,0.04510999949621442,0.045321763901981935,0.04553642819687948,0.045754094497338825,0.04597487022407096,0.04619886840764843,0.04613634493682682,0.046075156331218496,0.04601518526592443,0.04595632465984256,0.045898476533030474,0.04584155101319164,0.04578546546908314,0.045730143752342904,0.045675515532255545,0.04562151571045323,0.04556808390458789,0.045515163991698096,0.04546270370339453,0.04541065426615468,0.0453589700809944,0.045307608437601676,0.04525652925870968,0.04520569487106724,0.04515506979986025,0.04510462058385629
2025-03-03,0.0426421634073676,0.04016856400237425,0.03967705366493793,0.03917889257013747,0.03903282705896944,0.03888394453382372,0.03899290839245372,0.03910097013510418,0.03920869011349076,0.03931641182977295,0.03955997481201178,0.03980446030539877,0.04005016345167594,0.04029731633498956,0.040479770235551694,0.040663699011007394,0.040849165159559615,0.04103622959700404,0.04122495263763714,0.04141539471382204,0.0416055774083219,0.04179759036975341,0.04199149500865439,0.04218735465773827,0.042385234794463426,0.04258520325062994,0.04278733041530677,0.0429916894358587,0.0431983564208114,0.043407410647603624,0.04361893477781807,0.043833015082190896,0.0440497416775274,0.044269208777567855,0.04449151495983441,0.0447167634505323,0.04494506242967081,0.04517652535870323,0.045411271333162764,0.045649425462988294,0.04558615498687274,0.04552426768459812,0.04546364345957106,0.04540417272858767,0.04534575524957373,0.0452882991023113,0.045231719799374154,0.04517593950828976,0.04512088636904598,0.04506649389360098,0.045012700436148696,0.04495944872462253,0.04490668544535623,0.04485436087401955,0.044802428546946056,0.04475084496781252,0.044699569345335664,0.04464856335825112,0.044597790944345295,0.04454721811074233
2025-03-04,0.04234847046281306,0.03997364116261357,0.039581703011179234,0.03918378303063479,0.03908769103391156,0.038989282117064004,0.03917525768102504,0.039360882669009944,0.03954674843657278,0.03973322654522006,0.04000207629968255,0.04027233534448387,0.04054426029007742,0.04081806010876683,0.04101790571801004,0.0412195635637614,0.04142308060030072,0.04162850797473773,0.04183590062314233,0.042045317030530584,0.04224043575227601,0.04243760422869596,0.04263687244856945,0.04283829515268144,0.043041931549088544,0.04324784513700211,0.04345610361448012,0.04366677885251591,0.04387994692324873,0.04409568817365131,0.04431408733866762,0.04453523368969703,0.04475922121576868,0.044986148835865915,0.04521612064174841,0.04544924617134865,0.045685640713443165,0.04592542564485323,0.046168728801945724,0.04641568488870205,0.046358394535655385,0.0463025924235083,0.0462481560006386,0.046194973505985344,0.046142942765210304,0.04609197014388731,0.046041969634336356,0.045992862056616825,0.04594457435737561,0.04589703899285494,0.04585019338451288,0.04580397943748656,0.045758343113602676,0.04571323405186925,0.04566860523041056,0.045624412664669815,0.04558061513743075,0.04553717395682346,0.045494052738999424,0.045451217212603326
2025-03-05,0.04254427055107957,0.04016955639918006,0.039827632747991566,0.039479938363635156,0.03958737690931856,0.03969340014930961,0.03987704538292852,0.04006096756810146,0.04024555763856612,0.040431067253595555,0.04069932051360281,0.0409691658922471,0.041240828360674955,0.04151449479875267,0.04169509426221258,0.04187751540604416,0.04206177051776981,0.04224788197560343,0.04243588018862356,0.04262580218999868,0.04281563769858378,0.04300747504227674,0.043201364096259735,0.04339735913706075,0.043595518605305014,0.04379590496434934,0.04399858463312927,0.044203627978033004,0.04441110935311925,0.04462110718118257,0.044833704070467585,0.045048986963526765,0.04526704731599046,0.045487981304005776,0.04571189005988747,0.04593887993617358,0.04616906279883726,0.04640255635090509,0.04663948448819876,0.046879977689370314,0.04681484141732177,0.04675114855162353,0.04668877353100188,0.04662760176795104,0.046567528424647286,0.04650845734861238,0.04645030014434175,0.0463929753610773,0.04633640778014072,0.046280527787897416,0.04622527082260597,0.04617057688521574,0.046116390105675,0.04606265835756287,0.04600933291490329,0.04595636814589738,0.04590372123904927,0.045851351957785155,0.04579922242019409,0.045747296900968855
2025-03-06,0.04225056322989651,0.039776723920852505,0.0394850348530501,0.03918770765868345,0.0392947497949597,0.03940050061561277,0.039609952827279415,0.039819823983726334,0.04003052968208875,0.04024234017244106,0.04056430697860942,0.040888239344466844,0.04121441833903058,0.041543080309968734,0.04174097272934349,0.04194099751302151,0.04214315232201306,0.04234745031174647,0.04255391677602512,0.042762586842088425,0.0429570526135331,0.043153713694981805,0.04335260773789817,0.04355377954821607,0.0437572803438786,0.04396316722838732,0.04417150282787333,0.04438235505452338,0.04459579696980076,0.04481190672836007,0.04503076758889442,0.045252467982034236,0.045477101628293055,0.045704767701223906,0.04593557103262498,0.04616962235795555,0.04640703860120317,0.04664794319934875,0.04689246646737125,0.04714074600545334,0.04706550953280355,0.04699178252268304,0.04691942907332816,0.046848325130957484,0.046778357169720924,0.04670942104402706,0.04664142098758795,0.04657426873779657,0.04650788276754462,0.0464421876094515,0.046377113259832084,0.04631259465168228,0.046248571187578684,0.04618498632473799,0.04612178720561042,0.046058924328327124,0.04599635125212026,0.04593402433350673,0.04587190248959806,0.04580994698538416
2025-03-07,0.04244637290305073,0.04007160117982149,0.039779636441390605,0.03948215924062947,0.03958915843065663,0.0396948888491156,0.03990436869375214,0.04011428195636761,0.04032504369249386,0.04053692400334939,0.04085904254604821,0.041183143679819074,0.041509510019915236,0.041838379297484365,0.04203637329572248,0.04223651772837396,0.04243881010197002,0.04264326359947851,0.04284990368572019,0.04305876577613597,0.043253418319357397,0.04345028471055424,0.043649402994056244,0.043850818450738065,0.04405458284889096,0.044260753913403214,0.04446939496023362,0.044680574658644945,0.04489436689437794,0.045110850714485756,0.04533011033994222,0.04555223523606209,0.04577732023367716,0.04600546569620711,0.04623677772945793,0.04647136843232158,0.046709356187643866,0.046950865993450205,0.04719602983552447,0.04744498710307239,0.047377734522813346,0.04731201278664429,0.04724768967068726,0.04718464451441604,0.04712276693076439,0.0470619556845678,0.047002117714276856,0.046943167276056574,0.046885025192796755,0.046827618193354556,0.046770878329653404,0.04671474246116654,0.0466591517978945,0.04660405149426342,0.046549390287472424,0.046495120174743776,0.04644119612470763,0.04638757581881149,0.04633421941920208,0.046281089360000686
2025-03-10,0.042054734384151235,0.03938286089711548,0.038941829966596626,0.03849417698590782,0.03860256701111848,0.038709197011940845,0.038893156946032,0.03907725269048657,0.03926190978419277,0.03944740015236024,0.039769720154754246,0.04009383263992434,0.04042004401255869,0.04074860797923978,0.04096565294585934,0.041184820356313705,0.041406142082605124,0.04162965976581202,0.04185542307796079,0.04208348855809566,0.04228931353814197,0.04249741324054319,0.042707832349104885,0.04292062253569339,0.04313584181478947,0.04335355409674549,0.04357382889221463,0.04379674113418295,0.044022371093701315,0.04425080437222794,0.04448213195837854,0.0447164503404461,0.04495386166870741,0.045194473963551834,0.04543840136704069,0.04568576443676894,0.04593669048194759,0.04619131394252662,0.04644977681298706,0.04671222911318565,0.04664399829411051,0.046577362285380036,0.04651218522506555,0.04644834317007138,0.04638572276722524,0.04632422009779103,0.04626373966958261,0.04620419353516136,0.04614550051811364,0.046087585532284876,0.046030378981219595,0.04597381622701889,0.04591783711945539,0.0458623855775428,0.04580740921689268,0.0457528590171439,0.04569868902455205,0.04564485608550416,0.045591319607298855,0.04553804134301967
2025-03-11,0.0421526512038326,0.03987666165301519,0.0394343932626886,0.03898609093924822,0.038890326188256816,0.03879214094751792,0.039082245396393545,0.03937240635002706,0.039663386388147835,0.03995567760230784,0.04030404662210809,0.04065462212989795,0.04100769981429816,0.04136353150478893,0.0415793508989358,0.041797516209583795,0.04201802661583894,0.04224089866388556,0.04246616255121001,0.04269385957996275,0.04289317959822981,0.04309484439122482,0.043298883381068444,0.04350533515035892,0.04371424633904227,0.04392567084373277,0.04413966924488074,0.04435630840886097,0.0445756612270408,0.04479780646442202,0.045022828697973145,0.04525081833022741,0.04548187166774908,0.04571609105709367,0.04595358507320433,0.04619446875699963,0.04643886390036762,0.04668689937798889,0.04693871152644977,0.047194444572029745,0.04712620899650536,0.04705955706659543,0.046994353175805754,0.0469304735977757,0.04686780516137339,0.046806244098691774,0.046745695040202186,0.046686070135613496,0.04662728828248695,0.0465692744475297,0.046511959067854804,0.04645527752145194,0.046399169657736536,0.04634357938039822,0.046288454275901746,0.04623374528194266,0.04617940639096039,0.04612539438448721,0.04607166859468394,0.04601819068989997
2025-03-12,0.04225056322989651,0.04027148697482253,0.03997821316395634,0.03968007306151611,0.039531742152476304,0.039381328329243064,0.03967150047481457,0.039961771084437145,0.04025290059265392,0.04054538031760616,0.040839556457055066,0.04113569219383368,0.041434001244601865,0.04173466713860162,0.04195201870376156,0.04217156636341355,0.04239334005593451,0.04261738046639618,0.04284373706716447,0.04307246680179706,0.04327272633210235,0.04347529158859239,0.04368020086290595,0.04388750032903571,0.04409724320922151,0.04430948918126755,0.04452430396860157,0.04474175907153146,0.04496193161001307,0.04518490425658909,0.045410765244130395,0.045639608437356746,0.04587153346033267,0.04610664587456734,0.04634505740422579,0.0465868862064474,0.04683225718598507,0.04708130235440488,0.047334161234988945,0.04759098131530786,0.04752246459113618,0.04745553545902442,0.04739005760817026,0.04732590665921752,0.04726296883340611,0.047201139795398694,0.047140323643926015,0.04708043202870227,0.04702138337558119,0.046963102204807525,0.04690551852959539,0.046848567324229415,0.04679218805251548,0.0467363242487676,0.0466809231446539,0.046625935336178946,0.04657131448588313,0.04651701705601866,0.0464630020690369,0.04640923089221065
2025-03-13,0.04225056322989651,0.03987567634708661,0.039433744021780216,0.03898560983820495,0.03894090639717312,0.03889392787295346,0.0391315290240015,0.03936908666596447,0.0396072400029819,0.03984639744347509,0.04019561663140786,0.04054688314391539,0.04090052731954489,0.04125682562948873,0.041473106021909824,0.04169166239370341,0.041912505116405555,0.04213565938446859,0.04236116216526431,0.042589060118209496,0.042794734921202275,0.04300276238349507,0.04321318204798228,0.04342604156882576,0.043641395859328594,0.04385930648763217,0.04407984126010734,0.044303073949882706,0.044529084140117296,0.04475795716018659,0.04498978409907845,0.04522466188475934,0.04546269342157849,0.045703987780281424,0.045948660437140534,0.046196833560250644,0.04644863634229683,0.04670420538017354,0.04696368510277644,0.04722722824915603,0.04715815757763624,0.04709070956538123,0.04702474587018369,0.04696014027850663,0.04689677735296538,0.04683455125631268,0.04677336472564648,0.046713128174941915,0.046653758907583436,0.0465951804235056,0.04653732180796594,0.04648011719096918,0.04642350526802114,0.046367428874270325,0.046311834605252164,0.04625667247841924,0.04620189563045852,0.04614746004608532,0.046093324314589366,0.04603944941090458
2025-03-14,0.04244637290305073,0.040467392595484396,0.040124168985788446,0.03977581015905829,0.03967892538704366,0.03957997143458931,0.03981778982018621,0.04005556640398412,0.04029395107023029,0.040533359105085105,0.04082853795569518,0.041125507314419864,0.04142451983661481,0.04172578686062706,0.04192461385692092,0.04212547514033425,0.042328387636518375,0.04253337957974493,0.04274048826443023,0.04294975851593449,0.043144779041713016,0.04334196662885634,0.043541364428255507,0.04374302192399882,0.04394699436146366,0.044153342352550744,0.044362131615693925,0.04457343282071421,0.0447873215172019,0.045003878131178336,0.04522318801913923,0.045445341571753825,0.04567043436185603,0.045898567333153034,0.04612984702747408,0.046364385849495274,0.0466023023688005,0.04684372165992685,0.04708877568174907,0.047337603698210926,0.04727901929746141,0.047221968385334066,0.047166324516864415,0.04711197236919293,0.047058806500398544,0.04700673027022526,0.04695565489859433,0.04690549864181284,0.046856186069669854,0.04680764742930043,0.04675981808391306,0.04671263801630808,0.04666605138863477,0.04662000615110236,0.04657445369341967,0.04652934853362827,0.04648464803974249,0.04644031218024251,0.046396303300003765,0.04635258591870055
2025-03-17,0.04244637290305073,0.04066528886660396,0.04042138257853091,0.04017315166098619,0.04002417807994561,0.03987331516733747,0.040085272070096455,0.04029705577263042,0.0405092863418191,0.04072235700154882,0.04099100302500506,0.041261210407398,0.04153321571548152,0.04180721432950472,0.04198805714849394,0.0421707188483693,0.0423552149381779,0.042541570431241064,0.042729817947518345,0.042919996420919246,0.043110094345155815,0.04330220435592996,0.04349637769202675,0.04369266990653861,0.04389114065615888,0.044091853580934544,0.04429487625427774,0.04450028018910733,0.04470814089020994,0.044918537945899256,0.04513155515420956,0.04534728068045415,0.04556580724418271,0.045787232334508175,0.046011658453524305,0.046239193388159364,0.04646995051135303,0.046704049113930696,0.04694161476901106,0.047182779731233,0.047117296311717655,0.04705326567567176,0.04699056128667536,0.04692906766129597,0.04686867913602159,0.04680929879511508,0.04675083753543066,0.04669321324822779,0.04663635010127635,0.04658017790722134,0.04652463156637607,0.046469650573933347,0.04641517858309581,0.046361163016885316,0.04630755472244543,0.04625430766253429,0.046201378639650265,0.046148727048861055,0.04609631465594083,0.04604410539787192
2025-03-18,0.04244637290305073,0.04086318551841709,0.04041868883789565,0.039969211136804836,0.03982186092388011,0.03967208886582021,0.039832663190020975,0.03999266995171847,0.04015270709094441,0.04031314688724315,0.04061022264274303,0.04090874302649578,0.041209037022278176,0.04151137031509141,0.04171120287940797,0.04191292135407399,0.04211656674727967,0.042322185922039283,0.0425298307764669,0.04273955771422962,0.04292265770805976,0.04310778863809233,0.043294985812389074,0.0434842907777974,0.04367575067841185,0.04386941780038085,0.04406534925767854,0.044263606786693825,0.044464256626641115,0.04466736946923528,0.04487302046567553,0.04508128928232581,0.04529226019895143,0.04550602224523258,0.04572266937270456,0.045942300660401815,0.04616502055339181,0.04639093913414542,0.04662017242734731,0.04685284273933906,0.0467967255951223,0.04674203307083104,0.046688646672137214,0.04663645831448651,0.046585369161301994,0.046535288613729624,0.04648613342935992,0.04643782695112075,0.04639029843060726,0.046343482432632366,0.04629731830985438,0.04625174973805336,0.04620672430405091,0.0461621931394542,0.04611811059439743,0.046074433946286346,0.04603112313925265,0.045988140550617264,0.04594545078116425,0.04590302046645273
2025-03-19,0.04244637290305073,0.04056634068369957,0.04002287660215756,0.0394734930235273,0.03927634571534595,0.039076244563831575,0.03928978416568059,0.03950269679466573,0.03971574232166972,0.03992939738245978,0.040225535703581755,0.040523224806947276,0.04082276260305911,0.0411243922568875,0.04132367145755497,0.04152486566539572,0.04172800675668713,0.041933134298353436,0.04214029423289351,0.04234953800119806,0.042538357535100824,0.04272923974876668,0.04292222398861157,0.04311735562298089,0.04331468547205415,0.04351426940977561,0.04371616809633853,0.04392044681188756,0.04412717537050192,0.04433642809943663,0.04454828387282958,0.04476282619216605,0.04498014330807465,0.045200328379757244,0.045423479669691236,0.04564970077230158,0.045879100876167436,0.04611179506006049,0.04634790462375539,0.04658755745514091,0.04653912353005347,0.04649216448618997,0.04644656453255434,0.04640221814633271,0.04635902892756839,0.046316908603184784,0.04627577615811384,0.046235557074995444,0.04619618266693873,0.046157589490318236,0.04611971882662112,0.04608251622405178,0.0460459310910031,0.046009916334672406,0.04597442803907862,0.045939425177557155,0.04590486935550037,0.045870724579695724,0.04583695705110769,0.04580353497837098
2025-03-20,0.04225056322989651,0.04017253417849928,0.03962969126419257,0.03908064806711676,0.038985587349469886,0.03888786885899013,0.03910029460287223,0.039312358328918044,0.039524728767055865,0.03973782775371254,0.040033470032540104,0.0403307208165531,0.04062986141844089,0.04093112298649299,0.041149122365679386,0.04136914520581311,0.041591242971930065,0.04181547264876622,0.04204189612775416,0.04227057983119758,0.04245850980776626,0.04264857466780539,0.042840803547758786,0.04303523326664302,0.043231907421152925,0.04343087572985022,0.04363219356496745,0.043835921628205446,0.04404212573924144,0.04425087671433485,0.044462250318605415,0.04467632728004671,0.044893193356643414,0.04511293945043998,0.04533566176430107,0.04556146199858187,0.045790447586108195,0.04602273196483948,0.0462584348884147,0.046497682775511154,0.046449069223879265,0.04640194017192186,0.0463561792096656,0.04631168025327055,0.04626834639330807,0.04622608889322188,0.046184826315605464,0.046144483757657236,0.04610499218021807,0.04606628781729108,0.04602831165499858,0.04599100897063035,0.04595432892384853,0.045918224193289614,0.045882650652787814,0.04584756708226856,0.04581293490905705,0.04577871797593244,0.045744882332757385,0.04571139604893373
2025-03-21,0.0421526512038326,0.03997561666530432,0.039483053834844586,0.03898437955873852,0.038888960839741235,0.03879100634701562,0.03900324324300374,0.03921515833939537,0.03942740554187604,0.03964039773482496,0.039963105764360046,0.040287569073236267,0.04061410624801676,0.04094297987736868,0.04117928055554967,0.04141779254199051,0.04165857617925556,0.04190169780648331,0.042147229172833624,0.042395247092105945,0.04259447168620526,0.04279601290429634,0.042999900939307015,0.04320617486332337,0.04341488157052807,0.04362607501115631,0.04383981564475682,0.04405617006188547,0.04427521073777105,0.04449701589162203,0.04472166943247866,0.044949260977764534,0.04517988593456536,0.04541364563657302,0.04565064753186065,0.0458910054184021,0.046134839725653944,0.04638227784168341,0.04663345448632717,0.04688851213175686,0.046845773494588905,0.04680465104055799,0.046765025341185186,0.04672678768293192,0.04668983887381396,0.046654088205626235,0.046619452548602024,0.04658585555919303,0.046553226984809244,0.0465215020519446,0.04649062092624231,0.04646052823481593,0.046431172642603186,0.0464025064757479,0.04637448538602499,0.0463470680511771,0.04632021590675349,0.04629389290564817,0.0462680653020516,0.04624270145696691
2025-03-24,0.04225056322989651,0.040667299102298674,0.04032274323629347,0.0399737085163249,0.039825444361644466,0.039675062775069395,0.0398872793827817,0.04009924341602006,0.04031159853459508,0.04052475199975712,0.04087510967497942,0.041227430176654103,0.041582077164681396,0.041939351631319,0.042156307541256655,0.042375532523777064,0.04259704590707076,0.04282088023719633,0.04304707867583912,0.043275693234788415,0.04346965444219704,0.04366591890021631,0.04386451498324925,0.04406548001860177,0.04426885920100483,0.04447470480360439,0.044683075612190745,0.044894036530701356,0.04510765832073183,0.04532401744812196,0.045543196017058314,0.045765281777485914,0.04599036819556451,0.04621855457986499,0.04644994625826318,0.046684654802258335,0.04692279829686221,0.04716450165537693,0.04740989697938162,0.047659123965135,0.04760816980555049,0.04755879771852651,0.047510883862916596,0.047464315379574046,0.04741898916626777,0.0473748108123423,0.04733169366933123,0.04728955803769944,0.04724833045312521,0.047207943058388754,0.04716833304911833,0.047129442183453746,0.047091216347187013,0.04705360516719047,0.047016561666988935,0.04698004195920994,0.046944004970385186,0.046908412194201464,0.046873227469827604,0.046838416782395045
2025-03-25,0.0421526512038326,0.04047039312438072,0.03982627510305261,0.03917615069351998,0.03928547896703622,0.0393927534514075,0.03962930469899673,0.0398661158168227,0.040103732944953695,0.04034250898940816,0.040664363494285476,0.04098821673248055,0.04131434395693187,0.04164297745457738,0.04185987978372323,0.04207902407549472,0.042300431097654176,0.04252413434888349,0.0427501775736769,0.04297861307797524,0.043184783043050255,0.04339331002361667,0.043604236953678994,0.04381761452469121,0.04403350041850607,0.044251958769656624,0.04447305980174142,0.044696879598871905,0.04492349998434558,0.04515300848660369,0.04538549837818798,0.04562106877753678,0.045859824806526,0.046101877798987355,0.04634734555724586,0.04659635265516447,0.04684903078737853,0.04710551916542696,0.04736596496239864,0.04763052380856251,0.047577863812498275,0.04752686747471895,0.04747740530059254,0.04742935929293486,0.04738262166969565,0.04733709374885451,0.04729268497562391,0.04724931207120809,0.04720689828575371,0.04716537274090727,0.04712466984968166,0.04708472880322711,0.04704549311567119,0.04700691021950294,0.046968931105069986,0.04693150999867653,0.04689460407454432,0.046858173196551466,0.0468221796862192,0.04678658811388608
2025-03-26,0.0421526512038326,0.040569348699114216,0.03997487561100822,0.03937477366618392,0.039534602444740094,0.039692762418300984,0.03987649606766656,0.04006048451438504,0.04024512607534942,0.04043067683966213,0.04080787319201132,0.041187240323019673,0.04156917070651322,0.041953991571608396,0.04218915221524449,0.04242679217069046,0.0426669367387345,0.042909625627134185,0.04315491019329752,0.04340285158269129,0.04360807465465275,0.043815795766764025,0.04402604365852536,0.04423885741778147,0.0444542852107662,0.04467238335875674,0.044893215675821066,0.045116853006994084,0.04534337292340346,0.045572859542946986,0.04580540345375357,0.04604110172392409,0.04628005798567246,0.04652238258546305,0.04676819279440617,0.04701761307526528,0.047270775404117976,0.047527819646116354,0.04778889398600367,0.048054155415130244,0.04800060838912008,0.047948762118399844,0.0478984842879793,0.047849654329297706,0.04780216211005896,0.04775590679490609,0.04771079585149226,0.04766674418074593,0.04762367335358996,0.04758151093921234,0.04754018991232451,0.04749964812877624,0.047459827860500306,0.047420675382098654,0.04738214060249902,0.04734417673605077,0.047306740008218676,0.04726978939170136,0.047233286369367564,0.047197194720883504
2025-03-27,0.04225056322989651,0.04056834592813267,0.03992424108861924,0.03927411454758493,0.03943444831215166,0.03959294068423493,0.039828976785178785,0.04006541799291149,0.04030276526898971,0.040541344548026104,0.040917587757205165,0.041296179830388684,0.04167747442947197,0.04206177118382225,0.04233462987248899,0.042610255094161845,0.04288871274150037,0.0431700797235281,0.043454442470539034,0.043741895986898635,0.04395175157584516,0.04416433249725222,0.04437965381290236,0.044597744123881795,0.0448186437231462,0.04504240323291138,0.045269082605995555,0.045498750405244995,0.0457314832993732,0.04596736573053774,0.0462064897211064,0.04644895479585029,0.04669486800227131,0.04694434401661509,0.047197505326815825,0.04745448248649984,0.04771541443647486,0.04798044889202396,0.048249742795931284,0.048523462838585725,0.04846788767764492,0.048414104107233555,0.048361973228131315,0.04831136847833509,0.048262174257056756,0.04821428472814455,0.04816760277620694,0.0481220390931713,0.04807751137664511,0.04803394362442944,0.0479912655119888,0.047949411841711816,0.04790832205448356,0.04786793979549334,0.047828212527378164,0.04778909118478654,0.04775052986527888,0.047712485552181196,0.04767491786560379,0.0476377888383416
2025-03-28,0.0421526512038326,0.03997561666530432,0.03923319498767084,0.038483567235018785,0.03859405564006295,0.03870208416843217,0.03888702955921624,0.039071863836419425,0.03925709482943776,0.039443043837086786,0.03979289209729489,0.040144619756564685,0.04049858790588548,0.04085509456872695,0.04114778580761178,0.04144308003714065,0.04174110044964741,0.042041970565262085,0.04234581568276153,0.042652764006293725,0.0428681555842386,0.04308622666758963,0.04330699933655974,0.04353050814945211,0.04375679851310763,0.04398592548840337,0.04421795292288058,0.04445295283389311,0.04469100498731468,0.04493219663205749,0.04517662236151576,0.045424384080927756,0.04567559106545941,0.04593036009817339,0.04618881568038561,0.0464510903095239,0.04671732482170475,0.046987668797984834,0.04726228103473871,0.04754133007994844,0.047494501123497,0.04744947919096757,0.0474061313782685,0.04736433671622208,0.04732398484148938,0.047284974840801276,0.04724721424268403,0.04721061813516914,0.047175108391489515,0.0471406129886433,0.04710706540607861,0.04707440409371318,0.04704257200013139,0.047011516153157455,0.046981187286138426,0.04695153950422354,0.04692252998572717,0.0468941187143416,0.04686626823853916,0.04683894345499148
2025-03-31,0.04185888636205972,0.039879618155566766,0.03918646772145701,0.038486680281740494,0.03849465069773088,0.03849996430839119,0.038685695761793384,0.0388711067048424,0.039056772272916984,0.03924305405001832,0.039593075992857996,0.03994491723376758,0.0402989487592971,0.04065547545662946,0.04091017110654115,0.04116722001250489,0.041426696825577265,0.04168868143245942,0.041953258722531944,0.04222051850246757,0.042443308188446764,0.04266864552688467,0.04289657780176571,0.04312716106844838,0.04336045929781378,0.04359654377961724,0.04383549272297543,0.04407739101016008,0.044322330072508416,0.04457040786616986,0.044821728931802626,0.04507640452700563,0.045334552823756945,0.04559629916578545,0.04586177638288383,0.046131125160849135,0.046404494467139894,0.04668204203355977,0.04696393489838411,0.04725035001139351,0.047186652402068034,0.04712473341235945,0.047064449668281445,0.04700567046342354,0.04694827634623136,0.04689215789155831,0.04683721462904882,0.0467833541054859,0.046730491061970025,0.04667854670985766,0.046627448091908864,0.046577127517178914,0.0465275220599184,0.04647857311419049,0.046430225997119164,0.046382429594694345,0.04633513604491431,0.04628830045376391,0.04624188064013938,0.04619583690634789
2025-04-01,0.04185888636205972,0.03968169344032988,0.03898918943876905,0.03828974428396144,0.038195989260994455,0.0380991632622238,0.038260001901496206,0.038420121514572796,0.038580153543694685,0.03874048971010802,0.03906403130344399,0.039389060208091596,0.03971594047135939,0.04004496633460177,0.040300514152863155,0.04055822743990174,0.04081820608739305,0.04108054920904662,0.04134535646181247,0.04161272904614635,0.04183568030510528,0.04206108080788678,0.04228898409789988,0.04251945109052377,0.04275254947231963,0.04298835329855209,0.0432269427425416,0.04346840396413101,0.043712829074098555,0.0439603161780934,0.04421096948852144,0.04446489949637126,0.044722223197640985,0.044983064371080295,0.045247553905590064,0.04551583017695186,0.04578803947469424,0.0460643364809075,0.04634488480375158,0.0466298575693017,0.04655881199345798,0.046489497285584123,0.046421768253481537,0.046355492477557166,0.04629054888717227,0.046226826522771415,0.046164223456130186,0.04610264584566979,0.04604200710755154,0.04598222718634984,0.04592323191164386,0.04586495242897018,0.045807324695323504,0.045750289030846,0.04569378971956285,0.0456377746530413,0.04558219501171084,0.04552700497930759,0.04547216148652158,0.045417623980449094
2025-04-02,0.041956812770383656,0.03997759255879732,0.03933442985774293,0.03868482714808447,0.038590501610886854,0.03849328427417974,0.03865394918356217,0.03881395985832487,0.03897393037740587,0.03913424220642399,0.039457929783518836,0.03978313649246434,0.0401102262515392,0.040439493569226756,0.0406762310456028,0.04091506313257242,0.04115606470836592,0.041399313112944175,0.041644888470985394,0.041892873981574326,0.04211056936676625,0.042330631102707496,0.0425531142906941,0.04277808058495217,0.0430055977190377,0.043235739198166,0.04346858411909307,0.04370421709058806,0.043942728235458854,0.044184213260697706,0.04442877358634847,0.044676516526669256,0.04492755551939698,0.045182010400645754,0.04544000772434641,0.04570168112626569,0.045967171733616766,0.04623662862214259,0.046510209323367434,0.04678808038550587,0.0467179172776308,0.046649439268730636,0.04658250416640203,0.04651698227220927,0.04645275498887579,0.04638971360923315,0.046327758259865,0.04626679697689384,0.04620674489504163,0.04614752353411337,0.04608906016954045,0.04603128727567607,0.04597414203224261,0.04591756588575281,0.045861504158916856,0.04580590570204575,0.04575072258130235,0.045695909799361605,0.045641425044644135,0.045587228465798095
2025-04-03,0.04156507836505678,0.03879391178864448,0.03775352277820285,0.03670400314542283,0.03656260044794017,0.03641692957695225,0.03660531437125464,0.03679258370631315,0.03697955178912901,0.037166722648088305,0.03751654298090102,0.03786789580780959,0.03822117721547224,0.03857670794291235,0.038906425755286154,0.039238723116946456,0.03957378316129021,0.03991178031146544,0.04025288439145235,0.0405972636407648,0.04085320072546507,0.04111203264805166,0.041373818411739254,0.04163862744174547,0.041906538642893155,0.04217763975732336,0.04245202695174477,0.042729804584559446,0.043011085117722045,0.04329598914845116,0.04358464554330417,0.04387719166256639,0.04417377366699681,0.04447454690213726,0.044779676357915146,0.04508933720335754,0.045403715398034596,0.04572300838347431,0.046047425859322644,0.04637719065053574,0.046317054675376536,0.04625895337353804,0.0462027321633854,0.04614825026783227,0.04609537917635827,0.04604400130759569,0.04599400884261433,0.04594530270401249,0.04589779165998585,0.04585139153587889,0.04580602451846767,0.0457616185404925,0.04571810673484316,0.04567542694936926,0.045633521314601556,0.0455923358577723,0.04555182015745065,0.04551192703389318,0.045472612270874596,0.045433834365327504
2025-04-04,0.04097733285463113,0.03820576270583824,0.03731511416946193,0.03641603099537024,0.03632418194588393,0.03622867855085333,0.03638997376822549,0.03655033488883469,0.03671044506668284,0.0368707263026205,0.03719344357636509,0.037517520616929236,0.037843316997232965,0.03817112210468021,0.03848232323665406,0.03879587627111242,0.03911195243305826,0.03943071340399802,0.039752315409116896,0.040076912193380027,0.040321215986097274,0.04056819707068777,0.040817911213661975,0.04107042321739351,0.041325806120536004,0.04158414065398693,0.041845514892197115,0.04211002405743912,0.04237777044700387,0.04264886346202323,0.04292341972289961,0.043201563260935286,0.04348342577921741,0.043769146978479424,0.04405887494577602,0.0443527666055438,0.04465098823410492,0.04495371603999356,0.04526113681371975,0.045573448651787196,0.04550810904514755,0.04544465581769978,0.045382939470542026,0.04532282377172606,0.04526418427786684,0.045206907048596236,0.04515088752514367,0.04509602954911166,0.04504224450142295,0.04498945054461848,0.04493757195432549,0.044886538527895405,0.04483628506002433,0.04478675087667682,0.04473787941989739,0.044689617877152865,0.044641916849741836,0.04459473005556049,0.04454801406215375,0.04450172804652287
2025-04-07,0.04097733285463113,0.03820576270583824,0.03756492558056553,0.03691664337091424,0.036873701244602194,0.036827925682611395,0.037091714150201856,0.03735534144254628,0.03761952709454495,0.037884730839819546,0.03828671248005345,0.038690981353686815,0.03909792450845046,0.039507868234577484,0.03983573462935383,0.04016657212744723,0.04050051038485042,0.040837683089326254,0.04117822878560918,0.04152229159593375,0.04178380000322075,0.04204844705696802,0.04231628486953584,0.04258737862484732,0.04286180521467772,0.04313965228182956,0.04342101757292917,0.04370600853224084,0.043994742087770884,0.044287344594963175,0.04458395191337951,0.044884709599156226,0.04518977320157587,0.04549930865635552,0.04581349277162961,0.04613251380537055,0.04645657213535277,0.046785881024869025,0.047120667489373075,0.04746117327114171,0.04738972313240049,0.04732041712090064,0.04725308633836314,0.04718757687541711,0.04712374814100771,0.0470614714097126,0.04700062855451723,0.04694111093800702,0.04688281843935022,0.04682565859806551,0.04676954585854969,0.04671440090180688,0.04666015005286681,0.0466067247540861,0.046554061095952615,0.04650209939821048,0.0464507838351318,0.04640006209961229,0.04634988510149098,0.04630020669610669
2025-04-08,0.04097733285463113,0.0379088129850675,0.03731884301621506,0.03672121159557212,0.03672898818902946,0.03673417258466775,0.03717905170460955,0.037624778803868664,0.03807230695900134,0.03852227821509288,0.03897516873147014,0.03943136165099393,0.03989118663756634,0.04035494277534533,0.04073716241871445,0.04112322376030121,0.04151326749299238,0.04190744761621653,0.04230593069222248,0.04270889555206072,0.04299231057443679,0.04327950888182542,0.04357053018471804,0.04386543391685536,0.04416429688064733,0.04446721155918999,0.044774284933626306,0.045085637691964706,0.04540140374829976,0.045721730014550696,0.0460467763834859,0.04637671589400652,0.04671173505880367,0.04705203434152526,0.04739782877614546,0.04774934872578573,0.048106840782125966,0.048470568810024366,0.04884081514522448,0.04921788195623475,0.04912130299157155,0.04902718836434831,0.048935333410929004,0.048845551513332586,0.04875767208988159,0.048671538848161895,0.04858700826123994,0.04850394823459314,0.04842223693652328,0.048341761769179536,0.04826241846090618,0.048184110263597695,0.04810674724120666,0.04803024563760315,0.047954527313701215,0.047879519245208293,0.047805153073568,0.04773136470369075,0.047658093942935804,0.04758528417654688
2025-04-09,0.04185888636205972,0.039879618155566766,0.03928641329282818,0.03868700237698857,0.038694143293038843,0.03869890390373896,0.039092377168738625,0.03948657062505783,0.03988236150422446,0.040280334765832475,0.040653662662542785,0.04102978304669068,0.04140894107976434,0.04179135856362158,0.04204346859013332,0.04229840773564712,0.04255618142055553,0.042816816450525756,0.04308035658749728,0.04334685953141158,0.04359985245503207,0.04385583624308992,0.04411487920392431,0.044377059675476616,0.04464246525011825,0.044911192268646156,0.04518334552168885,0.045459038115260135,0.045738391470053666,0.046021535433188654,0.04630860848771287,0.04659975805005486,0.04689514084932775,0.0471949233852965,0.047499282464180885,0.04780840581346488,0.0481224927786538,0.04844175510656109,0.04876641782130537,0.049096720200815666,0.048999575245165655,0.04890450794795884,0.04881133494477629,0.04871988892800156,0.048630016860545654,0.04854157842293493,0.04845444465902374,0.04836849679138486,0.04828362518215611,0.04819972841899777,0.04811671250900721,0.04803449016607629,0.04795298017936796,0.047872106852414914,0.047791799503869754,0.04771199202221761,0.047632622467842264,0.04755363271674734,0.047474968141007656,0.047396577321682135
2025-04-10,0.04127122720014326,0.039291670925429296,0.038648399002938406,0.03799880263140495,0.0380571830452396,0.038113276195753554,0.03861014149082499,0.039108359539592845,0.03960894316736403,0.040112588291868624,0.04056526921550721,0.04102161315509815,0.04148190903537013,0.04194642924899374,0.04229092121080715,0.042639244793827843,0.042991470488541496,0.04334769192304275,0.04370802211175575,0.044072591014309645,0.04435823367294009,0.04464770248020653,0.044941052083194835,0.04523835560596224,0.04553970264268045,0.045845197846306474,0.04615495997097767,0.04646912126826675,0.046787827166544005,0.04711123618328182,0.04743952003498272,0.04777286392034521,0.04811146696053444,0.0484555427868292,0.04880532027105959,0.049161044398547446,0.04952297728701581,0.0498913993583785,0.050266610673639314,0.05064893244447658,0.050558926807139366,0.05047145727232173,0.050386318412447416,0.050303322931629875,0.05022229964439408,0.05014309171814014,0.05006555514007994,0.0499895573759215,0.04991497619292027,0.04984169862429765,0.0497696200556352,0.04969864341683647,0.0496286784657263,0.04955964115142067,0.04949145304732739,0.04942404084508641,0.04935733590197899,0.04929127383536596,0.049225794158588174,0.04916083995350609
2025-04-11,0.04166301915986625,0.03998055713204427,0.03958626616475999,0.03918716910076907,0.039294317771687966,0.039400139595501406,0.03984401331903585,0.040289399170443156,0.04073711213377917,0.04118771537807597,0.04164163883354556,0.042099238805879374,0.042560830407255015,0.04302670642680544,0.04331458020833057,0.04360599633946952,0.043900945256789406,0.04419944903525096,0.04450155473556043,0.044807329870161394,0.045052174560095026,0.045300372412791695,0.045551949067771914,0.04580694750022129,0.04606542580154985,0.04632745556383415,0.0465931207197584,0.04686251673293176,0.04713575006340168,0.047412937854261504,0.047694207800338825,0.0479796981709446,0.04826955796681988,0.048563947197599544,0.048863037270910924,0.049167011488058424,0.049476065644409165,0.04979040873531099,0.050110263770805755,0.05043586870467791,0.050336213801336925,0.05023870659120514,0.050143156642166724,0.05004939016071163,0.04995724814022104,0.04986658475118403,0.04977726593733456,0.04968916818770016,0.049602177459453674,0.04951618823047735,0.04943110266385654,0.04934682986925753,0.04926328524841453,0.04918038991384371,0.049098070171486076,0.049016257059308364,0.04893488593501081,0.04885389610693561,0.04877323050307032,0.048692835373722064
2025-04-14,0.04166301915986625,0.03948572062346831,0.038743213244333725,0.03799359283267032,0.038154886812413184,0.0383139656479523,0.03870628562975623,0.03909956197274635,0.03949458240977987,0.03989187770177979,0.04037357274143024,0.04085876846596317,0.041347872849160125,0.041841250293439367,0.042166909763994134,0.04249622005030996,0.04282923110304055,0.04316601687725777,0.04350667108047189,0.043851304355167306,0.04411272629327592,0.04437767961492039,0.044646196212326225,0.04491832622087671,0.04519413575743015,0.045473705284883856,0.04575712845013947,0.04604451128732493,0.04633597170908757,0.04663163923058802,0.046931654886467764,0.047236171312486495,0.047545352972035125,0.04785937651421518,0.04817843125524958,0.048502719779085685,0.04883245865648408,0.049167879284882025,0.049509228854059076,0.04985677144525164,0.04977223971207823,0.0496900032326589,0.04960987417234059,0.04953168125147793,0.04945526789976382,0.04938049065139439,0.04930721774520936,0.04923532789992637,0.04916470923946626,0.04909525834736733,0.049026879432581945,0.048959483591672265,0.04889298815468508,0.048827316103869936,0.04876239555598104,0.04869815930022703,0.048634544385047024,0.04857149174783193,0.0485089458825082,0.04844685454057967
2025-04-15,0.04166301915986625,0.03948572062346831,0.038743213244333725,0.03799359283267032,0.03805300935030077,0.03810979314170434,0.03845109608760773,0.03879282644185913,0.039135772449207,0.03948045217402984,0.039936051612121444,0.04039469540156953,0.040856798725278545,0.04132272321590658,0.041687719121757956,0.04205638315438263,0.04242885442062095,0.04280528297977212,0.04318582952343721,0.043570665358198354,0.04383740973985683,0.044107767278475,0.04438176945479938,0.044659466750957715,0.04494092628705466,0.045226230112081385,0.045515473989509427,0.045808766564641897,0.04610622883314162,0.04640799385295239,0.04671420665818153,0.04702502434545622,0.04734061631217077,0.04766116463283337,0.04798686456504201,0.04831792518092427,0.048654570123489796,0.04899703849051148,0.04934558585145442,0.049700485405762315,0.04962375708184185,0.049549383105700576,0.04947717808358969,0.049406973054040966,0.04933861365565042,0.049271958533842634,0.049206877951027864,0.04914325257049628,0.04908097238923518,0.04901993579882599,0.04896004875684731,0.04890122405391443,0.04884338066373045,0.048786443165394884,0.048730341228779825,0.04867500915509727,0.04862038546588693,0.048566412534587544,0.048513036255647395,0.048460205746801516
2025-04-16,0.04156507836505678,0.03918978824596474,0.03824804449409854,0.037298120907346584,0.03730831283180065,0.0373151074481034,0.03768339985651104,0.03805189659511403,0.038421524361934016,0.03879288956396199,0.03924792365510554,0.03970595619719657,0.04016739452295453,0.04063259361525166,0.0410160878823141,0.041403319224994,0.04179445269811595,0.04218966159967636,0.04258912808952277,0.042993043851892954,0.043264824819142705,0.04354027431401632,0.04381942260820401,0.044102319621544206,0.0443890324605005,0.04467964363652147,0.044974249798340526,0.04527296086081944,0.04557589944656216,0.04588320058022418,0.046195011592439314,0.04651149220270522,0.046832814759825356,0.04715916462556915,0.047490740692746246,0.04782775603337097,0.04817043867635775,0.048519032517487216,0.048873798367414366,0.049235015146402904,0.0491578432516482,0.049083055553254526,0.04901046499681769,0.04893990112472642,0.04887120822598189,0.048804243727343606,0.04873887678986478,0.0486749870808697,0.04861246369631538,0.04855120421248916,0.04849111384929629,0.04843210473012117,0.04837409522551367,0.04831700936984052,0.04826077634162144,0.04820532999959607,0.048150608467684465,0.048096553762946824,0.048043111461447845,0.04799023039761112
2025-04-17,0.04176095515871019,0.03948474480967002,0.03859267863405731,0.037692729571167594,0.03775342922037593,0.03781106422270806,0.03815285144410861,0.03849490966785233,0.03883807225923711,0.03918288404479249,0.03966566511876826,0.04015161064235212,0.04064118612868709,0.04113479591209388,0.04151820200557518,0.04190545817100359,0.04229671992721779,0.042692153777620055,0.04309193716054552,0.043496258649111275,0.043768170248738886,0.04404382585536143,0.04432325302188745,0.04460649982631267,0.04489363226767126,0.045184732377760314,0.04547989687371619,0.045779236227675914,0.046082874065182314,0.04639094682895963,0.04670360366259235,0.04702100648171973,0.047343330210107934,0.04767076316539703,0.048003507585145405,0.04834178028850731,0.048685813472837375,0.049035855647984815,0.04939217271422532,0.04975504919283934,0.04968568820676665,0.04961875999781026,0.04955408038322743,0.04949148161813555,0.04943081056350521,0.04937192709305074,0.049314702703438615,0.04925901929816561,0.04920476812029747,0.0491518488132305,0.049100168591905066,0.04904964150960555,0.04900018780772353,0.04895173333773237,0.048904209046185004,0.04885755051485926,0.0488116975492813,0.04876659380979076,0.04872218648010359,0.04867842596900039
2025-04-21,0.04166301915986625,0.03908985306384377,0.03809880778072668,0.037099079769962906,0.037211612789765744,0.03732096578100571,0.03784435888644523,0.038368978622445114,0.038895945887825634,0.03942602859407696,0.04001430515762708,0.0406071558515023,0.041205096732422536,0.041808601728768054,0.04222624100739217,0.04264866142085903,0.043075977803241586,0.04350833434616328,0.043945900458882324,0.04438886818146591,0.04468261107105021,0.04498074455873508,0.0452832842806669,0.04559027318119313,0.04590177791990979,0.046217886257552895,0.04653870518150684,0.046864359601735836,0.04719499149647024,0.04753075942119953,0.04787183831909632,0.0482184195889793,0.04857071138036582,0.048928939095467174,0.0492933460861056,0.04966419454017035,0.05004176655787964,0.05042636542314838,0.0508183170800706,0.051217971829150076,0.05113219769022467,0.051049179808776275,0.050968703555752344,0.050890573355721995,0.050814610562587965,0.05074065161236975,0.05066854641179753,0.05059815692833446,0.05052935595285807,0.05046202601083496,0.05039605840161469,0.050331352348602545,0.05026781424567445,0.0502053569873656,0.050143899372178335,0.05008336556987732,0.050023684644922246,0.04996479012927089,0.04990661963870399,0.04984911452760288
2025-04-22,0.04166301915986625,0.039386753597747064,0.038294825421609106,0.03719429151082368,0.03751104707300525,0.0378253427491712,0.03824320296009646,0.03866219925030534,0.03908313330679178,0.03950655058675405,0.04006902737907363,0.04063565125553971,0.04120694382852171,0.04178337425956473,0.04218324363861782,0.0425875713763027,0.04299647319172764,0.04341008958482231,0.04382858255001417,0.044252133550273895,0.04452845366854613,0.04480886738979276,0.0450933819767247,0.04538203021212209,0.045674866918851774,0.045971966409243954,0.046273420634794254,0.04657933787393136,0.04688984184181613,0.04720507113869056,0.047525178976614575,0.047850333141435136,0.04818071615947595,0.04851652564804594,0.048857974836359334,0.04920529324948478,0.0495587275529642,0.049918542560107144,0.05028502240793687,0.05065847191155184,0.050585916425283324,0.050515934342585854,0.05044833115894223,0.05038292972945679,0.050319568334002994,0.05025809899467553,0.05019838600797146,0.05014030466038729,0.05008374010123152,0.05002858635064457,0.04997474542426988,0.04992212655887577,0.04987064552559695,0.049820224019440036,0.04977078911534951,0.049722272782516674,0.04967461144978159,0.04962774561596507,0.049581619499802936,0.04953618072486542
2025-04-23,0.04176095515871019,0.03968267414638493,0.038690031187969084,0.037689423201074344,0.038005407740799906,0.03831923097014717,0.03865882138470161,0.03899929250492066,0.03934128622609964,0.03968523301427598,0.040222028278819384,0.04076255365828089,0.04130733927533654,0.04185685223199132,0.042219905618575804,0.04258697537413349,0.0429581494616265,0.043333538772716736,0.04371327370695509,0.04409750198884637,0.04435717174589338,0.044620575224137725,0.04488772108678712,0.045158640298183055,0.045433383064722103,0.0457120165873183,0.04599462342465995,0.04628130032491773,0.04657215742397311,0.04686731773667228,0.04716691688795335,0.04747110304550212,0.047780037026564415,0.04809389255984489,0.048412856689851035,0.04873713031615945,0.04906692886429455,0.049402483088509766,0.049744040009973844,0.05009186399686409,0.050015008533922774,0.04994050608088392,0.04986817098834605,0.04979783405124789,0.049729340675051796,0.0496625492811138,0.04959732991562261,0.04953356303242595,0.04947113842490906,0.04940995428606442,0.04934991637916344,0.04929093730414843,0.049232935847108854,0.04917583640207862,0.049119568455956775,0.04906406612866857,0.04900926776179019,0.04895511554979581,0.04890155520887767,0.048848535678963946
2025-04-24,0.04176095515871019,0.03928681583736455,0.03829547046529327,0.03729556551994157,0.03745898369200688,0.03761944935521231,0.0379085751850294,0.03819788552253527,0.038488076744772275,0.03877960021794077,0.03931718211756891,0.03985814266855899,0.040403064263740615,0.04095244959394575,0.04133485293657921,0.04172119579745282,0.04211161398715207,0.042506258445762814,0.04290529408235737,0.043308899195282136,0.043573984260469496,0.043842790564712714,0.04411533169442447,0.044391642995025425,0.044671778638685426,0.04495580947608364,0.04524382147876223,0.04553591463498401,0.04583220220099299,0.04613281023702054,0.04643787737702265,0.046747554795442826,0.04706200634491098,0.04738140884683521,0.04770595252308843,0.04803584156198238,0.04837129481584662,0.048712546631074466,0.049059847814681944,0.04941346674441641,0.04934537105039802,0.04927965217239544,0.04921613002068081,0.04915464057735384,0.04909503410515961,0.04903717358988091,0.04898093338151946,0.04892619800527696,0.04887286111808088,0.048820824590280185,0.048769997695333016,0.04872029639295065,0.04867164269335645,0.04862396409214763,0.048577193066775805,0.04853126662694652,0.04848612591231897,0.048441715831799556,0.04839798473949763,0.04835488414306869
2025-04-25,0.04176095515871019,0.03908888722559041,0.03804822390392568,0.03699852492090554,0.037111525519827,0.03722118741686552,0.03753693469945836,0.03785278042430435,0.03816952076592621,0.03848767193667961,0.03897043798973106,0.039456220386062724,0.03994549910573371,0.04043868768074736,0.04085992687096436,0.041285185862165764,0.04171468268817816,0.04214863986437654,0.042587286620800587,0.04303086075893399,0.04328871256507375,0.04355028749158149,0.043815580981973155,0.044084612126198484,0.044357420267096846,0.04463406248971025,0.04491461177358763,0.045199155652004226,0.04548779526613268,0.04578064473321753,0.046077830769964565,0.046379492528450944,0.04668578161375561,0.04699686226146529,0.04731291166010188,0.047634120408955295,0.0479606931062264,0.048292849066107646,0.04863082316669149,0.048974866833582695,0.048916692741431546,0.04886085709104567,0.04880718955346127,0.04875553512592398,0.04870575242570681,0.048657712206415946,0.048611296063647044,0.048566395302378246,0.048522909942993776,0.04848074784652996,0.048439823942778695,0.048400059547402334,0.04836138175630306,0.048323722907232115,0.048287020100080846,0.048251214768517826,0.04821625229666651,0.048182081675387047,0.048148655193463445,0.04811592815962386
2025-04-28,0.04176095515871019,0.03879199497544268,0.037552476177803176,0.03630279707635828,0.03631570583453812,0.03632431167332463,0.03669343749980046,0.03706243369662519,0.03743231322970541,0.03780373316072337,0.03833981995239998,0.0388793011351477,0.039422724278187236,0.0399705653348548,0.04037091026279639,0.04077526735139547,0.041183791473506266,0.041596651169096534,0.042014028072929435,0.042436116767624044,0.04270589059016896,0.04297942143545811,0.04325672002239561,0.0435378195035693,0.04382277241000966,0.044111648409520504,0.04440453267761734,0.04470152473861723,0.04500273767490852,0.0453082976309258,0.045618343558745306,0.04593302716706859,0.0462525130463742,0.0465769789513613,0.046906616228279345,0.04724163037990289,0.04758224176517538,0.047928686434202644,0.048281217102558824,0.04864010427194143,0.04857194672642503,0.04850617856596272,0.04844261928307897,0.0483811044951816,0.04832148414787273,0.04826362095255932,0.04820738902346914,0.04815267268499345,0.04809936542502597,0.04804736897385978,0.04799659249141107,0.04794695184818856,0.04789836898762951,0.04785077135925655,0.047804091413644084,0.04775826615147035,0.04771323672001527,0.0476689480513804,0.04762534853748388,0.04758238973754173
2025-04-29,0.04156507836505678,0.03849700537352428,0.037307703062717607,0.036108322233062366,0.03612084480500385,0.03612919318629816,0.03644620545204522,0.036762881449174833,0.03708013877025528,0.037398565485461,0.037908089793842144,0.03842063309245345,0.03893672932149786,0.03945683617593621,0.03987685277993006,0.0403008259020362,0.0407289622269969,0.04116147406167131,0.04159858114513866,0.04204051219708483,0.04230371451393366,0.04257059698426085,0.0428411610452412,0.043115430892747296,0.043393450270740624,0.04367528010187067,0.04396099675027273,0.04425069076824957,0.044544466020503125,0.04484243910910434,0.04514473904349179,0.04545150711512607,0.04576289694777016,0.04607907470291902,0.046400219426496254,0.04672652352815321,0.047058193388763526,0.04739545009530748,0.04773853030551379,0.048087687247548486,0.04802120861813023,0.04795704619853493,0.04789502488529981,0.0478349852180129,0.047776781636395795,0.04772028096467618,0.04766536108939982,0.04761190980247306,0.047559823785833844,0.04750900771792388,0.047459373485246516,0.0474108394848658,0.04736333000583706,0.047316774679340055,0.047271107988771585,0.04722626883230594,0.04718220013148111,0.04713884848025879,0.04709616382975867,0.04705409920450713
2025-04-30,0.041467132773813406,0.03810207246855094,0.03686373021465178,0.03561475663072442,0.035526103390066135,0.035432752755273904,0.03580254920992148,0.03617193574967186,0.03654199634338029,0.0369134296817941,0.03747612916002243,0.03804228084280777,0.03861247996898477,0.03918724299692292,0.03962451768144246,0.04006605000964272,0.0405120411694549,0.04096270310394981,0.04141825927790315,0.04187894552820202,0.04216529689534652,0.04245562800616109,0.04274995467262634,0.04304831662017727,0.04335077430767823,0.043657406605757246,0.04396830912266972,0.04428359302841006,0.044603384270405305,0.04492782310414707,0.04525706388363773,0.04559127507223204,0.04593063944614817,0.04627535447182445,0.046625632845258204,0.0469817031870777,0.04734381089179862,0.04771221913382193,0.04808721003648542,0.04846908601408128,0.04839793528559195,0.04832931860034229,0.048263045497898345,0.04819894255249643,0.04813685147540102,0.04807662746473236,0.048018137765908325,0.04796126041198706,0.047905883118212075,0.04785190230917311,0.047799222260382156,0.04774775433886437,0.047697416329688935,0.0476481318373006,0.04759982975213475,0.04755244377435746,0.04750591198771734,0.04746017647746394,0.04741518298710674,0.04737088060948628
2025-05-01,0.04176095515871019,0.03879199497544268,0.03770232744260426,0.03660301339056501,0.03656392177495414,0.0365207176329595,0.036838031178852704,0.0371549753754137,0.037472487333953974,0.03779116719235111,0.0383553276444625,0.038922916378458454,0.039494563532444286,0.040070812263797176,0.04049020082341958,0.04091376128166406,0.04134167617744245,0.04177413988683466,0.042211358873004805,0.042653552149980394,0.042935166700024285,0.043220720502475114,0.043510231922039296,0.043803742544036045,0.044101314115534314,0.044403026315168875,0.04470897514831317,0.04501927182366467,0.0453340420084156,0.04565342538815021,0.0459775754783764,0.04630665964975926,0.04664085934041302,0.0469803704372081,0.0473254038147749,0.04767618602631743,0.04803296014489974,0.048395986757846066,0.04876554512053766,0.049141934479385606,0.049079639806742584,0.04901987874952839,0.048962467338884284,0.04890723817167019,0.04885403856655107,0.04880272896053555,0.04875318151015475,0.04870527886743728,0.04865891310570876,0.048613984774240775,0.0485704020640624,0.048528080069970975,0.04848694013603546,0.048446909273768796,0.04840791964372111,0.04836990809256485,0.04833281573885745,0.04829658760160652,0.04826117226655861,0.048226521585811206
2025-05-02,0.0421526512038326,0.03957979716647596,0.038738734401594525,0.03788945480787456,0.03784822319330526,0.037803574522223084,0.038068431092691264,0.03833294729747836,0.038597920089549514,0.03886385637929218,0.03937544414972815,0.03989003932473448,0.040408222674065124,0.04093048791775037,0.04133320150389808,0.041739832069884915,0.04215057249011902,0.04256562214553776,0.04298518834773891,0.043409487600570604,0.043680826130778214,0.04395594630399247,0.04423486947229472,0.04451763846922394,0.04480431480844886,0.04509497664318924,0.04538971729974662,0.045688644252996104,0.04599187844942248,0.046299553909862026,0.04661181756315864,0.04692882927584244,0.04725076205328205,0.047577802395631696,0.04791015079803947,0.048248022389534635,0.0485916477091449,0.048941273621396074,0.04929716437662599,0.04965960282467603,0.04959020453921939,0.04952324201129842,0.049458530908462736,0.04939590335167148,0.049335206081609385,0.049276298864119945,0.04921905309914352,0.04916335060348451,0.049109082542576184,0.04905614849038578,0.049004455599873306,0.04895391786912426,0.04890445549052211,0.048855994272198264,0.048808465122563136,0.04876180359003533,0.048715949451193355,0.04867084634150797,0.04862644142360642,0.04858268508869275
2025-05-05,0.04225056322989651,0.039776723920852505,0.03883543565291687,0.0378856639027578,0.03764157454883962,0.03739314762676816,0.0378420650471367,0.03829092078423125,0.03874099227970029,0.03919311718834937,0.03970230070196488,0.04021497046822859,0.04073160628480387,0.0412526303144098,0.04165415271376074,0.042059811211435864,0.0424697669193438,0.042884194936944856,0.04330328384355031,0.04372723561127666,0.043998026416075996,0.04427270472322734,0.044551282533734415,0.04483379515457961,0.04512029805314688,0.045410864553727975,0.045705584168590906,0.04600456141657636,0.046307915024052716,0.04661577743253926,0.046928294558417266,0.04724562576553615,0.047567944022953064,0.047895436228723186,0.048228303687411114,0.04856676273441127,0.04891104550466374,0.04926140084724287,0.049618095390816956,0.04998141476831088,0.04992001395714606,0.049861098888229,0.04980448867006368,0.049750018688033276,0.04969753879231716,0.04964691172210244,0.04959801173089654,0.04955072338361316,0.04950494050089167,0.049460565230037126,0.04941750722520059,0.04937568292209441,0.049335014894755856,0.04929543128372299,0.0492568652865337,0.04921925470275689,0.049182541526859046,0.049146671583132275,0.04911159419769359,0.049077261903230286
2025-05-06,0.042054734384151235,0.03938286089711548,0.03839221752550583,0.0373926506648494,0.0371491127557039,0.03690108757229649,0.037349941172051995,0.0377986731905887,0.0382485657056327,0.03870045843265836,0.03923647692848836,0.03977611739504977,0.04031990329324857,0.04086829505417566,0.0412307145447749,0.04159703915898324,0.04196735690353199,0.04234177754865326,0.04272042941733354,0.04310345734027608,0.04339975609524568,0.043699964730617,0.04400414169858209,0.04431236439557223,0.044624727142924155,0.04494133977379737,0.04526232668263702,0.04558782623607599,0.04591799047375199,0.04625298504845323,0.04659298937012283,0.04693819692940594,0.0472888157848651,0.047645069204568354,0.04800719645806516,0.048375453759235985,0.04875011536443891,0.049131474834025614,0.04951984646884773,0.049915566936987725,0.049850991328304665,0.04978905306334275,0.04972956071546459,0.04967234009433814,0.049617232327303834,0.04956409219093544,0.04951278665553112,0.04946319361148178,0.04941520075153364,0.049368704587119554,0.04932360958035653,0.04927982737613902,0.04923727612110721,0.04919587985822819,0.04915556798736654,0.04911627478359506,0.04907793896615487,0.04904050331195118,0.049003914308301415,0.04896812184035572
2025-05-07,0.04225056322989651,0.039578819341832605,0.038488305144227575,0.03738844981258023,0.03709490205264188,0.03679643508112148,0.037194209204938884,0.03759136789857405,0.03798918202592345,0.0383884703631941,0.03889836906606032,0.0394114496823891,0.03992823815077969,0.04044918817222744,0.040812685085916026,0.04117987071615808,0.041550863203585385,0.041925795284570216,0.042304812927551394,0.042688074577258366,0.04298471051618308,0.04328514676277206,0.043589449672962376,0.04389770283915489,0.04421000538107591,0.044526470768342714,0.04484722605001884,0.04517241140357465,0.045502179941471405,0.04583669773187187,0.04617614400320519,0.04652071151209936,0.04687060706162791,0.04722605216264287,0.04758728383570259,0.047954555555123284,0.04832813834026109,0.04870832200248143,0.04909541655956126,0.04948975383264932,0.049426081295144496,0.049365005797737005,0.04930633885024588,0.049249908936053736,0.04919555962278757,0.049143147919372424,0.049092542842763695,0.04904362416377942,0.048996281306446364,0.04895041237936712,0.04890592332098782,0.04886272714343277,0.04882074326188764,0.04877989689844125,0.048740118550908706,0.048701343518513664,0.04866351147744602,0.04862656610027606,0.04859045471402102,0.04855512799235508
2025-05-08,0.04234847046281306,0.0400725912786631,0.03933052951306288,0.038581071843671357,0.038335102936551825,0.03808537471017155,0.03848193646036326,0.03887836154900962,0.03927579637453786,0.03967498663373846,0.04015811737156101,0.04064446090336238,0.04113448567156863,0.0416285989208755,0.04197413766967858,0.042323317816815434,0.042676237610655254,0.04303301193043099,0.043393770219680626,0.04375865522186513,0.044038438031546785,0.04432190709518871,0.044609115941888086,0.0449001354947103,0.04519505218336436,0.045493966615676444,0.045796992674563414,0.046104256946585924,0.04641589841548667,0.046732068373432904,0.04705293051660125,0.0473786612019799,0.04770944984997543,0.04804549948338235,0.04838702739804891,0.04873426596454383,0.04908746356357619,0.04944688566106178,0.049812816031731884,0.05018555814318522,0.05010634059516207,0.05002958679792594,0.04995510334027114,0.04988271396038035,0.04981225763366769,0.04974358691002741,0.04967656646334813,0.049611071822343054,0.049546988256799825,0.049484209797497146,0.04942263837144813,0.04936218303695221,0.04930275930527978,0.04924428853776632,0.04918669740872556,0.04912991742596134,0.049073884501812236,0.049018538568637623,0.04896382323348037,0.04890968546734346
2025-05-09,0.04234847046281306,0.0400725912786631,0.03923059667769766,0.03838079376228502,0.03823753317928482,0.038090553999433854,0.0384864243834117,0.03888233188429485,0.03927936501691719,0.03967823475013117,0.04016111081357123,0.04064724306855206,0.041137089993786805,0.041631051720233604,0.04197645021909129,0.04232550822646535,0.04267832082226949,0.04303500042301739,0.043395674529670566,0.04376048433335295,0.044040195217171486,0.04432359930646636,0.044610749242593395,0.044901715209968475,0.04519658301901125,0.04549545275475639,0.045798437856053816,0.046105664530166506,0.046417271435250755,0.04673340958276332,0.04705424242593277,0.047379946110794796,0.047710709874094974,0.048046736578399855,0.04838824337958274,0.04873546252585925,0.049088642291023554,0.04944804804769893,0.049813963489435904,0.05018669201350867,0.05010744587905956,0.05003066483558799,0.04995615537795433,0.049883741158939836,0.049813261076141674,0.04974456760839721,0.049677525364579055,0.04961200981379612,0.049547906171091026,0.049485108416871065,0.04942351843172268,0.04936304523108402,0.0493036042865934,0.049245116922884344,0.04918750978023243,0.04913071433482945,0.04907466646961509,0.04901930608957254,0.04896457677621952,0.04891042547673097
2025-05-12,0.04244637290305073,0.04066528886660396,0.04002154325866313,0.03937158776282171,0.039328131579576694,0.03928197920881606,0.039598323135712564,0.03991484044726145,0.04023234744267988,0.04055137437429915,0.0410358507035452,0.04152350547461461,0.042014840425073384,0.042510288068438,0.04283761961562021,0.043168508139200056,0.04350303220345314,0.04384128870887161,0.04418339018693442,0.04452946307037672,0.04479832034651067,0.04507076078795886,0.04534683341843725,0.045626604152177674,0.04591015391555513,0.04619757731682346,0.04648898173248779,0.04678448671757759,0.04708422367394845,0.04738833572971255,0.04769697779654964,0.04801031678167034,0.048328531938729206,0.04865181534778181,0.04898037251899004,0.04931442311857843,0.049654201818810056,0.0499999592766903,0.05035196324888153,0.05071049985305559,0.05063265298249289,0.0505571945414561,0.05048393586582258,0.050412704992497816,0.050343344796671886,0.050275711372032586,0.050209672617755365,0.05014510700212152,0.05008190247753814,0.05001995552576987,0.04995917031551722,0.0498994579572242,0.04984073584228116,0.04978292705568982,0.04972595985284802,0.04966976719244724,0.04961428631859942,0.04955945838625991,0.04950522812481813,0.04945154353541104
2025-05-13,0.04244637290305073,0.04066528886660396,0.04022145253641789,0.039772317334877134,0.039676138652560526,0.039577655549319725,0.039893888026088745,0.04021035408615518,0.040527856457014656,0.04084691753725404,0.04133156811982459,0.041819432620809886,0.042311013146769536,0.04280674298043148,0.04315341517645114,0.04350380330383006,0.04385801477908606,0.04421617291799205,0.04457841516848014,0.044944892065851554,0.04521959301359189,0.04549803570779969,0.04578026912062424,0.04606636045204512,0.046356393084771345,0.04665046513509266,0.04694868845683594,0.047251187997697466,0.0475581014364374,0.04786957905006238,0.048185783774981936,0.04850689143704294,0.04883309113355407,0.049164585756752456,0.049501592653217165,0.04984434441791745,0.05019308982519646,0.05054809490226437,0.050909644153884964,0.051278041950036414,0.05119805317969136,0.051120543908767815,0.05104531863794996,0.05097219917511447,0.050901022704882476,0.050831640109956056,0.05076391450674497,0.05069771996404001,0.050632940378589245,0.05056946848561797,0.050507204985777494,0.05044605777285695,0.05038594124895694,0.05032677571579546,0.050268486832464036,0.05021100513133618,0.0501542655849948,0.05009820721802977,0.050042772758390815,0.0499879083236902
2025-05-14,0.04254427055107957,0.0409611215322909,0.04051663735060585,0.04006715984485938,0.04007280599739867,0.04007657009909154,0.04039177299692496,0.04070752170891288,0.04102452576890865,0.04134325214776763,0.041827889239079506,0.04231585137019594,0.04280762937500255,0.04330364933838971,0.0436312177599549,0.04396245230508189,0.04429742647620266,0.04463623405857047,0.044978985968553216,0.04532580821738973,0.04559518593005403,0.04586823673098641,0.046145009273084084,0.046425569846422314,0.04671000040382203,0.04699839716158731,0.04729086963746188,0.04758754002850859,0.04788854285981437,0.048194024854839694,0.04850414499256634,0.04881907472712514,0.04913899835349242,0.04946411350894629,0.04979463180482754,0.0501307795871609,0.05047279882814652,0.05082094815365056,0.05117550401477765,0.05153676201453664,0.051457548498573175,0.05138077251381215,0.05130624122935913,0.05123377887016483,0.05116322481428862,0.05109443193832945,0.05102726517406925,0.05096160024553362,0.050897322560702556,0.05083432623622696,0.050772513236902676,0.05071179261446125,0.050652079832567413,0.05059329616685677,0.05053536817047093,0.050478227196911175,0.05042180897318034,0.050366053217152346,0.0503109032939313,0.05025630590666045
2025-05-15,0.04244637290305073,0.04056634068369957,0.039872953117627556,0.03917298126962062,0.03913003304890665,0.03908422209634773,0.03940072367314344,0.039717337594139625,0.04003489617814747,0.04035393909736408,0.04083832936486672,0.04132586934568134,0.04181706170957574,0.04231233930030691,0.04267790419383831,0.04304725752968547,0.04342053690094994,0.04379789236008744,0.04417948580024488,0.04456549073831287,0.04483917578661363,0.04511662905818717,0.04539789045661417,0.04568301928408481,0.045972091935393415,0.046265200245616124,0.04656245033338472,0.046863961828104435,0.0471698674016544,0.04748031254782387,0.047795455569064525,0.048115467742102715,0.04844053364291706,0.048770851618469,0.04910663439801853,0.04944810984132103,0.04979552182481041,0.05014913127027879,0.050509217323752686,0.050876078695398674,0.0508053447434998,0.05073709464037747,0.05067113996850216,0.05060730911085905,0.050545445378059425,0.05048540537967168,0.05042705760339986,0.05037028117180118,0.05031496475118059,0.050261005591360416,0.05020830867836348,0.05015678598481198,0.05010635580513895,0.05005694216462016,0.05000847429283426,0.04996088615349974,0.04991411602376892,0.049868106117012576,0.049822802243938674,0.049778153507576306
2025-05-16,0.04254427055107957,0.04086217555841787,0.04011816157516212,0.03936764633532132,0.039223059397148215,0.0390751547865037,0.039366872537231076,0.0396582714084215,0.039950244966351176,0.040243364147718445,0.040728642284698184,0.0412168971641416,0.04170866834071703,0.042204414825541055,0.0425512834416373,0.04290173195289975,0.0432558804317023,0.043613861370495145,0.043975818775634244,0.04434190772013061,0.04462267456685377,0.04490714162198967,0.045195369269459405,0.04548743467037044,0.0457834300404944,0.04608346145236134,0.0463876480379616,0.04669612150482548,0.047009025903791406,0.0473265176048494,0.04764876545049301,0.04797595106564053,0.04830826931046431,0.048645928868136394,0.04898915296406952,0.04933818021706906,0.049693265626183716,0.05005468170015486,0.050422719739378445,0.050797691283346616,0.05071764626261918,0.050640092706175345,0.050564834727311415,0.05049169379639487,0.05042050680522529,0.050351124383860676,0.050283409432312895,0.050217235835783684,0.050152487337226985,0.05008905654521892,0.05002684405856979,0.049965757691970175,0.04990571178933377,0.04984662661347635,0.04978842780242266,0.04973104588402059,0.04967441584170993,0.04961847672527995,0.04956317130128668,0.049508445738511216
2025-05-19,0.04274005147238504,0.040761215050843,0.04001823349213555,0.039268245048802906,0.03917489613663175,0.039078313690336854,0.03939561603623552,0.03971282970061627,0.0400308539772988,0.04035026872185275,0.04086220367961218,0.04137742993212446,0.041896507866286035,0.04241991933038262,0.04278505018839298,0.04315404513600046,0.04352703050792232,0.04390414772527242,0.0442855519960579,0.04467141162264669,0.044951176681036,0.04523479356437033,0.04552230764842768,0.04581378387783023,0.04610930450810419,0.046408967498052456,0.046712885396081545,0.04702118461017706,0.04733400498316259,0.04765149961743801,0.04797383490962957,0.04830119076750923,0.04863376099049942,0.04897175380199309,0.04931539252722302,0.049664916414964594,0.050020581605281965,0.05038266224907818,0.05075145178858009,0.05112726441124253,0.05104621081809089,0.05096769037235628,0.05089150399515643,0.050817470245852994,0.050745423354961273,0.050675211513625265,0.050606695381452106,0.05053974678086815,0.05047424755135718,0.05041008854120379,0.05034716871787538,0.05028539438107985,0.050224678464944605,0.05016493991777205,0.05010610314950587,0.050048097538452206,0.04999085698998696,0.049934319540983284,0.04987842700454391,0.04982312465034444
2025-05-20,0.04274005147238504,0.040761215050843,0.04001823349213555,0.039268245048802906,0.03917489613663175,0.039078313690336854,0.03939561603623552,0.03971282970061627,0.0400308539772988,0.04035026872185275,0.040889463369777085,0.041432147241098664,0.04197892789126541,0.04253032906507216,0.04291404954890649,0.04330186551929257,0.04369391851916677,0.04409036595747954,0.04449137992726109,0.044897146627684494,0.04518855420812752,0.04548403627901117,0.045783642806305744,0.04608744481576659,0.04639553201064839,0.046708011085040496,0.04702500456658769,0.04734665007148263,0.04767309988870796,0.04800452083461592,0.04834109433631734,0.048683016715154806,0.04903049965119755,0.0493837708171971,0.04974307467647073,0.050108673444218356,0.050480848216191504,0.050859900272687095,0.05124615256975811,0.051639951433497686,0.05155570376885546,0.051474131425163744,0.05139502499181235,0.05131819362294629,0.05124346296714055,0.05117067336710379,0.05109967828919918,0.05103034294927494,0.05096254310676631,0.05089616400351805,0.050831099427471216,0.05076725088441271,0.05070452686352297,0.05064284218457044,0.05058211741636976,0.050522278357603846,0.05046325557235985,0.05040498397378426,0.05034740245015732,0.050290453528447
2025-05-21,0.04283793474659986,0.04085914627767252,0.04021612381787075,0.03956651275266367,0.03957426112060283,0.03957942669922894,0.03997353364180571,0.04036832259163533,0.04076470796075768,0.04116329816408647,0.04175578038023922,0.042352597480078476,0.042954383924599965,0.043561702254586505,0.04394366379735349,0.044330155162714685,0.04472126297443937,0.0451171032628919,0.045517816834958154,0.04592356629374626,0.046208212362231854,0.04649711889696814,0.04679031208381507,0.0470878430701955,0.04738978480075093,0.047696229728833625,0.04800728819084991,0.048323087292943726,0.0486437702028114,0.048969495769991975,0.049300438419936476,0.049636788283247794,0.04997875153353537,0.050326550916585104,0.050680426460876365,0.05104063636549198,0.05140745806661626,0.05178118948843051,0.05216215048856311,0.05255068451254406,0.05249251076187046,0.05243710718980036,0.052384280528059116,0.05233385507821519,0.05228567075947543,0.05223958141111566,0.052195453311622265,0.05215316388294109,0.05211260055338976,0.05207365975702051,0.05203624605070493,0.05200027133309379,0.05196565415199631,0.05193231908871723,0.051900196209557395,0.051869220576081856,0.05183933180693877,0.05181047368500752,0.051782593804497686,0.051755643253338146
2025-05-22,0.04293581323048202,0.04085813671712557,0.0402154618046777,0.03956602466733169,0.039522895111625336,0.03947695778868426,0.03979351811699126,0.04011021898127579,0.04042789194660139,0.04074707661684313,0.04131362932591143,0.04188396234604227,0.04245872489996395,0.043038479982849445,0.04344097610154735,0.0438478694379909,0.044259314851341214,0.04467548504422367,0.04509656925707518,0.04552277264416641,0.04581352993648009,0.046108540182475455,0.04640783982696821,0.04671148923685553,0.0470195697956479,0.04733218181907269,0.04764944309353006,0.04797148789751138,0.048298466406546975,0.04863054441082621,0.048967903295199164,0.049310740246379034,0.049659268663520856,0.05001371875712266,0.050374338328190084,0.050741393725399535,0.05111517098301381,0.05149597714686221,0.051884141800051,0.05228001880442969,0.05222131031115245,0.05216539746041223,0.052112085207380844,0.05206119623857818,0.05201256900172228,0.051966055992555785,0.05192152226037509,0.05187884410036858,0.05183790790607663,0.05179860915955636,0.05176085154035061,0.051724546137268165,0.05168961074939637,0.05165596926477907,0.051623551106875144,0.05159229074032494,0.051562127228741386,0.05153300383824695,0.05150486768132857,0.051477669396307484
2025-05-23,0.043033686924499215,0.04105499434671433,0.04031205931114161,0.03956206394604888,0.03936684103125048,0.03916801800222561,0.03948648549888253,0.039804582544159334,0.04012330446604011,0.040443288833884386,0.041010244129848876,0.04158083409563963,0.042155731238196534,0.0427355145338335,0.043138151122219845,0.04354510169588018,0.04395652902554149,0.044372611543582845,0.04479354257519582,0.04521953008642345,0.04551652844922083,0.04581777709219686,0.04612332357858063,0.04643323831162297,0.046747611904918066,0.047066553315973314,0.04739018856046706,0.047718659878578575,0.04805212526222124,0.04839075827849422,0.048734748143768956,0.049084300016902185,0.04943963549069674,0.04980099326899373,0.05016863002342987,0.05054282142946648,0.05092386338619178,0.05131207342891314,0.05170779234793843,0.05211138603140051,0.05206105254701848,0.05201357129481712,0.051968751767614674,0.051926420995523956,0.051886421603259694,0.051848610121012995,0.05181285551113275,0.05177903787914848,0.051747047342805386,0.05171678303699614,0.05168815223594318,0.051661069576853666,0.05163545637165148,0.05161123999537569,0.05158835334149389,0.05156673433577342,0.051546325501525714,0.05152707357003086,0.051508929130789055,0.05149184631696006
2025-05-27,0.043033686924499215,0.04095606075399393,0.039863704250111494,0.03876272068397675,0.03882527112745548,0.038884154841804214,0.03917511392730076,0.03946592487071716,0.039757420407640784,0.04005013480679904,0.04053499384501592,0.041022857707196,0.04151425385182338,0.04200963232070254,0.042394500193531054,0.042783212150647884,0.0431759432687138,0.04357287637856721,0.043974202961347755,0.04438012401966239,0.04467815616053298,0.04498018151912727,0.04528626789559379,0.045596501725549334,0.04591098622357388,0.046229840105010224,0.04655319675070549,0.04688120371969247,0.04721402254286974,0.047551828750636634,0.04789481210184707,0.04824317699212217,0.048597143027695563,0.048956945757359406,0.04932283756030669,0.04969508869212917,0.050073988495236164,0.05045984678373966,0.05085299541659795,0.05125379007669205,0.051187391345103334,0.05112370813529071,0.05106254315728003,0.051003716876318834,0.050947065536175125,0.05089243944019404,0.0508397014517221,0.05078872568190738,0.05073939633810682,0.050691606710415095,0.05064525827735622,0.05060025991469694,0.0505565271937607,0.05051398175764018,0.050472550765393705,0.05043216639572695,0.05039276540285437,0.050354288718242615,0.050316681092792234,0.05027989077473927
2025-05-28,0.043131555829121156,0.04115291118986533,0.04016015491670188,0.03915928946669606,0.03911909456203616,0.039075119397008785,0.03934083099464505,0.039606103509435386,0.03987178995717188,0.040138431857997814,0.040733111432750706,0.04133148013890885,0.04193428487274438,0.04254216613108546,0.04290602897065802,0.04327393950564339,0.043645993943957566,0.04402231041133732,0.04440302586549858,0.0447882941542596,0.04508625994725027,0.04538830353612389,0.04569448817826133,0.04600489692869946,0.04631963058414207,0.046638806254475154,0.046962556414031714,0.0472910283288013,0.04762438378632231,0.04796279907664025,0.048306465188369355,0.04865558819548296,0.04901038981926303,0.04937110815674597,0.04973799857262329,0.05011133475633973,0.050491409950398906,0.05087853835989732,0.05127305675726323,0.05167532630026021,0.051599153054794816,0.051525712299597105,0.051454797840067366,0.05138622188448608,0.051319812992732236,0.05125541429248404,0.051192881923065744,0.05113208367374383,0.05107289778869626,0.051015211915322566,0.050958922176222346,0.050903932348197574,0.05085015313414531,0.05079750151580248,0.050745900177055325,0.050695276988995626,0.05064556454914405,0.05059669976830676,0.05054862349941668,0.050501280203465775
2025-05-29,0.043131555829121156,0.04085611789549508,0.03981441506982212,0.038763943066060264,0.038724377328873134,0.038680827123729354,0.03892070675327427,0.039159955515515786,0.03939940513325909,0.039639579390752896,0.04017989066123803,0.04072333081712766,0.04127056785927452,0.04182216731735289,0.04224459551389698,0.04267120284797794,0.04310221136763092,0.043537848711975954,0.04397835023130787,0.044423960782841866,0.04471402410981707,0.04500819673132919,0.045306516559760396,0.045609044110197054,0.045915859771924784,0.046227061851858105,0.046542765203477304,0.04686310030968028,0.04718821272598427,0.04751826281736525,0.047853425741343825,0.04819389164410994,0.04853986604712983,0.048891570409892525,0.049249242860990035,0.0496131390951247,0.04998353343829645,0.05036072008763519,0.05074501453634904,0.05113675519824762,0.05106193621599654,0.05098979225696282,0.05092012145895577,0.05085273997959627,0.050787479987884784,0.05072418791766763,0.05066272294399686,0.05060295564988043,0.050544766856225415,0.05048804659212982,0.050432693186261014,0.05037861246302327,0.05032571702967668,0.05027392564261971,0.05022316264276343,0.05017335745136266,0.05012444411888367,0.05007636092050978,0.050029049992755294,0.04998245700639482
2025-05-30,0.043131555829121156,0.04065825617204329,0.03956726532152666,0.0384670096618887,0.038377071548140254,0.03828278536963423,0.03852334618611995,0.03876307329827501,0.039002859618632986,0.03924326538098673,0.03983781757086057,0.04043584001996342,0.04103809809558068,0.0416452434529835,0.04206636137514642,0.042491784215136316,0.04292170752410299,0.043356338063236716,0.04379589442094986,0.0442406077541267,0.04453616342039287,0.04483591402915101,0.0451398985873353,0.045448179381523325,0.04576083917993649,0.046077979228801476,0.046399717851557526,0.04672618951577855,0.0470575442717905,0.0473939474945924,0.04773557988057953,0.04808263766518197,0.04843533303852135,0.04879389474468052,0.04915856885695795,0.04952961972709842,0.04990733111136163,0.05029200748072147,0.05068397552672228,0.051083585878763195,0.05101658912484492,0.05095233748176329,0.0508906316538483,0.05083129028510119,0.05077414796206206,0.05071905347710209,0.05066586831335304,0.0506144653189504,0.05056472754354591,0.05051654721437014,0.050469824832691065,0.0504244683744609,0.05038039258138978,0.05033751833072399,0.05029577207371158,0.0502550853341684,0.05021539425976433,0.050176639219666086,0.050138764443036554,0.05010171769362402
2025-06-02,0.0426421634073676,0.040762222315829676,0.039868984170342826,0.038968291813236355,0.038825184907094176,0.03867828371540114,0.03894450819153126,0.0392101292643404,0.0394760475561263,0.03974283284740564,0.040310069625198994,0.04088071434954129,0.04145546803625418,0.04203492853535528,0.04247584831717883,0.042921228743527565,0.04337130436058639,0.04382631741653959,0.044286519828859804,0.044752174916020473,0.04506015165781296,0.04537253586084136,0.04568937816640927,0.04601075323663919,0.04633675702069328,0.04666750482133746,0.0470031299711855,0.04734378298442589,0.04768963108905002,0.048040858072359666,0.04839766439257964,0.0487602675242057,0.049128902515931605,0.04950382274875755,0.049885300888974006,0.050273630036708455,0.05066912507603801,0.051072124237630016,0.051482990889740975,0.05190211557840748,0.051831713823783036,0.051764213943294356,0.05169940546328087,0.051637096857699544,0.051577113438758586,0.05151929552260887,0.051463496829126404,0.05140958308164637,0.051357430778084225,0.05130692610944811,0.05125796400551242,0.05121044729053348,0.051164285934473454,0.051119396387350816,0.051075700986137416,0.051033127425133336,0.05099160828202348,0.05095108059289575,0.050911485470411105,0.05087276776009131
2025-06-03,0.0426421634073676,0.040762222315829676,0.03996892161310645,0.03916857702094091,0.039024608415996406,0.03887712436381413,0.03916904037787882,0.039460568116634585,0.03975262032537563,0.04004577927702047,0.040558212698700906,0.0410737835047424,0.04159307840000494,0.04211659747859551,0.04253938710748739,0.04296637650246684,0.043397790997146884,0.04383386122200316,0.0442748253410281,0.044720930933055195,0.04503011274812488,0.04534358446049734,0.045661411657414996,0.04598368143145536,0.046310500147871025,0.046641991896435475,0.0469782974671408,0.04731957373698186,0.047665993388361805,0.04801774490327144,0.04837503279450364,0.04873807804785323,0.04910711875892993,0.049482410955837317,0.04986422960522072,0.05025286980454821,0.05064864816832263,0.05105190442051427,0.05146300321008569,0.05188233617125928,0.051803415170308766,0.051727354799629574,0.051653939830613005,0.05158297425605609,0.051514279147867194,0.0514476907941243,0.0513830590738818,0.05132024603505595,0.05125912464637978,0.051199577699059556,0.05114149683758823,0.0510847817023313,0.051029339169125214,0.05097508267331592,0.05092193160749266,0.05086981078370874,0.05081864995227268,0.05076838337028578,0.05071894941402752,0.05067029023007668
2025-06-04,0.04244637290305073,0.04017054889412628,0.039228644447249515,0.03827851340276183,0.03813611118569444,0.03798970854891411,0.03823002445513078,0.0384695440717625,0.03870914305182807,0.03894937107779638,0.03951636542304341,0.040086605959932985,0.040660804147355074,0.041239563629284784,0.041660919068889204,0.04208645843924776,0.04251638926469805,0.042950927032213856,0.04339029661068456,0.04383473354831477,0.04413651332411461,0.04444246229129256,0.04475263161327608,0.04506709435855239,0.045385943026903915,0.04570928780002725,0.04603725534371499,0.04636998803989862,0.04670764356233857,0.04705039473485488,0.047398429629105544,0.04775195187227603,0.04811118114513682,0.04847635385878171,0.04884772400468979,0.04922556417807039,0.04961016677912609,0.05000184540119434,0.0504009364189304,0.05080780079397527,0.0507404111203863,0.050675787061304836,0.05061372798101626,0.050554051308500325,0.05049659052650242,0.05044119342283095,0.050387720564825655,0.050336043964449774,0.050286045906774005,0.05023761791897661,0.05019065986057239,0.050145079118551115,0.05010078989356861,0.05005771256538721,0.05001577312747866,0.04997490268214418,0.04993503698871896,0.04989611605845449,0.04985808379054038,0.04982088764446577
2025-06-05,0.04244637290305073,0.04036844460147332,0.039575777370645375,0.03877579276246581,0.03868290041422508,0.03858663605966974,0.03882595667253663,0.039064778580665815,0.039303887864786474,0.03954378085841224,0.04005660864512851,0.04057239200189227,0.04109174440714233,0.04161518417198291,0.04201883933422608,0.04242643893262453,0.042838186180680464,0.043254289430716616,0.043674964039349284,0.044100433946080854,0.044384985631668455,0.0446734691028469,0.04496592552839743,0.04526241681864182,0.0455630231670786,0.045867841291874004,0.04617698320837021,0.0464905754134406,0.04680875839695947,0.047131686419973264,0.04745952751665256,0.04779246368994203,0.048130691280461664,0.04847442149563676,0.04882388109193403,0.04917931320794787,0.049540978350266406,0.049909155537822186,0.05028414361400553,0.050666262739364774,0.05059351296164666,0.0505233457404556,0.050455565930537905,0.05038999580446934,0.05032647311133457,0.050264849388555015,0.05020498848916363,0.05014676529310888,0.050090064576299956,0.05003478001531152,0.049980813309129415,0.049928073402185004,0.04987647579530193,0.04982594193316186,0.049776398658553274,0.049727777725057876,0.04968001536100099,0.049633051878481965,0.04958683132213933,0.049541301153018025
2025-06-06,0.0426421634073676,0.04096010917642149,0.04046598987769295,0.03996646959447575,0.03987066376389736,0.0397724238282361,0.040062859053327425,0.0403533660825034,0.04064472214491848,0.04093742898171506,0.0414227669328402,0.041911223425472106,0.042403325307344954,0.042899523694764526,0.043265793269683904,0.04363587709443491,0.04400992007425459,0.04438807866038528,0.04477052053162613,0.04515742459327018,0.045431728469503586,0.04570984829761173,0.045991826425282545,0.04627772471790737,0.04656762227009763,0.04686161377067414,0.04715980836352016,0.0474623288930428,0.04776931145512984,0.04808090519717771,0.04839727232708702,0.048718588303091066,0.04904504218526428,0.049376837136466796,0.04971419106596773,0.05005733741350228,0.050406526075391304,0.050762024477831916,0.05112411880575067,0.0514931153988538,0.051421486240674275,0.05135237554708218,0.05128559210795116,0.051220961754826974,0.051158325460903875,0.05109753768875343,0.051038464948909026,0.05098098453855667,0.050924983434605726,0.050870357319527805,0.05081700972174288,0.050764851255135454,0.05071379894461039,0.05066377562653762,0.050614709414557556,0.05056653322257974,0.05051918433795422,0.05047260403876361,0.05042673725000448,0.050381532234124976
2025-06-09,0.04274005147238504,0.04086015593806029,0.04026676048409446,0.039667173611917426,0.03957243797207669,0.0394749198795946,0.039739701991500696,0.040004313887904645,0.04026952615785612,0.04053583117256963,0.04104878985829865,0.04156491104569355,0.0420847906880713,0.04260893638932027,0.04299386494510594,0.04338275279260008,0.04377576734128256,0.044173086230036976,0.04457489763820824,0.044981400753706074,0.045260931012980274,0.04554439074669174,0.04583181978982142,0.04612327875018179,0.04641884653189873,0.0467186185617267,0.047022705548454405,0.04733123265556589,0.04764433900192441,0.04796217742967666,0.04828491449614363,0.048612730659353204,0.04894582063653751,0.04928439392236156,0.04962867545955737,0.049978906459503335,0.05033534537446591,0.050698269026979555,0.05106797390539101,0.05144477763810849,0.05136301804809606,0.05128381906810694,0.051206979421297885,0.05113231565980361,0.05105966017623934,0.050988859474558786,0.05091977266164674,0.050852270127461824,0.050786232386800204,0.05072154906006068,0.05065811797393896,0.05059584436591456,0.05053464017882919,0.05047442343388576,0.05041511767209558,0.050356651455625394,0.05029895792169701,0.050241974382705494,0.05018564196708132,0.050129905296152126
2025-06-10,0.04274005147238504,0.040761215050843,0.04021812573375228,0.03966891489283058,0.0393699492872906,0.03906768057946531,0.03941243392404503,0.039756864306892334,0.04010203331901805,0.04044862407038588,0.04096063659567687,0.04147595014064564,0.041995125865633254,0.0425186463529318,0.04288384576182733,0.043252919870164296,0.04362599512513071,0.044003213154130506,0.04438472945057631,0.04477071267201932,0.04505055847711722,0.04533426659967022,0.04562188253100612,0.04591347140270897,0.046209115721577876,0.04650891375720856,0.046812978425315725,0.04712143655612496,0.047434428469216965,0.04775210779884597,0.04807464153004989,0.04840221021783827,0.04873500837073843,0.04907324498692041,0.04941714423665135,0.049766946289401176,0.050122908287868674,0.050485305474768156,0.050854432481611145,0.05123060479209422,0.051149378993331766,0.051070692541910136,0.0509943458336948,0.050920156947549707,0.050847959673203144,0.05077760179633661,0.050708943602592,0.05064185656857862,0.0505762222131717,0.05051193108666866,0.05044888187888803,0.05038698063020715,0.05032614003194981,0.05026627880454941,0.05020732114359646,0.050149196225293256,0.050091837764028035,0.050035183615786974,0.049979175421974616,0.049923758288936734
2025-06-11,0.0426421634073676,0.0403664497326816,0.03967441019358977,0.038975131783462534,0.03872874924824381,0.038478717922862206,0.038823326171168786,0.039167578150369385,0.03951253251233675,0.03985886997331658,0.0403703823751807,0.04088514354059571,0.041403708630525934,0.04192655485915576,0.042291324181999726,0.042659907176072875,0.04303242918920591,0.043409030285529865,0.043789863993905255,0.04417509664422211,0.04447319766692448,0.04477524626693713,0.045081312958589935,0.04539148623789749,0.045705870840463056,0.046024586549719415,0.04634776742721582,0.046675561374975645,0.047008129966598075,0.04734564850267977,0.04768830625983048,0.048036306912718,0.048389869116328685,0.0487492272417379,0.049114632263688854,0.04948635280256678,0.04986467632721496,0.0502499105286961,0.050642384878737054,0.05104245239037084,0.05096756934561085,0.05089536559817113,0.050825639047902105,0.050758205638152275,0.05069289734475952,0.05062956042727796,0.05056805390338512,0.05050824821392446,0.050450024051350933,0.050393271328705774,0.05033788826983363,0.05028378060452367,0.05023086085471898,0.0501790476999915,0.050128265412197295,0.05007844335066657,0.050029515510498355,0.04998142011755276,0.04993409926460463,0.04988749858385885
2025-06-12,0.04244637290305073,0.04017054889412628,0.03937853796138018,0.03857890329290282,0.03833338010258778,0.03808394920274875,0.038402753399653704,0.038720984762092826,0.03903968237321429,0.03935950901493265,0.03984401458896524,0.04033143388576623,0.04082229558708687,0.04131704945392848,0.04170146373943531,0.04208963800293894,0.042481747594348314,0.04287797467700499,0.04327850929594144,0.043683550362209014,0.043968534670196645,0.04425733463683319,0.04455000036944124,0.04484660084892181,0.04514722181495566,0.04545196426896271,0.04576094344695239,0.046074288158031204,0.04639214041460659,0.046714655301721586,0.04704200104836475,0.04737435927493219,0.04771192539954888,0.0480549091925555,0.04840353547374156,0.04875804495128455,0.04911869520515519,0.04948576182120684,0.04985953968547062,0.050240344451484266,0.05016854988088247,0.05009929782908028,0.050032396194179304,0.04996767002368661,0.04990495960323421,0.04984411879453281,0.04978501358544056,0.049727520821215544,0.049671527091069895,0.04961692774828564,0.04956362604556182,0.049511532370083405,0.04946056356514332,0.04941064232709994,0.049361696668084744,0.0493136594362436,0.04926646788644927,0.049220063295396146,0.04917439061581527,0.04912939816524806
2025-06-13,0.04254427055107957,0.040466392617010856,0.039823652204793614,0.03917421720992613,0.038876254487033475,0.0385746956380611,0.0388936293253412,0.0392120111939359,0.03953088406754837,0.0398509134414308,0.04033582240819525,0.04082368440106705,0.0413150331320283,0.041810322776053066,0.04219514252804943,0.042583771692835885,0.04297638727116564,0.043373173336196676,0.04377432208722011,0.04418003482902481,0.04447794397118791,0.04477981933748187,0.04508572906711401,0.04539575968034928,0.04571001425681735,0.0460286111825518,0.04635168333270446,0.046679377596555834,0.04701185467902991,0.04734928913248338,0.04769186958670247,0.048039799155539034,0.048393296006611776,0.04875259408678663,0.04911794400128804,0.0494896140486813,0.04986789141790302,0.05025308355723038,0.0506455197287611,0.05104555276578632,0.050961692283671714,0.050880500238980816,0.05080176824934488,0.05072530642155629,0.05065094129006978,0.050578514024385124,0.05050787886527079,0.05043890175646227,0.05037145914391648,0.050305436919170755,0.050240729487034216,0.05017723894088158,0.050114874331344754,0.050053551016302385,0.04999319008182847,0.04993371782523731,0.049875065292607636,0.04981716786421837,0.049759964882220786,0.04970339931562777
2025-06-16,0.04274005147238504,0.0405633335606539,0.03992095464356522,0.03927169182844166,0.039075731547457526,0.03887643304059852,0.03916844315172439,0.03946004137467189,0.039752148322279385,0.04004535098783134,0.04055781773766828,0.04107341618310296,0.04159273433436915,0.04211627321750675,0.042539080769302254,0.04296608574985999,0.043397513900179964,0.0438335961672642,0.04427457096465317,0.04472068607046526,0.0450110552108849,0.045305561288497526,0.04560424325526736,0.04590716278026791,0.04621440152149261,0.04652605917173379,0.046842252091800256,0.047163112399298567,0.04748878741931766,0.04781943943027602,0.04815524565756623,0.048496398481860575,0.04884310583963627,0.049195591801732504,0.049554097322330876,0.049918881156195756,0.0502902209467192,0.05066841449158558,0.05105378119694019,0.05144666373501322,0.05138030335547813,0.051316655407154584,0.051255522753273684,0.05119672599615332,0.05114010150222368,0.05108549968458432,0.0510327835047354,0.05098182716151997,0.050932514940531824,0.0508847402015234,0.05083840448487143,0.050793416721073195,0.05074969252966492,0.05070715359596975,0.05066572711576967,0.05062534529941032,0.05058594492803944,0.050547466955686786,0.050509856151746656,0.05047306077914851
2025-06-17,0.0426421634073676,0.04056433583587484,0.039771701183154824,0.03897171142840819,0.038776968539357415,0.03857849836889613,0.03881893629756354,0.03905859535436928,0.039298354979833444,0.03953876752206663,0.0400247918097117,0.04051351421096693,0.04100551852381199,0.04150129418822694,0.041905710196858334,0.042313950211153965,0.042726236287741484,0.04314279128616863,0.043563841862445635,0.04398962083599782,0.044274539207884586,0.04456333527202158,0.04485605562566936,0.045152766603609416,0.04545355201270266,0.04575851152104276,0.04606775954451855,0.04638142451992561,0.0466996484859022,0.04702258691566766,0.047350408761885066,0.04768329668598124,0.04802144745328796,0.04836507248234358,0.04871439854226004,0.04906966859666831,0.049431142796742766,0.04979909962942246,0.050173837230392454,0.05055567487482644,0.05049210520823914,0.05043112088031119,0.050372533886281684,0.05031617313937961,0.05026188258734719,0.05020951957456636,0.050158953413208245,0.050110064132922544,0.05006274138356056,0.05001688346950641,0.0499723964975521,0.04992919362303121,0.04988719438123325,0.049846324093043,0.049806513335358134,0.04976769746818703,0.04972981621146619,0.04969281326559594,0.04965663597050755,0.04962123499876635
2025-06-18,0.04283793474659986,0.04056233138454084,0.039770392013912644,0.03897075026712593,0.03872526806697702,0.03847583733325731,0.038716878412837795,0.03895698137185013,0.03919707711629697,0.039437748806928345,0.03995109148396641,0.04046727897333567,0.04098694718684221,0.04151063027300268,0.041895416809127325,0.042283955799732195,0.04267642801500528,0.04307302008037002,0.043473925818002634,0.04387934742448784,0.04417085169202712,0.04446623034919837,0.04476554370047513,0.0450688704131307,0.04537630559596239,0.04568795945980428,0.04600395642226078,0.04632443455991059,0.04664954533958233,0.04697945358037324,0.0473143376125771,0.04765438961039136,0.047999816083377625,0.04835083851797363,0.04870769416546831,0.0490706369771599,0.04943993869122316,0.049815890079342305,0.05019880236460781,0.0505890088256843,0.050524616994516686,0.05046284943787215,0.05040351542963147,0.05034644140895617,0.050291469069333246,0.05023845369680696,0.05018726272028424,0.05013777444298523,0.050089876929161024,0.05004346702433993,0.04999844949077502,0.049954736242583835,0.04991224566741349,0.04987090202341414,0.049830634901935886,0.04979137874773314,0.04975307242961433,0.049715658855447736,0.04967908462626122,0.04964329972487462
2025-06-20,0.04244637290305073,0.04026949670118221,0.03942719176062946,0.038577210733231435,0.03838295896756304,0.03818483813969432,0.03845133313138515,0.03871711233842788,0.03898310491844645,0.03924989739845662,0.03978957189577255,0.040332387614154516,0.0408789971060908,0.04142995410206692,0.0418327626485323,0.0422395828445548,0.04265060184079625,0.0430660152384306,0.04348602806047417,0.04391085570223129,0.044207377832744366,0.04450794269761732,0.04481260406035804,0.04512143618871641,0.04543453158619529,0.04575199939328409,0.046073964298933054,0.04640056584998261,0.0467319580790293,0.04706830939439124,0.047409802692562494,0.04775663566587892,0.04810902128743815,0.048467188462569706,0.048831382841994356,0.04920186779671736,0.04957892555901015,0.04996285853781926,0.05035399082080497,0.05075266987914129,0.05068664001292335,0.050623311365254976,0.05056248780132134,0.050503990842004846,0.05044765769840377,0.05039333956264931,0.050340900116848136,0.05029021422834006,0.05024116680465326,0.05019365178579965,0.05014757125505804,0.05010283465229551,0.05005935807628281,0.05001706366446762,0.049975879040346775,0.04993573681998735,0.04989657417043216,0.04985833241372806,0.04982095667116316,0.04978439554302262
2025-06-23,0.04234847046281306,0.039577841613878936,0.03878742088737252,0.03798864644415241,0.03779445057211,0.03759639963411076,0.037888658088698,0.038180314942871704,0.038472328496211745,0.03876530726317258,0.03927682651730539,0.039791342082617136,0.04030943431131711,0.040831596449813094,0.041272388073467496,0.04171737420388553,0.0421668070054075,0.0426209405599042,0.04308003418545484,0.043544355096356215,0.04384556401294602,0.04415093838102804,0.04446052513401355,0.04477439352186784,0.04509263253108479,0.045415349051263945,0.04574266660944531,0.04607472454615967,0.04641167754380008,0.04675369544382876,0.047100963308014006,0.047453681692642045,0.04781206711502345,0.04817635269966323,0.04854678899792597,0.04892364498042768,0.049307209206109,0.049697791176283236,0.0500957228861448,0.05050136059046338,0.05044319399523602,0.05038779723787665,0.050334977073882806,0.050284557826434144,0.05023637943442766,0.05019029575511709,0.05014617308343677,0.05010388885640979,0.05006333051620025,0.050024394509599064,0.049986985405217545,0.049951015112543025,0.04991640218940336,0.04988307122638001,0.049850952298375675,0.04981998047494292,0.04979009538215695,0.04976124080981186,0.049733364358563216,0.04970641712235619
2025-06-24,0.04225056322989651,0.0394798671880772,0.03828976987785392,0.03708983112736912,0.03710241913106947,0.03711081113353632,0.03740222079946037,0.03769319299815488,0.037984621573715786,0.0382770759585399,0.03881503181670091,0.03935618224169813,0.0399011361984574,0.040450414403020156,0.04089006999276421,0.04133397486733846,0.041782362171848,0.042235470606248736,0.042693546733087284,0.04315684692433375,0.043457307335578545,0.043761927252024,0.044070748125114745,0.0443838342488708,0.044701270043090276,0.045023158111694314,0.04534961788962394,0.04568078474666725,0.04601680945473162,0.04635785795201704,0.046704111356950385,0.04705576619900168,0.047413034844235605,0.047776146101751606,0.04814534600379642,0.048520898757841636,0.048903087873699805,0.049292217473111646,0.049688613793411066,0.050092626901065064,0.0500349043066258,0.04997993040715984,0.049927513433250435,0.04987747904906417,0.049829668415286195,0.049783936504715964,0.049740150632893394,0.049698189172396746,0.04965794042457347,0.0496193016266631,0.04958217807572962,0.049546482353678194,0.049512133640006055,0.04947905710091437,0.0494471833450624,0.04941644793763369,0.04938679096555336,0.0493581566476827,0.049330492984655125,0.049303751443728464
2025-06-25,0.0421526512038326,0.03948084251945696,0.03824044791984173,0.03699021373381933,0.03700309283260887,0.037011678898468604,0.037251288020936156,0.037490198248751834,0.037729236864385104,0.037968923886521615,0.038561830851193794,0.03915814457075085,0.03975859966840179,0.04036382299701981,0.040802720934753865,0.04124594383715855,0.041693709309200216,0.04214624382717505,0.04260378416116975,0.043066578700917985,0.04337282533775397,0.04368330416100614,0.04399806073745922,0.04431716374461022,0.04464070227409185,0.0449687839127828,0.045301533415179424,0.04563909183563696,0.045981616027282804,0.046329278441409626,0.04668226718062295,0.04704078627335407,0.04740505614816179,0.04777531429464069,0.04815181610449444,0.04853483589196779,0.04892466809776387,0.0493216286851099,0.04972605674102061,0.05013831630025408,0.05007947933022484,0.05002344412067317,0.049970015199937885,0.04991901486650873,0.04987028121456532,0.049823666417054234,0.04977903522794787,0.04973626367172093,0.04969523789329919,0.04965585314601431,0.04961801289862295,0.04958162804536203,0.04954661620543171,0.049512901100313624,0.049480411999018016,0.04944908322276866,0.049418853701826325,0.049389666578157854,0.049361468848512065,0.049334211043187776
2025-06-26,0.0421526512038326,0.03918397911709867,0.03789460549300027,0.03659479248687121,0.03650649653345571,0.03641335705701053,0.03670594495479979,0.03699773143092154,0.037289717964855536,0.03758253800254735,0.038147403075422866,0.038715525282207404,0.03928756742444784,0.039864095575452514,0.04034089717137987,0.040822230223393804,0.041308377286254895,0.04179962391587176,0.042296262336270686,0.04279859441331256,0.04310962828801176,0.04342502391292868,0.043744820602296515,0.044069082602161504,0.04439789608942519,0.04473136702472986,0.04506961965369997,0.04541279551162157,0.04576105282867236,0.046114566262518385,0.04647352690649588,0.046838142537344,0.0472086380783183,0.04758525626271124,0.04796825849017452,0.04835792587438469,0.04875456048595729,0.049158486799435956,0.04957005335792686,0.04998963467374885,0.04992966083049946,0.049872542884547656,0.04981808158724479,0.04976609580345567,0.049716420498946076,0.049668904990284715,0.04962341141816216,0.04957981341154469,0.049537994915401416,0.049497849159103866,0.049459277746190536,0.04942218984915847,0.04938650149541065,0.049352134932542396,0.049319018062869334,0.04928708393854175,0.04925627030980458,0.049226519219989384,0.04919777664169337,0.04916999214934055
2025-06-27,0.0421526512038326,0.039282933495252914,0.03809313659693316,0.03689338026202478,0.03685511761276576,0.03681246211366598,0.03710430494322282,0.03739557232343143,0.03768719822454401,0.03797977591025621,0.03851762795951043,0.039058620386455405,0.03960336523013986,0.04015238483973342,0.040629938023980544,0.04111200029118669,0.041598865825643136,0.04209082972609775,0.04258819226895366,0.04309126230435215,0.04340902777884834,0.04373121832170344,0.044057885289252315,0.04438910435668331,0.0447249727510417,0.045065607295086206,0.0454111430689363,0.04576173255364614,0.04611754516056563,0.046478767078474724,0.0468456013907936,0.04721826843017846,0.047597006349187704,0.0479820718945936,0.0483737413801208,0.048772311858493615,0.04917810249909088,0.049591456182574226,0.050012741328836444,0.050442353979747875,0.05038086424584395,0.05032230259450687,0.05026646474090641,0.0502131649715605,0.05016223408085221,0.050113517576696416,0.050066874115270665,0.05002217413140434,0.04997929863667541,0.04993813816173564,0.04989859182306801,0.049860566497426054,0.049823976089732866,0.0497887408823246,0.04975478695518574,0.04972204566830181,0.049690453198501544,0.049659950124211635,0.04963048105244002,0.049601994283060794
2025-06-30,0.04244637290305073,0.039181075844919276,0.03799262808926327,0.03679356328351093,0.036603046975208706,0.03640751538588675,0.036700896035812385,0.03699327632841513,0.03728572402633719,0.03757891234410603,0.03808987462262115,0.03860365567003148,0.03912084122323453,0.0396419262968264,0.04011982144446556,0.04060205330128109,0.0410889331044258,0.04158076834972091,0.04207786819831302,0.042580547664493186,0.042892123553698897,0.04320796741596984,0.04352812725900611,0.04385267435270937,0.04418170054398372,0.04451531635075208,0.0448536496488436,0.04519684482048212,0.045545062271337984,0.04589847825014957,0.04625728492442756,0.04662169068013427,0.04699192062409319,0.04736821727633283,0.04775084144637528,0.048140073293190436,0.048536213573559146,0.048939585088230736,0.049350534339772205,0.04976943342060226,0.049701262639329204,0.0496359013309575,0.04957314612892917,0.04951281199108946,0.0494547301602352,0.04939874639061805,0.04934471940079149,0.049292519519792605,0.04924202749903902,0.049193133466740084,0.04914573600526153,0.04909974133489125,0.04905506258995321,0.0490116191752978,0.04896933619293908,0.04892814393006949,0.04888797740091511,0.04884877593593271,0.0488104828127316,0.04877304492385286
2025-07-01,0.04244637290305073,0.03937896973601047,0.03838969114633172,0.0373908075309714,0.037249413971341225,0.03710372071312302,0.03734419332357262,0.03758375849187956,0.037823314582292655,0.038063424325082,0.03857538407483327,0.03909010571003397,0.039608202705011614,0.040130190735068606,0.04055183012263659,0.04097737012995711,0.04140704282223546,0.04184108119628466,0.04227972230943504,0.04272320975951614,0.04302469744181122,0.043330166135837886,0.043639673817550476,0.04395329813502216,0.04427113429201272,0.04459329356491474,0.04491990230287287,0.045251101305397216,0.04558704550271512,0.04592790388599281,0.04627385965036334,0.04662511052536189,0.04698186927620018,0.04734436436619889,0.04771284077626055,0.0480875609819542,0.04846880609292013,0.048856877163142694,0.0492520966843814,0.049654810278867936,0.04958946672675023,0.04952679874354321,0.04946661232104014,0.049408730925018476,0.04935299355028546,0.049299253029352744,0.04924737455696499,0.049197234399003135,0.04914871875942249,0.04910172278310057,0.04905614967593959,0.04901190992643908,0.048968920615336586,0.04892710480189972,0.04888639097711392,0.04884671257540315,0.048808007537695625,0.04877021791963727,0.048733289539596186,0.04869717166181609
2025-07-02,0.04234847046281306,0.03947889195313821,0.03843899830195947,0.037389628595790904,0.0373502532915054,0.03730684912813577,0.03757239456860691,0.03783738244107258,0.03810267320526818,0.03836881150868997,0.038880230930339335,0.03939457265580202,0.039912422192809355,0.040434275770202234,0.04087480966872746,0.04131947798813006,0.04176853387288836,0.04222223156038373,0.04268082986131575,0.04314459492725024,0.043451755185635633,0.043763078599408596,0.04407862110285867,0.04439846009796317,0.04472269209341372,0.04505143104455668,0.04538480722780424,0.04572296653240732,0.04606607008674778,0.046414294160563856,0.046767830302042325,0.047126885681648446,0.04749168362436407,0.04786246431965601,0.048239485704690124,0.04862302452153524,0.04901337755373186,0.04941086305191208,0.049815822362378435,0.05022862177687393,0.050152285211537175,0.05007870762734576,0.050007681889812035,0.049939019383500254,0.049872547948657135,0.04980811008691591,0.0497455613960006,0.04968476920003653,0.04962561134752453,0.04956797515350827,0.049511756466145404,0.04945685884093761,0.04940319280840318,0.049350675223081134,0.04929922868351828,0.04924878101436885,0.04919926480298177,0.0491506169839019,0.04910277846560413,0.04905569379453569
2025-07-03,0.04293581323048202,0.04026452273890324,0.03932402682137954,0.038374588179651184,0.03818167450486325,0.03798445705748457,0.03825146572333277,0.03851761196128598,0.038783870234313976,0.03905085410349543,0.039536194276106995,0.04002424124634739,0.04051556280118551,0.04101063613227788,0.041433544752230184,0.04186038982498353,0.04229141746938489,0.042726872873038335,0.04316700402385494,0.04361206462318618,0.04390834944539644,0.044208641956163315,0.04451299577570235,0.04482148476104352,0.04513420076746283,0.04545125207048642,0.045772762291101554,0.046098869713367095,0.04642972691593629,0.046765500661870324,0.04710637200761384,0.04745253660416284,0.04780420517263969,0.04816160414363302,0.04852497645540995,0.04889458251092923,0.04927070129781437,0.04965363167934933,0.05004369386833958,0.05044123109951888,0.05037568652790671,0.050312822076120804,0.05025244317614954,0.05019437277650765,0.05013844939231327,0.050084525409636316,0.05003246560624738,0.049982145857207894,0.0499334519988955,0.04988627882928259,0.0498405292257664,0.049796113364725884,0.049752948029369276,0.049710955994426716,0.049670065477907574,0.04963020965153866,0.049591326202677186,0.049553356941485084,0.04951624744799496,0.04947994675441359
2025-07-07,0.04283793474659986,0.04036445525838739,0.039473245024591964,0.038573616033686496,0.038329179569053136,0.03808047359675724,0.03837377127114145,0.03866625549919234,0.0389589649602519,0.039252556810172215,0.03979202678978991,0.04033467296379724,0.040881139864428956,0.041431975496710086,0.041872906411497324,0.042318154779578405,0.04276796566684357,0.04322258856051135,0.043682280113459586,0.04414730641091612,0.04444879853029767,0.04475454734367221,0.04506459760781333,0.045379017364874874,0.045697895218097154,0.046021338392172,0.04634947139010298,0.04668243511393728,0.04702038635528936,0.04736349758882897,0.04771195702155056,0.04806596886510499,0.04842575380938513,0.048791549684024826,0.04916361230126831,0.04954221647935155,0.049927657250509176,0.05032025126229402,0.050720338385316525,0.051128283544990716,0.05106018431538293,0.05099488240429923,0.05093217486697262,0.05087187702989819,0.050813820456854675,0.05075785118015654,0.05070382815763334,0.05065162192241684,0.05060111339799175,0.05055219285537211,0.050504758992895554,0.050458718122128474,0.05041398344586698,0.05037047441629502,0.05032811616309718,0.05028683898278158,0.05024657788169557,0.05020727216625362,0.0501688650747759,0.05013130344608278
2025-07-08,0.04293581323048202,0.04066026501663405,0.03961852673499997,0.03856806508699112,0.03837568296362298,0.03817880918691873,0.038524067479380496,0.03886877142209365,0.03921403865564412,0.03956058497599894,0.04007210732497432,0.04058680807736162,0.04110524957956711,0.04162791363843415,0.04206911786277287,0.04251465098262405,0.04296476086395109,0.043419699478980056,0.043879725761551726,0.04434510795443668,0.044646816705479465,0.044952800822347296,0.045263105851828765,0.04557780069644483,0.0458969748926382,0.046220736674646976,0.04654921163581894,0.04688254185470806,0.04722088539187881,0.04756441609062354,0.0479133236344708,0.04826781382885083,0.04862810908521927,0.04899444909443418,0.049367091683007305,0.049746313851566186,0.05013241299987238,0.05052570834735589,0.05092654256259695,0.05133528361972282,0.05126687484196248,0.051201276769600686,0.05113828545963095,0.05107771532882169,0.05101939710983714,0.050963176073878756,0.05090891048015138,0.05085647021907486,0.050805735621562716,0.05075659641111775,0.05070895077914143,0.05066270456687031,0.05061777053985611,0.05057406774299218,0.05053152092583528,0.05049006002943466,0.050449619727115036,0.05041013901270132,0.050371560830556134,0.050333831742552085
2025-07-09,0.0426421634073676,0.040267506821159586,0.03922604701187569,0.038175780965419376,0.03788162045856673,0.03758267968148893,0.03790276158605288,0.038221896455415474,0.03854123733099152,0.038861514903459786,0.039373284128516886,0.03988802978262635,0.040406339743170476,0.04092871280448009,0.04135060578216239,0.041776545236420146,0.04220675584254936,0.04264146598433979,0.043080910253351055,0.04352533149831697,0.04382727475559126,0.0441333119742459,0.044443499186966225,0.044757913212508715,0.04507664938066819,0.04539981993335854,0.04572755294122431,0.04605999162278478,0.0463972939861587,0.04673963273680812,0.04708719541162867,0.04744018471218046,0.04779881901929055,0.04816333307862024,0.04853397885273956,0.04891102654026795,0.04929476576707008,0.049685506958611396,0.050083582906597084,0.05048935054712165,0.05043147687978067,0.0503763591013607,0.050323804940541665,0.0502736396052144,0.05022570384034612,0.05017985223916776,0.050135951769954445,0.05009388048695834,0.05005352639918658,0.050014786474925674,0.049977565763380895,0.04994177661766475,0.04990733800574924,0.04987417489797873,0.04984221772139987,0.04981140187255599,0.04978166728156626,0.04975295802130032,0.04972522195629763,0.04969841042679504
2025-07-10,0.0426421634073676,0.040267506821159586,0.03922604701187569,0.038175780965419376,0.03798342159616226,0.03778658473948935,0.038079728961358084,0.038372068872794346,0.03866463422890231,0.03895807658146268,0.039470068096934825,0.03998502089615253,0.04050352929740107,0.0410260968692354,0.04144815424291566,0.04187425908746105,0.04230463817121609,0.04273952164688791,0.043179145648723154,0.043623754411714316,0.04391958584235969,0.044219469018958485,0.04452345194929821,0.044831603821614247,0.04514401257794104,0.045460783191500376,0.04578203647950047,0.04610790833249403,0.0464385492759862,0.04677412430440038,0.04711481294510768,0.04746080952317695,0.04781232360726411,0.04816958062462666,0.04853282263931512,0.048902309292651075,0.049278318909511926,0.0496611497779841,0.05005112161383294,0.05044857722515829,0.050382851462049495,0.0503198143997127,0.05025927087039264,0.0502010432773597,0.05014496963893084,0.05009090188755234,0.05003870438595447,0.04998825262872262,0.04993943210279496,0.04989213728463702,0.049846270755332975,0.049801742417719515,0.04975846880208497,0.04971637244895197,0.04967538135913326,0.04963542850265088,0.049596451379289565,0.04955839162455254,0.04952119465563275,0.049484809352731036
2025-07-11,0.0426421634073676,0.04046539273742542,0.03952319233258175,0.038572874980665736,0.0383795095719619,0.03818197994407064,0.03852681095748306,0.03887119492945213,0.03921621375164401,0.03956256177169089,0.040101143526755756,0.04064312575666124,0.04118911102051884,0.041739617937436836,0.04218020730388135,0.042625229581508904,0.04307491692645951,0.043529509261651146,0.043989256184283454,0.04445441865126189,0.04475583270404895,0.04506157073010108,0.04537167367778566,0.04568620672684184,0.04600525640038499,0.04632892850181181,0.04665734667829406,0.04699065147102667,0.04732899975297273,0.047672564483527635,0.04802153473019259,0.048376115922553725,0.048736530315325925,0.04910301764610341,0.04947583598058242,0.04985526274396299,0.050241595942424375,0.05063515558332853,0.051036285307396206,0.0514453542507418,0.051385588127571886,0.051328668010267184,0.051274395340279,0.05122258960983572,0.051173086356301044,0.05112573541813743,0.051080399413512695,0.051036952409080655,0.05099527875176829,0.05095527204074842,0.05091683422035678,0.050879874777672515,0.05084431003093858,0.050810062497046664,0.050777060328023545,0.050745236807894105,0.05071452990250605,0.05068488185592447,0.05065623882787108,0.05062855056741948
2025-07-14,0.0426421634073676,0.0403664497326816,0.039474544163181365,0.03857456710113168,0.038380855772624595,0.03818309541627071,0.038501791853324356,0.03881995320627885,0.03913860812722979,0.03945841323308009,0.04002456088243619,0.04059422673867447,0.04116807654067865,0.041746682330887276,0.04218688531796552,0.04263157174078282,0.043080964958617685,0.04353529806025268,0.04399481525565516,0.04445977320039728,0.044767251423240964,0.04507912460147084,0.045395440081811046,0.04571626946865013,0.04604170581699931,0.04637186164016806,0.04670686753747214,0.04704687130486144,0.04739203743133169,0.04774254691226674,0.04809859733126912,0.048460403177092624,0.048828196373677586,0.049202227010159805,0.04958276426488717,0.04997009752350509,0.05036453769649326,0.05076641874647563,0.05117609944044886,0.05159396534700934,0.05153295450527743,0.0514748489417232,0.05141944596252034,0.051366561300553976,0.05131602706800832,0.051267689976008154,0.051221409781539905,0.05117705792850783,0.05113451635519135,0.05109367644480752,0.0510544380995368,0.051016708921391846,0.05098040348581843,0.05094544269600697,0.05091175320764322,0.05087926691529244,0.05084792049284871,0.05081765498152373,0.05078841541973521,0.05076015051000628
2025-07-15,0.04283793474659986,0.04076020788546256,0.039917638124508735,0.03906746757731891,0.03897507181617303,0.038879130425708654,0.03919678076227001,0.03951423360634864,0.039832420191628276,0.04015193934623272,0.04071834155994158,0.041288396613540466,0.041862762780923386,0.042442008243013675,0.04288263476628155,0.04332785509057979,0.04377789024375647,0.04423297260183897,0.044693346955677477,0.04515927161834055,0.045454660196407586,0.045754435889673144,0.04605862726463488,0.0463672888214223,0.04668049773940635,0.04699835152964394,0.0473209663743042,0.04764847599781421,0.047981030959249424,0.048318798287114495,0.048661961400406274,0.049010720276542546,0.04936529183926984,0.04972591054932191,0.05009282918828279,0.05046631983245296,0.05084667501898987,0.051234209111547364,0.0516292598773499,0.052032190292339874,0.051963374540667476,0.05189738427530705,0.05183401429822343,0.051773077877346904,0.051714404690659854,0.05165783903836749,0.05160323828322397,0.051550471485741385,0.0514994182064392,0.051449967451749005,0.051402016743855285,0.051355471297788904,0.05131024329160663,0.051266251217589515,0.05122341930414845,0.05118167699959774,0.05114095851019863,0.0511012023859225,0.05106235114827211,0.05102435095525335
2025-07-16,0.0426421634073676,0.0403664497326816,0.03937461892028672,0.03837432391030256,0.038283297512541656,0.03818828834650962,0.038532269264584584,0.038876016637060896,0.039220541231140944,0.039566494721802126,0.04015921535118013,0.040755800736371306,0.04135693641835606,0.041963217745811666,0.0424217352604963,0.042885048131056154,0.043353388408799855,0.04382700105335169,0.044306144916810286,0.044791093829580284,0.045103856250042776,0.04542122418995647,0.04574323882273323,0.046069968071807195,0.04640150342295213,0.0467379576508572,0.04707946324084067,0.04742617135132483,0.047778251207642855,0.048135889849548745,0.04849929217774362,0.04886868126165522,0.04924429888350097,0.0496264063036323,0.050015285240205015,0.05041123906299232,0.05081459420714137,0.051225701818231696,0.0516449396454318,0.052072714205122515,0.05200954517028767,0.051949384184730704,0.05189202138454845,0.0518372659843745,0.051784944157541604,0.051734897192744926,0.051686979886024685,0.05164105913375114,0.05159701269789692,0.05155472811947687,0.051514101759818375,0.05147503795245446,0.051437448251028785,0.05140125076076704,0.05136636954287844,0.05133273408277158,0.05130027881424741,0.05126894269291373,0.051238668812981204,0.05120940406237975
2025-07-17,0.0426421634073676,0.04056433583587484,0.03962180222822126,0.03867130535182821,0.03857971405890769,0.038484320025539136,0.03880217632526969,0.03911974056385756,0.03943796687170092,0.03975746743594619,0.04032358689055113,0.040893305698701275,0.041467281008881654,0.04204607935759551,0.042505557283776224,0.04296972937964698,0.043438847820000966,0.04391317336339894,0.04439297748824309,0.04487854428641847,0.045185572121520357,0.04549712041706278,0.04581322708280906,0.04613395629867462,0.04645939534161131,0.0467896523152529,0.0471248545652267,0.047465147627070985,0.04781069459813497,0.04816167585625734,0.04851828907066584,0.048880749467217516,0.049249290322679454,0.04962416367251792,0.05000564122451185,0.05039401547707482,0.05078960104692819,0.05119273621607519,0.05160378471317443,0.052023137749644746,0.05196117789665082,0.05190216851284709,0.05184590375154585,0.05179219647939468,0.0517408761971169,0.051691787231459875,0.05164478715795847,0.05159974542085296,0.051556542121996646,0.0515150669550946,0.051475218265325966,0.051436902217471506,0.051400032058215334,0.05136452746041308,0.05133031393889457,0.05129732232885884,0.05126548831917526,0.0512347520339635,0.051205057656725034,0.051176353092061186
2025-07-18,0.04254427055107957,0.04036744711775796,0.039375266892319426,0.03837479695566394,0.03818184059644571,0.037984594678568843,0.03830353414217872,0.038621856118800056,0.03894061242337845,0.039260473383458325,0.03985372639484564,0.040450672661840756,0.04105202647967383,0.04165840304995835,0.04213623842603008,0.04261893051893683,0.04310675226306016,0.04359998485859134,0.0440989203495872,0.044603863867179384,0.04491599370666769,0.04523274925355337,0.04555416578513443,0.04588030610278921,0.04621125717200161,0.046547127714679504,0.046888046524579646,0.04723416134424642,0.04758563818877753,0.04794266103489586,0.04830543181771508,0.04867417069519367,0.04904911655355907,0.04943052773730166,0.04981868299563656,0.05021388264427994,0.05061644994748736,0.0510267327309338,0.05144510524148707,0.051871970275502,0.051817963684727984,0.051766982647433235,0.05171882445812677,0.051673305053204714,0.05163025694536733,0.051589527427626625,0.051550977006757606,0.051514478032738835,0.05147991349618903,0.05144717597028596,0.05141616667734294,0.051386794663267725,0.051358976065661296,0.051332633463424496,0.051307695297504896,0.051284095353897864,0.051261772301263345,0.051240669276573586,0.05122073351309992,0.0512019160058066
2025-07-21,0.04254427055107957,0.04016955639918006,0.039128078043455417,0.03807781675099713,0.037885438772231314,0.03768859493580736,0.037955725627011994,0.03822193661492147,0.03848821611814071,0.038755185729709526,0.03934895695564163,0.03994619919248694,0.04054766015559922,0.041153977792130696,0.04161274113739865,0.042076070237348176,0.0425442169763937,0.043017440396530236,0.04349600906952615,0.04398020314113633,0.044292810249611056,0.04460987198446595,0.044931435425011414,0.045257572538997905,0.0455883772940311,0.045923963607014076,0.046264463931408484,0.04661002834133316,0.04696082401263886,0.047317035030199364,0.047678862471663176,0.048046524733410374,0.04842025807618767,0.048800317377040374,0.049186977081552556,0.04958053235663754,0.0499813004496338,0.050389622264588346,0.05080586417163059,0.05123042007048738,0.05117771145702992,0.05112796231230352,0.05108097433578422,0.051036567460718614,0.05099457783362064,0.05095485605746899,0.0509172656593364,0.05088168174972569,0.050847989846231526,0.05081608483852732,0.05078587007528558,0.050757256556622735,0.050730162218137094,0.050704511294672724,0.05068023375366783,0.050657264789395876,0.05063554437062763,0.050615016835272836,0.05059563052643436,0.05057733746504981
2025-07-22,0.04254427055107957,0.04007061117888589,0.03897950446146629,0.03787927901957344,0.03758561467639436,0.037287029306640004,0.037581228142033365,0.03787430912590917,0.0381673967029287,0.03846119882461945,0.03902744075545054,0.03959693112636219,0.040170364333289695,0.04074833081684215,0.041226349715668006,0.041708969881884286,0.042196485056924915,0.042689191026802645,0.043187389685619554,0.043691392302295275,0.044003354624230016,0.044319772654847205,0.04464068840816905,0.04496616931933242,0.04529630522354535,0.04563120620109743,0.045971001080654675,0.046315836454411195,0.04666587610125055,0.04702130074418031,0.04738230809001922,0.04774911311531662,0.0481219485745647,0.04850106571615778,0.04888673519911148,0.04927924820989656,0.04967891778431335,0.05008608034448391,0.05050109746604672,0.050924357895741665,0.050863016907885396,0.05080459691945086,0.050748894139780724,0.05069572330464105,0.05064491561772979,0.05059631696068425,0.050549786331598096,0.05050519447872386,0.05046242270147715,0.05042136179532029,0.05038191112077744,0.05034397777987085,0.05030747588579091,0.050272325913713944,0.05023845412243979,0.05020579203799685,0.05017427599160452,0.050143846705432635,0.050114448920486915,0.050086031061706046
2025-07-23,0.0426421634073676,0.0403664497326816,0.03937461892028672,0.03837432391030256,0.03818146426560319,0.037984282856272464,0.03825131531771372,0.038517479382258156,0.038783751501805734,0.039050746430760244,0.03961760551677685,0.040187759336341,0.040761911541897095,0.04134066041099338,0.041800209691436954,0.04226427090818395,0.04273311031190199,0.043206998432768734,0.043686213239429415,0.04417104273703903,0.04447161700327237,0.04477653733176718,0.045085837106244864,0.04539957490895149,0.04571783141513931,0.04604070716031793,0.04636832096928407,0.0467008088980023,0.04703832358245383,0.04738103391897232,0.047729125022466,0.04808279842499824,0.04844227248927819,0.04880778302094139,0.04917958407093962,0.04955794892552299,0.04994317128663581,0.05033556665040005,0.05073547389599803,0.05114325710191405,0.05110158372067881,0.05106279603444646,0.05102670941260621,0.05099315644994682,0.050961985065393615,0.05093305684914943,0.050906245621259096,0.050881436170781356,0.05085852314978325,0.05083741010049958,0.05081800859739661,0.050800237488690884,0.05078402222420564,0.05076929425839204,0.05075599051896863,0.05074405293299646,0.05073342800335791,0.050724066429576935,0.05071592276774226,0.05070895512499472
2025-07-24,0.04274005147238504,0.0405633335606539,0.039621150152522856,0.03867082858814537,0.038477479089895635,0.038279954635403374,0.03857286779541112,0.03886508359581405,0.039157605962708314,0.03945107136819996,0.03999057746374042,0.04053330182958951,0.04107988565299682,0.041630874935750385,0.042091051290225244,0.04255573134578571,0.04302519031747101,0.04349970619466958,0.04397956334165418,0.04446505540952965,0.044759785877815296,0.04505883044868541,0.045362216052819294,0.04566999512881892,0.04598224239702665,0.04629905252819018,0.04662053848959918,0.04694683041511671,0.04727807488975715,0.04761443457067652,0.04795608808888157,0.048303230192417265,0.0486560721041269,0.04901484207656578,0.0493797861341767,0.04975116899902649,0.050129275201719455,0.050514410383888535,0.0509069028031887,0.051307105056207405,0.05125727189766955,0.0512102617739845,0.05116588594798838,0.051123973048803076,0.051084367147790084,0.05104692608562636,0.05101152001310668,0.050978030114508514,0.050946347487445226,0.05091637215730411,0.05088801220780263,0.05086118301203727,0.05083580655075802,0.05081181080656751,0.05078912922438757,0.050767700229916106,0.05074746679895866,0.050728376071501574,0.050710379005224356,0.05069343006385737
2025-07-25,0.0426421634073676,0.04046539273742542,0.03957315647823558,0.03867300182461179,0.038428284347659436,0.03817938412708998,0.03842064751510547,0.0386608930276388,0.03890107335024907,0.03914178451428186,0.03968212105288007,0.04022546149082259,0.04077248672389617,0.04132377052447221,0.041784233706401004,0.04224908898542217,0.042718623454185305,0.04319312383280659,0.04367288085023439,0.04415819269778318,0.04445300266231356,0.044752060591989044,0.04505539719376454,0.045363067751514934,0.045675149061569484,0.04599173722342941,0.04631294607830732,0.046638906149030206,0.04696976397707096,0.04730568178228041,0.047646837392325045,0.047993424404556916,0.04834565255483511,0.04870374827689641,0.04906795544308252,0.04943853628317091,0.049815772483163906,0.050199966470496966,0.0505914428964886,0.05099055033119031,0.050932356055940056,0.05087693293665409,0.050824087636869804,0.05077364439616661,0.05072544307727245,0.05067933746789543,0.050635193799342976,0.05059288945031354,0.05055231180940775,0.050513357274138186,0.05047593036770272,0.050439942957668626,0.050405313563107505,0.05037196673871532,0.05033983252611923,0.05030884596397298,0.05027894664962135,0.050250078346109416,0.05022218862915722,0.05019522856943678
2025-07-28,0.04254427055107957,0.040466392617010856,0.039573807804599286,0.03867347867208995,0.03847958744549896,0.038281701658205776,0.0385224112285095,0.03876224979444473,0.03900212269800069,0.03924259763047439,0.03983720023498228,0.04043526444537113,0.04103755761077324,0.04164473280104119,0.042085017449948144,0.04252975124216815,0.04297916110717247,0.04343348275195097,0.043892962288711174,0.04435785772300654,0.0446590731595608,0.04496461199571249,0.045274513665713015,0.04558884198781557,0.04590768223756915,0.04623113905415447,0.046559334979247705,0.046892409486992456,0.04723051840466032,0.047573833652555166,0.04792254325258942,0.04827685157031406,0.04863697976674707,0.04900316644530165,0.049375668486286384,0.04975476206742218,0.05014074387402736,0.0505339325072867,0.05093467010360748,0.051343324182694286,0.05129261759549146,0.05124477587943851,0.05119960738472685,0.05115693809278259,0.051116609662786534,0.051078477733155235,0.05104241044001604,0.051008287121036104,0.05097599717813158,0.05094543907681948,0.050916519463462484,0.050889152384542516,0.05086325859449336,0.050838764940618036,0.050815603815286485,0.05079371266700975,0.05077303356316604,0.05075351279815185,0.0507351005415751,0.05071775052182521
2025-07-29,0.04234847046281306,0.04027049178879288,0.03922798359884775,0.038177192676809586,0.037984544651925925,0.03778751526213798,0.038002634286001126,0.03821663802129076,0.038430430627822275,0.03864457457117364,0.03918488098093782,0.0397280760614273,0.040274851434319046,0.04082578757673234,0.04126689583813619,0.04171215719882451,0.042161831032741244,0.042616177022842185,0.04307545890251555,0.04353994741145349,0.04383508746218664,0.044134327111391244,0.044437706739954,0.04474528909490063,0.045057156618680025,0.04537340953814996,0.045694164530131524,0.04601955383430908,0.04634972472164472,0.04668483925288702,0.04702507428076463,0.04737062166341878,0.04772168866712525,0.048078498544460675,0.048441291280529014,0.048810324505213734,0.04918587457405018,0.0495682378245116,0.04995773201850756,0.05035469798589447,0.05029772742332884,0.050243469744694895,0.05019173567902069,0.05014235316178621,0.05009516542309547,0.0500500293252174,0.05000681391235541,0.049965399141696,0.049925674769839,0.049887539372856296,0.04985089948163762,0.04981566881700427,0.04978176761141368,0.04974912200603017,0.04971766351356969,0.0496873285386971,0.04965805794890773,0.04962979668980076,0.049602493439477084,0.04957610029749753
2025-07-30,0.0426421634073676,0.040762222315829676,0.039868984170342826,0.038968291813236355,0.038723314787936315,0.03847422104409061,0.03866351862880948,0.0388516021451733,0.03903934451808566,0.03922728600274175,0.039741531894267566,0.04025842271613476,0.04077863429042176,0.04130272890315273,0.041726133960032094,0.04215347812460861,0.04258501386828806,0.0430209917444955,0.04346166441791105,0.04390728978982547,0.044203950349598224,0.04450464019153796,0.04480941479270421,0.04511834984628019,0.045431539050508576,0.045749092554078725,0.04607113590192246,0.046397809371588,0.0467292676224517,0.04706567960273386,0.047407228675675164,0.0477541129383203,0.048106545715500174,0.048464756218727305,0.04882899036546593,0.0491995117590715,0.04957660283394901,0.04996056617442197,0.05035172601963462,0.05075042997071457,0.050684455351621346,0.050621179334749467,0.05056040596814994,0.0505019569389539,0.05044566960973789,0.050391395310946364,0.05033899785123502,0.05028835221395395,0.050239343413178476,0.05019186548695078,0.050145820608898384,0.05010111830229413,0.05005767474302675,0.050015412139956424,0.04997425818280577,0.049934145549144236,0.04989501146320803,0.049856797300299835,0.04981944823136007,0.049782912903022995
2025-07-31,0.0426421634073676,0.04056433583587484,0.039771701183154824,0.03897171142840819,0.03872603172422981,0.03847646924036815,0.038665455389367935,0.038853305505794335,0.03904086650813759,0.03922866304796517,0.03971563697929533,0.040205082430177,0.0406976268047419,0.04119379018496575,0.041617667676724944,0.042045400182151804,0.042477252555798116,0.042913484828799225,0.04335435698900234,0.043800132630560026,0.0440970075470689,0.04439787152788134,0.0447027836347853,0.04501182244551189,0.04532508397440394,0.045642680218343806,0.04596473817989438,0.04629139926352266,0.046622818971279276,0.046959166845902706,0.047300626624914334,0.04764739658079044,0.04799969003102177,0.048357736008683525,0.048721780089650064,0.049092085377239136,0.049468933649183464,0.04985262667565205,0.050243487720778836,0.05064186324397431,0.05058503161417352,0.0505309062524585,0.05047929834942787,0.050430036260171375,0.05038296359710406,0.05033793757156143,0.050294827547105694,0.05025351377366896,0.05021388627669904,0.05017584387960789,0.0501392933412262,0.05010414859278229,0.05007033006126078,0.05003776406794377,0.050006382292565564,0.049976121294879425,0.04994692208658578,0.04991872974754365,0.04989149308101143,0.04986516430336361
2025-08-01,0.041173267216776645,0.038302853104294717,0.03741255719145572,0.03651363852491759,0.03642190202251082,0.036326470966520565,0.03659155983318423,0.03685611705717106,0.037120976798429274,0.037386667207010234,0.03792418724452395,0.03846476086631965,0.039009001383648705,0.0395574309421563,0.04003445758174699,0.04051590974569553,0.041002080674630174,0.04149326371786896,0.041989756712739565,0.042491865451764296,0.042809150865967475,0.04313078323908593,0.04345681394730089,0.0437873180424165,0.044122391560238096,0.04446214961719574,0.04480672510740282,0.0451562678679507,0.0455109442188623,0.04587093681146404,0.04623644473867595,0.04660768387529221,0.046984887427361864,0.04736830667839315,0.04775821192707693,0.048154893617111096,0.04855866366492198,0.04896985699593867,0.04938883330483958,0.04981597906007966,0.04977311527343493,0.049733176502016065,0.049695974483339754,0.04966133847621615,0.049629113325343324,0.04959915777870964,0.04957134302016555,0.0495455513857998,0.04952167523787691,0.04949961597429141,0.04947928315495426,0.04946059372938537,0.049443471352161705,0.04942784577484852,0.049413652304695785,0.0494008313217725,0.04938932784737871,0.04937909115756625,0.04937007443643406,0.049362234464578277
2025-08-04,0.04107530243509619,0.03780889582453448,0.03716958261212057,0.03652209777464704,0.03637776866213383,0.03623015423688152,0.036469027953950295,0.03670732348848648,0.036945815228615966,0.037184990955254356,0.037722700373146144,0.03826338321345752,0.03880766498093846,0.03935607615862869,0.039852083899091374,0.04035262673116984,0.04085803134339065,0.041368621664619874,0.041884724379784286,0.042406673235441936,0.04272332049552514,0.04304435641151099,0.04336982542573826,0.043699796718122165,0.04403436129433271,0.044373629912273456,0.04471773164598288,0.0450668129454154,0.04542103709174393,0.04578058397695598,0.046145650157525156,0.04651644914742274,0.046893211927429464,0.04727618765680217,0.04766564458067389,0.04806187113271186,0.04846517723796148,0.04887589582580238,0.04929438456780276,0.04972102786021286,0.049678081887168844,0.049638063618463665,0.04960078454184962,0.04956607368671138,0.049533775686314355,0.049503749093163595,0.04947586490978964,0.04945000530355845,0.04942606247923094,0.049403937687200764,0.04938354034880404,0.04936478728295502,0.04934760202074225,0.04933191419659804,0.04931765900631242,0.049304776723553455,0.04929321226772579,0.04928291481699037,0.04927383746110528,0.049265936889461535
2025-08-05,0.041173267216776645,0.03879774655272966,0.03780596754723483,0.03680591225314359,0.036358564640721555,0.03590639161711291,0.03627871858268384,0.036650061903106386,0.0370217090760859,0.03739448143953898,0.03793140498620686,0.03847148414216161,0.03901530882328255,0.0395633844737451,0.040021082715378645,0.04048309484901459,0.04094967694104857,0.0414210887099029,0.04189759658157797,0.04237947618720932,0.042690945963470374,0.04300665334942247,0.04332664699907883,0.04365099851473473,0.04397979980757758,0.04431316122530022,0.044651210263348,0.044994090730630536,0.04534196227815245,0.045695000225631416,0.04605339564036823,0.04641735563678409,0.04678710387572859,0.04716288125097727,0.04754494675703132,0.04793357853795224,0.048329075121900676,0.04873175685061317,0.04914196751748533,0.04956007623244085,0.049509835663340857,0.049462426164465494,0.04941765787034182,0.049375358363229864,0.04933537073929992,0.049297551927182014,0.04926177122130412,0.0492279089987005,0.04919585559308415,0.0491655103041711,0.04913678052369683,0.04910958096242112,0.0490838329647878,0.04905946389988148,0.04903640661897576,0.049014598971353865,0.048993983371250494,0.048974506409750415,0.04895611850631521,0.0489387735953203
2025-08-06,0.04107530243509619,0.03860074284948904,0.03755930306089112,0.036509285358677035,0.036214989054609625,0.03591609570184276,0.03628712578944963,0.036657498075949146,0.03702839151561638,0.03740056232384266,0.03793702169602329,0.03847671607101647,0.03902021715896934,0.03956801740736463,0.04002546685297005,0.040487262822975274,0.04095365570852684,0.04142490081945224,0.041901261106961483,0.04238300942826017,0.042712974721067914,0.043047343182956284,0.04338618781417693,0.04372960376663192,0.04407770612207215,0.04443062836664897,0.04478852139977168,0.04515155296374214,0.04551990741440697,0.04589378577705758,0.04627340604922688,0.04665900372499965,0.047050832525398094,0.047449165327299175,0.047854295289879396,0.0482665371832616,0.04868622892923399,0.04911373336892238,0.04954944027736981,0.049993768650342066,0.049940161436356406,0.049889548410956615,0.04984172844376926,0.04979651888022493,0.04975375349363734,0.04971328070454119,0.04967496202748906,0.049638670712140225,0.04960429055089045,0.04957171482973124,0.049540845402684525,0.04951159187318231,0.04948387086827155,0.04945760539361602,0.049432724259017284,0.049409161565645,0.04938685624740341,0.049365751659905886,0.0493457952114146,0.049326938030855146
2025-08-07,0.04107530243509619,0.03879870548085,0.03780658989627126,0.03680636610279786,0.03651149527794032,0.03621219431870059,0.03655721660474893,0.036901512438207766,0.03724621041944928,0.037592030897506554,0.03812907784937123,0.03866930711504507,0.03921330868584561,0.03976158842874333,0.04020043455312275,0.04064347231491349,0.041090928412913404,0.0415430354925204,0.042000034255782005,0.042462175260175136,0.04279300678296375,0.04312817796700653,0.043467771570488895,0.04381189097066724,0.04416065825654711,0.044514212946130956,0.04487271118489372,0.0452363253253294,0.04560524381750921,0.045979671362009394,0.04635982929216498,0.04674595616426989,0.047138308543339356,0.04753716197925725,0.047942812174159216,0.04835557634720745,0.04877579480783023,0.0492038327533071,0.049640082311506795,0.05008496485484787,0.05002266588523022,0.049963333533213396,0.04990676082547643,0.04985275960445478,0.04980115843770076,0.049751800799936026,0.04970454348718259,0.049659255229127196,0.0496158154714006,0.049574113303983064,0.049534046515679955,0.04949552075769618,0.049458448801900465,0.0494227498815046,0.04938834910366859,0.04935517692504101,0.04932316868250561,0.04929226417247144,0.04926240727294691,0.04923354560340654
2025-08-08,0.04107530243509619,0.03889768693046618,0.03805514278993037,0.03720520125144432,0.036908986656467226,0.036608756758444654,0.03697935149314715,0.037349484863122964,0.03772028781965619,0.03809248853998414,0.038602202495678646,0.03911506173847592,0.0396315917693592,0.04015224545727207,0.04059171605342209,0.04103538995544352,0.04148350123262356,0.04193628885225755,0.04239399911918585,0.04285688771068023,0.043182028552993745,0.043511491250899655,0.04384535224834623,0.04418370898510778,0.044526677861853096,0.04487439285390893,0.04522700462349474,0.04558468002526961,0.04594760193141159,0.046315969324749566,0.046689997624674975,0.0470699192226381,0.04745598421331068,0.04784846131487711,0.048247638978044245,0.048653826688698304,0.04906735647403598,0.049488584626734104,0.04991789366653128,0.05035569456368751,0.05030281373750551,0.050252894848740244,0.050205739137825646,0.05016116610998155,0.05011901151089372,0.05007912556658013,0.05004137144810061,0.05000562392832506,0.04997176820332836,0.049939698855368427,0.04990931893802005,0.04988053916702496,0.049853277202900934,0.04982745701342059,0.049803008305799534,0.04977986601988627,0.04975796987486719,0.04973726396303447,0.04971769638503819,0.04969921892178924
2025-08-11,0.04107530243509619,0.03889768693046618,0.03805514278993037,0.03720520125144432,0.03695987004667004,0.0367106621484131,0.03702890854040979,0.03734657269478299,0.03766466690573969,0.03798383659890086,0.038521377925471,0.039062112772420166,0.039606640992367784,0.04015547623485943,0.040594771217181844,0.04103829247278063,0.0414862700720112,0.04193893987540661,0.042396545738735615,0.042859341383785596,0.04317816772658968,0.04350127348867522,0.04382872520689727,0.04416061096611682,0.04449703816636721,0.044838131975642466,0.045184034307483516,0.04553490321049138,0.045890912590245254,0.04625225220775619,0.0466191279157257,0.04699176210659247,0.047370394356050054,0.04775528225336532,0.048146702416100896,0.048544951692228396,0.04895034855748128,0.04936323472041711,0.04978397695227656,0.05021296916354699,0.050161166717616244,0.05011227392625961,0.050066095638740434,0.05002245463967739,0.04998118966128293,0.04994215365501744,0.04990521228402753,0.049870242604175156,0.04983713190672082,0.049805776700034284,0.04977608181125466,0.049747959591758976,0.049721329212732576,0.049696116039167446,0.04967225107231146,0.049649670452017916,0.04962831501164441,0.04960812987916458,0.04958906411901569,0.04957107040993517
2025-08-12,0.040781379295467886,0.03860360523680588,0.037711044875649344,0.03681095665438053,0.03666775980084906,0.03652088830531727,0.036890064616858,0.03725912349706793,0.03762907883328478,0.038000588458549964,0.038536847950556744,0.039076520194960766,0.039620154771181186,0.04016822943983433,0.04064493768746327,0.041126266151284854,0.04161248971084059,0.042103888470753865,0.042600750891407316,0.04310337639246106,0.04343315281331204,0.04376750283149001,0.04410648988370554,0.04445020196095875,0.044798748974634435,0.045152260920860825,0.045510886655475945,0.04587479314789298,0.0462441651210683,0.04661920501238335,0.04700013321026421,0.04738718853622104,0.04778062895334077,0.048180732491233606,0.04858779838481195,0.04900214843063986,0.04942412857036309,0.049854110716250205,0.05029249483942791,0.050739711347231084,0.05068465967876584,0.050632675836739006,0.0505835537840415,0.05053710641386647,0.05049316345157565,0.05045156963038393,0.05041218310008575,0.050374874034842504,0.05033952341159891,0.050306021935245256,0.05027426909038889,0.05024417230269683,0.050215646195342765,0.05018861192823615,0.05016299660950229,0.0501387327701883,0.050115757894435675,0.050094013998431476,0.05007344725235666,0.050054007640321516
2025-08-13,0.040487412954084895,0.0382104844127508,0.03726822315685268,0.03631816729087581,0.03617538977696622,0.036028818269521215,0.036372018010396225,0.03671492596431864,0.03705852131714364,0.037403434576463404,0.03796676912002808,0.038533572712363455,0.03910445304601132,0.039679936457540935,0.040155809232597095,0.04063628473797942,0.0411216280011413,0.041612110626311156,0.04210801349026266,0.04260962903298704,0.0429325375788707,0.04325992315706313,0.0435918374799232,0.04392835709299331,0.044269580548601244,0.044615626408438795,0.04496663187787261,0.04532275193320552,0.045684158843717425,0.046051042019069545,0.04642360813343777,0.04680208149309576,0.04718670462581841,0.0475777390795899,0.0479754664255006,0.048380189465993276,0.0487922336552062,0.049211948743400846,0.04963971066262833,0.050075923676124776,0.05003155432695964,0.04999018507871161,0.04995162257915098,0.049915691465480964,0.049882232377112166,0.049851100228011445,0.04982216269997957,0.049795298924652974,0.049770398327283666,0.049747359609663616,0.04972608985311032,0.04970650372536795,0.049688522777714926,0.04967207482060182,0.04965709336784173,0.049643517140801625,0.04963128962524484,0.04962035867448875,0.04961067615340191,0.04960219761849645
2025-08-14,0.040781379295467886,0.03870259399078243,0.03785968232356369,0.037009579532914096,0.03681501480049647,0.036616772086078865,0.0369344061233278,0.03725160100057722,0.03756931921496294,0.03788817622503931,0.03845253679214132,0.03902031657164356,0.039592151063187045,0.0401685874520864,0.040645276608459874,0.041126588492086384,0.041612797546316894,0.042104183536982774,0.04260103465748393,0.04310365011439918,0.04342718022225432,0.0437552328329704,0.044087862323156125,0.044425148003968906,0.044767191320274985,0.04511411387741396,0.045466056099215786,0.045823176379197535,0.046185650627366785,0.04655367214374738,0.04692745177049174,0.047307218289796435,0.04769321904650285,0.04808572078341553,0.048485010684825684,0.04889139763007734,0.04930521366469584,0.049726815701956306,0.05015658747308222,0.0505949417497778,0.0505499260799999,0.05050794807686504,0.05046881209848144,0.050432340713103894,0.05039837268784434,0.050366761240113356,0.05033737251267794,0.05031008423973927,0.05028478457675814,0.050261371071118645,0.050239749754315964,0.050219834339326114,0.05020154550928252,0.050184810285641514,0.05016956146573795,0.050155737121075926,0.050143280148915476,0.05013213787074265,0.05012226167208133,0.05011360667884472
2025-08-15,0.040781379295467886,0.038900571768364756,0.03800705529515808,0.03710645241480176,0.03701392039007653,0.0369179425658212,0.03723477675032739,0.037551404530955776,0.03786871724724179,0.03818728793556778,0.0387787749537392,0.03937396557284278,0.03997353336765716,0.040578062050992326,0.041054410550958084,0.04153552879608568,0.042021676059175575,0.04251312100897409,0.04301014380970204,0.043513038009856606,0.04384277751189878,0.04417718150421272,0.04451630884685162,0.04486024418481795,0.045209095107779526,0.04556299015965168,0.045922077497488896,0.0462865240588277,0.0466565151381338,0.047032254302446064,0.047413963597635105,0.047801884012514256,0.048196276180108216,0.0485974213049024,0.04900562231270783,0.04942120522649207,0.04984452077760452,0.05027594626762062,0.05071588770184618,0.05116478222162559,0.051108931451961624,0.051056189360140926,0.0510063471929656,0.050959215379400666,0.0509146214046257,0.0508724079615388,0.05083243133839548,0.05079456000815033,0.05075867339069274,0.05072466076377632,0.05069242030223877,0.05066185822824744,0.050632888057912426,0.05060542993178129,0.05057941001854449,0.05055475998280695,0.05053141650906348,0.05050932087510137,0.05048841856897208,0.05046865894445533
2025-08-18,0.04087935847491204,0.03889961006059143,0.03810636402986547,0.03730625036713527,0.03711120303451483,0.03691262216322839,0.03725612766702131,0.03759936847346735,0.03794333552620905,0.03828866728088724,0.038852880531801325,0.03942063923844083,0.03999256313077716,0.040569188944616565,0.0410650956062836,0.041565869609956216,0.042071812352450166,0.042583230291089035,0.043100438613193626,0.04362376427222282,0.0439531805312008,0.04428731492837113,0.044626221269411334,0.0449699801126259,0.04531869574577325,0.04567249405603267,0.04603152108146258,0.04639594209518898,0.0467659411172733,0.047141720780192735,0.04752350249629,0.047911526892165386,0.04830605448763307,0.04870736660681646,0.04911576651709971,0.04953158079862316,0.049955160953291715,0.05038688526822851,0.05082716095456478,0.051276426588686794,0.05122923417556413,0.05118519212756335,0.051144097365417494,0.05110576571220615,0.051070029805745924,0.05103673728369001,0.05100574920073684,0.05097693864411435,0.05095018951903161,0.050925395480319394,0.050902458990211785,0.050881290485306756,0.050861807638303586,0.050843934702251174,0.050827601926824374,0.05081274503764605,0.05079930477093238,0.050787226456806396,0.05077645964552749,0.050766957771653146
2025-08-19,0.040683395315829214,0.03870355080345088,0.03791027369722346,0.037110165867501675,0.036864206004902936,0.03661458551617921,0.03693251494394128,0.03724993105595131,0.03756782105553004,0.03788681522435568,0.038478398899675366,0.03907358999305372,0.03967307371142416,0.0402774414191225,0.04075369997390425,0.041234663419925564,0.041720594515256795,0.042211764120573175,0.042708453589921376,0.043210956858146785,0.04354677039376534,0.04388725226260011,0.044232471361283984,0.04458252150659391,0.04493751883239912,0.045297599988342596,0.04566292095296919,0.04603365633003307,0.04640999903570752,0.046792160312115846,0.047180370022713504,0.04757487720002638,0.047975950827735425,0.04838388084822391,0.048798979394268985,0.04922158225014124,0.04965205055341367,0.050090772754620455,0.05053816685784114,0.05099468297158647,0.050938208659146715,0.05088487159903997,0.05083446098437567,0.0507867853748274,0.05074167055011545,0.05069895764362151,0.05065850151441906,0.050620169322955016,0.050583839281294916,0.05054939955349766,0.05051674728551935,0.050485787747214655,0.05045643357163585,0.050428604079022735,0.05040222467470971,0.050377226311716726,0.05035354501008608,0.05033112142612237,0.050309900465621595,0.050289830935962926
2025-08-20,0.040683395315829214,0.03860455955471607,0.037811598598505934,0.03701165969943905,0.03676578423407912,0.036516226812774936,0.03683414695320974,0.037151545462855255,0.03746941018804198,0.03778837170645472,0.038352743870313045,0.03892050803851112,0.03949230266272921,0.04006867683480202,0.04056436961240046,0.04106482475874509,0.0415703483465941,0.04208124955280208,0.042597844754197554,0.04312046085258544,0.04344335472587629,0.04377083351857563,0.04410294369146008,0.04443975797350236,0.044781372295474575,0.04512790361255482,0.045479488403680934,0.045836281698220134,0.04619845652415867,0.04656620370289925,0.04693973193806126,0.04731926816215127,0.04770505811745224,0.04809736715723062,0.048496481261262166,0.048902708266362685,0.04931637931854789,0.04973785055899991,0.05016750506148261,0.05060575504448137,0.050569394221807375,0.05053611118447408,0.050505716205435924,0.05047803748541355,0.050452919181675354,0.05043021969467558,0.050409810174176735,0.05039157321288062,0.0503754017008145,0.05036119781800159,0.0503488721464713,0.050338342885581214,0.050329535157044,0.050322380388070576,0.05031681576272821,0.050312783733029186,0.05031023158245868,0.0503091110356587,0.0503093779088393,0.05031099179621486
2025-08-21,0.04097733285463113,0.03909661660725819,0.03830306591239105,0.03750277836330687,0.03730766067053022,0.0371090220207639,0.037400674693160094,0.037691828917650445,0.03798339885641975,0.03827596613231163,0.0388411433117988,0.03940970078606695,0.039982296135148476,0.04055949311322093,0.04103683355982088,0.04151881328925071,0.04200571423670744,0.04249782267287372,0.04299543263295651,0.04349884873590838,0.04381662834722514,0.04413891547018709,0.044465757648663874,0.04479722782028325,0.04513342137115872,0.045474454046218964,0.045820460510901814,0.04617159342042164,0.04652802289479842,0.046889936327546324,0.04725753847737616,0.04763105180810344,0.04801071705395069,0.048396793996797895,0.04878956244951617,0.04918932344592704,0.049596400643609394,0.05001114195107839,0.050433921396066395,0.05086514125699061,0.05082964924454464,0.050797198768596154,0.050767602909637485,0.0507406924319428,0.05071631383990371,0.050694327688646706,0.050674607111093305,0.05065703652993181,0.05064151052811984,0.050627932855758145,0.05061621555465602,0.05060627818478241,0.0505980471391861,0.0505914550359574,0.05058644017746806,0.05058294606852395,0.05058092098624051,0.05058031759544609,0.05058109260426026,0.05058320645521135
2025-08-22,0.040389414571038416,0.03831042741095881,0.03736752046961294,0.03641712870725067,0.03622332071722431,0.03602561524233394,0.03634331954469015,0.0366605032164914,0.03697814315201222,0.037296862912374454,0.03788780487850014,0.03848230559717226,0.03908104071245451,0.03968459347318858,0.040198284664580634,0.04071693118225221,0.04124085413228203,0.041770378825122745,0.04230583895734397,0.04284758004007265,0.043175446333696466,0.043508008764609384,0.043845310068769516,0.04418742068457726,0.04453443546363735,0.0448864713284537,0.04524366565055131,0.045606175189523715,0.045974175480036024,0.04634786058674688,0.0467274431708955,0.04711315482985858,0.047505246684283346,0.047903990197791825,0.04830967822266805,0.04872262627205956,0.049143174025547666,0.04957168708085658,0.05000855897029447,0.0504542134665268,0.05042567789498184,0.05040029896791628,0.050377890315083426,0.050358283464107666,0.050341325882820136,0.050326879278141286,0.05031481811335694,0.05030502831199668,0.05029740612171727,0.05029185711585189,0.05028829531379492,0.05028664240429142,0.05028682705810992,0.05028878431858392,0.05029245506018635,0.05029778550671176,0.05030472680182673,0.050313234625753905,0.05032326885270495,0.050334793244400745
2025-08-25,0.040389414571038416,0.0384094258762401,0.037666071243225664,0.03691613714080682,0.03666973115635298,0.03641982660752995,0.03673747229694091,0.037054654611324865,0.03737233986206292,0.037691145616818536,0.03825533375481266,0.03882292022191413,0.03939453874015008,0.0399707348249106,0.04046627007020511,0.04096656188248134,0.0414719146436114,0.0419826360362458,0.042499041070672705,0.04302145535963805,0.04335046878762291,0.04368410905141236,0.0440224311147335,0.044365515809788814,0.044713466932161466,0.045066409195733244,0.04542448684385098,0.04578786277351232,0.04615671807141688,0.04653125189054743,0.04691168161752431,0.047298243296957816,0.04769119229118577,0.04809080416334394,0.04849737577953025,0.04891122663250248,0.049332700395355984,0.04976216671931849,0.05020002329547212,0.05064669820613017,0.050609372723003955,0.05057517180456891,0.050543902482747455,0.05051539001255214,0.050489475868077664,0.05046601600062746,0.05044487931996537,0.05042594636618584,0.0504091081450051,0.05039426510362907,0.05038132622793912,0.05037020824470124,0.05036083491496592,0.050353136406877524,0.05034704873782739,0.05034251327732486,0.05033947630317442,0.05033788860457057,0.05033770512659178,0.050338884651312775
2025-08-26,0.04019340339824481,0.03811431528077672,0.03692157369264138,0.03572053464467854,0.03583374942553912,0.035943518682850985,0.03625901504508984,0.03657453443976864,0.03689087051093788,0.03720853678545796,0.037825713902644297,0.03844678034028961,0.039072426542222455,0.039703255123331845,0.04021597286005222,0.040733774753452495,0.04125695958872743,0.04178583534435128,0.04232072206361768,0.04286195436623565,0.04320175415002564,0.04354640807779942,0.043895970235199484,0.044250522839419375,0.044610173052643934,0.04497505073798047,0.04534530693483521,0.045721112897030305,0.04610265958308051,0.046490157520757115,0.046883836991759485,0.047283948499887256,0.04769076349951196,0.04810457537172019,0.04852570064418197,0.0489544804582661,0.04939128229369021,0.049836501967456474,0.050290565930323154,0.05075393389089726,0.05072303719473513,0.05069541767091149,0.050670880888705624,0.05064925106155768,0.050630369007036734,0.05061409037412491,0.05060028409806216,0.050588831049624416,0.050579622851121296,0.05057256083583557,0.050567555131282506,0.050564523849689895,0.05056339237160852,0.05056409271065467,0.050566562949136154,0.05057074673578169,0.05057659283803051,0.050584054742385094,0.050593090297215704,0.05060366139315955
2025-08-27,0.03999737301337828,0.03791818391872007,0.036725410051426106,0.03552438675677525,0.03553582980883984,0.03554345851021622,0.03580795944892575,0.036072005534117296,0.03633639127990432,0.03660162048823007,0.03730051856099071,0.03800371512867894,0.03871207790917757,0.03942636400334505,0.03995674877040188,0.040492481441755164,0.041033866960918555,0.04158122287960878,0.042134881743130084,0.04269519330997466,0.043052292016585066,0.04341450090526625,0.04378188612615146,0.044154543348986615,0.04453259457927716,0.04491618594556089,0.045305486230918374,0.045700685989784495,0.04610199713844286,0.04650965294122826,0.04692390833892876,0.0473450405841398,0.04777335016238211,0.04820916198902601,0.04865282688144847,0.049104723314091756,0.04956525947174299,0.05003487562384742,0.05051404685038598,0.051003286158144104,0.05096889278447494,0.05093794994912184,0.05091025137943723,0.050885610532812604,0.050863858436370625,0.05084484180967918,0.05082842142839344,0.05081447069375103,0.05080287437857498,0.05079352752513837,0.05078633447411399,0.05078120800703274,0.050778068587331575,0.050776843687286306,0.05077746718997712,0.05077987885698916,0.050784023853861354,0.050789852326402436,0.050797319021932255,0.0508063829503044
2025-08-28,0.03999737301337828,0.03811620018832665,0.03697274918686703,0.03582149690901538,0.03573075084295489,0.035635999217513016,0.035875390976229785,0.03611402698640679,0.03635273134099531,0.03659202127360242,0.037210472940502524,0.037832428583537324,0.038458645188637716,0.039089771498031715,0.03964085354905669,0.04019714361454997,0.04075902320646704,0.041326874254590064,0.04190108512086004,0.042482055409418996,0.04282698386218197,0.043176837903354824,0.04353167120443124,0.043891566353115426,0.04425663156646314,0.044626998375580255,0.045002820052013254,0.04538427061435691,0.04577154430115877,0.04616485542992922,0.046564438586504185,0.04697054910714208,0.047383463829581196,0.04780348210021321,0.048230927033516634,0.04866614702764055,0.04910951754706196,0.049561443189976816,0.05002236006487583,0.05049273850791587,0.050469936470526715,0.05045047739675758,0.05043417130197379,0.050420846738504915,0.05041034877943386,0.050402537267173565,0.05039728528748507,0.05039447783615444,0.05039401065090349,0.0503957891855031,0.05039972770667753,0.05040574849738019,0.05041378115250731,0.050423761955187114,0.050435633323515285,0.050449343319062576,0.05046484520970659,0.05048209708037543,0.050501061486171034,0.05052170514308655
2025-08-29,0.03970329140520216,0.03792099700736738,0.03672722448773504,0.0355257011602225,0.0354860365785571,0.035442465324864704,0.03570731433614016,0.035971612357096824,0.036236184182608155,0.03650155171324416,0.0371463484200602,0.03779495829611233,0.038448158950111895,0.03910662294611328,0.039675859475430154,0.04025059379229422,0.0408312197239476,0.04141813451128204,0.042011744552023236,0.04261247008318435,0.042968837578738386,0.043330364057665466,0.0436971076245316,0.04406915713342003,0.044446628748265576,0.04482966353232998,0.04521842582476392,0.04561310223446547,0.04601390113173791,0.0464210525539704,0.046834808467500995,0.04725544334713642,0.04768325504961909,0.04811856596911769,0.048561724472601375,0.04901310662149402,0.04947311819386544,0.049942197029057944,0.05042081572446115,0.05090948472250247,0.050892968562894166,0.05087997470254176,0.05087031123158093,0.05086380532899932,0.05086030120136482,0.050859658293063596,0.05086174972775311,0.050866460947459446,0.050873688521239205,0.05088333909982898,0.050895328496413796,0.0509095808767152,0.05092602804414553,0.050944608807900416,0.05096526842363866,0.05098795809789091,0.05101263454859755,0.05103925961523991,0.05106779991293261,0.05109822652561329
2025-09-02,0.03950721297367256,0.037823852384769166,0.0370294592565012,0.036228888980888475,0.03608430380259614,0.03593653079043347,0.03622704298114988,0.03651722594826358,0.036807914136407605,0.037099640376045365,0.03774456757741501,0.03839345919819624,0.039047080946770465,0.03970609835397835,0.040256765964565046,0.04081287551406929,0.041374786281121165,0.04194286421623189,0.0425174864431968,0.04309904502521103,0.04346264041474236,0.043831473037795034,0.04420561709520816,0.044585176750614054,0.04497028301056125,0.04536109157710192,0.04575778144761732,0.04616055410442468,0.046569633183950326,0.04698526454890014,0.04740771671139254,0.047837281573406096,0.04827427546513301,0.0487190404733008,0.04917194606120942,0.049633390990850935,0.050103805565588966,0.05058365421993598,0.051073438491375515,0.05157370041832169,0.051546643750872714,0.05152316943112227,0.05150307253064838,0.05148616808904065,0.0514722889418541,0.05146128383383623,0.0514530157750392,0.0514473606045009,0.05144420573195002,0.051443449032724214,0.051444997874989795,0.05144876826157547,0.051454684071410205,0.05146267638778755,0.05147268290254543,0.051484647386818724,0.05149851922034257,0.05151425297240096,0.05153180802846283,0.05155114825735299
2025-09-03,0.039213059277836644,0.037331520868138554,0.03653770460977553,0.035737476415526194,0.03559300068437563,0.03544532096069612,0.0357356930211095,0.03602572241006661,0.036316238375970505,0.0366077702388007,0.037225058924870304,0.037846051701455774,0.03847145976318414,0.03910189917037217,0.03965236329948349,0.04020811776608129,0.04076952985994514,0.041336970470913406,0.04191081926787319,0.04249146892430413,0.04284851052349499,0.04321062034469379,0.04357786604299973,0.04395034428010949,0.04432817761997747,0.04471151237486093,0.04510051717994315,0.045495382141182164,0.045896318447315655,0.04630355836985999,0.046717355598877054,0.04713798588015134,0.047565747933179435,0.04800096464037084,0.048443984507049655,0.04889518339992377,0.04935496657918685,0.04982377104676648,0.05030206824080006,0.050790367114556034,0.05076529918861816,0.050743692266912166,0.05072534857386648,0.05071008959696544,0.050697753990631964,0.050688195755358836,0.0506812826511869,0.05067689481145074,0.0506749235282829,0.05067527018593435,0.050677845321731696,0.050682567797602336,0.050689364067682985,0.05069816752967925,0.05070891794944696,0.05072156094977713,0.05073604755564209,0.05075233378923654,0.05077038030906203,0.05079015208807956
2025-09-04,0.039016932776085984,0.03723433526837157,0.03639021452464375,0.03553967662235793,0.035344639629997614,0.03514616307639948,0.03541114273225981,0.03567551216950827,0.03594011066531469,0.03620546860246623,0.03679593395579567,0.03738974985630959,0.037987601945759494,0.038590078287657904,0.03914078786973316,0.03969660669207921,0.04025791828006059,0.040825105074061376,0.041398554732650764,0.041978665132731956,0.042341903522219296,0.042710147980032975,0.043083480617677375,0.04346201071182824,0.04384587201272943,0.04423522091252655,0.04463023527577002,0.04503111379399355,0.04543807576789098,0.045851361250275745,0.04627123150465602,0.046697969750506815,0.04713188217892689,0.04757329923254904,0.0480225771521908,0.04848009980042589,0.04894628077951407,0.04942156586835359,0.04990643581066884,0.050401409494855186,0.05037612805190655,0.05035430481199059,0.05033574151758995,0.05032025918964751,0.05030769602849727,0.05029790559036696,0.05029075519849901,0.05028612455476702,0.05028390452324211,0.050283996061736114,0.0502863092811155,0.05029076261529468,0.050297282087404194,0.05030580065978524,0.05031625765726521,0.050328598254684054,0.05034277302091626,0.05035873751271233,0.05037645191259814,0.05039588070584839
2025-09-05,0.038134125434451334,0.036153029930527186,0.035459286040745185,0.03475955696524213,0.03461422751283951,0.034466018952134504,0.034755639808136334,0.03504500949906197,0.03533490751073786,0.03562583253591389,0.036187863344830186,0.036753135599067545,0.03732225075326111,0.03789572718352476,0.03844564114179256,0.039000563427364014,0.039560874079654765,0.04012695138049545,0.04069917818838499,0.041277946943964416,0.04162812176665196,0.041983094790367985,0.04234292966531453,0.042707717008030784,0.04307757147427018,0.04345262971752629,0.04383304902525617,0.044219006486928183,0.044610698591214845,0.04500834118031822,0.04541216971166917,0.04582243979379469,0.0462394279758245,0.04666343278016495,0.04709477597618481,0.04753380409997763,0.04798089023187117,0.04843643604973032,0.048900874182572704,0.049374670895879824,0.049361225648041955,0.04935109480638947,0.049344097890602304,0.049340072339961245,0.049338871576078594,0.04934036332065304,0.049344428130388834,0.04935095811753795,0.049359855829681366,0.04937103326659467,0.0493844110155287,0.04939991748911649,0.04941748825251147,0.04943706542835668,0.04945859716985412,0.04948203719360543,0.049507344365076034,0.04953448233053495,0.04956341919016908,0.04959412720779382
2025-09-08,0.03803601167152395,0.03605486798877692,0.03531113869664563,0.03456125709514272,0.034467129679000355,0.0343701583923651,0.03463353435411889,0.03489663194530913,0.03516016590213247,0.035424591340931615,0.035959775831717083,0.0364979378105237,0.037039646646080254,0.03758538951425577,0.038097806450835756,0.03861477143016231,0.03913661799274873,0.03966367719472394,0.0401962831670545,0.04073477746647787,0.04107372167865542,0.04141713541659036,0.04176508442457969,0.04211765816872656,0.04247496732145878,0.04283714201252182,0.043204330666488905,0.04357669930050341,0.04395443119330027,0.044337726863041015,0.04472680431069925,0.04512189949999016,0.045523267055731315,0.04593118117112674,0.04634593672154745,0.046767850588483234,0.047197263202877274,0.04763454032234912,0.04808007506213102,0.0485342902051329,0.04850658208141643,0.048481941293468445,0.048460185195387924,0.04844114860041835,0.048424681867947426,0.04841064924104021,0.048398927397238486,0.04838940418157206,0.04838197749580108,0.04837655432206729,0.04837304986255874,0.04837138677962491,0.04837149452313182,0.04837330873380648,0.04837677071296053,0.04838182695035858,0.04838842870315654,0.048396531619815136,0.048406095403723474,0.0484170835119748
2025-09-09,0.038134125434451334,0.036450192023707556,0.03575555784917647,0.03505535525370866,0.03475727783753266,0.03445598331531781,0.03479872822721769,0.03514111160090062,0.03548409916650262,0.03582831181801806,0.03636311668857836,0.03690105875121724,0.03744268294665543,0.03798845971917205,0.038482037969752685,0.038980103072001754,0.03948295292837181,0.03999088665799436,0.04050420883402977,0.0410232328695445,0.04136287360195231,0.04170698152890063,0.04205562789402857,0.04240890707521114,0.04276693421456807,0.043129843584153046,0.04349778751568178,0.04387093577399998,0.04424947528972395,0.044633610191864174,0.04502356209966387,0.0454195706465947,0.045821894219957235,0.04623081090787207,0.046646619652344685,0.04706964161307508,0.04750022175215644,0.04793873065508207,0.04838556660882171,0.04884115796337448,0.048813233804323244,0.048788395119486114,0.04876645838626884,0.0487472576362262,0.048730642532121136,0.04871647669684211,0.0487046362567151,0.04869500856799352,0.04868749110040792,0.04868199045583999,0.048678421503628264,0.04867670661686117,0.04867677499637824,0.048678562071170085,0.0486820089655167,0.04868706202458711,0.0486936723913893,0.04870179562894353,0.048711391382387774,0.04872242307643357
2025-09-10,0.03793789309520456,0.03625387778850701,0.03565916562730318,0.0350592973348648,0.034709565613276844,0.03435677441608208,0.03467372640584902,0.03499016640293533,0.03530703253837771,0.03562492364257987,0.036133050889349344,0.03664403008804501,0.03715838126867555,0.03767654919809264,0.03815169197390374,0.038631028254544494,0.03911484336313039,0.03960342137610829,0.040097049566589306,0.04059602188561646,0.04094246656512217,0.041293278120568315,0.041648548615317534,0.042008390411804146,0.042372934417389235,0.04274232892882476,0.04311673893982108,0.04349634581731355,0.043881347280706855,0.044271957638833896,0.044668408254314035,0.04507094821623005,0.04547984521077141,0.045895386586550596,0.04631788061727936,0.04674765796982939,0.04718507339072887,0.047630507629134344,0.04808436961950224,0.048547098952786895,0.0485190926204958,0.048494168167222663,0.0484721419416178,0.04845284784316677,0.04843613539901264,0.048421868092640034,0.04840992190695548,0.04840018405054509,0.048392551840990665,0.04838693172330658,0.048383238405004025,0.0483813940921372,0.04838132781305058,0.04838297481851724,0.048386276048606514,0.04839117765800334,0.048397630592666434,0.04840559021169826,0.0484150159491338,0.04842587101106566
2025-09-11,0.037839769705021585,0.035957590831309394,0.035413426619348654,0.03486403869482052,0.034615750011410776,0.03436473133733183,0.0346806120524169,0.03499624971466192,0.03531249285371702,0.03562988654123763,0.03608366824849483,0.03654001806728262,0.036999359530245815,0.03746205462042672,0.0379189924942071,0.038379836452174285,0.03884486262699248,0.03931434309794355,0.039788550675405786,0.040267762577924464,0.04060882096896522,0.04095405204600088,0.041303552211109394,0.04165743596991586,0.04201583449682796,0.04237889471309398,0.042746778762980414,0.043119663808325395,0.04349774208613854,0.04388122119135001,0.04427032455957307,0.04466529213435546,0.0450663812108895,0.04547386745423316,0.0458880460952763,0.046309233312330146,0.046737767810616,0.04717401261630855,0.04761835710635387,0.048071219300223046,0.048045053687704384,0.04802187013537262,0.048001491395953784,0.04798375716929026,0.04796852224538604,0.04795565489063732,0.047945035441073036,0.04793655507246173,0.04793011472206503,0.047925624140855605,0.04792300105834256,0.04792217044489784,0.047923063858759746,0.04792561886679262,0.04792977852967408,0.0479354909435158,0.04794270883105091,0.04795138917647055,0.04796149289879902,0.04797298455938234
2025-09-12,0.03793789309520456,0.03625387778850701,0.035759119316913404,0.035259600803625175,0.035061594616683574,0.034861153823467605,0.035150620530851516,0.035439913522256936,0.0357297941750188,0.03602075062300963,0.03650206424159172,0.03698610777871755,0.03747335817731544,0.037964222904872065,0.038421253692259676,0.03888229857391109,0.03934762689053967,0.0398175061985263,0.04029220652695455,0.040772003692585976,0.041107200768268,0.04144659984620089,0.041790287276502615,0.04213836865565873,0.04249096712349141,0.04284822223076933,0.04321028924728631,0.043577338819550435,0.04394955691462992,0.0443271450062187,0.04471032047320774,0.04509931719169858,0.0454943863096221,0.045895797199730616,0.04630383859227078,0.046718819893531674,0.04714107270100711,0.047570952530361754,0.048008840773962,0.04845514691561763,0.048420578032405466,0.0483889598621194,0.04836010948390251,0.04833386120615843,0.04831006466987257,0.048288583199937264,0.04826929236756955,0.04825207873306315,0.04823683874313934,0.048223477761280435,0.04821190921282166,0.04820205382938266,0.04819383897954824,0.048187198074649225,0.04818207004011767,0.04817839884425262,0.04817613307738088,0.04817522557536629,0.048175633082242854,0.04817731594744603
2025-09-15,0.037741641500502965,0.03605754428177208,0.03556275907174705,0.03506324051840206,0.03486522466136923,0.0346647882126402,0.03495417063882555,0.03524338110998746,0.03553317656626928,0.035824042325983005,0.036305179917812395,0.036789034992291185,0.03727608190931389,0.03776672599004525,0.03824243457053849,0.03872228730600471,0.0392065806017945,0.039695607303030365,0.04018966176079029,0.04068904375082814,0.04101736107166075,0.04134987912171106,0.04168666791828392,0.04202781827851646,0.042373439712728896,0.04272365897228481,0.04307861909896043,0.043438478868507144,0.04380341255287141,0.04417360994808491,0.044549276631185714,0.04493063442166993,0.045317922032244294,0.045711395900973374,0.04611133120293376,0.04651802304466777,0.046931787849419086,0.04735296494560368,0.04778191837544694,0.04821903894540273,0.04818537629148264,0.048154616700791575,0.048126580371860496,0.04810110444125484,0.048078041118967095,0.048057256067618195,0.04803862698918045,0.04802204238898423,0.04800740049170778,0.04799460828809969,0.047983580694517955,0.04797423981012754,0.04796651425888729,0.04796033860536576,0.047955652835021005,0.047952401890918615,0.04795053525999115,0.047950006602894314,0.04795077342232375,0.04795279676534298
2025-09-16,0.037741641500502965,0.03585941684567623,0.03531523768064807,0.034765849603270504,0.034568395836378704,0.03436835048141535,0.03468374393601943,0.03499901666287707,0.03531497643717931,0.03563214387885364,0.03613971879149413,0.036650239978047915,0.037164205827775285,0.03768204565756433,0.03815689882776715,0.03863598361280173,0.03911957871626245,0.03960796307302875,0.04010141990427666,0.04060023992698614,0.0409218975898041,0.04124773450368834,0.0415778071278437,0.04191219383289901,0.04225099248148216,0.04259431872654258,0.04294230485698751,0.04329509907072456,0.043652865090298316,0.0440157820611547,0.0443840446905146,0.044757863598095325,0.04513746585996512,0.04552309573466289,0.045915015567074294,0.0463135068709288,0.04671887159554748,0.047131433586916606,0.047551540257519294,0.0479795644838318,0.04795553291496826,0.04793437935701885,0.04791593375733359,0.04790004235432559,0.047886565893337084,0.04787537807618904,0.047866364209654004,0.0478594200238879,0.047854450636587165,0.04785136964251837,0.047850098311261496,0.047850564878652295,0.04785270391960109,0.04785645579179527,0.04786176614132159,0.04786858546252833,0.047876868705528555,0.04788657492565982,0.04789766696999002,0.04791011119661794
2025-09-17,0.037643508481175265,0.035662172035835285,0.03526819463171263,0.034869490136141414,0.03482349369983939,0.03477571012900193,0.03506341018455166,0.03535137016048007,0.035640205025661634,0.03593031499498235,0.036437933607690424,0.03694855838276925,0.03746268261672608,0.037980732481634916,0.03843688318903191,0.03889716345385864,0.039361822536774616,0.03983111239549024,0.040305290764150695,0.04078462364412791,0.041100869094552114,0.04142121289792491,0.041745710491503406,0.04207443855132582,0.04240749264266818,0.042744985565744055,0.04308704623131603,0.04343381894985758,0.043785463051910105,0.04414215278134714,0.044504077420633156,0.04487144161998616,0.04524446591205823,0.04562338740131317,0.04600846062339358,0.04639995857491866,0.04679817391869976,0.04720342037358092,0.047616034302229104,0.048036376514405,0.048013332165449264,0.04799312019378724,0.04797557382556441,0.04796054228388604,0.04794788903752234,0.047937490279021076,0.04792923359810443,0.04792301682191721,0.047918746998336786,0.04791633950236532,0.04791571724876078,0.047916809996657275,0.0479195537340798,0.04792389013205219,0.04792976605949983,0.04793713315140781,0.04794594742375776,0.04795616892966312,0.04796776145188325,0.047980692227543184
2025-09-18,0.037741641500502965,0.035760353252907766,0.03556631420275232,0.03536839747976365,0.03526997309788568,0.035170114809519294,0.03548366926236513,0.035797649354908624,0.036112697676596556,0.03642923642537656,0.03693676856504886,0.03744743409687444,0.037961711589930475,0.03848001752791539,0.03893640601542118,0.03939701345785,0.03986208563297043,0.04033187255561734,0.04080663122223638,0.04128662787451231,0.04160936337547967,0.041936318619631714,0.042267556363362345,0.042603160942545786,0.042943235978990586,0.043287902781360035,0.043637299276832825,0.04399157935847776,0.04435091256716686,0.04471548405084129,0.04508549476130383,0.04546116186156757,0.04584271932656751,0.04623041872772252,0.04662453019810012,0.04702534358028123,0.047433169763809076,0.047848342223622976,0.04827121877535482,0.04870218356800628,0.048677495238625114,0.0486557345604593,0.048636728921071626,0.04862032226719237,0.048606373292213935,0.04859475386113347,0.04858534763762632,0.048578048883821445,0.04857276140815694,0.048569397640637044,0.048567877818057624,0.048568129264452795,0.04857008575424392,0.04857368694743087,0.04857887788771867,0.04858560855577786,0.048593833470935224,0.048603511335520565,0.04861460471688168,0.04862707976275005
2025-09-19,0.037741641500502965,0.03566128974301101,0.03551751520700515,0.03536995020386666,0.035322095772544346,0.03527306660982064,0.03558601967783445,0.03589955996130941,0.036214278329063265,0.03653056603457124,0.03706501061061556,0.03760282026034221,0.03814450910908586,0.03869052685557448,0.03916539738692683,0.039644749027828434,0.040128842385003416,0.04061794396300774,0.041112328882189714,0.04161228316838476,0.04193429469209694,0.04226065994259526,0.04259142961979394,0.04292667835058855,0.04326650195387207,0.04361101550462348,0.043960352006541865,0.04431466153910051,0.04467411078406278,0.04503888286422253,0.045409177447146634,0.04578521108147163,0.04616721774449283,0.04655544958851169,0.04695017788046928,0.047351694135351376,0.04776031144912771,0.04817636604190029,0.04860021902675141,0.04903225842472046,0.04900681323540509,0.048984340242888925,0.04896466413516071,0.04894762642080031,0.04893308358807132,0.048920905505195865,0.04891097402593969,0.048903181770616054,0.04889743105750118,0.04889363296365703,0.048891706497455674,0.04889157786782576,0.048893179837507184,0.04889645114948544,0.04890133601735722,0.048907783671702794,0.0489157479556575,0.04892518696381735,0.04893606271941365,0.04894834088537136
2025-09-22,0.037741641500502965,0.035760353252907766,0.03576625739243188,0.03576920946219395,0.0356691721598135,0.035568227488472735,0.03588121850440041,0.036194819031073945,0.03650961884884977,0.036826008819554557,0.03733364583308671,0.037844488494662355,0.038359010412170366,0.03887762519496096,0.03933429682693252,0.0397952470366239,0.04026072093672248,0.04073096864237472,0.04120624787121376,0.041686826111686,0.0420160655839079,0.042349628761900335,0.042687586824634915,0.043030032634901655,0.0433770785460898,0.04372885489230217,0.04408550900237035,0.04444720462600362,0.04481412169347085,0.04518645635376149,0.04556442125325565,0.04594824602963549,0.046338178005490865,0.04673448307376998,0.04713744677357744,0.047547375560313826,0.04796459827915043,0.04838946785562619,0.048822363221984515,0.049263691502948286,0.04923747641811042,0.0492142762021555,0.049193912848789545,0.04917622542831499,0.049161068218725575,0.04914830908165596,0.049137828046767654,0.049129516074225645,0.04912327396987784,0.049119011431813256,0.04911664621032421,0.04911610336606527,0.04911731461350117,0.04912021773865151,0.04912475608174221,0.049130878076719786,0.049138536840716764,0.049147689807514446,0.049158298399861425,0.04917032773619546
2025-09-23,0.037741641500502965,0.035760353252907766,0.03536639169132184,0.03496768978569757,0.0351760763147264,0.03538358648809973,0.03566898146170639,0.035955273021699076,0.03624287557752906,0.036532069475980394,0.037039348923247714,0.037549827434836466,0.03806397141234503,0.03858218881909715,0.0390385003903553,0.03949906517362019,0.03996412541058175,0.040433928522853796,0.040908729622843046,0.04138879361529107,0.04171770852820442,0.042050914738713814,0.04238848247913042,0.042730503497860346,0.04307708887240536,0.04342836750157412,0.04378448511822244,0.044145603711249426,0.04451190127855639,0.04488357185608704,0.0452608257850427,0.04564389019198323,0.04603300966616891,0.046428447126127474,0.046830484873713926,0.047239425839352575,0.047655595027074185,0.04807934117267028,0.04851103863301979,0.04895108952961057,0.04891647625358967,0.04888482525729092,0.048855953282707,0.048829694349765716,0.048805897854928434,0.048784426918437374,0.04876515694320536,0.048747974354511024,0.048732775494698455,0.048719465651209486,0.048707958199678415,0.04869817384663033,0.048690039958660586,0.0486834899669172,0.048678462837336664,0.04867490259844932,0.04867275791972065,0.04867198173436787,0.04867253090141342,0.048674365902439606
2025-09-24,0.037839769705021585,0.035957590831309394,0.0356633181171131,0.035364855375287885,0.03552157818633513,0.035677500445994305,0.03593715041718648,0.0361975712073425,0.03645915067808067,0.03672214871596976,0.03728423619590444,0.03784983057996525,0.03841950806717556,0.0389937711324112,0.03944961623383462,0.03990987256543582,0.04037476460336217,0.04084452658716168,0.04131940388297737,0.041799654287750634,0.04212230162114343,0.04244928240647684,0.04278065322428961,0.04311649380443366,0.04345690446351616,0.04380200430327296,0.04415192998942792,0.04450683498414087,0.044866889142348584,0.0452322786086545,0.045603205970470725,0.04597989063720125,0.04636256942594744,0.04675149734259053,0.04714694855391299,0.0475492175522005,0.04795862051892031,0.04837549689890816,0.048800211201269844,0.04923315504813481,0.049198879513628974,0.04916755558294981,0.04913900102011658,0.049113050784951935,0.04908955514121979,0.049068378012185054,0.04904939554677265,0.04903249486564176,0.04901757296150215,0.049004535732108764,0.04899329712775485,0.04898377839788223,0.048975907423750874,0.04896961812604584,0.04896484993791969,0.04896154733532726,0.048959659417654657,0.048959139532611974,0.04895994494017854,0.04896203651108703
2025-09-25,0.038134125434451334,0.036450192023707556,0.036255352706117044,0.03605701700694976,0.036161982580508685,0.0362662620622874,0.03650018978924914,0.03673477954242783,0.03697039243570533,0.03720726829093175,0.03771619842906457,0.038228203765408246,0.03874379949810487,0.03926342960255704,0.039702024369025576,0.04014472732860586,0.04059176801975093,0.04104338055745166,0.04149980603686961,0.0419612945308156,0.04227316109955366,0.042589145293423586,0.04290930462297084,0.04323371764983711,0.043562481692250354,0.04389571121459765,0.04423353673882492,0.04457610416352241,0.044923574409976,0.04527612333812602,0.04563394189246657,0.04599723645054373,0.04636622935627694,0.04674115962780055,0.04712228383557384,0.04750987715162152,0.04790423457529742,0.04830567234518671,0.04871452955089818,0.04913116996273725,0.049090555644714415,0.04905275039993709,0.049017573646594446,0.048984861610837885,0.04895446547009222,0.04892624973888644,0.04890009086109713,0.04887587597851576,0.04885350185056391,0.04883287390400931,0.048813905394853946,0.048796516667307846,0.04878063449704136,0.04876619150780557,0.048753125652099,0.04874137974789089,0.04873090106453316,0.04872164095194191,0.048713554507932064,0.04870660027927216
2025-09-26,0.03793789309520456,0.03635293681066652,0.03615778073963265,0.03595928929294091,0.03611506919510701,0.03627038760277327,0.0365297077993882,0.03678993455338663,0.03705142104118331,0.03731440675977939,0.0378498412110223,0.03838866208490133,0.03893140327428858,0.03947853004583763,0.03991636774803507,0.0403584591447655,0.040805013108013904,0.041256247990443896,0.041712392766596974,0.04217368814952676,0.04247902957019086,0.04278851167994205,0.04310217750616293,0.04342009271492311,0.04374234293566812,0.044069031851668876,0.044400279872090845,0.0447362232558162,0.0450770135948049,0.045422817591388207,0.04577381708305208,0.04613020928236039,0.04649220721027539,0.04686004030934382,0.04723395522978171,0.047614216786950776,0.0480011090934659,0.04839493687350591,0.04879602697105632,0.049204730067991864,0.049173452169393235,0.04914498248478815,0.04911914881064197,0.04909579522890113,0.04907478031635132,0.04905597558819773,0.049039264141011375,0.04902453946599525,0.04901170440826854,0.04900067025175659,0.04899135591247728,0.04898368722566482,0.04897759631436994,0.04897302102900925,0.04896990444886953,0.048968194437859026,0.048967843247882004,0.04896880716412849,0.04897104618734707,0.04897452374882843
2025-09-29,0.03803601167152395,0.03615392434655858,0.03605961849338433,0.035962002430467446,0.03596450395012873,0.03596617162990292,0.03625266399291278,0.03653983588269057,0.036828185639478796,0.037118044437744496,0.03759910478921045,0.03808317237811001,0.03857069056305345,0.03906204452015268,0.03948167893471517,0.03990523104596099,0.040332905428788556,0.04076491220409894,0.041201468820622277,0.0416428015787108,0.04194896775894982,0.04225909502908532,0.04257324147922732,0.042891484814971396,0.043213920245117776,0.04354065900125345,0.043871827339317764,0.04420756591769728,0.04454802947724543,0.04489338677046054,0.04524382070282019,0.045599528660906566,0.045960723010764024,0.04632763175679614,0.046700499357057036,0.047079587695461535,0.047465177215559755,0.047857568224343526,0.04825708237827395,0.048664064367515525,0.04862519989693143,0.048589055220696314,0.048555455714710184,0.048524243011326525,0.04849527320358976,0.048468415284032354,0.048443549783109,0.048420567578166894,0.048399368848602235,0.0483798621567502,0.048361963637263916,0.048345596280392256,0.04833068929676836,0.048317177553157516,0.04830500107014786,0.04829410457405635,0.048284437096407784,0.04827595161526159,0.04826860473343775,0.04826235638935471
2025-09-30,0.03793789309520456,0.03645199591811599,0.036056608296664884,0.03565715557846888,0.035712582838507256,0.03576667482411049,0.03610540325619766,0.036444928295575094,0.03678585963472365,0.037128605801946976,0.03763593112217248,0.038146583043771436,0.038661016162407504,0.03917963101877649,0.03959832895435597,0.04002108889023601,0.040448092464069364,0.040879532110847,0.04131561147636088,0.041756545984490925,0.042068444536664584,0.042384417104510956,0.042704523561290564,0.043028844232233764,0.04335747770303494,0.04369053928704218,0.044028159995281875,0.04437048589972052,0.04471767781230637,0.04506991122509269,0.04542737647319262,0.045790279094471066,0.04615884036909723,0.04653329802929146,0.04691390713544547,0.047300941119746864,0.047694693002830836,0.048095476793088385,0.048503629082287114,0.04891951085529616,0.048879249702682266,0.04884177810856674,0.048806916723813466,0.04877450289040896,0.04874438879758443,0.04871643987878007,0.048690533413594,0.048666557304834906,0.04864440900567677,0.048623994575914514,0.048605227849614935,0.04858802969918092,0.04857232738311007,0.04855805396661301,0.048545147805833445,0.048533552087735965,0.04852321441884066,0.04851408645692641,0.0485061235806217,0.04849928459248067
2025-10-01,0.037643508481175265,0.03586030412876469,0.035515733781125415,0.03516692178246943,0.035222139799565136,0.035276085525137585,0.035588631582438635,0.0359018670333104,0.03621634870433979,0.03653244742446213,0.03706674893680973,0.03760443999593221,0.03814602911545896,0.038691961988030446,0.03912882528619037,0.039569884201220956,0.04001533911610394,0.040465400622689864,0.040920290366470526,0.04138024194510021,0.04170329837081839,0.04203056403340106,0.042362104666643016,0.042698007187656435,0.043038377490885994,0.0433833389171947,0.04373303123941696,0.044087610053025465,0.04444724649340952,0.044812127224556055,0.04518245466079251,0.04555844739575536,0.0459403408222737,0.046328387934358346,0.046722860308620974,0.047124049267701223,0.047532267233004785,0.04794784927853033,0.04837115490201921,0.04880257003429632,0.04876912807585023,0.04873858974135983,0.04871077574504314,0.0486855237135541,0.04866268632502716,0.048642129691488414,0.048623731948413074,0.04860738202124765,0.04859297854364409,0.04858042890619486,0.04856964841778653,0.048560559564442565,0.04855309135281044,0.048547178727353715,0.04854276205190171,0.04853978664754725,0.04853820238000839,0.04853796329052195,0.04853902726514267,0.048541355738007615
2025-10-02,0.037741641500502965,0.03585941684567623,0.03551514818491946,0.03516648710535939,0.035221791532358146,0.03527579485664492,0.035562453751020205,0.03584968234760673,0.03613800203889786,0.03642775728163109,0.036935402953907286,0.037446162632289975,0.03796051933382585,0.038478892717742734,0.038916397087898374,0.039357966987929045,0.039803820828134995,0.040254182918164905,0.04070928541856573,0.041169370011293074,0.04148650328680384,0.04180772992315854,0.04213311239369065,0.04246273363068517,0.04279669486410998,0.04313511411524844,0.043478125190719516,0.043825877068298456,0.044178533597866554,0.04453627346343016,0.044899290368501744,0.04526779341923287,0.045642007688879896,0.04602217495438553,0.04640855460171929,0.0468014247016004,0.04720108326166712,0.04760784966532533,0.04802206631161989,0.04844410047471107,0.048412120141631404,0.04838296696315699,0.04835646667588958,0.04833246146057641,0.048310808132745096,0.048291376569957425,0.0482740483404658,0.048258715503927824,0.0482452795596257,0.04823365052156779,0.048223746103085656,0.048215490996216054,0.04820881623337992,0.048203658620721186,0.048199960234017875,0.04819766796937742,0.048196733142023024,0.04819711112740319,0.048198761039640256,0.04820164544300032
2025-10-03,0.037839769705021585,0.03605665209577334,0.035762092024560536,0.03546348153392549,0.03551834697919904,0.035572061758501146,0.03591047267723966,0.036249736922464845,0.0365904406945994,0.03693297823285826,0.037412967104172454,0.03789610317577952,0.038382792182774246,0.03887339212930093,0.039292356929160596,0.039715282527953887,0.04014236156559764,0.04057379461829565,0.04100979132811301,0.041450571467892085,0.041768649013917865,0.04209078913887577,0.04241706305452704,0.04274756126702684,0.04308239167264181,0.043421678251386625,0.043765560219107096,0.04411419154020374,0.04446774073217073,0.04482639091369103,0.045190340062933536,0.04555980146376705,0.04593500432605491,0.04631619457286467,0.04670363579290451,0.04709761036120562,0.04749842073532384,0.04790639093837979,0.04832186824429799,0.04874522508482139,0.04870442581930445,0.04866643953753909,0.04863108514022585,0.04859819837389427,0.048567629969676715,0.048539244025181255,0.04851291659326957,0.04848853444757867,0.048465993999550094,0.048445200345768706,0.04842606642773861,0.04840851228897454,0.04839246441656963,0.0483778551563033,0.04836462219194502,0.0483527080807441,0.04834205983822193,0.04833262856633218,0.04832436911986043,0.04831723980661959
2025-10-06,0.037741641500502965,0.03625567205518814,0.03596022821723438,0.03566116763302648,0.03581760102539747,0.03597334266023353,0.03628481400914128,0.03659731884676072,0.0369113141675896,0.03722711151670335,0.03776160841273681,0.038299628223923195,0.03884167045186959,0.03938817562855658,0.03980645401783598,0.040228893468337905,0.04065566278951503,0.04108694472232266,0.04152293555297593,0.04196384512293635,0.042275614632193745,0.04259151124939998,0.04291159127988059,0.043235932282886996,0.04356463073667677,0.04389780039701692,0.04423557118443457,0.04457808848434595,0.04492551277809219,0.045278019546906675,0.04563579940816629,0.04599905845607569,0.046368018788622505,0.04674291921020654,0.04712401610546397,0.04751158448497357,0.04790591920810016,0.048307336392483725,0.048716175023841256,0.04913279878400588,0.0491008878865346,0.04907181398261726,0.04904540277971303,0.04902149645739783,0.04899995185585771,0.0489806389013208,0.04896343923316638,0.04894824500332793,0.048934957823405775,0.04892348783884001,0.04891375291273487,0.0489056779046052,0.048899194031541714,0.04889423830114441,0.04889075300712566,0.048888685279785175,0.04888798668465632,0.048888612863548675,0.048890523212997555,0.048893680595798114
2025-10-07,0.037741641500502965,0.03615660812607212,0.035761490087103255,0.03536218826195911,0.03531589555233842,0.03526790767421719,0.03565932975552915,0.036051519814069476,0.03644524517782376,0.03684102062311576,0.037347503532249186,0.03785738914766485,0.03837110586324968,0.038889035008850915,0.03932611969329838,0.03976741732372356,0.040213129899308406,0.04066346955680737,0.041118659460091134,0.04157893473263434,0.04189601736356285,0.04221728055146731,0.042542782141311596,0.04287260162556328,0.04320683777956869,0.04354560700207483,0.04388904219374048,0.04423729205607189,0.04459052072766721,0.044948907699049086,0.045312647964993326,0.04568195238628843,0.046057048242740276,0.046438179966962326,0.04682561005475879,0.047219620153215375,0.04762051233232687,0.048028610550397664,0.04844426232778173,0.048867840647980686,0.04883518885612227,0.04880540428266088,0.048778310258594165,0.04875374679258424,0.048731568736209034,0.048711644189166556,0.048693853108721305,0.04867808609363438,0.04866424331767964,0.04865223359183248,0.04864197353750043,0.04863338685587814,0.04862640368076329,0.04862096000404719,0.04861699716466406,0.048614461393103,0.04861330340469425,0.04861347803582208,0.048614943918009856,0.04861766318549975
2025-10-08,0.037839769705021585,0.03625477487742923,0.03585966945953931,0.03546036860771978,0.035464967476638645,0.03546803338925123,0.035833118937576736,0.03619897820599577,0.036566300877795166,0.03693554908516815,0.03744241552623402,0.0379526417532123,0.03846666891852465,0.038984887628533096,0.03938427380266811,0.03978758537588351,0.04019497122089737,0.04060659393587008,0.041022629146059614,0.04144326525788074,0.04176161906683986,0.04208400841339536,0.04241050794335043,0.04274121101878253,0.04307622792892312,0.043415684672335246,0.043759722177813876,0.04410849587112744,0.044462175522342016,0.0448209453280824,0.04518500419731513,0.04555456621982025,0.04592986130461552,0.046311135982006306,0.04669865436821867,0.04709269929613517,0.04749357361979647,0.04790160170429348,0.048317131116649724,0.048740534537459204,0.04870855427237592,0.048679406795215735,0.04865291773022126,0.048628929166764825,0.04860729784806151,0.04858789359676842,0.04857059794221594,0.0485553029198929,0.04854191001860597,0.048530329254667305,0.04852047835570513,0.04851228203937022,0.04850567137443672,0.04850058321364892,0.048496959689216225,0.0484947477631601,0.04849389882581272,0.048494368336693384,0.048496115502773135,0.0484991029898063
2025-10-09,0.03793789309520456,0.03625387778850701,0.03595904220309793,0.035660285877615064,0.03561330506898304,0.035564854334796885,0.03595610229712674,0.036348201906565146,0.03674190060697122,0.037137701595201,0.03761723444488647,0.03810003487967383,0.038586486487738686,0.039076931770903496,0.039476774556092824,0.039880504419069644,0.040288279021252676,0.04070026791675174,0.04111665234677451,0.04153762533962462,0.0418562704912863,0.04217894325222788,0.04250572089005414,0.04283669905000987,0.04317199004170745,0.04351172168043354,0.04385603655488521,0.04420509163162724,0.04455905813332395,0.04491812164680969,0.0452824824308701,0.04565235590388554,0.046027973299368044,0.04640958248367876,0.04679744893538501,0.04719185689020087,0.04759311065954582,0.04800153613468346,0.048417482492362086,0.04884132412203978,0.048800580450061165,0.04876264833000451,0.048727346823234007,0.04869451182461191,0.04866399420272419,0.04863565818301862,0.04860937993769,0.04858504635217342,0.04856255394302996,0.048541807906042046,0.048522721276660956,0.04850521418769538,0.04848921321141265,0.0484746507751247,0.04846146464092126,0.0484495974415474,0.0484389962655465,0.04842961228573932,0.048421400425914286,0.04841431906128897
2025-10-10,0.037741641500502965,0.03566128974301101,0.03526761320654086,0.034869059229940776,0.03487401282544088,0.034877315222440974,0.03521641920008421,0.03555612197003603,0.03589707848033512,0.03623972354367127,0.03671948757766678,0.03720228814628088,0.0376885372491147,0.038178596289482385,0.038578176287033576,0.03898148830521776,0.03938869823003896,0.03979998087978572,0.04021552048059246,0.040635511233781715,0.04094738164829692,0.041263107612437996,0.04158275946965009,0.04190642516639791,0.0422342085404389,0.04256622814847387,0.04290261650726543,0.04324351965988625,0.04358909700488999,0.04393952134472583,0.04429497912313594,0.04465567083122535,0.045021811569472235,0.0453936317589103,0.045771377999591,0.04615531407860009,0.046545722133641734,0.04694290398173356,0.04734718262605196,0.047758903957589145,0.04772909707413154,0.047702000877531105,0.047677448630345336,0.047655289332684043,0.04763538599051379,0.047617614110415075,0.047601860387089356,0.04758802155553086,0.047576003384364504,0.047565719790613005,0.04755709205925279,0.047550048153479636,0.04754452210373258,0.04754045346529532,0.047537786835777605,0.047536471425022604,0.04753646067103451,0.047537711896405765,0.04754018600047302,0.047543847183070184
2025-10-14,0.037643508481175265,0.03546404027344392,0.034970679712602294,0.03447191396133855,0.03442682483370582,0.03437965162187056,0.0347194196784542,0.03505956236652421,0.03540079788611464,0.035743598525718345,0.03625026513003063,0.036760055558038976,0.03727343034282961,0.03779079193797615,0.03822742110724436,0.038668068995327966,0.03911294607281214,0.0395622694846981,0.040016264708846595,0.04047516701236282,0.040791533879990884,0.04111192599814056,0.041436403315258545,0.04176504595887757,0.042097952072801315,0.04243523630402482,0.0427770287855795,0.04312347450713311,0.04347473299687972,0.04383097826070526,0.04419239894083322,0.04455919866813971,0.04493159659141024,0.0453098280739099,0.04569414555339115,0.04608481956652618,0.046482139943062814,0.046886417179023254,0.0472979840022024,0.047717197147260776,0.047686044156310115,0.04765766521692587,0.04763188910803369,0.047608560751081754,0.047587539433246916,0.047568697262971714,0.047551917823253916,0.04753709499387317,0.04752413191844668,0.04751294009606252,0.04750343858041888,0.047495553272024045,0.04748921629119431,0.04748436542140498,0.047480943614070376,0.04747889854710517,0.047478182230694436,0.047478750654607806,0.04748056347216327,0.04748358371660053
2025-10-15,0.037839769705021585,0.035759468552679405,0.035215882878221694,0.03466679909687215,0.03472374957465135,0.03477884333959924,0.03509202839893814,0.03540568946099245,0.03572044390424282,0.036036698456077265,0.036543794955924684,0.03705400924651265,0.037567811900246856,0.03808561303025101,0.0385037037330144,0.03892569288357515,0.039351766407619775,0.03978211859264397,0.04021695301132705,0.04065648343281472,0.04097371148600515,0.04129492128944932,0.04162018149620871,0.04194957967312655,0.04228322040630516,0.04262122399586343,0.04296372560200454,0.043310874745562125,0.04366283509479469,0.04401978449048105,0.04438191517605406,0.044749434210397905,0.045122564049223844,0.04550154328746449,0.04588662756045786,0.046278090606251286,0.04667622549544608,0.04708134603886883,0.0474937883871893,0.047913912840579345,0.04788278231829255,0.047854428458775355,0.04782868004109876,0.047805381993753955,0.047784393617351484,0.04776558703972824,0.047748845868872736,0.04773406401484468,0.0477211446565722,0.04770999933327023,0.04770054714340202,0.047692714036734876,0.04768643218722297,0.04768163943626975,0.04767827879744275,0.047676298014991327,0.04767564916959238,0.0476762883256583,0.04767817521531123,0.04768127295478206
2025-10-16,0.0375453706465673,0.03506864513860052,0.034426200579565205,0.033777391241917164,0.03383524989704827,0.03389093685234049,0.03423015380426592,0.03456982650771378,0.034910634745006164,0.03525302728737922,0.03575912971322253,0.0362683402305174,0.036781108608045246,0.03729782880160024,0.037752780996802696,0.03821185185798807,0.03867527577253615,0.039143292092067544,0.039616147519915754,0.04009409810786121,0.040415578705892796,0.040741152114424035,0.04107087767536259,0.04140483564531003,0.041743124932897564,0.04208586151358744,0.042433177361474735,0.04278521978523848,0.04314215108846775,0.043504148498010924,0.043871404320920696,0.04424412630307395,0.04462253817202974,0.04500688035410175,0.045397410861635824,0.045794406351569804,0.04619816336087138,0.04660899972866707,0.047027256219014976,0.04745329836252628,0.04741278509588531,0.0473750550650031,0.04733992845893558,0.04730724216646653,0.04727684793009024,0.04724861074107115,0.04722240743968572,0.047198125490734905,0.04717566190929967,0.0471549223157168,0.04713582010205053,0.047118275695062585,0.047102215902947865,0.04708757333498986,0.04707428588486761,0.047062296269671254,0.04705155161779796,0.047042003099843153,0.04703360559740006,0.04702631740535963
2025-10-17,0.0375453706465673,0.035266781239357364,0.034773685161305454,0.03427506506109267,0.03433172155236906,0.0343866139374718,0.03469954851169825,0.03501297965194578,0.03532750947263789,0.03564353520202429,0.03615023870820414,0.03666003729863259,0.03717339522032324,0.03769071741501737,0.03812731625224362,0.03856791479552671,0.039012724538287996,0.039461963279287776,0.039915856865450544,0.04037464070604223,0.04069094880860495,0.04101126754846885,0.041335657144349156,0.04166419784903864,0.041996987807413975,0.042334141558590575,0.04267578902977326,0.0430220749145918,0.043373158360137234,0.043729212909168626,0.044090426660037416,0.0444570026187559,0.04482915922664055,0.045207131053998574,0.04559116965602754,0.045981544591918576,0.04637854461242741,0.046782479025161916,0.04719367925073649,0.047612500586944356,0.04757288717987566,0.047536016107980396,0.0475017105206011,0.047469810001702833,0.0474401687534541,0.047412654017029016,0.04738714469531112,0.047363530148065304,0.0473417091349515,0.047321588885693,0.047303084279959565,0.04728611712220724,0.04727061549894647,0.04725651320776597,0.04724374924899257,0.04723226737217153,0.04722201567064836,0.04721294621846141,0.04720501474453963,0.04719818033986858
2025-10-20,0.03744722799620492,0.03516858314253215,0.0347254422632304,0.03427699238563739,0.03433326579846977,0.03438790283286696,0.03467476381021894,0.034962056517195236,0.035250330985466025,0.03553994816377799,0.03604695756017889,0.036556987375956515,0.03707051611140616,0.03758795872116739,0.03800578415189464,0.03842743288724062,0.03885309304774363,0.03928295996728318,0.03971723736050207,0.04015613839921726,0.04047298514822883,0.04079374914585328,0.041118499309454715,0.04144732292822757,0.0417803238363206,0.04211762115573381,0.042459348475628704,0.042805653374453245,0.04315669721892645,0.04351265519352827,0.043873716528331066,0.04424008490352494,0.04461197901699667,0.04498963330761771,0.04537329883203905,0.04576324429718168,0.046159757254546456,0.04656314546618041,0.046973738455811626,0.0473918892624697,0.04735283984732901,0.04731650318139334,0.047282704352415134,0.04725128470203235,0.04722210002927383,0.04719501902868142,0.0471699219281165,0.047146699297140986,0.04712525100161601,0.047105485284059105,0.04708731795251055,0.04707067166331357,0.04705547528541669,0.04704166333564345,0.04702917547590956,0.04701795606465746,0.047007953755863405,0.04699912113988963,0.04699141442123106,0.04698479312886678
2025-10-21,0.03744722799620492,0.035267653727396875,0.03472428537181934,0.03417534695046603,0.034232282254411994,0.03428735913604442,0.03454860067644224,0.03481009046730439,0.03507236602804393,0.03533577608059226,0.035816197145407895,0.03629935191338524,0.036785697468161654,0.037275626046978365,0.037712894804258386,0.03815398384555124,0.038599126780744376,0.039048558031248494,0.03950251596665466,0.039961245389409435,0.04027161058471229,0.040585838853076865,0.04090398873647553,0.04122613769180561,0.041552380063644076,0.04188282566416195,0.04221759881614214,0.042556837757729005,0.04290069433717722,0.043249333946842515,0.0436029356607969,0.04396169255161847,0.0443258121703537,0.04469551718022875,0.04507104613999288,0.04545265443723651,0.04584061537595156,0.04623522142623048,0.04663678564752488,0.047045643300468495,0.04700780463680304,0.046972616803361636,0.04693990901612128,0.04690952636283599,0.0468813280487631,0.04685518587149028,0.04683098289075248,0.04680861226481278,0.04678797622962327,0.04676898520078738,0.0467515569814798,0.046735616062071696,0.04672109299936131,0.04670792386510226,0.046696049755022305,0.046685416350784055,0.04667597352839897,0.046667675007501234,0.04666047803664792,0.04665434311045655
2025-10-22,0.03744722799620492,0.03516858314253215,0.03467546885511721,0.034176846301324164,0.03413180076836428,0.034084660675705786,0.03439844780297482,0.03471248575882978,0.035027452231219856,0.03534378953726058,0.035823592257761265,0.036306234091433784,0.036792147923264025,0.03728170871330994,0.03769978718562904,0.03812159027318878,0.03854731678803722,0.03897716997997988,0.03941135939932161,0.03985010245657165,0.04016081221366218,0.04047533153557769,0.04079372422865473,0.041116072033401944,0.041442472785073535,0.04177303913727319,0.04210789771588457,0.042447188610052644,0.0427910651343343,0.04313969381553622,0.04349325457177769,0.043851941061677516,0.044215961189420484,0.0445855377576003,0.044960909264713855,0.045342330848389276,0.045730075379159255,0.046124434713064856,0.04652572111477165,0.04693426886635499,0.04689673728547158,0.0468618405478467,0.046829408922591305,0.04679928845263828,0.04677133921127614,0.046745433786371055,0.04672145595837641,0.04669929954387944,0.0466788673810472,0.04666007043711689,0.04664282702119018,0.04662706208816731,0.0466127066217953,0.046599697086586324,0.04658797493985343,0.046577486196361116,0.046568181039142585,0.04656001347092441,0.04655294100135503,0.046546924365873474
2025-10-23,0.03744722799620492,0.03556486597106334,0.035020641932629805,0.034471253381580136,0.034527994917509935,0.03458294669852579,0.03489597842428056,0.03520950348009483,0.03552412926270882,0.03584025633973124,0.03632014026111305,0.036802955368117285,0.037289126960671416,0.037779025332487524,0.03817849886650169,0.038581634533729585,0.03898860211097466,0.03939957894731808,0.03981475075488592,0.040234312392733354,0.040539788821146915,0.04084901854690945,0.041162064647347785,0.04147900764450373,0.04179994371892328,0.04212498346985453,0.042454251092974356,0.04278788388503559,0.04312603201141383,0.04346885849135654,0.04381653936933625,0.04416926405095366,0.04452723578944653,0.0448906723148014,0.04525980660227206,0.04563488778116349,0.04601618218832312,0.046403974574108595,0.04679856947184508,0.04720029274509275,0.047172003269190056,0.04714634178920321,0.04712314685241823,0.04710227224525949,0.04708358531630454,0.04706696551858811,0.04705230313855794,0.04703949818448514,0.04702845941157396,0.04701910346465704,0.047011354122362396,0.04700514162911817,0.047000402103420845,0.04699707701250816,0.046995112705014046,0.04699445999438693,0.0469950737868679,0.04699691274868238,0.04699993900782505,0.04700411788643657
2025-10-24,0.037250928246329744,0.03546755035648594,0.03497298592278703,0.03447361781976887,0.03452988938008941,0.03458452788689026,0.03489734666457931,0.03521071223217186,0.03552521417544604,0.03584124237584818,0.03632105005732558,0.03680380192045108,0.037289920281645766,0.0377797733044812,0.03819809931182364,0.038620227171520895,0.0390463530963395,0.03947667897045215,0.03991141394522475,0.04035077581769384,0.040655699525691,0.040964449937226206,0.04127708230422124,0.04159367073267814,0.041914306123009296,0.042239094720672096,0.04256815713175159,0.04290162770112558,0.0432396541806901,0.04358239763622838,0.043930032556726444,0.04428274714115147,0.04464074374617011,0.045004239484856344,0.04537346697171709,0.04574867521377676,0.04613013065132298,0.046518118355459104,0.04691294339302936,0.04731493237293289,0.047286270816555356,0.04726025710773715,0.04723672850642374,0.04721553763233106,0.04719655077469002,0.04717964642301682,0.047164713986012595,0.047151652671181044,0.04714037050222741,0.04713078345497467,0.04712281469555521,0.04711639390713611,0.04711145669351212,0.04710794404962994,0.047105801890553904,0.04710498063159781,0.04710543481336999,0.04710712276634319,0.04711000631029252,0.04711405048456808
2025-10-27,0.03695644249154629,0.035569267140048676,0.035023529491954926,0.034473383568428564,0.03458055913014379,0.03468626807933218,0.03497274261095175,0.03525977490937072,0.035547878779754294,0.03583739366416579,0.0363174989268173,0.03680049764478049,0.03728682377975707,0.03777685380972479,0.03817644649338349,0.03857968580689169,0.03898674423209834,0.03939780122012664,0.03981304414067344,0.04023266917685142,0.040538208044533015,0.0408474941221387,0.04116059126164596,0.04147758062947093,0.041798558946222295,0.04212363726686329,0.04245294017395677,0.04278660529449548,0.04312478307710076,0.04346763678498133,0.043815342673491166,0.04416809033106034,0.044526083169802146,0.04488953905798308,0.04525869109130569,0.04563378850397568,0.04601509772408363,0.04640290358113961,0.04679751067682822,0.047199244933347935,0.047162440214236497,0.04712823895289806,0.04709647377423063,0.04706699286890747,0.047039658273240796,0.047014344373698884,0.04699093660262793,0.04696933029730499,0.04694942969900028,0.046931147072458324,0.046914401929281126,0.04689912034123877,0.04688523433164138,0.04687268133466634,0.04686140371400416,0.046851348333421076,0.04684246617287619,0.04683471198470848,0.046828043985154104,0.04682242357708639
2025-10-28,0.03685827093673421,0.035570147635419,0.03497412778337117,0.03437366106124028,0.03453197076192539,0.034688909759064655,0.034949116138925235,0.035209865619361375,0.03547160444405824,0.03573462684076087,0.03618799336910928,0.036644018617874106,0.037103107854659374,0.0375656101586443,0.037965776115183515,0.03836947232250566,0.03877688743185875,0.039188213214879496,0.039603646503802103,0.04002339077783208,0.040329135431531174,0.04063856825500515,0.04095175758990086,0.04126878815149692,0.04158975944119031,0.04191478465808389,0.042243989992896455,0.042577514222210254,0.04291550854525434,0.043258136622562095,0.04360557478823893,0.04395801241675353,0.0443156524321397,0.044678711952963024,0.04504742307085367,0.04542203376418415,0.04580280895183303,0.04619003169512391,0.046584004559120755,0.04698505114763514,0.04694865691306923,0.046914843963663334,0.04688344634892614,0.04685431355024192,0.046827308775459896,0.04680230747621048,0.04677919605478653,0.046757870732955044,0.04673823655957724,0.04672020653761426,0.04670370085414365,0.046688646199531066,0.04667497516399364,0.04666262570153478,0.04665154065268802,0.046641667318731594,0.0466329570810655,0.046625365060314033,0.046618849810454034,0.04661337304389703
2025-10-29,0.0375453706465673,0.036653743227642276,0.03610656730811591,0.035555621052068706,0.03561170176056721,0.035666227961430534,0.03592741355197558,0.03618898475748256,0.036451457793432965,0.03671516955662939,0.0371695823096638,0.03762667585620349,0.0380868759930973,0.03855054785158886,0.03893282183825919,0.03931856847221715,0.039707956821832625,0.04010116079941688,0.04049836046163828,0.04089974312897669,0.04118859556304328,0.041481018720097906,0.04177706760203549,0.04207681375026288,0.042380343474263435,0.04268775660735258,0.04299916566397824,0.04331469531004308,0.043634482083484284,0.04395867432055466,0.04428743225636659,0.04462092827790926,0.044959347315016746,0.04530288736038585,0.045651760114239846,0.046006191752966163,0.0463664238242958,0.04673271427453581,0.04710533861617725,0.047484591247006644,0.04745037459687105,0.04741864162917248,0.047389233527700324,0.047362006271655495,0.047336829001384154,0.047313582597574795,0.047292158442136654,0.0472724573342757,0.047254388539608075,0.04723786895369757,0.04722282236432361,0.04720917879920122,0.04719687394787942,0.04718584864821513,0.04717604842921685,0.047167423103225435,0.0471599264013873,0.04715351564720866,0.047148151463688115,0.04714379751012474
2025-10-30,0.0375453706465673,0.036653743227642276,0.03620653735365769,0.03575596366360082,0.03576038406517664,0.03576333099956059,0.036050632187000324,0.03633839047845622,0.036627174449005116,0.03691735725487326,0.03739855908955369,0.03788270138324445,0.038370237334326415,0.03886155883431901,0.03924325815624146,0.03962856472448861,0.0400176300582587,0.04041061478127894,0.04080768883145472,0.04120903181966899,0.041510037153926004,0.041814778898771,0.04212332330125911,0.04243575346299383,0.042752167671292245,0.04307267824948009,0.04339741080448954,0.04372650378618952,0.04406010829807168,0.044398388116763936,0.04474151989075078,0.04508969349822497,0.04544311255124225,0.045801995039024726,0.04616657410786523,0.04653709897898959,0.046913836009201376,0.04729706990237171,0.04768710508301076,0.04808426724640839,0.048038874321398424,0.0479960723070641,0.04795568766943115,0.04791756282258263,0.04788155436097037,0.047847531522412105,0.047815374847420475,0.04778497500623588,0.04775623176960912,0.04772905310321289,0.04770335436871696,0.0476790576171728,0.04765609096251938,0.047634388024828715,0.0476138874344188,0.04759453238922989,0.0475762702589278,0.04755905223009831,0.04754283298766285,0.047527570428293496
2025-10-31,0.0375453706465673,0.036653743227642276,0.0361565516842386,0.03565578910000297,0.03566059853133476,0.03566380481888931,0.03595125249363447,0.03623911079005036,0.03652796183524397,0.03681818683781808,0.03729936765612499,0.03778347119878684,0.03827095199373299,0.038762202727328464,0.03916280226241328,0.03956712720857241,0.039975357135616604,0.0403876782436126,0.040804284508116795,0.041225378722452785,0.0415319221383197,0.041842310885014465,0.04215661159997231,0.04247490871221151,0.04279730266252344,0.043123908675735526,0.04345485595550495,0.04379028721066929,0.044130358448985364,0.044475238993083165,0.044825111687203774,0.04518017327345921,0.0455406349240819,0.04590672292219116,0.0462786794885356,0.046656763755861114,0.04704125289628951,0.04743244341059477,0.047830652591710245,0.0482362201783455,0.04819816821943098,0.04816279197301269,0.048129919635691736,0.048099395394740146,0.04807107766153797,0.048044837535748376,0.048020557465877446,0.04799813007759124,0.04797745714583673,0.04795844869064652,0.047941022179664096,0.047925101823036484,0.047910617948487784,0.047897506446194435,0.047885708274591564,0.047875169019509396,0.04786583850010494,0.04785767041595686,0.04785062203045563,0.04784465388627098
2025-11-03,0.037643508481175265,0.036652835883660126,0.03615595526341741,0.035655348248567274,0.03571113481778472,0.035765466310018736,0.03605247798811379,0.03634001942083637,0.03662863497689142,0.03691868328915942,0.03739978215711318,0.037883839034015425,0.03837130308916213,0.03886256333742585,0.039282119251057956,0.03970555885436198,0.04013308822752548,0.04056491838976874,0.04100126721679095,0.0414423610571077,0.04174840063299291,0.042058374114880386,0.04237233995590186,0.04269037596992658,0.04301257725448762,0.04333905473595167,0.04366993418937592,0.044005355629235146,0.04434547299757568,0.044690454097652196,0.04504048073662454,0.04539574905234727,0.04575647000795472,0.046122870044702204,0.04649519188898379,0.04687369551404254,0.04725865926094166,0.047650381127123255,0.048049180234539156,0.04845539849306686,0.048416815144768796,0.04838093557086327,0.048347586138816165,0.04831660937774974,0.04828786219304772,0.04826121431416088,0.04823654694089373,0.0482137515592388,0.04819272890255031,0.048173388037721934,0.04815564555922506,0.04813942487650031,0.04812465558238731,0.04811127289210123,0.04809921714379226,0.048088433353005104,0.048078870814434155,0.04807048274528272,0.048063225965305933,0.048057060609274685
2025-11-04,0.03744722799620492,0.03635743562629563,0.03591082415339718,0.03546056587887352,0.035516010957642244,0.03557011210634139,0.03583098253044599,0.03609230880109991,0.036354581977945236,0.03661812379516342,0.037126438845023646,0.03763779866590216,0.03815270796403441,0.038671602216187664,0.039071665027219184,0.03947550203667591,0.03988328220711373,0.040295183370441696,0.04071139277367151,0.041132107700565815,0.04144448513526638,0.04176076883824566,0.0420810305292879,0.04240535978930999,0.04273386233669652,0.0430666588495472,0.04340388420666296,0.0437456870580903,0.04409222966246726,0.04444368794716347,0.044800251760789375,0.04516212529773199,0.045529527682065175,0.045902693704244,0.04628187470896394,0.04666733963682431,0.04705937622627471,0.04745829238595838,0.04786441775118599,0.048278105442031184,0.04823905496902618,0.04820272829712921,0.04816895028131162,0.048137562071363466,0.04810841931154755,0.04808139057539839,0.04805635600065678,0.04803320609516463,0.04801184068931023,0.04799216801451844,0.04797410389049918,0.04795757100662623,0.04794249828502749,0.047928820314808794,0.047916476848371324,0.04790541235207642,0.047895575604597666,0.047886919337221216,0.047879399911132485,0.04787297702739147
2025-11-05,0.0375453706465673,0.036752812583386155,0.03635529060301628,0.03595475406486926,0.036060514371780386,0.03616532080768974,0.036451502044296806,0.036738460347827996,0.037026665437458924,0.03731643147414723,0.03782461771499765,0.038336028776411187,0.03885114844711356,0.03937039844786205,0.039770654318297696,0.04017480686518607,0.040583018397508414,0.04099546246222613,0.041412323843770006,0.04183379881078284,0.04214663711930068,0.04246347786362393,0.04278439160338917,0.04310946765240529,0.043438812233571475,0.043772547213206156,0.04411080927955612,0.044453749470636704,0.044801532984633824,0.04515433922602322,0.04551236205499659,0.045875810218495953,0.046244907949329846,0.046619895726285936,0.04700103119343639,0.04738859024136098,0.04778286825709475,0.04818418155347812,0.04859286899244237,0.049009293820774485,0.04896923866479877,0.04893196439504481,0.04889729232644546,0.04886506040692447,0.04883512138005851,0.04880734118773125,0.048781597577049064,0.04875777888174269,0.04873578295314186,0.04871551621979581,0.04869689285809649,0.04867983405897591,0.04866426737800332,0.048650126158085935,0.04863734901554827,0.04862587938168371,0.04861566509298192,0.04860665802417492,0.048598813759037976,0.04859209129455962
2025-11-06,0.037250928246329744,0.036161082864114485,0.03576443936357777,0.035364374375185074,0.03541940878404666,0.03547323483353845,0.03575982379371318,0.03604701942937609,0.03633533467717927,0.036625109076266205,0.03710583846066321,0.037589524912300935,0.03807660959822105,0.03856747535774334,0.03900562867848236,0.03944778574554247,0.03989417803617054,0.04034504015559745,0.04080061252989715,0.041261143596621114,0.04157866560542004,0.04190026345313527,0.04222600344545245,0.04255597180373886,0.042890272620301734,0.04322902644241569,0.04357236933746789,0.043920452335547845,0.04427344117638233,0.04463151630918848,0.04499487310970944,0.04536372229031908,0.045738290487932334,0.04611882102141234,0.046505574815846155,0.046898831495911446,0.04729889065490467,0.04770607331010689,0.04812072355923239,0.04854321045692335,0.04850253376228013,0.04846466166344428,0.04842941352215076,0.04839662549944676,0.048366148699469896,0.048337847555666336,0.04831159842335305,0.04828728834854423,0.04826481398787391,0.04824408065847401,0.04822500149998417,0.048207496733611646,0.048191493005437715,0.04817692280306352,0.04816372393627589,0.048151839073745824,0.04814121532889347,0.04813180388900205,0.048123559682465435,0.04811644107973753
2025-11-07,0.037250928246329744,0.03596293029605462,0.03556687664096149,0.03516711742136129,0.0352731797695572,0.03537816577259262,0.03563836525041686,0.03589917123385361,0.03616102107640601,0.036424204150933746,0.03695916067912646,0.03749737092081775,0.038039371465697414,0.03858562786915604,0.03902280116210767,0.039464106400073286,0.0399097527394851,0.04035995744428575,0.040814947270034395,0.04127495973858241,0.04159813401278246,0.04192548499608422,0.04225708090482503,0.042593010615259864,0.04293338155315728,0.043278318235522736,0.04362796131169109,0.04398246699659554,0.044342006820707706,0.04470676764362074,0.04507695189453195,0.04545277801496422,0.04583448108828134,0.04622231364781813,0.04661654666140489,0.04701747069517739,0.04742539726417646,0.04784066038162227,0.04826361832312045,0.0486946556266168,0.04865271533810026,0.04861364174689011,0.04857724996040659,0.048543372274881036,0.048511856275952225,0.04848256318733859,0.0484553664306513,0.0484301503655691,0.04840680918462133,0.04838524594094725,0.048365371690793406,0.04834710473531652,0.048330369948590815,0.04831509818065918,0.04830122572609174,0.04828869384987881,0.0482774483636328,0.04826743924604336,0.04825862030235189,0.048250948858310154
2025-11-10,0.0375453706465673,0.03625746667726923,0.03586144366446723,0.0354616837549648,0.03536425750458207,0.03526506210298802,0.03568278811904878,0.03610131340308096,0.03652147734319602,0.036943844613677564,0.03742298972407909,0.03790542584854643,0.038391525705702104,0.03888162372691346,0.03930013919336535,0.039722674073500365,0.04014941079061089,0.040580541982641605,0.04101627103286248,0.04145681271562134,0.041774654271332326,0.04209658150554915,0.0424226626965778,0.04275298591096518,0.04308765700084214,0.04342679822192533,0.04377054732681494,0.044119057031574385,0.044472494783721055,0.04483104278113582,0.04519489820688111,0.045564273656401644,0.045939397742332334,0.04632051586903112,0.046707891174596686,0.04710180564296316,0.04750256139301168,0.04791048215575771,0.04832591495476941,0.04874923200923324,0.04870833722430112,0.04867026002386104,0.04863481898893567,0.04860184957547393,0.04857120224989284,0.04854274086814023,0.048516341262020965,0.04849189000257383,0.04846928331521817,0.04844842612543642,0.04842923121708851,0.048411618488210406,0.0483955142914355,0.04838085084808355,0.04836756572655658,0.04835560137701834,0.04834490471546133,0.04833542675121712,0.04832712225277201,0.04831994944743705
2025-11-12,0.03744722799620492,0.03615929270299054,0.0357132760442573,0.03526332737700394,0.035217160499890994,0.03516925787488801,0.03550884768209407,0.0358489487339124,0.03619025201423173,0.0365332142433213,0.03701335749010562,0.03749653642558979,0.03798317143263597,0.038473630357911605,0.03887354300085852,0.039277207338687614,0.039684792078507364,0.0400964746036211,0.040512441548505265,0.040932889438830986,0.041257400901432116,0.041585895151656234,0.04191846009466701,0.04225520066576372,0.042596237417125093,0.0429417055930006,0.04329175458270023,0.04364654767422387,0.044006262054723994,0.0443710890206312,0.04474123437240094,0.04511691897792603,0.04549837949568387,0.04588586925432867,0.04627965929017258,0.046680039548175935,0.04708732025594875,0.047501833484060826,0.047923934909851494,0.04835400580607794,0.048313145973153386,0.048275097081662166,0.048239677931314166,0.04820672416777541,0.048176086421105095,0.04814762868732295,0.04812122691690858,0.04809676778006635,0.04807414758351637,0.04805327131761,0.04803405181589536,0.04801640901200843,0.04800026928104854,0.047985564854501075,0.0479722332993605,0.04796021705344359,0.04794946301000726,0.04793992214573619,0.047931549186970214,0.047924302309727086
2025-11-13,0.037643508481175265,0.036454702429679825,0.03595842486883235,0.035458132941359466,0.03541230017074738,0.035364617604872264,0.03573035630311054,0.03609669221349488,0.03646437133863133,0.03683388949395615,0.03731385146424655,0.037796943905138373,0.03828357365068492,0.03877409933523266,0.03917404345789655,0.03957779826284619,0.03998552844162451,0.04039740863276947,0.04081362369507551,0.041234369139574206,0.04156523738723586,0.041900183584617084,0.042239303327619326,0.04258270934614843,0.04293053018067807,0.043282909337475646,0.04364000481565455,0.04400198893179104,0.04436904839059221,0.044741384566344376,0.04511921397175842,0.04550276889978067,0.04589229823091254,0.046288068404241836,0.046690364555201154,0.04709949182737767,0.04751577686977117,0.04793956953494213,0.04837124479770115,0.048811204918533496,0.04876010762929782,0.04871187745997946,0.04866632179146165,0.048623265693963136,0.04858254996607664,0.048544029429709534,0.048507571442817,0.04847305459817052,0.04844036758158921,0.0484094081673129,0.04838008233169828,0.04835230346931359,0.04832599169791235,0.04830107324076871,0.048277479876533164,0.04825514844817278,0.04823402042374491,0.048214041502753165,0.04819516126268247,0.04817733284103052
2025-11-14,0.037643508481175265,0.036652835883660126,0.036255926201393056,0.03585570133208119,0.03580892416676185,0.03576060650240954,0.036100149653656474,0.03644028479735233,0.036781689791572925,0.03712481406208233,0.037605348362379575,0.038088979560207466,0.038576130430064776,0.03906717145162728,0.039467552581429796,0.03987175075033771,0.040279935840211646,0.040692286901332135,0.04110899266301509,0.04153025213488622,0.041867704610877646,0.042209311265958144,0.04255517818159827,0.04290542824830567,0.04326020002201505,0.04361964702913272,0.04398393742253507,0.04435325392097056,0.04472779398542191,0.04510777020111204,0.04549341084497196,0.04588496062684351,0.04628268159935727,0.04668685423691714,0.04709777868898316,0.04751577621719756,0.047941190830099775,0.0483743911334402,0.04881577241861402,0.04926575901668185,0.04921315889829876,0.049163500346070324,0.04911658567807139,0.04907223536660976,0.04903028602576341,0.048990588661542385,0.048953007145565,0.04891741687965692,0.048883703624102305,0.04885176246664014,0.04882149691289209,0.04879281808187974,0.04876564399275599,0.04873989893093111,0.048715512883493274,0.04869242103526677,0.04867056331806577,0.048649884006728664,0.048630331356387495,0.04861185727616749
2025-11-17,0.037741641500502965,0.03655286435629632,0.0361065792435707,0.03565647223503996,0.03566114503936439,0.035664260242247316,0.03597758018318798,0.036291437673754486,0.036606448584811296,0.03692301951945109,0.037403781679411115,0.037887559237819717,0.03837478818859219,0.03886584813977064,0.03928522474407445,0.03970850842842965,0.040135901196038666,0.040567610898326646,0.041003852913393445,0.04144485159508272,0.041775496199771785,0.04211028353266812,0.04244930433902709,0.042792667532492244,0.04314049868369762,0.043492939032765784,0.0438501449073579,0.04421228746382306,0.044579552694036656,0.04495214165836993,0.04533027091827033,0.04571417315171531,0.04610409794239416,0.04650031273958981,0.04690310399090173,0.047312778454537095,0.0477296647021965,0.04815411482781701,0.04858650638181326,0.04902724455515723,0.04898441519937688,0.04894449910721025,0.04890730833429021,0.048872672409726786,0.0488404364053313,0.048810459257018386,0.04878261230083991,0.04875677799236336,0.04873284878321549,0.048710726132801495,0.04869031963666028,0.04867154625576859,0.04865432963347571,0.0486385994887243,0.04862429107586314,0.04861134470274409,0.04859970529996113,0.048589322035076474,0.048580147966512985,0.04857213973250338
2025-11-18,0.0375453706465673,0.0363565356849445,0.0359102318178838,0.035460127443298683,0.03546477454510176,0.03546787261297049,0.035781117026964036,0.036094896726876706,0.036409824107873884,0.03672630351278143,0.0372339542604628,0.03774478575423216,0.038259274407374394,0.03877783566462335,0.03919653277588841,0.03961920350561039,0.04004603605216479,0.040477227405555725,0.04091298424023622,0.041353523813143445,0.04169610841846534,0.04204295857137494,0.042394178003048955,0.04274988855730943,0.04311022885857843,0.04347535347933783,0.04384543249708354,0.04422065136455484,0.044601211040653,0.044987328346383894,0.04537923652259015,0.045777185975657435,0.04618144520477861,0.04659230191043245,0.04701006428897145,0.04743506252297881,0.0478676504816366,0.04830820764997508,0.04875714131076114,0.04921488900813033,0.04916993285824866,0.04912799367302062,0.049088876364593304,0.04905240397113044,0.04901841565364118,0.04898676495443326,0.04895731827823894,0.04892995356355254,0.04890455911702076,0.048881032588071124,0.048859280064544916,0.04883921527305916,0.048820758870280895,0.048803837813343375,0.04878838479934734,0.04877433776532791,0.048761639441277524,0.04875023694983889,0.04874008144714833,0.04873112780004641
2025-11-19,0.037643508481175265,0.036454702429679825,0.03595842486883235,0.035458132941359466,0.035514061689182044,0.035568485239748024,0.03588144149010294,0.03619501597891977,0.03650979557877916,0.03682616940691068,0.03733379407443465,0.037844626498023934,0.038359139801892275,0.03887774725008112,0.03929647431878513,0.0397191931979924,0.040146091122261904,0.04057736446786468,0.04101321956549514,0.04145387354341788,0.04178418018318422,0.04211866276321894,0.042457407819136886,0.04280052076426915,0.04314812423702761,0.043500357004820925,0.043857373297718834,0.04421934248337113,0.04458644902139778,0.044958892654486195,0.045336888807298144,0.04572066917466794,0.04611048248859856,0.04650659545999961,0.046909293896517115,0.04731888400257038,0.04773569387214485,0.048160075189232175,0.048592405155265694,0.04903308866766428,0.04900762414619875,0.04898513276454054,0.04896543914549532,0.04894838473840468,0.048933825977578935,0.048921632681998284,0.048911686660397365,0.04890388049183131,0.048898116456707,0.048894305597267804,0.0488923668898196,0.04889222651371368,0.04889381720436716,0.048897077679489816,0.048901952129264334,0.04890838976255353,0.04891634440232399,0.048925774124419195,0.048936640934615236,0.048948910479572165
2025-11-20,0.0375453706465673,0.03615839775539525,0.035662705741265684,0.03516272680350391,0.03521877874473685,0.03527328034361179,0.03558620459598973,0.03589972329785726,0.03621442490790273,0.03653069923358031,0.0370380838973902,0.037548649659660926,0.038062867044123774,0.03858114695700749,0.038999612489860676,0.03942203769603042,0.039848608798388536,0.04027952098269502,0.040714979221675385,0.04115519912259576,0.04148520331312404,0.041819348993705846,0.04215772203006708,0.042500426953337334,0.04284758532272738,0.04319933463855897,0.04355582768013759,0.04391723218085484,0.04428373077932682,0.04465552120418256,0.04503281666382349,0.04541584642273115,0.04580485655382072,0.046200110862688826,0.04660189198492491,0.04701050266234278,0.04742626720833763,0.04784953317682671,0.048280673253588674,0.04872008739346542,0.04870370510278448,0.04869030152204152,0.048679709300636594,0.04867177745465931,0.04866636958698907,0.04866336234112163,0.04866264405398815,0.048664113578826836,0.04866767925389642,0.04867325799669958,0.04868077450657862,0.04869016056118799,0.04870135439454128,0.048714300146159725,0.04872894737237784,0.04874525061214697,0.048763169000759124,0.048782665925827855,0.04880370872063927,0.04882626839064495
2025-11-21,0.03715277114587084,0.03586474186245132,0.035318731816812506,0.034768427611549635,0.0347229951831404,0.03467558901915691,0.03498941243107305,0.035303541004865886,0.035618646932237555,0.03593516974163764,0.03646942885998904,0.0370069422533608,0.0375482310703683,0.03809374894832986,0.038530320285968894,0.03897098694384504,0.03941595293452265,0.03986543081048714,0.040319642870369765,0.040778822302659556,0.04112608730084203,0.0414776831153473,0.04183370989694929,0.04219428696293632,0.04255955128794229,0.04292965653870086,0.043304772531616714,0.043685085029066824,0.04407079581621557,0.04446212301862436,0.044859301634497924,0.045262584265656484,0.04567224203934004,0.046088565719499514,0.04651186701184103,0.046942480071965775,0.04738076323079352,0.04782710095632812,0.04828190607594111,0.048745622288929445,0.04871761295895045,0.04869269071795425,0.048670671805577145,0.048651390032246195,0.04863469485418849,0.04862044970055691,0.048608530515169855,0.04859882448161537,0.048591228905575316,0.04858565023241004,0.048582003181492195,0.04858020998162922,0.04858019969428066,0.048581907613249486,0.04858527473117658,0.04859024726455267,0.048596776230128653,0.0486048170665915,0.04861432929620787,0.048625276221849395
2025-11-24,0.037250928246329744,0.03576477806835885,0.03501946342473085,0.03426881830312068,0.03442840478458296,0.03458619053603088,0.034898785394912486,0.03521198325770919,0.03552635498164411,0.03584227921146694,0.03634901432337382,0.03685888400849902,0.03737234921606465,0.03788981286042414,0.03832652879853062,0.03876727510030754,0.0392122624990834,0.03966170848524155,0.04011583895560336,0.040574889664741716,0.040915957779934044,0.04126126375387452,0.041610900911238,0.04196498153484079,0.04232363528887673,0.04268700819060715,0.043055262006905654,0.04342857398960502,0.043807136889801764,0.04419115920996964,0.04458086566640104,0.044976497844770376,0.04537831503960176,0.04578659527488781,0.0462016365085852,0.04662375802860537,0.047053302052526495,0.04749063554782279,0.047936152294155494,0.04839027521439211,0.048363610458837525,0.04833995963476202,0.04831914366353447,0.04830100059539188,0.048285383732899124,0.04827216000017614,0.04826120852133391,0.048252419377656765,0.04824569251804377,0.048240936801303286,0.04823806915225508,0.048237013816372874,0.048237701700008795,0.048240069785163424,0.04824406060937359,0.04824962180264098,0.048256705674461116,0.04826526884497391,0.04827527191507154,0.048286679170991796
2025-11-25,0.03715277114587084,0.035666584810720436,0.034821314693813284,0.03397038240232956,0.03413063454074293,0.034288851672976135,0.03452399678184725,0.03475934010773157,0.034995365889701,0.03523238661383919,0.03582096321872301,0.036412952398145404,0.03700899165365528,0.03760963262503508,0.03804518033728721,0.03848484231234856,0.03892880781388647,0.039377277229411124,0.03983046253405987,0.040288587908347454,0.04063502458691509,0.04098576152152044,0.04134089392262623,0.04170053642338245,0.0420648214707289,0.04243389827858996,0.04280793221676302,0.043187104547552264,0.043571612449044374,0.043961669283085536,0.0443575050800388,0.044759367222952325,0.04516752132199072,0.04558225227664764,0.0460038655289294,0.046432688515780224,0.046869072333827325,0.047313393634310065,0.047766056771050745,0.048227496229729896,0.048208699382886265,0.048192980678613474,0.04818016495969546,0.04817009410925977,0.04816262519449366,0.04815762885397527,0.04815498789240922,0.048154596052595276,0.04815635693938927,0.048160183074458025,0.0481659950639607,0.04817372086404232,0.04818329513131214,0.04819465864738564,0.048207757808162555,0.048222544169853145,0.048238974044891234,0.04825700814182687,0.048276611244098946,0.04829775192327586
2025-11-26,0.037250928246329744,0.03576477806835885,0.03496949083463614,0.034168696779482734,0.03427779110061871,0.034384770736403274,0.034620264840548746,0.034855877555422736,0.0350921212105072,0.03532932520469627,0.03583720781910566,0.036347916903562906,0.03686196970937193,0.0373798085319189,0.037835760284776594,0.038295723519709314,0.03875995365045991,0.03922870651172002,0.03970224195414864,0.04018082668760142,0.040521311714733464,0.04086600400141404,0.04121499385818205,0.04156839061505632,0.041926320995153955,0.04228892804451775,0.04265637049210286,0.04302882245206058,0.04340647340709434,0.04378952843065198,0.04417820861957788,0.04457275171924976,0.044973412931285886,0.04538046590040759,0.04579420388252321,0.04621494110096706,0.04664301430238245,0.047078784528231644,0.0475226391225576,0.04797499400160955,0.047948758887860814,0.047925506722697096,0.047905060074085265,0.04788725846908617,0.04787195653537683,0.047859022386147844,0.04784833621217225,0.04783978905087786,0.04783328170718342,0.047828723804899526,0.04782603295082296,0.04782513399640586,0.047825958384165514,0.047828443567905096,0.04783253249740877,0.047838173159611176,0.04784531816936809,0.04785392440390641,0.0478639526758381,0.0478753674403095
2025-11-28,0.037054609227767085,0.03576654860812644,0.035070593960850334,0.034369795753052844,0.034478012006872276,0.03458441184669538,0.03484543727028717,0.0351067915401733,0.03536899054744653,0.03563237023946195,0.0361399278360148,0.03665043466354914,0.03716438843287108,0.03768221797650035,0.03811927380677275,0.0385602695546457,0.03900542712317634,0.039454972398556304,0.039909137603285086,0.040368163237513265,0.04070929798054504,0.04105461989800895,0.04140422527872808,0.041758228645723344,0.04211676130477681,0.04247997041059993,0.04284801843477538,0.04322108295493795,0.04359935670930902,0.04398304787829984,0.044372380567781707,0.044767595478324686,0.04516895075227001,0.04557672299664346,0.045991208485144444,0.046412724547134465,0.046841611155986417,0.04727823273357591,0.04772298019230464,0.048176273241031735,0.04815865476178732,0.048144056584047204,0.048132307538199325,0.04812325313089747,0.04811675372916772,0.048112682982858826,0.04811092645001047,0.0481113803956224,0.048113950739130475,0.0481185521298517,0.0481251071329178,0.04813354551091098,0.04814380358865341,0.048155823690465886,0.048169553640771134,0.048184946320227184,0.048201959270679245,0.04822055434315087,0.04824069738388672,0.04826235795413062
2025-12-01,0.03715277114587084,0.03586474186245132,0.03546867798994704,0.03506891899671198,0.03512408354879968,0.03517799228003935,0.03549048485006075,0.03580366964057933,0.03611810042550248,0.036434146115535034,0.0369413014099939,0.03745165444416567,0.037965669023111666,0.038483751090087684,0.03890204886474301,0.03932430614260567,0.03975070697711745,0.04018144473425736,0.04061672281289748,0.041056755418618064,0.0414112814354429,0.041770151414665675,0.04213348453490195,0.04250141744567032,0.04287410321884373,0.043251710750146874,0.04363442451542947,0.04402244461629134,0.04441598707059709,0.04481528431851379,0.04522058592590179,0.045632159475484456,0.04605029164310354,0.04647528946214751,0.04690748178436763,0.04734722095010677,0.04779488468572782,0.048250878250973496,0.04871563686433238,0.049189628440438664,0.04915172298999445,0.04911694127773067,0.04908508894867254,0.04905598994039653,0.04902948446910772,0.04900542727905166,0.04898368611606763,0.048964140392623805,0.048946680017008616,0.04893120436372582,0.04891762136574314,0.04890584671222227,0.048895803137831435,0.048887419791802236,0.04888063167661609,0.048875379147652796,0.04887160746635163,0.048869266400465156,0.04886830986585885,0.048868695605050555
2025-12-02,0.03685827093673421,0.035570147635419,0.03517405310073579,0.03477429477578704,0.03493116534054581,0.03508716160800371,0.03539862120482047,0.03571102174793463,0.036024832034722176,0.036340369905484664,0.03684708255172145,0.03735704600913516,0.03787070900815437,0.038388466563882284,0.038825421719943506,0.03926649116086818,0.039711882501281555,0.04016181152016763,0.04061650350422899,0.04107619449144346,0.04142383712377107,0.04177584097989135,0.042132307684676504,0.042493358131224325,0.04285913098112186,0.04322978170944177,0.043605482073515583,0.043986419921553575,0.04437279928306673,0.04476484070155992,0.04516278178355246,0.04556687794825717,0.04597740337030386,0.046394652114483514,0.046818939467153924,0.04725060347408551,0.04769000669944676,0.048137538225589256,0.04859361591851771,0.0490586889896429,0.049030318977116696,0.049005061281418204,0.048982730777906144,0.04896316005235242,0.04894619746106696,0.04893170544510866,0.048919559060789174,0.048909644694975656,0.04890185893884527,0.048896107597961105,0.04889230482001463,0.04889037232445193,0.0488902387205876,0.048891838902797066,0.048895113513042154,0.04890000846238007,0.04890647450428161,0.048914466853579204,0.048923944845705884,0.04893487163160425
2025-12-03,0.03646553652211927,0.035375478986542294,0.03497876658172067,0.03457870981420302,0.03463363147904615,0.03468737153271525,0.03499960787605596,0.03531254780883654,0.03562673078051934,0.03594251667730576,0.03647621860516033,0.03701327013174274,0.03755417054845063,0.038099357889137715,0.03853562709701382,0.038976031150589806,0.03942076718069879,0.039870042393309074,0.04032407487224967,0.04078309444052472,0.04113636415459645,0.041494033274886905,0.041856208557903396,0.042223015967712635,0.04259459925116576,0.04297111904707062,0.043352752411933225,0.04373969268100441,0.04413214960864119,0.044530349750099736,0.04493453706019749,0.04534497369439346,0.04576194100580402,0.046185740738233956,0.04661669642099195,0.04705515497646644,0.04750148855647205,0.04795609662849736,0.04841940833841954,0.0488918851822317,0.04887155054733664,0.04885438869381143,0.04884021889521242,0.0488288780132024,0.04882021858215628,0.04881410714517744,0.048810422804156914,0.04880905595274181,0.04880990716616598,0.048812886226069024,0.04881791126186547,0.048824907993069155,0.048833809059335764,0.04884455342695536,0.04885708586217077,0.04887135646307982,0.048887320243043,0.04890493675950186,0.048924169782947995,0.04894498700149146
2025-12-04,0.03656372735602488,0.03567188302597864,0.03527459410999565,0.03487423292134557,0.03503078448976345,0.03518657225718177,0.03552383972513126,0.03586220169077574,0.03620215483272481,0.036544039293458716,0.03705039962235301,0.03756011595653572,0.038073618688688325,0.038591290074372876,0.039028157679134604,0.03946919721671868,0.03991461088125746,0.04036461052760762,0.04081941864722988,0.04127926935715935,0.04162698537637444,0.041979100640636875,0.042335715529435845,0.04269695013595597,0.04306294269866157,0.04343384859551542,0.04380983977548295,0.044191104540288004,0.04457784761616828,0.04497029047452336,0.04536867187439472,0.045773248610326445,0.04618429645746663,0.04660211131255883,0.04702701053529845,0.047459334499805585,0.04789944837100861,0.048347744125811165,0.0488046428442576,0.04927059730174786,0.049241912129609475,0.049216359765573744,0.049193753923700984,0.049173926144636074,0.049156723843254195,0.04914200861204044,0.04912965474216463,0.049119547930555015,0.04911158414645282,0.049105668635174377,0.049101715040305915,0.049099644628446244,0.04909938560301451,0.04910087249564111,0.049104045625333055,0.04910885061701071,0.04911523797219601,0.04912316268563235,0.04913258390246408,0.04914346461132473
2025-12-05,0.03646553652211927,0.03577186233251167,0.035523949300393744,0.03527388202670718,0.035429168126985794,0.03558412891175722,0.03592092024181336,0.03625897165509873,0.03659873384474289,0.036940519749348984,0.03741992303047384,0.03790257332203373,0.03838885344491217,0.038879105043189435,0.03931672653075642,0.039758490746909056,0.04020461191647474,0.040655311674415835,0.04111082067221247,0.04157138001204501,0.04191966703187963,0.042272364922405936,0.042629577955537644,0.04299142981560853,0.04335806212111043,0.043729633491274164,0.04410631903712116,0.04448831019355892,0.04487581483493714,0.04526905763498131,0.04566828064561708,0.04607374407950105,0.046485727289173474,0.0469045299424011,0.04733047339902281,0.04776390229984945,0.048205186383213625,0.048654722549876336,0.04911293720240812,0.04958028889109803,0.04955132081499858,0.0495255070653363,0.049502660254519645,0.049482610937591626,0.0494652056476279,0.0494503051884959,0.04943778314669551,0.04942752459038452,0.04941942492890294,0.049413388910382695,0.04940932973854849,0.04940716829272534,0.04940683243748517,0.049408256410377716,0.04941138027787609,0.0494161494510809,0.04942251425391821,0.04943042953757256,0.04943985433575008,0.04945075155609172
2025-12-08,0.03656372735602488,0.03577097649242545,0.03557335570557991,0.03537364758263602,0.03547773910375439,0.03558141702020253,0.03599641252570497,0.03641293656114117,0.03683159416912483,0.0372528098087984,0.03775823316533488,0.038267330460859776,0.03878047951370378,0.03929802622019706,0.039715742446939824,0.040137670891484685,0.04056396922621525,0.04099481140183062,0.04143038663212145,0.041870898962536894,0.04221948293726104,0.0425725167095326,0.042930105020787736,0.043292372304286175,0.04365946118179062,0.04403153151398645,0.04440875988234135,0.04479133941765351,0.04517947991680571,0.04557340820805102,0.04597336873898227,0.04637962437181745,0.046792457378879194,0.04721217063792388,0.04763908903283426,0.048073561070539256,0.04851596073018231,0.04896668956579326,0.049426179089265755,0.049894893466534834,0.04985666452712307,0.04982158841259064,0.049789469418375455,0.04976013028149657,0.04973341015108641,0.049709162824327906,0.04968725520829712,0.049667565974797136,0.0496499843806438,0.04963440923027194,0.04962074796116088,0.049608915835580025,0.04959883522464686,0.04959043497276801,0.04958364983226944,0.04957841995948216,0.04957469046477554,0.04957241101006993,0.049571535448238585,0.04957202149955678
2025-12-09,0.03666191336944678,0.03596827293482242,0.035870355644165824,0.035770936265111034,0.035823274441791154,0.0358753086783772,0.03629053636260148,0.036707276833950656,0.037126148931149745,0.03754758577518888,0.038026165654745044,0.03850826097901873,0.038994209443175123,0.03948432140696734,0.039883825214529586,0.04028734468156819,0.040695023469376305,0.04110702076212453,0.041523510150913136,0.04194467910089597,0.04228194202344991,0.0426234654420444,0.04296934888235267,0.043319710236465615,0.0436746843471703,0.044034422107592716,0.04439908996167497,0.04476886972598189,0.0451439586778093,0.04552456987206353,0.0459109326622145,0.04630329341031349,0.0467019163786501,0.04710708480181093,0.04751910214320231,0.04793829354488882,0.04836500748416466,0.04879961765485691,0.04924252509616676,0.04969416059708674,0.049658333631346814,0.04962554112042773,0.049595595466699643,0.049568326771711614,0.049543580889009814,0.04952121773161874,0.04950110979628622,0.04948314087290987,0.04946720491272157,0.04945320503303453,0.04944105263984248,0.04943066665243866,0.04942197281661579,0.04941490309499964,0.04940939512473602,0.04940539173415087,0.04940284051118024,0.04940169341736395,0.04940190644203895,0.0494034392920877
2025-12-10,0.03626914039096541,0.03547633165031285,0.035278691914187595,0.03507898233120051,0.035183039253083324,0.035286685964476414,0.035701554651297825,0.036117941154541235,0.03653644554630185,0.03695748892157112,0.03748976475137681,0.038025871873105126,0.038566229815631806,0.039111221472076484,0.03949017910683752,0.039873139855878516,0.04026019008414409,0.04065144001562523,0.04104702008338641,0.04144707858882882,0.04179616988855318,0.042149569816218625,0.042507393773769296,0.04286977457856755,0.04323686137237462,0.04360881898458299,0.04398582765266613,0.04436808303306837,0.04475579645698337,0.045149195400736426,0.045548524151779755,0.04595404465995482,0.04636603757056262,0.046784803441537334,0.047210664152086995,0.047643964514887345,0.048085074108556204,0.048534389351926215,0.048992335846780706,0.04945937102142853,0.0494309091018177,0.049405574236024125,0.049383180792421925,0.04936356091664596,0.04934656258513215,0.049332047913641756,0.049319891682843446,0.049309980049351325,0.04930220941577902,0.04929648543760343,0.049292722148118015,0.04929084118563957,0.0492907711095249,0.04929244679355023,0.04929580888687424,0.049300803334206895,0.04930738094798624,0.04931549702636194,0.04932511101163078,0.049336186184486874
2025-12-11,0.035876290262025975,0.0352816252946103,0.035083383589260136,0.034883378274919656,0.035038134212768204,0.03519272540544247,0.03563292719552118,0.036074911620007526,0.036519271836285366,0.03696643171430013,0.03747092299522203,0.03797917960780632,0.038491549653905964,0.039008357308585775,0.03942543770756032,0.039846746837014196,0.040272432845935624,0.040702661876856554,0.041137616563687196,0.04157749525589581,0.041925556346398385,0.04227805064759433,0.042635079608434025,0.0429967645666639,0.04336324517578069,0.04373467839875114,0.04411123794244815,0.04449311404532146,0.04488051355778419,0.04527366027408149,0.04567279548855851,0.046078178759949635,0.04649008887570025,0.04690882501520018,0.0473347081167124,0.047768082458138655,0.048209317466900076,0.048658809779391986,0.04911698557593753,0.049584303223144,0.0495552416848916,0.04952933903330957,0.04950640756564703,0.04948627755053334,0.04946879526018575,0.04945382126039453,0.04944122891994377,0.04943090310751985,0.04942273904937799,0.049416641325317354,0.049412522984039864,0.04941030476188225,0.04940991439133173,0.04941128598775197,0.0494143595044334,0.049419080247498526,0.049425398443384935,0.049433268852638226,0.04944265042459971,0.04945350598830269
2025-12-12,0.035483362952314274,0.03508688068923976,0.03498803904565247,0.03488816945491951,0.035194704133672434,0.035501995418486004,0.03594042126701858,0.03638112185935042,0.03682453555937255,0.03727099378251398,0.037802143932419006,0.038337389456941214,0.0388770985885962,0.03942161814909724,0.03985709141850728,0.04029710440243938,0.040741813838617476,0.041191397429427595,0.04164605195160496,0.04210599224985916,0.04246587627801608,0.042830474964516585,0.043199894886436,0.04357426466628,0.043953733218416016,0.04433846862988714,0.04472865753519582,0.045124504887769167,0.045526234060994424,0.04593408723333443,0.046348326027940874,0.04676923238926233,0.0471971096886701,0.04763228405898183,0.04807510596458838,0.04852595202015483,0.0489852270769494,0.04945336660206655,0.049930839382440056,0.05041815059287229,0.05037690241695641,0.0503389612100008,0.05030412097390837,0.05027219510536077,0.05024301426110924,0.050216424502426145,0.050192285677170274,0.050170470004845875,0.050150860835688274,0.0501333515594463,0.05011784464334914,0.05010425078190322,0.05009248814378605,0.05008248170328845,0.050074162645584064,0.05006746783663856,0.05006233934986304,0.05005872404270673,0.0500565731773103,0.05005584208012647
2025-12-15,0.03567983625666201,0.034886911710724756,0.034839219230710636,0.03479014769482643,0.03504571018656026,0.035301831546481026,0.03574065133992661,0.036181616560694164,0.03662520257639471,0.03707176272656725,0.03763003682809521,0.03819254665094658,0.03875971114310206,0.03933192111831291,0.039766807024894595,0.04020628624756129,0.04065050385937852,0.041099628353765155,0.04155384909553796,0.04201337485222867,0.04236668467865774,0.04272466734225154,0.043087416939657217,0.04345505037347803,0.04382770533675271,0.04420553898080677,0.04458872711195737,0.0449774638095037,0.04537196139022171,0.0457724506679888,0.04617918147429615,0.04659242341831404,0.04701246687524338,0.04743962419987111,0.04787423116923373,0.048316648664579256,0.0487672646088004,0.04922649618150565,0.04969479234018964,0.05017263668282816,0.0501414221086737,0.05011348446547058,0.05008862854430334,0.050066677818783115,0.050047472399412304,0.05003086725593378,0.05001673066780637,0.050004942869593644,0.04999539486347902,0.04998798737556963,0.049982629936314776,0.049979240068396165,0.049977742567961794,0.04997806886717335,0.049980156467790124,0.04998394843698545,0.049989392957830975,0.04999644292793341,0.05000505560059559,0.05001519226363012
2025-12-16,0.03567983625666201,0.034787796524386565,0.03464039603426879,0.034491035679978355,0.034696494590988905,0.03490202697944688,0.03534155717609458,0.03578299371447558,0.036226879479719955,0.036673607769839765,0.03723184107057137,0.03779421675967281,0.03836116216576359,0.03893307330017681,0.03938677680390094,0.03984514824202674,0.0403083650138742,0.040776624633765704,0.04125014335974647,0.04172915558259138,0.04208159859827528,0.04243873068419826,0.04280063838229592,0.04316743194592932,0.04353924311247497,0.04391622360504342,0.04429854419655953,0.04468639421983385,0.0450799814424075,0.045479532250005165,0.04588529210072122,0.046297526225786666,0.04671652056341222,0.04714258292079332,0.047576044366627504,0.04801726086296565,0.04846661515130642,0.04892451891388267,0.04939141523737138,0.04986778141306019,0.04984561343846028,0.04982673748921408,0.04981096608855599,0.04979813002538722,0.049788076366331604,0.049780666728798766,0.049775775776266296,0.04977328990346224,0.04977310608441113,0.049775130860638256,0.04977927945039382,0.04978547496270979,0.049793647702551264,0.04980373455536668,0.04981567844104925,0.04982942782875639,0.04984493630524227,0.049862162190379776,0.04988106819441507,0.04990162111223406
2025-12-17,0.035581602017097876,0.034788658163642405,0.0346909629512397,0.034591670670333134,0.03479668207141453,0.035001921726547265,0.03544128281725671,0.03588260787730029,0.03632642362388701,0.036773113791766024,0.03733136036311329,0.03789377211201006,0.03846077439231233,0.039032762001249215,0.03948651900478349,0.03994496115080167,0.040408265279138274,0.040876628624743255,0.0413502673870581,0.04182941607896605,0.042181944810924715,0.04253917731782544,0.042901200117821545,0.043268123567543726,0.04364007961997625,0.04401722031594731,0.04439971684143779,0.0447877590336211,0.04518155525391904,0.04558133257156833,0.045987337219597337,0.04639983529892413,0.046819113717003015,0.04724548135609559,0.0476792704735575,0.04812083834304955,0.04857056915171708,0.04902887617446851,0.04949620425282021,0.04997303261263592,0.04995073393911379,0.04993173699198635,0.04991585379171099,0.04990291467728787,0.04989276631274998,0.049885269955402,0.04988029994690977,0.04987774239483073,0.049877494017472296,0.04987946112930836,0.04988355874776283,0.049889709805126144,0.049897844451828974,0.04990789943934457,0.04991981757270367,0.04993354722404567,0.04994904189984012,0.04996625985543796,0.04998516375148026,0.05000572034743122
2025-12-18,0.035483362952314274,0.034591279773853525,0.034443864968824026,0.034294501459049456,0.034499928689755904,0.03470542910818774,0.0351189442545356,0.035534232508728926,0.0359517918821561,0.03637198148180805,0.03693040637295539,0.03749286569445117,0.03805980178833597,0.03863162079893926,0.03908528995007199,0.03954355896134987,0.040006609788971435,0.04047464302366945,0.04094787686592616,0.04142654675308344,0.04177879925511141,0.04213569024899304,0.04249730718258056,0.042863760695223525,0.04323518246233379,0.043611723749212156,0.043993554512122404,0.044380862933580886,0.044773855312996616,0.045172756258151515,0.045577809140788954,0.04598927679292439,0.04640744243084424,0.04683261080211548,0.04726510955799597,0.047705290859930756,0.04815353323474321,0.048610243699004546,0.0490758601791763,0.049550854260732476,0.04953794940436071,0.04952834009363934,0.0495218475414196,0.049518310742407534,0.04951758455193099,0.04951953801767709,0.049524052926849124,0.04953102253745775,0.04954035046757828,0.04955194972060026,0.049565741827952606,0.049581656093645204,0.049599628927342286,0.04961960325466087,0.04964152799504469,0.049665357598953956,0.049691051637283,0.04971857443691007,0.049747894757123684,0.049778985502386415
2025-12-19,0.03567983625666201,0.034787796524386565,0.03464039603426879,0.034491035679978355,0.03474738569379941,0.035004011279806596,0.03544309784598903,0.035884217449654844,0.036327873806823924,0.03677443685266187,0.037332583716189555,0.037894912845836334,0.03846184567957586,0.03903377421936799,0.03948747701695362,0.03994587206775606,0.04040913497498344,0.04087746201295642,0.04135106862395759,0.04183018871642353,0.04217648762272025,0.0425274395015754,0.04288312162304774,0.04324363546517335,0.043609104301884284,0.0439796715538253,0.044355499725473674,0.04473676980502076,0.04512368104043117,0.04551645103138708,0.04591531609595629,0.04632053188511795,0.04673237422929266,0.04715114020983621,0.047577149455820936,0.048010745672903,0.048452298417079015,0.04890220513200809,0.04936089347460633,0.0498288239600804,0.049807552134818266,0.049789528303668194,0.049774568023211126,0.049762504838638776,0.04975318832654057,0.04974648239468669,0.04974226380061656,0.049740420857211344,0.04974085229863061,0.04974346628425682,0.04974817952180533,0.049754916493661004,0.049763608772916114,0.04977419441759364,0.04978661743322288,0.049800827295346094,0.049816778524725,0.049834430309021314,0.04985374616557884,0.04987469364066022
2025-12-22,0.03567983625666201,0.03498602698079408,0.03453810957619859,0.034087281923204635,0.03470180843216705,0.03531760101241576,0.035702423419767274,0.03608967272478381,0.036479563693479544,0.03687227958572991,0.03745767239910808,0.03804744482429547,0.03864206735985086,0.03924197576510535,0.039676287978961125,0.040115245340494585,0.04055898156914723,0.04100765619135909,0.0414614513511538,0.04192056989187735,0.04226731664484844,0.04261869487082097,0.04297478635592345,0.043335696452098484,0.04370155180301138,0.04407249880197958,0.04444870261345092,0.04483034664030751,0.04521763235464345,0.04561077943484848,0.04601002617017854,0.04641563010773123,0.04682786892735629,0.04724704153855414,0.0476734694005718,0.04810749807323212,0.04854949901193404,0.0489998716260664,0.04945904562607121,0.049927483690836744,0.04991510807156596,0.04990601764723957,0.04990003514415002,0.04989700096671599,0.04989677128930958,0.04989921639943103,0.0499042192549263,0.04991167422416892,0.04992148598321014,0.04993356854806889,0.04994784442376871,0.04996424385456625,0.04998270416217618,0.05000316916076324,0.05002558863911648,0.05004991790180409,0.050076117362270724,0.05010415218182455,0.0501339919492975,0.05016561039687337
2025-12-23,0.035581602017097876,0.034887775847981785,0.03468980675317584,0.03448994846373145,0.03500101766604026,0.035513440250544294,0.03587246282275726,0.03623378246526826,0.03659758141194993,0.03696401734181026,0.03755000922251798,0.03814030420904952,0.03873539374676253,0.03933572875777553,0.039770408490439224,0.04020970850765759,0.04065376918702413,0.041102755374026335,0.0415568535577727,0.04201627020962383,0.0423570633937001,0.0427024328292386,0.04305245350225163,0.04340722405622408,0.04376686441537616,0.04413151415495697,0.0445013314451595,0.04487649244726129,0.04525719107681268,0.04564363907444447,0.04603606634358624,0.046434721528351666,0.046839872815584854,0.04725180895362469,0.047670840487473755,0.04809730121629437,0.04853154988490606,0.04897397212655232,0.04942498267991649,0.0498850279094556,0.04986475369154862,0.049847681726278834,0.049833630886655905,0.04982243773832891,0.04981395461550082,0.04980804794953042,0.049804596812672894,0.049803491645673235,0.0498046331430408,0.04980793127402512,0.049813304420767805,0.049820678617960704,0.04982998688071277,0.049841168609304556,0.04985416906116315,0.0498689388817791,0.049885433687456404,0.04990361369377599,0.049923443384491534,0.04994489121628985
2025-12-24,0.035581602017097876,0.03468954056279738,0.03454213291569808,0.03439277098408526,0.03485269637593173,0.03531379341725332,0.035673164516385227,0.0360347203215409,0.036398675542456765,0.0367652071297965,0.037324049561730695,0.03788695504895373,0.03845437234686732,0.03902671295739669,0.03946179126998925,0.03990136814404728,0.04034559817099385,0.040794656801324256,0.04124873842934996,0.04170805536401641,0.04204888601740971,0.04239422215580569,0.04274414242423457,0.043098748158176235,0.04345816116968995,0.04382252223992485,0.04419199015477208,0.04456674116947457,0.04494696882218169,0.0453328840407415,0.045724715504708795,0.04612271023775502,0.04652713441583884,0.04693827438462606,0.04735643788643542,0.047781955502942994,0.04821518232538769,0.04865649986939814,0.04910631825706545,0.049565078694764474,0.04953646474749646,0.04951098784799758,0.04948846180281379,0.04946871825220858,0.049451604717649436,0.04943698290507779,0.04942472722591819,0.04941472350412552,0.04940686784274799,0.04940106562773043,0.04939723065017901,0.04939528433120173,0.04939515503583979,0.04939677746460659,0.049400092112824895,0.0494050447893584,0.04941158618751748,0.049419671501918894,0.04942926008592778,0.049440315145031
2025-12-26,0.035483362952314274,0.034591279773853525,0.034443864968824026,0.034294501459049456,0.034703496241307814,0.03511342277570703,0.03547323614287678,0.03583509831349231,0.036199264319527115,0.03656593509191677,0.03712476961225381,0.03768761842517567,0.038254934967908216,0.03882713369376072,0.03928111790407166,0.039739709014723665,0.04020309260920881,0.0406714724045831,0.041145069386650565,0.04162412155194965,0.0419766542637128,0.0423338439812558,0.042695779464643216,0.04306257268817367,0.04343435670134872,0.04381128419744836,0.04419352662838812,0.04458127375335575,0.044974733542786624,0.04537413238352715,0.04577971554877374,0.046191747909702506,0.04661051487605478,0.0470363235613095,0.047469504175165794,0.04791041165238708,0.048359427533030644,0.04881696211502216,0.049283456906222045,0.04975938740984057,0.04973742239114273,0.04971873615406485,0.04970314196923352,0.04969047129775873,0.0496805718113318,0.04967330567226611,0.049668548034850026,0.049666185735825076,0.049666116147061776,0.049668246167820146,0.049672491337534576,0.049678775053000924,0.0496870278762835,0.04969718692169383,0.049709195311893495,0.049723001694602496,0.049738559812597845,0.049755828120703983,0.04977476944433975,0.04979535067492055
2025-12-29,0.035581602017097876,0.03449130560964125,0.03434445824269417,0.034195380516948204,0.034502725568262865,0.03481049944770546,0.03522315993146203,0.035637822623019524,0.03605491206633068,0.03647474341632679,0.03703293785728798,0.03759523125523632,0.03816205440488226,0.038733805401974575,0.039168408775257985,0.039607503392698244,0.04005123816570076,0.04049978369736033,0.04095333010925003,0.041412085827744645,0.041771055680702995,0.042134665534361376,0.04250301830347758,0.042876238681734936,0.04325447136464807,0.043637879904385384,0.04402664605576153,0.0444209695157313,0.044821067988841654,0.045227177532655115,0.04563955315298943,0.046058469630808056,0.04648422257201294,0.04691712967912122,0.04735753225047842,0.04780579691874392,0.04826231764624533,0.04872751800074607,0.04920185374147709,0.04968581575222259,0.04966325265409112,0.04964399445551536,0.04962785246319458,0.049614656346795356,0.049604252139621545,0.04959650050174832,0.04959127520661336,0.049588461818564265,0.049587956534172764,0.04958966516448192,0.049593502238939935,0.04959939021474129,0.049607258777758886,0.0496170442233053,0.04962868890667764,0.04964214075488445,0.049657352832166476,0.04967428295295147,0.04969289333675389,0.04971315030027072
2025-12-30,0.035581602017097876,0.03439218825635624,0.0342956101065526,0.03419688178119249,0.03445304964326209,0.03470953349995143,0.03517437841734623,0.03564138300239749,0.03611108474799765,0.03658388083672236,0.03714136417643657,0.037703093390222576,0.03826946884846463,0.03884086712381939,0.039294116559562726,0.03975206928649978,0.04021489412487084,0.040682781769768056,0.04115594294317485,0.041634607447898216,0.04198675466055913,0.04234359708124312,0.04270521864792197,0.04307172732696798,0.04344325281217239,0.043819944968834054,0.044201972851892056,0.04458952417867064,0.04498280517278194,0.045382040721358784,0.045787474806480696,0.04619937118566732,0.0466180143071603,0.04704371045444902,0.047476789121858785,0.04791760462955488,0.048366537992444635,0.04882399906351503,0.04929042897842572,0.04976630293496019,0.04974417884020805,0.049725341342709416,0.04970960317464359,0.04969679530785221,0.049686764968482226,0.049679373912283484,0.04967449692182488,0.049672020493352904,0.04967184168629189,0.04967386711271048,0.04967801204764157,0.0496841996440897,0.04969236023900558,0.049702430738547757,0.049714354072656376,0.04972807871039693,0.049743558228738737,0.04976075092845199,0.04977961949167362,0.04980013067642716
2025-12-31,0.035581602017097876,0.03449130560964125,0.034444444351577626,0.034395791130052054,0.034804237936659384,0.035213810521618184,0.03567719932716028,0.036143194244722884,0.03661220015260546,0.03708453541157716,0.03764184564809369,0.03820355679195471,0.038770049937863864,0.039341688878838224,0.03977604588880725,0.04021506539704799,0.04065888043134572,0.041107650127092575,0.04156155647206104,0.042020802343423966,0.04236763265975422,0.04271910899640567,0.04307531310398927,0.04343635042524485,0.04380234780607878,0.04417345194310713,0.04454982839819728,0.04493166106156403,0.045319151980566935,0.045712521496695545,0.046112008651694895,0.04651787183760616,0.04693038967617967,0.04734986212169648,0.047776611788440455,0.04821098551043573,0.048653356147009615,0.0491041246535934,0.049563722443216315,0.05003261407064867,0.05001123521855569,0.0499931161788176,0.049978072025127177,0.04996593587781934,0.049956556940820955,0.0499497987963887,0.0499455379193274,0.04994366237877133,0.049944070700827695,0.04994667086965829,0.04995137944809993,0.04995812080183703,0.049966826413559914,0.049977434275559264,0.049989888350893415,0.050004138094683355,0.05002013802828212,0.05003784736007537,0.0500572296475253,0.05007825249579722
2026-01-02,0.035483362952314274,0.03439303999049649,0.03439616487351421,0.03439772731502308,0.0348058060272247,0.03521513352605749,0.03570431032798494,0.0361962665203962,0.03669143705116846,0.03719016617032768,0.03774702524780176,0.038308387659340144,0.03887461428666457,0.03944605469148373,0.03988020422432777,0.04031906662019983,0.04076276846997512,0.041211464054854645,0.04166533168839909,0.04212457147302977,0.04247756412852312,0.04283528432098108,0.04319782108452838,0.04356528723817458,0.04393781718625027,0.04431556544588828,0.04469870573585508,0.045087430511204285,0.04548195086322919,0.04588249672915654,0.04628931737426687,0.046702682122835716,0.04712288132495062,0.047550227554883306,0.047985057044019425,0.04842773135789857,0.04887863933310798,0.04933819929594559,0.04980686159121216,0.05028511145649765,0.0502625049992623,0.050243225272321466,0.0502270830734358,0.050213907651652435,0.050203544699981034,0.050195854611666785,0.05019071096088959,0.05018799917525302,0.05018761537276012,0.05018946534034732,0.05019346363465114,0.050199532788660815,0.05020760261038498,0.05021760956172253,0.05022949620745261,0.050243210725708025,0.050258706472515985,0.050275941594022155,0.050294878680889096,0.050315484460104025
2026-01-05,0.03538511906183625,0.034393891809041996,0.03434673694085116,0.0342979375705677,0.034655377083534895,0.035013739771263465,0.03547749900199778,0.03594373912099508,0.03641290028101847,0.0368853217086909,0.037442623487624456,0.038004277441958424,0.03857066932469719,0.03914216586082599,0.03959545563356261,0.04005351608193344,0.040516511606822306,0.04098462993605952,0.04145807993767519,0.041937090441157766,0.04228943191262463,0.04264651893906125,0.043008434600579286,0.043375286519680804,0.043747204489716404,0.0441243388679842,0.044506859557770284,0.04489495545662153,0.045288834285084685,0.045688722736463655,0.046094866907339244,0.04650753298298062,0.04692700816291536,0.047353601820891836,0.0477876469010262,0.048229501558637325,0.048679551060565415,0.0491382099659911,0.04960592461522789,0.05008317596093509,0.05006953418146276,0.05005924424258952,0.05005212449759288,0.050048011386731275,0.05004675748415226,0.05004822980203382,0.05005230831377964,0.05005888466446048,0.05006786104189561,0.050079149186034615,0.05009266951781364,0.05010835037156696,0.05012612731748799,0.05014594256264696,0.05016774442075538,0.050191486842282494,0.0502171289977202,0.05024463490780137,0.050273973115331855,0.0503051163940246
2026-01-06,0.03528687034519064,0.03449386855779599,0.03444615044272349,0.03439706875982732,0.03475436691798031,0.03511264500394836,0.03557636713422977,0.036042595481165805,0.03651176497434546,0.03698421185503467,0.03754157212553424,0.03810329963180529,0.03866977992869196,0.03924137979613899,0.039694747809670965,0.04015290049346423,0.04061600225363855,0.0410842409781082,0.041557825823492836,0.04203698601942677,0.04238942637077538,0.04274662572389885,0.04310866730017782,0.04347565896329169,0.0438477308384402,0.044225033699434174,0.04460773794725504,0.04499603305688984,0.045390127406348936,0.04579024842820209,0.04619664304324451,0.046609578350355625,0.04702934255780308,0.047456246150256134,0.047890623293375185,0.048332833484593225,0.048783263465040624,0.049242329413830645,0.04971047945242898,0.05018819649386358,0.05017444007981468,0.050164045171841275,0.050156829662731654,0.05015262958321756,0.0501512971436338,0.050152699033517094,0.05015671494086204,0.0501632362591386,0.05017216495539426,0.05018341257703922,0.050196899378439006,0.05021255355135134,0.050230310545665874,0.05025011246892254,0.05027190755477288,0.050295649691966995,0.05032129800664384,0.05034881649171341,0.05037817367797736,0.05040934234236507
2026-01-07,0.03528687034519064,0.03449386855779599,0.03444615044272349,0.03439706875982732,0.03470346514050679,0.03501062347169414,0.035448841332211996,0.03588931078957185,0.03633246277479737,0.03677862355563184,0.037336454903963645,0.037898522593499274,0.03846523567079434,0.03903697729245924,0.03947150052964455,0.03991059493734306,0.040354402465060106,0.04080308874170131,0.04125684041906583,0.04171586362388556,0.0420625997416868,0.0424139228310385,0.04276991670499182,0.04313068816075733,0.04349636480093055,0.0438670935626165,0.04424303979197693,0.04462438675072272,0.04501133547523445,0.04540410493332006,0.04580293244135587,0.0462080743178393,0.04661980675965832,0.04703842693564203,0.04746425429890553,0.04789763212565439,0.04833892929386383,0.048788542320913245,0.04924689768511128,0.04971445446235185,0.04970237592361673,0.049693559946978716,0.049687830410231365,0.04968502874652208,0.04968501204900155,0.04968765142510527,0.04969283056341531,0.049700444482234186,0.04971039843405058,0.04972260694421674,0.04973699296556774,0.049753487133533156,0.04977202710863415,0.049792556995211845,0.04981502682686684,0.04983939211046216,0.049865613421698395,0.0498936560462482,0.04992348966126733,0.04995508805280617
2026-01-08,0.03528687034519064,0.03449386855779599,0.034546146802280187,0.034597513131384726,0.034954108068393344,0.035311936919723126,0.03577538910393306,0.0362414474465466,0.03671052002480282,0.03718292726760193,0.037740332852667764,0.03830214811311881,0.03886875539315886,0.03944051957501441,0.0398749689425337,0.04031409195359004,0.040758022027539254,0.041206918750649905,0.041660964618523456,0.0421203630728133,0.042461093073801734,0.04280642796297994,0.043156440874332326,0.04351122902902185,0.043870911283072,0.04423562644056234,0.04460553215426364,0.04498080428900015,0.04536163666018043,0.045748241086344794,0.04614084771376731,0.046539705585457815,0.046945083437900936,0.04735727071762521,0.04777657881697444,0.048203342534811636,0.04863792177373671,0.04908070349108313,0.0495321039267528,0.04999257113711566,0.04998098846488229,0.049972655721797266,0.04996739825730041,0.04996505886775309,0.04996549591428778,0.049968581688628555,0.04997420099008165,0.04998224988303767,0.04999263460934082,0.050005270633992946,0.0500200818060471,0.050036999619348,0.05005596256010213,0.05007691553020139,0.050099809336846234,0.05012460024037841,0.05015124955338218,0.050179723285084174,0.050209991825907976,0.05024202966774046
2026-01-09,0.03538511906183625,0.0348895043794316,0.034990949577872174,0.03509213659076139,0.035346344791864215,0.035601584373987756,0.036013913406783456,0.03642844151944762,0.036845550424395954,0.037265530592300505,0.03779709739270785,0.03833268829939792,0.038872687887202065,0.039417454644269434,0.03983413160916325,0.04025517853085209,0.04068072780824404,0.04111093389166994,0.04154597076222402,0.041986030447901924,0.04231554989029128,0.0426494300214517,0.04298774241278469,0.04333058058349217,0.04367805778226822,0.044030305460847664,0.044387472278092664,0.0447497235215472,0.045117240866965024,0.04549022242015869,0.04586888300281866,0.04625345465682204,0.04664418735140479,0.0470413498853828,0.04744523098305902,0.0478561405880421,0.04827441136429566,0.04870040041863283,0.04913449126381031,0.04957709604658287,0.0495681395061491,0.04956229105707398,0.04955938518374792,0.04955927295565967,0.04956182023959103,0.04956690614740233,0.04957442168444718,0.04958426856949027,0.049596358201765486,0.049610610754718475,0.04962695437919578,0.04964532450150447,0.04966566320397654,0.049687918677515576,0.049712044737144585,0.0497380003928702,0.0497657494692689,0.04979526026812487,0.0498265052692328,0.04985946086514547
2026-01-12,0.035483362952314274,0.034987760337700735,0.03503920681256603,0.03509016063227339,0.03534475204367908,0.035600246909552116,0.036064679921077016,0.03653152023775721,0.03700125180655859,0.0374742410228826,0.03800507646810848,0.038540108858673476,0.03907968932244076,0.039624152837866924,0.04002147209458094,0.040423112371372485,0.040829166165481,0.04123975303120742,0.04165501544275392,0.04207511614787784,0.042411328563778924,0.042751926893683366,0.043096996517977666,0.04344664368223713,0.04380099359367644,0.04416018914672915,0.04452439013387565,0.04489377284126672,0.04526852995896991,0.045648870757226644,0.046035021495827805,0.04642722604548727,0.04682574670919372,0.04723086523883214,0.04764288404850991,0.048062127631450714,0.04848894419238166,0.048923707512310705,0.049366819067714784,0.04981871043165378,0.04979996191953119,0.0497843406970835,0.04977167080150744,0.049761793490954435,0.04975456537276408,0.04974985677755638,0.04974755034265057,0.04974753977437225,0.04974972876378612,0.04975403003446946,0.049760364504303864,0.04976866054603983,0.04977885333369724,0.04979088426378823,0.04980470044195723,0.04982025422698537,0.04983750282524282,0.04985640792963686,0.04987693539791836,0.04989905496590345
2026-01-13,0.035581602017097876,0.034788658163642405,0.03489095600728363,0.03499256793704305,0.03519609981900663,0.03540037544589562,0.035865157812917485,0.036332227525776334,0.036802102038694655,0.03727516754994745,0.03780599938874577,0.03834098104956513,0.03888046827976511,0.039424798988168745,0.03984107426342557,0.0402617718939504,0.04068701514562435,0.041116951372511895,0.041551748960815496,0.041991595470304136,0.04232710583671138,0.042667049284462195,0.0430115034881053,0.04336056817265238,0.04371436296452362,0.04407302592743629,0.04443671262478331,0.04480559559762913,0.045179864180586136,0.04555972460139648,0.04594540032717973,0.04633713263309066,0.04673518137896804,0.04713982598740001,0.04755136662316686,0.04797012557973868,0.04839644888377602,0.04883070813370671,0.0492733025936791,0.049724661569757085,0.0497146233884407,0.04970775076796843,0.04970387444706529,0.049702842100866375,0.04970451651456175,0.04970877399768576,0.04971550300333814,0.04972460292258499,0.04973598302915339,0.049749561553524044,0.04976526486881355,0.04978302677355705,0.049802787858759336,0.04982449494846572,0.04984810060467839,0.04987356268876767,0.04990084397264207,0.04992991179388459,0.049960737749862816,0.049993297426501736
2026-01-14,0.035483362952314274,0.03469039978944325,0.034742690964904684,0.034794065095716704,0.03504886804946406,0.03530448342696712,0.0357170004078738,0.036131626602227095,0.03654876511452487,0.03696871886769386,0.03750013931807214,0.038035537378976296,0.038575299027811,0.03911978320598459,0.039536263353846704,0.03995707266172724,0.04038234398615326,0.040812231723389214,0.0412469093870973,0.04168656818968865,0.04201581733015789,0.042349389226220314,0.04268735517727466,0.04302980814624493,0.04337686057040182,0.04372864285458333,0.04408530238762406,0.04444700297039884,0.04481392457700493,0.04518626339412098,0.045564232100640194,0.04594806036236148,0.046337995526229615,0.04673430350630484,0.04713726985998677,0.04754720105850447,0.04796442596067964,0.048389297503760885,0.04882219462995484,0.04926352447235937,0.0492548776568474,0.04924931180985469,0.04924666268117063,0.04924678246419048,0.04924953802263905,0.04925480935092713,0.04926248823346789,0.04927247707406588,0.04928468787121632,0.04929904131902632,0.04931546601666126,0.04933389777185967,0.04935427898625104,0.04937655811203983,0.04940068917114698,0.049426631329185775,0.049454348517730506,0.049483809099252075,0.049514985569872196,0.04954785429574825
2026-01-15,0.03567983625666201,0.0350851423350819,0.035186883708537,0.0352882214620149,0.0355934677081675,0.03589993352234108,0.03628593130230962,0.036674140364421015,0.03706486327537853,0.03745833667530611,0.03796325490283073,0.03847197853656434,0.03898486107409022,0.0395022313876914,0.03988173012757054,0.04026524208860067,0.040652859869045425,0.04104469901016904,0.04144089462710713,0.041841599268503823,0.04216651476409196,0.042495562320469214,0.04282882572503183,0.04316640743869991,0.0435084269335318,0.04385501958402583,0.04420633598545142,0.04456254161073968,0.044923816744072614,0.045290356648249944,0.0456623719366998,0.04604008913130764,0.04642375139518389,0.046813619435848,0.04720997257961929,0.0476131100226665,0.048023352268479945,0.04844104276572981,0.04886654976476186,0.049300268415544475,0.049284284358353525,0.049271278768913615,0.0492610852818594,0.04925355384875349,0.04924854896541823,0.049245948132133774,0.049245640512101556,0.04924752575934415,0.04925151299192431,0.04925751989022954,0.049265471903251846,0.049275301548423286,0.04928694779275461,0.04930035550484519,0.049315474968856424,0.04933226145282142,0.04935067482474028,0.0493706792108229,0.049392242691013916,0.049415337027591044
2026-01-16,0.03567983625666201,0.03518425777407483,0.0353857248145219,0.0355874135510649,0.03599374322760789,0.03640203722827525,0.0367867594393959,0.03717408019740974,0.03756418643553075,0.03795724601187354,0.0384892060938671,0.03902529031791584,0.03956588202046737,0.04011134009863181,0.04050944309364663,0.04091187113543657,0.04131872663273692,0.041730137487201634,0.04214625342339629,0.04256724367488708,0.04287932686018886,0.04319562845044943,0.04351620275237772,0.043841126274690084,0.04417049525412143,0.04450442391183041,0.044843043266502576,0.04518650038191378,0.0455349579624569,0.0458885942354317,0.0462476030771666,0.04661219435352892,0.04698259445559482,0.047359047019222604,0.04774181382372344,0.04813117587026905,0.048527434645494034,0.04893091358023907,0.04934195971777164,0.04976094561032307,0.049737007859456873,0.049715989324516124,0.04969771938413812,0.04968204385136404,0.04966882317728723,0.04965793089014752,0.049649252234857964,0.049642682983788274,0.049638128394396644,0.04963550229320904,0.04963472626886509,0.049635728959610985,0.04963844542283059,0.04964281657604807,0.04964878870037569,0.04965631299867505,0.04966534520178867,0.0496758452171199,0.0496877768146204,0.04970110734590719
2026-01-20,0.035778065671479814,0.03498516043116412,0.03533749196861009,0.035690367955913675,0.036095819294028955,0.03650353941026654,0.036965856946959995,0.037431258603644504,0.03790003201238337,0.03837242715602311,0.03895749280474859,0.03954739099153493,0.040142540219532,0.04074334235689216,0.041139752206796394,0.04154083503080959,0.04194664535436271,0.0423572746561746,0.042772844753643034,0.04319350343471986,0.04351749657830661,0.04384598815289789,0.04417903728255674,0.04451672733703757,0.04485916327735824,0.045206469796044355,0.04555879006433317,0.04591628495445036,0.046279132643880054,0.046647528536057914,0.047021685451830504,0.04740183406077897,0.04778822353274106,0.0481811223987035,0.04858081961746682,0.04898762585066947,0.04940187495432609,0.049823925700311016,0.050254163746480854,0.050693003879615804,0.05066583440390508,0.05064176278311222,0.050620607107722246,0.050602202975600544,0.05058640157834477,0.0505730680384715,0.0505620799601368,0.05055332616231017,0.05054670556839808,0.050542126230478865,0.05053950446973823,0.05053876411753292,0.05053983584386222,0.05054265656199224,0.05054716889961755,0.05055332072832354,0.05056106474427438,0.05057035809403152,0.050581162040240046,0.05059344166262724
2026-01-21,0.035876290262025975,0.03498429396739927,0.035336908392756675,0.0356899257406723,0.03599354901188571,0.036298966557940425,0.036736272888438656,0.03717625661498674,0.03761924632185151,0.03806550868028972,0.03862398101073094,0.039186906741540906,0.03975468765664929,0.040327704310040256,0.040724929196438914,0.04112663586217637,0.04153290363330053,0.04194384273521573,0.04235958922396926,0.04278030169560517,0.04309825530898211,0.043420552922953534,0.04374725122498659,0.044078430002343925,0.04441418959137597,0.04475464908505579,0.04509994511901835,0.045450231109712476,0.04580567685533772,0.046166468436493066,0.04653280837244323,0.046904916002945884,0.0472830280762393,0.047667399532138305,0.04805830447597484,0.048456037344886634,0.04886091427310084,0.04927327466769028,0.04969348301104938,0.05012193091126543,0.050105369266075284,0.05009184058510938,0.05008117606741533,0.050073223506823084,0.0500678454908404,0.05006491783624417,0.05006432822620323,0.05006597501963478,0.05006976620828488,0.050075618500951366,0.05008345651750143,0.05009321207801203,0.05010482357458181,0.05011823541521606,0.050133397530733835,0.050150264936948574,0.05016879734546827,0.050188958817388635,0.050210717454938054,0.05023404512680156
2026-01-22,0.035778065671479814,0.03498516043116412,0.035387499993283424,0.03579064268562748,0.03614476126909237,0.036501055607164413,0.03693769991165203,0.03737721846200798,0.03781988038165382,0.038265916951085145,0.03879710432190716,0.03933261986517777,0.03987280947178291,0.04041800586763028,0.040796698058128134,0.04117968966593854,0.0415670414444063,0.04195884526899569,0.042355218709390005,0.042756301456949974,0.043056514940059486,0.04336083346582833,0.04366929922075057,0.04398197671883833,0.0442989501559836,0.04462032152000216,0.04494620927446662,0.045276747488017334,0.045612085318011336,0.04595238678362704,0.04629783078245294,0.04664861131848433,0.04700493791990577,0.0473670362331195,0.04773514878593144,0.04810953591816333,0.04849047688260191,0.04887827112342487,0.04927323974328455,0.0496757271742839,0.04966255990229759,0.04965224898520117,0.04964463729044433,0.049639583193478144,0.04963695889628784,0.04963664896696112,0.04963854906745691,0.04964256484221737,0.04964861094473753,0.04965661018287376,0.04966649276669398,0.0496781956451688,0.049691661920078706,0.049706840327240605,0.049723684776603584,0.0497421539439792,0.049762210908193764,0.0497838228283163,0.0498069606563495,0.049831598881394545
2026-01-23,0.035778065671479814,0.03498516043116412,0.03533749196861009,0.035690367955913675,0.036044860628594584,0.036401394528190904,0.036838187936229096,0.03727780292882164,0.03772052311858894,0.03816658833726378,0.03867057686069406,0.03917868813083093,0.03969122336678614,0.04020847531717358,0.04058768582958043,0.04097108806336282,0.04135875753273322,0.041750797341760564,0.04214733366459194,0.04254851280653905,0.04285510064130658,0.04316578731339635,0.04348062744813008,0.0437996967550466,0.044123089694390084,0.044450917833439636,0.044783308728561975,0.045120405217466616,0.04546236503988901,0.045809360728807286,0.04616157973153607,0.04651922473275863,0.0468825141611791,0.04725168286897477,0.04762698297927989,0.04800868490202679,0.04839707852296043,0.04879247457480769,0.049195206203638486,0.04960563074759503,0.04958300049500502,0.049563223075597955,0.04954613232565371,0.04953157810397788,0.049519424541045756,0.04950954851764641,0.04950183833889669,0.049496192575188586,0.04949251904627736,0.049490733928528347,0.049490760968478376,0.04949253078846182,0.04949598027220644,0.04950105202009882,0.04950769386532294,0.04951585844333375,0.04952550280819251,0.04953658809018575,0.049549079189912325,0.04956294450466951
2026-01-26,0.035876290262025975,0.034885183693082696,0.03508806160018962,0.035290447502577746,0.03579903271050094,0.03630991143604271,0.03671978034471383,0.03713256654079294,0.03754843251113937,0.03796753810271441,0.038498711011097024,0.03903414269633728,0.03957418562139529,0.040119176643489365,0.04047871948829105,0.040842386130658936,0.04121021099636899,0.04158226130848347,0.04195863090018334,0.0423394360793987,0.04264002854476783,0.042944610980430425,0.043253234066027636,0.043565968993601774,0.043882905152682374,0.04420414849166274,0.04452982039380785,0.0448600569539893,0.04519500857538686,0.045534839828829866,0.04587972953434671,0.046229871036927016,0.04658547265788441,0.04694675831048469,0.04731396827434621,0.047687360127995404,0.048067209843220965,0.04845381304877909,0.048847486474768054,0.04924856959279443,0.049236066665208265,0.04922637446557897,0.049219338349680807,0.04921481892656014,0.049212690404144284,0.04921283915229396,0.04921516245099553,0.0492195673967783,0.04922596994484187,0.04923429406798513,0.04924447101640126,0.049256438664859674,0.04927014093583656,0.04928552728885752,0.04930255226773728,0.049321175098598215,0.04934135933255424,0.04936307252779907,0.04938628596655938,0.04941097440298662
2026-01-27,0.035778065671479814,0.03468782236491767,0.034840966700351424,0.034993238150243064,0.03560408968861171,0.03621758523772498,0.03662663466627776,0.037038793224763146,0.037454156647070844,0.03787284460148631,0.03845799510047567,0.039047831009386594,0.03964278720698758,0.04024327616432515,0.040620541513083926,0.04100225099355972,0.041388436037243466,0.04177916548985545,0.04217453850847776,0.042574679814699305,0.04288647944953073,0.04320252519503953,0.043522867837144624,0.0438475809563606,0.04417675833575402,0.04451051212658257,0.044848971590850946,0.04519228229349663,0.04554060565405388,0.045894118793915424,0.04625301463427359,0.046617502213808476,0.04698780720576712,0.04736417262231709,0.047746859700706655,0.04813614897135817,0.048532341512952326,0.04893576040413666,0.049346752385949134,0.04976568975360229,0.049741641524029566,0.049720517901250316,0.04970214789137011,0.04968637696887857,0.0496730652765265,0.04966208606114103,0.04965332431029192,0.049646675560572666,0.049642044853036124,0.049639345815241855,0.04963849985259724,0.04963943543434278,0.0496420874617464,0.0496463967079181,0.04965230932019974,0.0496597763773818,0.0496687534950902,0.04967920047360927,0.049691080983189424,0.049704362282552934
2026-01-28,0.035974510028773596,0.034884319812672156,0.035087482290791124,0.03529001043238255,0.03579867777888655,0.03630961117371171,0.036745515141333694,0.037184449319545905,0.03762662479678734,0.03807223775263361,0.03865738860394749,0.039247277791675673,0.03984233499211029,0.04044296939573281,0.04082026532733874,0.04120204185786843,0.041588328097990256,0.04197919133249909,0.042374729738261674,0.04277506751392659,0.043086999069079014,0.04340320465763656,0.04372373474011261,0.044048662832714,0.04437808288013244,0.04471210739578587,0.04505086618640334,0.04539450553202112,0.0457431877300743,0.04609709093888437,0.046456409275051874,0.04682135313343493,0.04719214970911105,0.04756904370907209,0.04795229824814264,0.04834219592928689,0.04873904011347517,0.049143156388926496,0.04955489425407627,0.049974629033249646,0.04995033381379828,0.049928980443689826,0.04991039699851341,0.049894428117768716,0.04988093319457761,0.04986978480268093,0.04986086732543326,0.04985407575739371,0.04984931465391341,0.049846497208060024,0.0498455444374636,0.049846384466350376,0.04984895189025972,0.049853187212795254,0.04985903634531369,0.04986645016176012,0.0498753841019548,0.0498857978175658,0.049897654855788204,0.049910922376419434
2026-01-29,0.035876290262025975,0.03468696339365844,0.03484039151163368,0.03499280481856209,0.03550185123964468,0.03601299588283687,0.036449029712639205,0.03688801567650568,0.037330181734532376,0.03777573376668706,0.03833351877294253,0.038895799339468906,0.039462957742545476,0.04003536000875398,0.04045118762563766,0.04087162933652669,0.04129678836656941,0.04172679732700839,0.04216181383986622,0.0426020177633619,0.04291899425478519,0.04324036874875488,0.04356618778356084,0.04389652249362134,0.04423146574322897,0.04457113008976653,0.04491564637800243,0.04526516282572484,0.04561984450169229,0.04597987312568561,0.04634544714123283,0.04671678202690788,0.04709411082369352,0.047477684864925894,0.047867774702620255,0.04826467123010448,0.04866868700628985,0.049080157791921264,0.049499444313041416,0.04992693427190406,0.04991027750898822,0.04989665181251986,0.04988588817949743,0.04987783420610905,0.049872352285532176,0.049869318042541626,0.04986861896974349,0.04987015323612138,0.04987382864337241,0.049879561709439656,0.04988727686188441,0.049896905726417445,0.04990838649813147,0.04992166338482932,0.04993668611339214,0.04995340949143333,0.049971793017580646,0.04999180053465486,0.05001339992080068,0.050036562814293875
2026-01-30,0.035778065671479814,0.03448959740077054,0.0346932866575059,0.03489606739224582,0.03530293240081203,0.03571150635008137,0.036200258585405244,0.03669198170895899,0.037187063934945065,0.03768582228274465,0.03827004380157257,0.038859057296003086,0.039453266334881505,0.040053060610174926,0.04050608039351441,0.04096412517737035,0.04142733719072614,0.04189588835611306,0.04236997656051033,0.04284982341077529,0.043165136584255415,0.043485052277517734,0.0438095943586939,0.04413881532225843,0.044472792637591824,0.04481162611025168,0.045155436010293155,0.045504361794169335,0.04585856129680075,0.04621821030575512,0.046583502454916804,0.04695464939370493,0.047331881201935225,0.04771544703125577,0.048105615962725,0.04850267807725849,0.048906945741870336,0.04931875512027597,0.0497384679218217,0.05016647340812748,0.05014888686122122,0.050134383643402294,0.05012279148460856,0.05011395502644664,0.05010773398593989,0.05010400156055981,0.050102643038693606,0.050103554585680166,0.050106642180429636,0.05011182068164392,0.05011901300595389,0.05012814940301537,0.05013916681487093,0.05015200830877218,0.0501666225742356,0.05018296347643192,0.05020098965912555,0.05022066419132514,0.050241954252607565,0.0502648308527587
2026-02-02,0.035876290262025975,0.03458785336757713,0.03499156011492861,0.03539536447017876,0.03574985824611927,0.036106364208143435,0.03659505662571537,0.03708680275054458,0.03758197687646145,0.03808088832340741,0.03866538978680176,0.039254741076928355,0.03984934633772048,0.04044959653540624,0.04088382877677465,0.041322996189160424,0.04176721013396721,0.04221661454738493,0.0426713811331811,0.043131706328628915,0.04344793416113487,0.04376873761462725,0.04409414893385657,0.04442422790086192,0.04475905842697601,0.045098746103870754,0.045443416482194104,0.045793213914517475,0.046148300846606746,0.046508857474453,0.04687508170857658,0.04724718940482944,0.04762541483426403,0.04801001137497418,0.04840125241709924,0.04879943247909111,0.049204868539377694,0.04961790159309382,0.05003889844889923,0.050468253786320395,0.05045059597262768,0.05043603490667342,0.05042439789756728,0.05041552922587083,0.05040928830164126,0.050405548064548916,0.05040419359010675,0.05040512087204848,0.05040823575579036,0.05041345300192741,0.05042069546202337,0.050429893351689375,0.050440983608218505,0.050453909321936934,0.050468619232016475,0.050485067278824174,0.05050321220600511,0.05052301720644205,0.050544449607039875,0.0505674805879658
2026-02-03,0.035876290262025975,0.03458785336757713,0.03499156011492861,0.03539536447017876,0.03574985824611927,0.036106364208143435,0.03659505662571537,0.03708680275054458,0.03758197687646145,0.03808088832340741,0.03863819501312912,0.03920015484018483,0.03976712381560174,0.04033944981946724,0.04077420741206557,0.04121380808074893,0.04165837686106873,0.04210806816226924,0.042563061787755437,0.04302356047888461,0.04334625834514945,0.043673539027026066,0.044005447560080936,0.044342055377486526,0.04468345720863897,0.04502976887395198,0.04538112576160372,0.04573768183538741,0.04609960906682411,0.04646709721584183,0.0468403539068125,0.047219604963337616,0.04760509497774348,0.047997088101055976,0.04839586904716705,0.0488017443116121,0.04921504361132489,0.049636121557288554,0.050065359577452215,0.050503168112894535,0.05048470696747013,0.050469382054740365,0.050457017964530504,0.0504474565065317,0.05044055484079265,0.05043618385388177,0.050434226744221676,0.05043457778618724,0.05043714124752817,0.05044183043875374,0.05044856687647455,0.050457279545472314,0.050467904246575365,0.05048038301933817,0.05049466363013223,0.05051069911760495,0.05052844738860091,0.05054787085860169,0.05056893613155615,0.05059161371466631
2026-02-04,0.035876290262025975,0.03458785336757713,0.03499156011492861,0.03539536447017876,0.03574985824611927,0.036106364208143435,0.03659505662571537,0.03708680275054458,0.03758197687646145,0.03808088832340741,0.03866538978680176,0.039254741076928355,0.03984934633772048,0.04044959653540624,0.04088382877677465,0.041322996189160424,0.04176721013396721,0.04221661454738493,0.0426713811331811,0.043131706328628915,0.04345417461092883,0.043781269565270384,0.04411303235730148,0.04444953131298565,0.044790858674566135,0.04513712828660531,0.04548847398920352,0.04584504856136927,0.04620702310324297,0.0465745867782309,0.046947946859454304,0.04732732904214081,0.047712977996611894,0.04810515814667229,0.04850415466640782,0.04891027469530753,0.049323848777735525,0.049745232538461484,0.05017480861152573,0.05061298884542803,0.05059429156705594,0.05057874544975331,0.05056617422421979,0.05055641892669272,0.0505493360202499,0.050544795762997856,0.05054268078646763,0.05054288485365894,0.050545311771169034,0.05054987443393786,0.050556493984516254,0.05056509907155312,0.05057562519451552,0.05058801412358642,0.05060221338530077,0.050618175805837606,0.05063585910502876,0.050655225535111245,0.05067624155907033,0.05069887756411713
2026-02-05,0.035483362952314274,0.03409568092771137,0.03424960844004709,0.03440225934676684,0.03480947646000527,0.03521823028549624,0.035707004225982726,0.03619865900919577,0.03669359580436859,0.03719213859646457,0.03780313724258364,0.03841906055053902,0.03904035843099814,0.03966746159853055,0.04010050765939902,0.040538457418002036,0.04098140891177385,0.04142949453314029,0.041882875646524105,0.04234173914026135,0.042669415159906444,0.04300169774899576,0.04333863242496282,0.04368029137693486,0.044026770334693995,0.04437818634329911,0.04473467622699546,0.04509639559006921,0.04546351824677308,0.04583623600392331,0.04621475874249971,0.046599314761364356,0.04699015135893025,0.04738753563854347,0.047791755531389944,0.04820312103754468,0.048621965691826925,0.04904864826677687,0.04948355473063199,0.049927100483915125,0.04991700588385028,0.04991008756899971,0.049906175944594705,0.049905118400255494,0.04990677747910662,0.04991102928816938,0.04991776211422742,0.049926875215337486,0.04993827776303496,0.0499518879142862,0.04996763199553396,0.049985443783909685,0.050005263872948756,0.05002703911203361,0.05005072211036786,0.05007627079761213,0.05010364803442911,0.05013282126713226,0.05016376222143453,0.0501964466309764
2026-02-06,0.035581602017097876,0.03419395379393792,0.03444788902413106,0.034701028147678725,0.035056639646106794,0.03541382312073282,0.035902813856791414,0.036394664656967085,0.036889790413459994,0.03738852366569861,0.037972606370444945,0.038561425581929695,0.03915538723612259,0.0397548820716314,0.04018863807552158,0.04062722818739819,0.041070764901402775,0.04151939198915865,0.041973279938961786,0.04243262308447947,0.04276072384764775,0.04309341104148841,0.04343073444322204,0.043772769895574555,0.04411961630575848,0.04447139352098111,0.044828240871763035,0.045190316236207694,0.04555779552133496,0.04593087248802121,0.046309758868080225,0.04669468473827675,0.047085899128399944,0.04748367085018216,0.047888289541697396,0.04830006692853879,0.048719338309018735,0.04914646427622163,0.04958183269525928,0.0500258609597945,0.05000692805018917,0.04999113804880568,0.0499783142483965,0.04996829724461807,0.04996094305577619,0.0499561214895678,0.04995371472011927,0.04995361604474393,0.04995572879483821,0.04995996537943514,0.04996624644330911,0.049974500124317624,0.049984661396984056,0.04999667149125763,0.05001047737700336,0.05002603130613215,0.0500432904054246,0.050062216314068986,0.05008277486075355,0.05010493577585133
2026-02-09,0.035581602017097876,0.03399571965380847,0.03425018479910537,0.03450358208132123,0.03491024368510364,0.03531863854690739,0.03580718131656596,0.03629868005005315,0.03679351430632158,0.037291995266117164,0.037875838658972955,0.03846443324119968,0.039058178147439615,0.03965745904831497,0.0401101057203543,0.040567728877193406,0.04103046935212672,0.04149849734938144,0.04197200874130312,0.04245122283608589,0.042772402393477,0.04309818616203832,0.04342860636959892,0.043763723141609784,0.044103621046436975,0.0444484066131087,0.04479820658689565,0.045153166757220274,0.04551345124034528,0.04587924213318442,0.04625073947899862,0.04662816150370771,0.04701174509508869,0.047401746507628316,0.04779844228421648,0.04820213039289516,0.04861313158302218,0.049031790970858684,0.04945847987005309,0.049893597888039,0.04988426481836013,0.04987807034784919,0.04987484746901141,0.049874445922045034,0.04987673039019125,0.049881578932936266,0.049888881621770825,0.04989853934910438,0.04991046278573948,0.04992457146625618,0.04994079298490541,0.04995906228729766,0.04997932104540376,0.050001517105247216,0.050025603998222416,0.0500515405082821,0.05007929028833927,0.050108821520160336,0.050140106612819216,0.05017312193545318
2026-02-10,0.035483362952314274,0.033699203299743886,0.03395417718989132,0.03420781870963005,0.03446186711214954,0.034716939046194974,0.0352327051275101,0.03575113718407145,0.03627277958111837,0.036798049606493924,0.03738153712494564,0.03796970508832533,0.03856295168237869,0.039161660840426174,0.03959487858536492,0.040032861450427795,0.04047571994040011,0.040923595400188945,0.04137665548942798,0.041835091327869736,0.04215640369825551,0.042482180464673426,0.0428124615962698,0.043147313009481304,0.04348682344826031,0.04383110225405372,0.04418027781171942,0.04453449652064991,0.044893922184153674,0.0452587357411017,0.04562913528616424,0.04600533634139807,0.04638757235434837,0.04677609540746142,0.04717117713134819,0.047573109820923026,0.0479822077591304,0.048398808758219336,0.04882327593361773,0.04925599973063936,0.04923874308473877,0.04922452417435791,0.0492131723874703,0.04920453381002439,0.04919846941071766,0.04919485346417682,0.0491935721771184,0.04919452248797184,0.04919761101527221,0.049202753134085155,0.0492098721629858,0.049218898646806994,0.04922976972261086,0.04924242855820232,0.04925682385406314,0.04927290940089584,0.049290643686070126,0.04930998954319723,0.04933091383984955,0.049353387199114966
2026-02-11,0.03567983625666201,0.03439133660660873,0.03464501502524197,0.03489803248809826,0.035049911167979224,0.03520258500960092,0.035719348543352396,0.03623861573834311,0.036761002913881125,0.037286971382377916,0.03784404508010803,0.038405610450788795,0.03897203430992342,0.039543670652637884,0.03993989616661241,0.04034056384353102,0.040745742928681106,0.04115553477987211,0.041570067390119536,0.041989491802238606,0.042318881348665904,0.042652644350185696,0.04299085076027819,0.04333359275287463,0.043680982449763706,0.04403315035240675,0.04439024431359111,0.044752428933529834,0.04511988529923276,0.0454928110102636,0.045871420451618995,0.046255945287564396,0.046646635160282474,0.04704375858512441,0.047447604040797654,0.047858481258479656,0.04827672271899453,0.048702685372123515,0.049136752597091875,0.04957933642850571,0.04957032896174024,0.04956443210591991,0.049561480172424746,0.04956132407355931,0.049563829532993126,0.04956887553202106,0.049576352956647744,0.04958616341634167,0.04959821821007242,0.049612437419154845,0.04962874910964617,0.04964708862970491,0.04966739798953441,0.04968962531337784,0.04971372435457496,0.04973965406598814,0.04976737821919689,0.049796865066785004,0.04982808704282867,0.04986102049736122
2026-02-12,0.035483362952314274,0.034194800534322264,0.03429846259758016,0.034400748506159685,0.034502850666061916,0.03460517558197947,0.03507076673060175,0.03553831374011975,0.03600841876437247,0.03648151763202686,0.03701211794429716,0.037546717178688745,0.038085681048865144,0.03862935312513705,0.03902621781822472,0.039427251782803374,0.03983255295663248,0.04024224385475859,0.040656467974839565,0.04107538751984759,0.041410721074778965,0.04175030837997857,0.04209423433973718,0.04244260367939277,0.042795539155480525,0.04315318035933176,0.043515682978366145,0.043883218420273575,0.04425597373382753,0.044634151780392234,0.04501797162499144,0.04540766912688311,0.04580349771813813,0.04620572936557582,0.04661465571715623,0.04703058943898829,0.047453865753813704,0.047884844196423415,0.048323910606181096,0.04877147938186703,0.04874517754027049,0.04872188204517317,0.04870141484396135,0.04868361493931876,0.04866833652165462,0.04865544734616468,0.04864482731813862,0.04863636725619275,0.04862996780806051,0.04862553849763539,0.048622996885304616,0.048622267826379455,0.04862328281472367,0.04862597940059673,0.048630300673328665,0.048636194800787715,0.048643614618734524,0.048652517264112474,0.04866286384713497,0.04867461915772075
2026-02-13,0.035581602017097876,0.03389660270338454,0.033801384027300756,0.03370334221067601,0.03385809066846505,0.03401262805738015,0.03447829439945182,0.03494580194537132,0.03541577184176698,0.035888650437830974,0.03641888138976456,0.03695303205284443,0.037491467941520654,0.03803453141096803,0.03844993506744882,0.03886956575715844,0.039293549947929586,0.03972203559600627,0.040155189607212406,0.04059319632392692,0.04093358769193442,0.04127828369488918,0.04162736920910114,0.04198094949370376,0.04233914833031872,0.0427021067767502,0.04306998239412504,0.043442948849295844,0.04382119582388158,0.044204929182360145,0.04459437136695953,0.044989761998566344,0.04539135867172866,0.04579943793893743,0.04621429648532512,0.046636252500172996,0.04706564725649815,0.047502846914771774,0.04794824457173048,0.04840226258049363,0.04838402752124148,0.0483688493750759,0.04835655476415396,0.04834698720145359,0.048340005251621784,0.04833548093322835,0.048333298326545045,0.04833335235695413,0.04833554772897637,0.048339797989914,0.048346024705404514,0.0483541567319096,0.04836412957342971,0.04837588481162326,0.04838936960008894,0.048404536214897174,0.04842134165457283,0.04843974728367684,0.04845971851493536,0.04848122452554534
2026-02-17,0.035581602017097876,0.03449130560964125,0.03424447730078737,0.033994995955384404,0.03420128594395727,0.03440734491501047,0.03482115916090043,0.03523662880943153,0.03565428257794071,0.03607449762174327,0.03657869771023032,0.037086510188467474,0.03759829214909748,0.038114372688816574,0.03853089885303373,0.038951527578669105,0.03937640921451246,0.039805710404811595,0.04023961292714474,0.04067831314408202,0.04100703113259706,0.04133991047653196,0.041677026184499665,0.04201847322401963,0.04236436458232304,0.04271482994295275,0.04307001483518559,0.043430080156124415,0.04379520199510839,0.044165571711256436,0.044541396230322244,0.04492289853847288,0.04531031835935921,0.04570391300779133,0.04610395841906943,0.04651075035798911,0.046924605816069054,0.04734586460989699,0.047774891197871094,0.048212076737224524,0.048195925871098985,0.04818272643474315,0.04817231216405474,0.04816453302975537,0.04815925347074112,0.04815635085936293,0.04815571416416708,0.04815724278137504,0.048160845511075405,0.048166439657949665,0.048173950239523415,0.04818330928755688,0.04819445523036446,0.04820733234566865,0.048221890275110535,0.04823808359281416,0.04825587142147537,0.048275217090352825,0.04829608783030971,0.04831845450170745
2026-02-18,0.03567983625666201,0.03458956640095669,0.03449272023763154,0.03439385521591349,0.034548200915788224,0.03470249837649149,0.03511640029947906,0.03553197806435271,0.035949762077284377,0.036370130880742965,0.0369016259081936,0.03743694303546998,0.037976485454107395,0.03852062330931199,0.03893691179562346,0.039357421909474465,0.03978229201604538,0.04021167998167602,0.040645761215978536,0.0410847275711804,0.041401203042398284,0.041721815754358564,0.042046621003174384,0.04237569565053259,0.0427091357337016,0.04304705478251122,0.04338958267520786,0.04373686491488648,0.04408906224278201,0.04444635052917997,0.04480892090037939,0.045176980073186566,0.0455507508782931,0.04593047296159686,0.046316403658751164,0.04670881904347994,0.047108015154837334,0.0475143094129046,0.047928042236633106,0.048349578881853386,0.04834352451037154,0.04834039183918707,0.04834002599479158,0.04834228762293955,0.04834705121486827,0.048354203654006854,0.0483636429504482,0.048375277135919215,0.04838902329644342,0.048404806723546044,0.048422560167864406,0.04844222318151738,0.04846374153765585,0.048487066717341744,0.04851215545534583,0.04853896933766625,0.048567474444591946,0.04859764103399787,0.04862944326029305,0.048662858925065514
2026-02-19,0.03567983625666201,0.03468868142129299,0.03454156269564604,0.0343923452572295,0.03454698735353297,0.034701482327302864,0.035089590681000135,0.03547922027294792,0.03587087160105505,0.036264898660633885,0.03679681984486934,0.03733246647194498,0.03787226083198908,0.03841658652490841,0.038833069690990527,0.03925372705005759,0.03967870303873348,0.040108160107013714,0.04054227713968725,0.040981248619989946,0.04129777749155848,0.04161841788876763,0.04194322677166383,0.042272282284456945,0.042605681433261496,0.04294353845435631,0.04328598370903727,0.04363316298973026,0.043985237155781426,0.04434238204123284,0.044704788594148254,0.045072663219794674,0.0454462283096384,0.045825722945648226,0.046211403775498074,0.046603546059409154,0.04700244489392923,0.04740841662218999,0.047821800444334206,0.048242960246058064,0.0482370564998414,0.04823406316400658,0.04823382594817228,0.048236206019735335,0.04824107833654665,0.048248330199214574,0.04825785999043695,0.04826957607420313,0.04828339583214816,0.04829924481798402,0.04831705601393274,0.04833676917556806,0.04835833025353267,0.048381690882315705,0.04840680792771386,0.04843364308580516,0.04846216252728316,0.048492336581858704,0.0485241394581674,0.04855754899524187
2026-02-20,0.035778065671479814,0.034786934970509255,0.034639824206092844,0.03449060874722014,0.03459438170720655,0.0346978228890023,0.035086416681581294,0.03547640968952449,0.03586834305466219,0.03626259515714069,0.036794691267918095,0.03733048289627739,0.03787039919412828,0.0384148286598718,0.038831407575193745,0.03925214819214673,0.03967719712458878,0.04010671851422081,0.04054089257963755,0.040979914869307396,0.04130882607768075,0.041641943508420924,0.0419793414779095,0.04232111469862637,0.04266737627938865,0.04301825635798659,0.043373901219248286,0.04373447279556735,0.04410014847755283,0.04447112118420993,0.04484759965784672,0.045229808960648876,0.04561799115886114,0.04601240618764819,0.04641333289560116,0.046821070272960764,0.047235938872280746,0.047658282434723094,0.048088469739681325,0.04852689670016843,0.04851908454866377,0.04851428484798074,0.04851233668260758,0.04851309521701009,0.04851642996005306,0.04852222325799747,0.04853036898214435,0.048540771382858776,0.04855334408632897,0.04856800921420709,0.048584696609400756,0.04860334315386618,0.0486238921664001,0.04864629287021393,0.04867049992157074,0.04869647299202202,0.04872417639783968,0.04875357877113428,0.04878465276791088,0.04881737480896
2026-02-23,0.035876290262025975,0.03468696339365844,0.034340468874620646,0.033990750315969154,0.03409614606990456,0.03420065526647283,0.03456390137812811,0.034928222461849734,0.035294175743369544,0.035662142520091436,0.03619443512691714,0.03673024734265271,0.03727003032256714,0.03781418720482927,0.03824955791961879,0.03868911199625031,0.03913303123972952,0.03958151052428986,0.040034757771083875,0.04049299422825488,0.04083330248015687,0.04117790150175561,0.04152687619771675,0.04188033173850215,0.042238391713922116,0.04260119689656993,0.04296890447551634,0.043341687662755216,0.04371973560424307,0.04410325354827242,0.04449246323914388,0.04488760351549369,0.045288931101430986,0.04569672158569225,0.046111270589934215,0.04653289513249667,0.046961935198809326,0.047398755534357975,0.04784374768099258,0.048297332282566774,0.048296621022768674,0.048299025169327624,0.0483043855005262,0.0483125590353728,0.04832341729404319,0.04833684478815905,0.048352737706833585,0.048371002770103026,0.048391556226007784,0.04841432297139572,0.04843923577965953,0.048466234621214195,0.048495266064678515,0.04852628274852116,0.04855924291443723,0.04859410999498533,0.04863085224908103,0.048669442439844654,0.048709857550067376,0.048752078531212106
2026-02-24,0.035876290262025975,0.034885183693082696,0.03443814782512917,0.03398776720859466,0.03419546683951001,0.03440246502467391,0.03476509076439918,0.03512897206424305,0.03549461091811786,0.035862355693190386,0.03639457986189104,0.03693038273453747,0.03747020801607512,0.03801445388042014,0.038430949247520094,0.0388515292163636,0.03927634508034693,0.0397055640851828,0.0401393683453324,0.04057795434950437,0.04091275499490556,0.04125175332878325,0.041595032856815435,0.04194269659145695,0.04229486527883768,0.04265167621070143,0.04301328248727191,0.04337985263734193,0.04375157053004012,0.044128635532767094,0.04451126288438156,0.04489968426362026,0.04529414854114159,0.04569492271030766,0.046102292997438704,0.046516566157207694,0.0469380709634069,0.047367159909767795,0.04780421114006306,0.04824963063156257,0.04824999032940039,0.04825341211175886,0.04825974040809761,0.04826883555417311,0.04828057208952655,0.04829483727997043,0.04831152983172426,0.04833055876941809,0.04835184245472985,0.04837530772615107,0.04840088914344768,0.0484285283229237,0.04845817335170631,0.04848977827103083,0.04852330261997716,0.04855871103234686,0.04859597288041374,0.04863506196016366,0.04867595621338932,0.048718637482644794
2026-02-25,0.035876290262025975,0.03498429396739927,0.034586955968116735,0.03418660754966839,0.0343938950626503,0.034600629517572014,0.03491127979616975,0.035223021258673215,0.03553626211770374,0.035851283435040085,0.036411368045173816,0.03697507762413345,0.03754293218756768,0.03811539236081935,0.0385318630557352,0.038952443548805914,0.03937728292746637,0.039806546855891835,0.040240416338930496,0.04067908712201503,0.04100777621074386,0.041340629494865694,0.04167772162297659,0.042019147263233976,0.04236501915208358,0.04271546676157342,0.0430706354415597,0.043430685936134285,0.0437957942035496,0.044166151490180335,0.044541964624498276,0.04492345650851921,0.04531086679297492,0.04570445272943596,0.04610449019836738,0.046511274917084545,0.04692512383611579,0.047346376736836025,0.04777539804762373,0.048212578900408816,0.04821377051376336,0.04821798279336363,0.04822506300482355,0.04823487406027974,0.04824729284465604,0.048262208763168515,0.048279522477280644,0.04829914480179392,0.04832099574022956,0.04834500363932359,0.04837110444647822,0.04839924105651096,0.048429362736118406,0.04846142461620202,0.048495387243651975,0.0485312161854017,0.04856888167859252,0.048608358321555384,0.048649624801054954,0.04869266365186885
2026-02-26,0.035778065671479814,0.03488604765909602,0.034388731011077055,0.0338880257958016,0.03409599266554856,0.03430316348043384,0.03458816084495864,0.03487404792369884,0.03516122023273905,0.03544994593870165,0.036010204939078735,0.036573959230709274,0.03714174567206343,0.03771403614735365,0.038149381230012755,0.03858889004951804,0.03903274554037145,0.0394811433134098,0.039934291724134804,0.040392412214954765,0.04072035051959702,0.04105246313509569,0.04138881845728186,0.0417295056371961,0.04207463245711555,0.04242432386253137,0.042778720996402564,0.04313798062784992,0.043502274899331256,0.043871791338949265,0.04424673310092689,0.044627319409438954,0.0450137861902617,0.04540638688201034,0.04580539342473121,0.046211097428757876,0.046623811531384084,0.04704387095331443,0.047471635271257424,0.04790749042761526,0.047908769146267086,0.047913050670813945,0.047920182810646354,0.047930028942320416,0.04794246634325515,0.0479573847456257,0.047974685077813176,0.047994278366221325,0.04801608477472039,0.048040032762627624,0.04806605834514072,0.048094104442627045,0.0481241203072371,0.0481560610170335,0.048189887029267575,0.048225563785647615,0.04826306136346367,0.04830235416729739,0.04834342065678016,0.048386243106487224
2026-02-27,0.03567983625666201,0.034490451462891016,0.03399398657469676,0.0334937341371226,0.033549331936858794,0.033603507807015716,0.03391572894809159,0.034228541275232165,0.03454249860854058,0.03485796852916086,0.03541772607820475,0.035980915557738566,0.03654806912253015,0.03711965416582717,0.03757336378733782,0.03803130723471306,0.03849369410441067,0.03896074419243481,0.03943268847890505,0.03990977014020264,0.04024891491247946,0.04059233332127356,0.0409401021441283,0.04129231912811775,0.041649100947587094,0.04201058181152438,0.04237691256999059,0.04274826021418795,0.043124807696180927,0.04350675401662253,0.04389431454506857,0.04428772154955473,0.04468722492139285,0.04509309308852469,0.04550561411689358,0.04592509700462157,0.04635187317866565,0.046786298208341404,0.047228753754887706,0.04767964978130574,0.047679281287706016,0.047681984129461175,0.047687600748263184,0.047695989615370714,0.047707023512744515,0.04772058804117067,0.04773658032171697,0.04775490786248595,0.04777548756721594,0.04779824486604421,0.04782311295184592,0.04785003210812533,0.047878949116566955,0.04790981673412839,0.04794259323104313,0.04797724198235031,0.04801373110662022,0.048052033146435524,0.04809212478594375,0.04813398660144107
2026-03-02,0.03646553652211927,0.03507819236253528,0.03473232652080605,0.03438290380228681,0.034488530824003,0.03459320499130466,0.034930768233344865,0.035269282787314254,0.035609279304065385,0.03595111773648987,0.036484167366561966,0.03702067819025102,0.03756112391086045,0.038105924295377416,0.03852291004858795,0.03894393840367423,0.039369170160317976,0.039798780083107624,0.040232956352037906,0.04067190044294264,0.04100701370610058,0.04134631553880828,0.041689892295563205,0.04203784946681715,0.04239030998879763,0.042747413120095,0.043109313755741556,0.04347618208854897,0.04384820355468847,0.044225579019877045,0.044608525176659614,0.04499727513385068,0.04539207918736877,0.04579320576825322,0.04620094256915194,0.04661559785541827,0.04703750197146336,0.047467009057425,0.04790449899574575,0.048350379612095824,0.0483420340858889,0.048336719666200026,0.048334273769038524,0.04833455002655865,0.04833741653565967,0.048342754337189785,0.048350456091520465,0.04836042492197103,0.04837257340222609,0.04838682266771396,0.04840310163406391,0.04842134630836595,0.04844149918112107,0.048463508688572916,0.04848732873662208,0.04851291827879088,0.048540240941775975,0.04856926469302767,0.0485999615455631,0.04863230729587199
2026-03-03,0.03646553652211927,0.03517728782051372,0.03498109792569705,0.03478212149128779,0.034733933559076266,0.03468469015155158,0.03502319875102832,0.03536243271086856,0.03570300024043219,0.03604530792031064,0.03657877149268695,0.03711564916561569,0.03765642849740287,0.03820153932406196,0.03861879004346665,0.03904007079015591,0.039465546743972145,0.03989539620570545,0.04032981028111743,0.040768992925964156,0.041104301934628246,0.04144380192369526,0.04178758063910506,0.04213574483788701,0.042488418631969394,0.042845742391798516,0.04320787208240203,0.04357497894304057,0.04394724944844513,0.0443248855087659,0.04470810487930753,0.04509714176157729,0.045492247585256496,0.045893691967204026,0.04630176384906172,0.04671677281985891,0.04713905063451316,0.04756895294354,0.048006861253829344,0.048453185145209896,0.0484360697569771,0.0484219594962999,0.04841068471362482,0.048402092316310236,0.0483960439667915,0.048392414517295014,0.04839109064594428,0.048391969664966165,0.04839495847649142,0.04839997265536973,0.04840693564165272,0.04841577802807156,0.04842643693005723,0.048438855427701134,0.04845298207060176,0.04846877043784419,0.048486178746452356,0.04850516950258115,0.04852570919049948,0.0485477679950833
2026-03-04,0.03646553652211927,0.03547457469556576,0.035277527389552164,0.03507811410949158,0.03513145078512077,0.03518414109888642,0.03549580480933675,0.03580836882170489,0.03612231758433843,0.0364379784142308,0.03697188798164814,0.03750923036261831,0.038050501079181495,0.03859613636932276,0.038994829485123055,0.03939745397807492,0.03980414929378623,0.04021507020204108,0.040630385634776334,0.041050278111407705,0.04138038191241109,0.04171459606702356,0.04205300871454467,0.04239572616884333,0.04274287136984869,0.04309458286398204,0.043451014193462575,0.04381233361074829,0.04417872405970573,0.04455038338314989,0.04492752472955688,0.045310377141614844,0.045699186316907586,0.04609421553715738,0.046495746767607295,0.04690408193267717,0.04731954437826909,0.047742480535259674,0.04817326180299212,0.04861228667615507,0.048596093365064236,0.04858286628863806,0.04857243879639213,0.048564660534008645,0.048559395670980866,0.04855652136098561,0.04855592640039805,0.04855751005613162,0.048561181038695944,0.048566856600226575,0.048574461740422535,0.048583928505956685,0.04859519537111022,0.04860820668920121,0.048622912205901765,0.048639266626816426,0.048657229232771965,0.04867676353717932,0.04869783698060093,0.04872042065831327
2026-03-05,0.03646553652211927,0.035573670489243876,0.03547632163098335,0.035377191862580516,0.035480583054109546,0.03558379421471058,0.03592063046596038,0.036258715518561656,0.03659850382409843,0.03694031057614207,0.037473894890274015,0.038011086672028724,0.038552356774201435,0.03909812472901726,0.03947781157185874,0.039861406900088554,0.04024901360566174,0.04064075475647198,0.04103677091478319,0.041437218474295316,0.041768149024531714,0.04210319420325884,0.042442448317402265,0.04278602324213318,0.043134047028967816,0.04348666301013425,0.043844029288018775,0.04420631853235125,0.044573718031418436,0.04494642996046091,0.045324671842743344,0.04570867718806909,0.046098696300732545,0.04649499725475241,0.04689786703919512,0.04730761288083474,0.04772456375557768,0.04814907210423141,0.04858151577250369,0.0490223001997666,0.04898833703432573,0.04895730653460205,0.048929027588928524,0.04890333617167801,0.04888008346330834,0.04885913421626394,0.04884036533014416,0.04882366460564754,0.048808929651781637,0.04879606692491,0.048784990881571774,0.0487756232297893,0.0487678922658883,0.04876173228577901,0.04875708306125574,0.048753889373223454,0.048752100594897096,0.048751670318981026,0.04875255602365005,0.048754718772846546
2026-03-06,0.03626914039096541,0.035179029790998365,0.03523222194313661,0.03528404987083082,0.03543733919288262,0.03559096936194846,0.0359268426051087,0.03626420650740962,0.03660343494772526,0.036944794778239164,0.037505128290555585,0.038069319482792886,0.038637870676886926,0.039211232004452826,0.039609199947767154,0.040011319986192534,0.0404177056457084,0.040828492310836594,0.04124383440999456,0.04166390369047525,0.04200018798088397,0.042340763362169166,0.042685720302013716,0.043035168821940833,0.04338923681673483,0.043748068947624605,0.04411182597923548,0.044480684469712,0.04485483675090098,0.04523449115508119,0.0456198724590357,0.04601122252700611,0.04640880114240373,0.04681288702487848,0.04722377903502998,0.047641797574100225,0.04806728619073131,0.04850061341155933,0.04894217481727137,0.049392395390980066,0.049356695673354996,0.04932401849704469,0.04929417680427135,0.049267001176050804,0.049242337891284245,0.04922004723967679,0.04920000205070604,0.04918208640716281,0.0491661945169254,0.04915222972084573,0.04914010361809614,0.049129735293197724,0.04912105063133368,0.04911398171053805,0.049108466261011494,0.04910444718321006,0.04910187211752804,0.049100693059387135,0.04910086601438673,0.04910235068888382
2026-03-09,0.03646553652211927,0.03527638336168735,0.035279879022855086,0.03528162685343897,0.035384482547116236,0.035487334093237,0.035823897353247126,0.03616176646969612,0.03650137459043981,0.036843024030508466,0.037349352919303844,0.03785911081274245,0.038372720070691264,0.038890557715147434,0.039289613332815866,0.0396926162862578,0.040099709520837544,0.04051105090254978,0.04092681219456913,0.04134717858271064,0.04167765172594543,0.04201226303518635,0.04235110215236518,0.04269427696501093,0.04304191207045985,0.04339414776871126,0.04375113946424953,0.04411305739341261,0.04448008661917923,0.04485242725327408,0.045230294878646354,0.04561392115524427,0.04600355459965461,0.046399461535333066,0.046801927215339705,0.04721125712409217,0.047627778468947765,0.04805184187665404,0.048483823314068364,0.04892412625722124,0.04888140872590217,0.04884159782137615,0.04880450599895161,0.048769963148726996,0.04873781466902925,0.04870791979147716,0.0486801501202062,0.04865438835403535,0.04863052716545451,0.04860846821449049,0.04858812127895311,0.0485694034854082,0.048552238627588395,0.04853655656092233,0.0485222926635089,0.048509387355247166,0.04849778566799545,0.048487436860617975,0.048478294073609735,0.04847031401870052
2026-03-10,0.03646553652211927,0.03527638336168735,0.03532987468591408,0.03538185285704824,0.03543341259108904,0.035484922507974755,0.03587369817445566,0.036263933627312596,0.036656171084823774,0.037050790499171635,0.037583545291903546,0.03812007328152586,0.03866081040221158,0.03920615144074137,0.03960439970267388,0.04000676358973247,0.040413362991175095,0.040824338236244255,0.04123984765245702,0.04166006610160397,0.04199649358154053,0.042337198052082824,0.042682271766279506,0.04303182623002966,0.043385990581419856,0.04374491052996881,0.04410874772937429,0.04447767949572712,0.04485189880993803,0.04523161456222271,0.04561705201044958,0.04600845343464598,0.04640607897810798,0.04681020767215155,0.047221138647124586,0.04763919253727826,0.048064713091783395,0.04849806900882012,0.048939656014491184,0.04938989921350916,0.04936305482535311,0.049339258574105704,0.04931833028238433,0.04930010705259813,0.049284441375701045,0.04927119948772424,0.049260259937234784,0.04925151233301279,0.049244856246254784,0.04924020024572591,0.04923746104767013,0.04923656276509082,0.04923743624333878,0.049240018470884446,0.04924425205577274,0.049250084759619776,0.049257469082157335,0.049266361890300925,0.04927672408653741,0.049288520312127715
2026-03-11,0.03646553652211927,0.035672766368063845,0.03587512743433538,0.03607727644463044,0.03607636615014379,0.03607575928715267,0.036464576279445333,0.03685492255527983,0.03724733318499589,0.03764218453876019,0.03814826711286742,0.03865800156726112,0.03917178248058506,0.03968996839464268,0.04010821781263018,0.040530698683532915,0.04095757422494009,0.041389023245607684,0.041825239359446396,0.042266430719354056,0.04261555135308296,0.04296916009000535,0.043327364057970386,0.043690290156936346,0.044058083580898605,0.04443090689192026,0.04480893952489822,0.045192377639054024,0.04558143425828285,0.045976339661231914,0.04637734199576766,0.046784708102966414,0.04719872454402185,0.047619698830278,0.0480479608625098,0.04848386459099915,0.04892778991321065,0.04938014483122782,0.049841367896811074,0.050311930978220155,0.05028209074617704,0.05025546559592529,0.050231864855245105,0.05021111613137308,0.05019306331054256,0.05017756481963426,0.05016449211095415,0.05015372833765679,0.05014516719263683,0.05013871188806495,0.050134274256326584,0.05013177395608696,0.05013113776966549,0.050132298979954054,0.05013519681682934,0.050139775964448775,0.05014598612203358,0.05015378161176662,0.05016312102830248,0.05017396692512601
2026-03-12,0.03666191336944678,0.03626554687753996,0.03676683037950391,0.03727007210621731,0.037215265717076056,0.037161575525144354,0.037498071185294156,0.03783608575967155,0.03817602062878908,0.03851816072829149,0.03899854574022677,0.03948235287115515,0.03996996894043643,0.04046174096639799,0.04084358820304814,0.04122934570152462,0.04161914420770548,0.042013130112546176,0.04241146410383734,0.04281432045006826,0.04315350051955565,0.043496950792358664,0.04384478527188174,0.04419713492345276,0.04455414662545504,0.04491598255976084,0.045282819947689665,0.04565485106695116,0.04603228350554427,0.04641534062333242,0.046804262202923025,0.04719930527982558,0.04760074514850702,0.048008876546508754,0.04842401502367081,0.04884649850804662,0.04927668908454856,0.049714975006953765,0.05016177296882526,0.050617530664359325,0.05057197652651916,0.050529486001961686,0.05048986164644972,0.0504529243899646,0.050418511507193536,0.05038647485312523,0.05035667932428493,0.050329001512717686,0.05030332852520031,0.05027955694456563,0.05025759191365,0.050237346325373695,0.05021874010495373,0.05020169957232423,0.050186156874573895,0.05017204947966727,0.050159319723943406,0.050147914406921255,0.05013778442781961,0.05012888445894669
2026-03-13,0.03666191336944678,0.03626554687753996,0.03661679106993652,0.03696918480887085,0.037017602946946344,0.037067040499004354,0.03740301403056735,0.037740626044501624,0.038080235771458464,0.038422102757578395,0.038956572672198785,0.03949485733243848,0.04003742660806078,0.04058470210623394,0.040965271714276816,0.04134993762051877,0.04173880011004773,0.04213198202368036,0.042529625603107496,0.042931890511283245,0.04328294114699299,0.043638449814869834,0.043998540202942554,0.04436335383482624,0.04473304905045218,0.04510780044030794,0.045487798638272944,0.04587325040805877,0.04626437897930519,0.046661424604569804,0.04706464531974769,0.0474743178991726,0.04789073900367024,0.04831422652577807,0.04874512114166695,0.049183788084340166,0.04963061915772267,0.050086035016529765,0.05055048774254592,0.05102446375438304,0.05096727132306621,0.05091325053999863,0.05086218820355673,0.05081389069651448,0.05076818181532599,0.050724900882696884,0.05068390110125771,0.050645048113183565,0.05060821873634401,0.05057329985227414,0.05054018742513419,0.05050878563402949,0.050479006103724355,0.05045076722100078,0.05042399352576708,0.05039861516757876,0.05037456741954446,0.05035179024269707,0.05033022789484907,0.050309828578748335
2026-03-16,0.03685827093673421,0.036065577933138866,0.03626796518472375,0.036470138017218864,0.03652016202087708,0.036570663199391534,0.03685525776881099,0.03714106653395822,0.03742842133686911,0.03771755393451455,0.038252617763115254,0.038791227015048335,0.03933389151976095,0.039881060103474295,0.04029984249479881,0.04072283130380922,0.041150198576843225,0.04158213025926291,0.04201882587874546,0.042460498610022566,0.04280381361772175,0.043151568240411727,0.0435038636226225,0.043860820743347816,0.044222578850085494,0.04458929445745349,0.04496114078483916,0.04533830754595196,0.045721001030007064,0.04610944443347345,0.04650387841541706,0.04690456186012928,0.047311772839088086,0.047725809771139265,0.048146992785664304,0.048575665298838805,0.049012195818198635,0.04945697999589043,0.04991044295642363,0.05037304193069324,0.05033518329835448,0.050300469226141106,0.050268705066585706,0.05023971453663533,0.0502133376974951,0.050189429198693764,0.05016785674704937,0.05014849976776919,0.05013124823026839,0.050116001615680805,0.050102668006648296,0.05009116328296418,0.05008141040912704,0.050073338801928914,0.05006688376793146,0.050061986002135066,0.05005859114036889,0.050056649358962306,0.05005611501613429,0.050056946330281016
2026-03-17,0.03676009456285906,0.03596738227448934,0.03621976741462417,0.0364721921296631,0.03647086100815434,0.0364699735938152,0.03675487830367372,0.03704090963592838,0.037328426667137544,0.03761767741424901,0.0381256500037243,0.03863695178953715,0.03915205139037648,0.0396713602071281,0.04007161324933602,0.04047582680611271,0.04088415839321454,0.0412967782171778,0.04171386882612419,0.04213562511570361,0.04248579396852053,0.04284032439894522,0.04319933771016239,0.04356297246381822,0.043931383491689256,0.04430474134511594,0.04468323209031712,0.04506705738660962,0.04545643480487433,0.04585159835826226,0.04625279922801995,0.046660306675694825,0.04707440913971312,0.047495415520004185,0.04792365665941082,0.04835948703540119,0.04880328668035112,0.049255463353623026,0.04971645499404197,0.05018673248737552,0.050157498444236386,0.050131447281256014,0.05010839041944797,0.050088157362945036,0.05007059372010725,0.05005555948391565,0.050042927533088914,0.050032582321790385,0.050024418731042,0.050018341059266544,0.0500142621329245,0.050012102521143804,0.05001178984067467,0.050013258139531246,0.050016447349377234,0.050021302798139496,0.050027774775531025,0.05003581814518094,0.0500453919979274,0.05005645934156102
2026-03-18,0.037054609227767085,0.03646011786594537,0.03686196914978423,0.037264948497285275,0.03726214444709412,0.03726027508030005,0.03754474496613245,0.03783052863854841,0.03811793839470355,0.03840719483208292,0.03888848637988106,0.03937302407434475,0.039861232354713956,0.04035348493851324,0.04073578612999353,0.04112191843826711,0.04151202440425221,0.04190625946355145,0.04230479131101882,0.04270779968253305,0.04304092707641042,0.043378233501424675,0.04371982721705938,0.044065833141590516,0.044416391761458236,0.04477165847918685,0.04513180330503031,0.045497010826883975,0.04586748041357311,0.04624342662138667,0.04662507978460395,0.047012686779042925,0.04740651195420871,0.04780683823503789,0.04821396839895355,0.04862822653828248,0.0490499597222966,0.04947953987743071,0.04991736590879058,0.05036386609107961,0.05033743422079268,0.05031405631127462,0.050293553086626114,0.05027576252164438,0.050260537955981247,0.0502477464554761,0.05023726738390576,0.050228991154523235,0.05022281813576108,0.05021865768957775,0.0502164273243054,0.050216051946652115,0.05021746319983148,0.0502205988767272,0.050225402398617176,0.05023182235134045,0.050239812071933496,0.05024932927972963,0.05026033574673484,0.050272797002789686
2026-03-19,0.037250928246329744,0.0369536966178131,0.03725465411351254,0.0375566659172926,0.03755440686314747,0.03755290082705075,0.03778571085037957,0.03801956674005607,0.038254722320009656,0.03849135386053276,0.03897383236824796,0.03945937622239074,0.03994845415253975,0.04044147165822442,0.04078635793474609,0.04113475077944281,0.04148675013981351,0.041842470944356676,0.04220204136663671,0.04256560178278909,0.042894034044661994,0.04322642278029282,0.04356288741082803,0.0439035608936994,0.04424858915488782,0.0445981308288577,0.044952357244063185,0.045311452611773904,0.04567561438994959,0.04604505380400681,0.04641999651387116,0.046800683422555875,0.0471873716262406,0.04758033550985266,0.04797986799577419,0.048386281956740246,0.0487999118074353,0.049221115292896876,0.04965027549574018,0.05008780308857628,0.05003665549380323,0.04998838555711198,0.049942800324269225,0.04989972457544107,0.049858998859716994,0.04982047778614141,0.04978402853305407,0.04974952954390707,0.049716869382923676,0.04968594572822556,0.04965666448356565,0.04962893899270451,0.049602689342879244,0.04957784174582066,0.04955432798645396,0.04953208493082828,0.04951105408600621,0.04949118120564834,0.04947241593587658,0.04945471149672311
2026-03-20,0.0375453706465673,0.03764444081391292,0.038044225595649926,0.0384462370534771,0.038544702489800145,0.03864471521884007,0.03892812874610006,0.039213258185678126,0.03950030928484141,0.03978943987742693,0.040298624036375304,0.040811431479190356,0.04132832843890798,0.041849728462748974,0.0421940410359342,0.04254219003100839,0.0428942432555679,0.04325029214413179,0.04361044786935301,0.0439748388038252,0.04431029174526026,0.0446499790870583,0.04499402466621868,0.04534256784925206,0.045695762792235514,0.0460537780709835,0.04641679660575238,0.04678501582897133,0.04715864806144935,0.04753792107477406,0.04792307882677389,0.04831438236400856,0.04871211089099873,0.049116563010800855,0.04952805814594668,0.04994693815296985,0.050373569147965876,0.050808343565066465,0.05125168247454388,0.05170403819268059,0.05163132953494128,0.051561633915022505,0.05149473318432994,0.051430428842663474,0.05136853985108128,0.05130890072996826,0.05125135989983052,0.05119577822941757,0.05114202776155337,0.05108999059179635,0.05103955787895114,0.05099062896968211,0.05094311062215847,0.05089691631589246,0.05085196563680081,0.05080818372808545,0.05076550079885083,0.05072385168348852,0.05068317544580648,0.05064341502268178
2026-03-23,0.03734908052961713,0.03725000563793157,0.03760037948349793,0.03795238540575866,0.03805147927516934,0.03815189717627012,0.03840946225996761,0.03866854268496189,0.03892932239652316,0.03919194073243237,0.03972842157101654,0.04026856565843313,0.040812902685834956,0.041361898484326934,0.04170555878470979,0.042053048105486504,0.04240442636721141,0.042759778336804694,0.043119209374317985,0.043482842635593474,0.04382380963314153,0.04416902647178755,0.044518622109785404,0.04487274077011405,0.045231541299227185,0.045595196877908126,0.045963895013888305,0.046337837768547205,0.04671724218600251,0.04710234090450687,0.04749338293877134,0.047890634628625535,0.04829438075497151,0.048704925828766336,0.049122595563124316,0.04954773854283037,0.04998072810981962,0.05042196448769887,0.050871877173349095,0.051330927629243975,0.05124884975451496,0.05116979008353544,0.051093522790280545,0.051019842247571896,0.05094856077656729,0.05087950668972545,0.050812522583538224,0.050747463844607876,0.05068419733859298,0.05062260025642396,0.05056255909620381,0.050503968762531375,0.05044673176774066,0.05039075752184766,0.05033596169991729,0.050282265677175586,0.05022959602355086,0.050177884050474277,0.05012706540374312,0.05007707969707598
2026-03-24,0.03744722799620492,0.037744445999479154,0.03819364009199432,0.03864564815468632,0.03879451289714732,0.03894533375684665,0.03920191945825743,0.039460337422082846,0.039720680254777235,0.03998303309198931,0.04046536594200546,0.0409511124295388,0.04144070333182083,0.041934519497751566,0.0422605514706501,0.0425902036014556,0.042923532943077845,0.04326061907106014,0.04360156022924118,0.04394647079133665,0.04427051503701352,0.04459857976659082,0.04493078439974833,0.0452672623026787,0.04560816017715722,0.0459536377709467,0.04630386784433704,0.046659036348412876,0.04701934278528613,0.04738500073111849,0.047756238510659375,0.04813330001813675,0.048516445684282344,0.048905953593474105,0.04930212075875343,0.049705264566056076,0.05011572440257772,0.0505338634879386,0.050960070930873395,0.051394764038703335,0.051324888147563044,0.05125789243490314,0.051193568101758236,0.05113172515019266,0.05107219029038965,0.051014805120655905,0.05095942453969424,0.050905915357270674,0.050854155074933696,0.05080403081297744,0.050755438363575364,0.05070828135309984,0.05066247049920589,0.05061792295039456,0.05057456169755796,0.050532315048508344,0.050491116157755075,0.050450902604862444,0.05041161601562345,0.05037320172105459
2026-03-25,0.037250928246329744,0.03735000563801499,0.03769977568507744,0.03805148460028783,0.038252405322117364,0.03845511035005264,0.03865947641692787,0.038865465119808124,0.03907307670897143,0.03928233165347488,0.039792305714530234,0.040305653909713794,0.04082288473678592,0.04134444102521189,0.041669992642809774,0.0419991224849784,0.042331884572997684,0.04266835553117782,0.043008630664168226,0.04335282136642294,0.04368238382435654,0.04401596256956116,0.04435368297143152,0.04469568381848229,0.04504211684758313,0.04539314656575867,0.045748950307232084,0.04610971848699254,0.04647565502530613,0.046846977927137254,0.04722392000761952,0.04760672976032022,0.04799567236963141,0.04839103087258209,0.04879310747898277,0.049202225062304795,0.04961872883723935,0.050042988243632534,0.0504753990606031,0.05091638577927125,0.05084631780152377,0.05077914227275725,0.05071464969224719,0.05065264942952701,0.05059296762394601,0.050535445358128775,0.050479937064542194,0.05042630913117411,0.050374438677878636,0.05032421247949438,0.05027552601558914,0.05022828262978549,0.05018239278419309,0.0501377733966192,0.05009434725002116,0.05005204246517069,0.05001079202876639,0.04997053337030254,0.04993120798190922,0.04989276107615014
2026-03-26,0.03734908052961713,0.037943531821412864,0.038591906233308805,0.03924471417708127,0.0394425920470366,0.03964333547999837,0.0398463780029435,0.04005146037720914,0.040258460892742064,0.04046732753850762,0.04092333639474245,0.04138252376350959,0.04184530048416113,0.04231202660952964,0.04262013682754382,0.04293165769256829,0.043246640315966076,0.04356515660578018,0.04388729564989241,0.04421316132371017,0.04452621966997328,0.044843108329142595,0.0451639448174598,0.04548885899469828,0.045817992622069675,0.046151499187342473,0.046489543944228474,0.04683230413014226,0.04717996933846089,0.047532742030121936,0.047890838175914816,0.048254488025880976,0.048623937006350745,0.04899944674865577,0.04938129625672849,0.04976978322382178,0.05016522551161542,0.05056796280815207,0.05097835848449347,0.05139680167383219,0.05131138552637192,0.05122870510750371,0.05114854704576032,0.05107071690315752,0.050995037064113784,0.050921344899716836,0.050849491166334054,0.0507793386043977,0.0507107607087752,0.05064364064670957,0.05057787030308174,0.05051334943586289,0.050449984927210714,0.050387690117818844,0.05032638421393166,0.05026599175794914,0.05020644215482102,0.05014766924750552,0.050089610935680186,0.05003220883266774
2026-03-27,0.03715277114587084,0.03735093083807723,0.037900475198214205,0.03845321510404538,0.03875443018950936,0.039058473659813644,0.03936514295169652,0.03967438216832086,0.03998620268867556,0.04030065154565314,0.04080871351685856,0.041320704902801916,0.041837036661498975,0.04235808377959106,0.042701867919439765,0.04304964866186586,0.04340147502803443,0.043757424394697875,0.044117597406305296,0.04448211460165495,0.04479891693684447,0.04511988829319266,0.04544512195649934,0.0457747289696088,0.046108836717795094,0.04644758801671382,0.04679114059023606,0.0471396668597737,0.04749335399064554,0.04785240415811976,0.04821703500826309,0.0485874802981274,0.04896399070711978,0.049346834817323944,0.0497363002655702,0.05013269507454045,0.05053634917442955,0.05094761613088297,0.05136687509929153,0.051794533030226464,0.0517243874749613,0.05165713230606196,0.0515925578846854,0.05153047344487648,0.05147070499253944,0.051413093478380106,0.051357493204014885,0.05130377042724089,0.051251802138016306,0.051201474981249835,0.05115268430624855,0.05110533332577387,0.05105933237022767,0.051014598224637234,0.050971053537899824,0.050928626295254534,0.05088724934621583,0.050846859981275305,0.05080739955158497,0.05076881312660744
2026-03-30,0.03695644249154629,0.03675827352686935,0.03730900224984904,0.03786228925292785,0.03801079937810764,0.038161351093378065,0.038469678033490266,0.03878006236786219,0.03909266687599275,0.0394076285787502,0.03991559226449016,0.04042729609916979,0.04094316757020555,0.04146359184951264,0.04180714712951205,0.04215456329181965,0.04250589651458885,0.042861228762830966,0.04322066329655017,0.043584321707182114,0.04391284987812983,0.04424553867038105,0.044582498560846374,0.04492385617922575,0.04526975331167958,0.045620346320452684,0.04597580589039236,0.04633631704100316,0.04670207936210602,0.047073307445120526,0.047450231492294506,0.04783309809407047,0.048222171171021455,0.04861773308197681,0.04902008590450132,0.049429552898090444,0.049846480164543495,0.05027123852417257,0.050704225630985644,0.05114586835492019,0.05107493706862318,0.051006937846971745,0.05094165835819142,0.05087890539585293,0.05081850275002087,0.05076028935600847,0.05070411767939149,0.050649852302827,0.05059736868584613,0.05054655207340472,0.05049729653277286,0.05044950410148666,0.050403084031693475,0.050357952118393924,0.05031403010090339,0.050271245128379535,0.050229529281548224,0.05018881914384467,0.050149055416107036,0.05011018256974114
2026-03-31,0.03685827093673421,0.03646192372676061,0.03701323001911032,0.03756678328940417,0.03766448839432969,0.037763969790002745,0.03804682003161092,0.038331439373772445,0.0386179981816063,0.0389066323073837,0.03941490518729665,0.03992675134939072,0.040442621717626887,0.0409629173121337,0.04130654977608183,0.04165394177785413,0.04200515808846275,0.04236028681994667,0.04271943553347813,0.04308272869174689,0.04341713494691727,0.04375568152115721,0.04409848847936999,0.044445691010010675,0.04479743867820663,0.04515389504175735,0.04551523755524532,0.04588165771118411,0.046253361383800394,0.046630569353084135,0.04701351799570447,0.047402460136306834,0.047797666058281646,0.04819942467781774,0.04860804488927687,0.04902385709392181,0.049447214928012594,0.049878497210443094,0.05031811013459383,0.050766489734102915,0.05070423756220935,0.05064494977945356,0.05058841956798872,0.050534458911590495,0.05048289650658772,0.050433575945280744,0.0503863541312634,0.05034109989283014,0.05029769276616965,0.05025602192457557,0.05021598523363224,0.05017748841541751,0.05014044430732408,0.05010477220323413,0.05007039726656562,0.0500372500062067,0.05000526580761475,0.04997438451242253,0.049944550040796155,0.04991571005155732
2026-04-01,0.03685827093673421,0.03646192372676061,0.037113265429401014,0.03776742362311087,0.03791528471500996,0.038065399826623096,0.03839943078739459,0.038735703874194914,0.03907440044348029,0.0394156743406837,0.03989578045544274,0.04037954999567887,0.04086733951861215,0.04135947589432533,0.04168416101156588,0.04201253598756932,0.04234463529661822,0.042680520368690335,0.04302027452199917,0.04336399957118251,0.04369936296289528,0.04403883805987569,0.04438255375702695,0.04473065292869328,0.04508329193847553,0.045440640455474864,0.04580288151716567,0.04617021179856357,0.046542842061112914,0.04692099776472906,0.04730491983396326,0.04769486557515948,0.04809110974632265,0.048493945785620565,0.04890368720829998,0.04932066918553772,0.04974525032256498,0.05017781465746108,0.05061877390647909,0.05106856998680417,0.05100609227008721,0.05094658968273774,0.05088985465759056,0.0508356984972228,0.05078394927731582,0.05073445002349176,0.05068705712089424,0.050641638922571626,0.0505980745282622,0.05055625270972512,0.05051607096250324,0.05047743466709757,0.05044025634510346,0.050404454997998,0.050369955518060026,0.05033668816240554,0.050304588082388066,0.050273594901681526,0.05024365233727011,0.050214707858339085
2026-04-02,0.03685827093673421,0.03646192372676061,0.03701323001911032,0.03756678328940417,0.03771548821002906,0.03786615743528519,0.038174503800942235,0.038484870611923114,0.03879742652670954,0.03911231181460183,0.03959284266597615,0.04007689987687089,0.04056486307152477,0.04105707509982265,0.04140103385045787,0.04174872825603676,0.04210022908924124,0.04245562923283855,0.042815040120095085,0.04317858942054809,0.04350701444678606,0.043839524531947296,0.04417623292272741,0.04451726810419642,0.04486277294817447,0.04521290424037705,0.04556783250645897,0.045927742082102416,0.046292831389854086,0.046663313398052145,0.047039416246542884,0.04742138403105601,0.04780947774382664,0.048203976372836334,0.04860517816626126,0.04901340207264534,0.049428989371174056,0.04985230551040135,0.05028374217804293,0.05072371962916401,0.05066251063056161,0.050604216346178385,0.05054863342385951,0.05049557699800967,0.05044487863553092,0.05039638454968169,0.05034995404195371,0.05030545813871438,0.05026277839479096,0.05022180584062445,0.05018244005328802,0.050144588334695296,0.05010816498284191,0.05007309064402015,0.05003929173570098,0.05000669993125036,0.049975251698885725,0.049944887888326774,0.049915553359481675,0.049887196648264756
2026-04-03,0.03695644249154629,0.03685735796409854,0.0374578134082245,0.03806126538147172,0.03826027394138047,0.038461704937126924,0.03874326866735451,0.03902699288918514,0.039312931288923825,0.03960115029814886,0.040082284889498096,0.040566950822779065,0.04105554059397828,0.041548407060188745,0.04187370029179966,0.042202639595558665,0.04253527056250726,0.04287166346116479,0.043211908784890736,0.04355611429182897,0.043879483177171635,0.04420685437357796,0.044538342894148916,0.04487407800110191,0.04521420249809381,0.045558872362627484,0.04590825664805691,0.0462625376069528,0.04662191100322411,0.04698658659166455,0.047356788751965306,0.047732757270674685,0.04811474826974896,0.048503035284685275,0.04889791049908512,0.04929968614611741,0.04970869609092894,0.05012529761175658,0.05054987340148423,0.050982833815811965,0.050922447225216785,0.05086493618655468,0.050810100079923384,0.05075775652359352,0.05070773934754495,0.05065989683132462,0.050614090166858326,0.05057019211341147,0.050528085817248145,0.05048766377293136,0.050448826906823084,0.05041148376633435,0.0503755498009584,0.050340946723188965,0.050307601939156614,0.050275448040268254,0.05024442234835845,0.050214466507893796,0.0501855261196483,0.050157550411010984
2026-04-06,0.037054609227767085,0.036856445081917495,0.03745719462946041,0.038060793498090356,0.03825989431210659,0.03846138677477181,0.038716956573453,0.038974568918614366,0.03923423742665191,0.039495999464344046,0.0399775924579488,0.04046261708422864,0.04095148592337846,0.04144456600773312,0.04177009571293817,0.04209922373924226,0.042432002312879906,0.04276850676131485,0.043108831467328794,0.04345308719294485,0.043770268993274665,0.044091375859125634,0.04441651558704292,0.044745810214813865,0.04507939521871838,0.04541741906318791,0.04576004302806708,0.046107441261998464,0.04645980102680779,0.046817323109515134,0.0471802223872794,0.047548728537204925,0.04792308688819617,0.04830355941640854,0.04869042588965995,0.04908398516968539,0.04948455668454105,0.04989248208695871,0.050308127118163654,0.05073188370074734,0.05067285645004964,0.05061664002081375,0.05056303830921673,0.05051187303905595,0.05046298178090231,0.05041621622962493,0.05037144070180615,0.05032853082097982,0.050287372363860695,0.050247860245026324,0.050209897621048195,0.05017339509799231,0.05013827002863665,0.05010444588777565,0.050071851715673216,0.05004042162114587,0.050010094336952846,0.049980812821180234,0.049952523899162646,0.04992517794121232
2026-04-07,0.03695644249154629,0.036461020751625405,0.03711265241103596,0.03776695541423406,0.0378128939387981,0.03786068954392719,0.03819579323801597,0.03853284646389095,0.03887212339823602,0.039213833370268195,0.03969419176828342,0.04017812746578774,0.040666011189922316,0.041158179601066394,0.04152116983879612,0.04188804917373257,0.04225891421032073,0.04263388174453279,0.043013085995072455,0.04339667687037184,0.04372457668793887,0.04405665587982809,0.04439301913231347,0.04473378803556197,0.04507909991899461,0.04542910713964436,0.04578397672463311,0.046143890299369016,0.046509044254398176,0.04687965011912803,0.04725593512188354,0.04763814292428959,0.048026534524693444,0.048421389330870236,0.04882300640703872,0.049231705904582826,0.049647830690084174,0.05007174818853359,0.05050385246409842,0.050944566565756175,0.05088273268350932,0.05082384327184565,0.05076769290258493,0.05071409482283606,0.05066287887996493,0.05061388971721863,0.05056698519969555,0.050522035037069285,0.05047891957495837,0.05043752873133192,0.05039776105804373,0.05035952291065125,0.050322727712216984,0.050287295298909906,0.05025315133699581,0.05022022680229293,0.05018845751442173,0.050157783719235745,0.05012814971371709,0.050099503508382395
2026-04-08,0.03695644249154629,0.03656010492111922,0.03706139897114457,0.03756466616807858,0.03750982165273735,0.0374561019593437,0.03781869202860564,0.03818293161581833,0.038549268509745306,0.038918021899384966,0.039398211611865415,0.03988194274620229,0.04036958587958209,0.04086147707826542,0.04120519861604356,0.0415526499515893,0.04190389923817778,0.04225903711120165,0.042618173013585926,0.04298143279948548,0.043315804279501276,0.04365429772123174,0.04399703378646451,0.04434414804583058,0.0446957902650921,0.04505212404567987,0.04541332674683254,0.04577958963976298,0.046151118260514414,0.04652813293990326,0.04691086949768715,0.047299580094853765,0.047694534243378384,0.048096019977424354,0.04850434519410845,0.048919839175881975,0.049342854310504426,0.049773768028687486,0.05021298498393712,0.050660939504090875,0.05061669553448579,0.05057545333849676,0.05053701983201965,0.050501219910745805,0.050467894464548836,0.05043689865125662,0.050408100391192104,0.050381379050302155,0.05035662428494953,0.05033373502575064,0.050312618581391334,0.050293189846286376,0.05027537059838498,0.050259088875454744,0.050244278419874014,0.050230878183388374,0.05021883188448643,0.050208087612064946,0.05019859746991163,0.05019031725726548
2026-04-09,0.03676009456285906,0.03646282679136434,0.03696382479134123,0.03746693735693094,0.03741201214235253,0.03735824000287272,0.037720754951527054,0.03808492581648509,0.03845119574972151,0.03881988104652541,0.03932717267592459,0.0398381823127534,0.04035332470988831,0.040872974888529756,0.04121604052255523,0.04156292065147951,0.041913668610133986,0.0422683635160258,0.04262710572676809,0.04299001383624261,0.043330278753714875,0.04367475139253057,0.044023557187407615,0.04437683684130794,0.04473474563344397,0.04509745308605339,0.045465142917264036,0.04583801323061045,0.046216276908143394,0.04660016218593601,0.046989913399657676,0.04738579189477137,0.04778807710150351,0.04819706777951597,0.04861308344153603,0.04903646596933665,0.04946758143962706,0.04990682218180604,0.05035460909432459,0.05081139425179075,0.050765908611749684,0.05072348587338021,0.05068392877125534,0.05064705840288686,0.0506127122006496,0.05058074216863428,0.05055101334498604,0.050523402456861315,0.05049779674050157,0.05047409290332401,0.05045219620855348,0.05043201966591644,0.0504134833144069,0.05039651358520679,0.05038104273457823,0.05036700833800011,0.05035435283804808,0.05034302313955148,0.05033297024643978,0.050324148935435874
2026-04-10,0.03685827093673421,0.036660097152757275,0.03721082393232913,0.03776410255037725,0.03770861626290726,0.03765446594295236,0.03801685058024799,0.038380961312904534,0.038747225435480634,0.039115950065502156,0.03959619621622497,0.0400800172430324,0.04056778163129869,0.04105982427814154,0.04140362610612592,0.04175118385243494,0.04210256474452687,0.042457858909588614,0.04281717560728865,0.043180640770199306,0.043515209290372614,0.04385392397893074,0.04419690589166865,0.04454429115534609,0.04489623024088828,0.0452528875957868,0.04561444156200122,0.0459810845290664,0.04635302328858364,0.04673047956817763,0.047113690731870494,0.04750291064068092,0.04789841067279001,0.04830048090731243,0.04870943147992448,0.04912559412259215,0.049549323903634576,0.049981001188528815,0.05042103384639166,0.050869859732133184,0.0508253251746989,0.0507838089853546,0.05074511705695526,0.050709073360298215,0.05067551794779431,0.05064430521792951,0.05061530240169131,0.050588388238605335,0.05056345181531153,0.05054039154394013,0.050519114261116646,0.05049953443137422,0.050481573441201806,0.05046515897199716,0.05045022444190108,0.05043670850792242,0.05042455462096931,0.050413710627422344,0.05040412841174899,0.05039576357539313
2026-04-13,0.037054609227767085,0.036658281295940835,0.03705955111353597,0.037462250692417084,0.03751022814652456,0.03755937876084178,0.03789531084003434,0.038232949657454426,0.03857264330129399,0.03891464513885141,0.03939509891427772,0.039879049111261076,0.04036687663852127,0.04085892493868395,0.041221874201659445,0.04158866001598197,0.041959382375260625,0.042334160365961625,0.04271312965891836,0.043096440955821255,0.04343033025439965,0.04376841067891795,0.044110795856638935,0.044457615623460796,0.0448090150610226,0.04516515394663896,0.0455262065283579,0.04589236156482858,0.04626382258888603,0.046640808367584476,0.047023553541641235,0.047412309435082775,0.04780734503212314,0.04820894812351568,0.04861742662920627,0.04903311010838485,0.04945635147222298,0.04988752891890156,0.05032704811516082,0.05077534465372866,0.050730718360897535,0.05068911355941488,0.050650335860267424,0.05061420897552992,0.05058057271937241,0.050549281270202126,0.05052020165506234,0.05049321242389157,0.05046820248653549,0.05044507008974289,0.050423721914948656,0.05040407228060115,0.050386042435243514,0.05036955992960333,0.050354558057652904,0.05034097535803839,0.0503287551684839,0.05031784522679719,0.05030819731296944,0.05029976692759581
2026-04-14,0.03695644249154629,0.03675827352686935,0.0370089164078408,0.037260497222470386,0.03725858342724227,0.037257307563756815,0.03754218055907841,0.037828266183559396,0.038115910438888546,0.03840535414459558,0.03891394681681934,0.03942594436281838,0.039941821561563215,0.04046199558995773,0.04082476929509702,0.04119132532740538,0.04156176546357088,0.04193620972181509,0.0423147940395374,0.04269766884653168,0.04303117762479542,0.04336882795273821,0.043710732839445765,0.04405702115229668,0.04440783668570261,0.04476333763154609,0.04512369636603862,0.0454890994943563,0.04585974811309844,0.04623585826405527,0.04661766156271391,0.047005405992541875,0.04739935686214591,0.0477997979274624,0.04820703268558553,0.04862138585097542,0.04904320502884434,0.049472862604693406,0.049910757873440695,0.05035731943652516,0.05032215824217922,0.05029001275983358,0.050260697367272296,0.050234043988214204,0.05020990016318395,0.05018812737273529,0.050168599575473254,0.050151201929582244,0.050135829671677734,0.050122387130989904,0.05011078686033958,0.05010094886822008,0.05009279993866901,0.05008627302758808,0.05008130672582165,0.0500778447806899,0.0500758356688416,0.05007523221427667,0.05007599124622613,0.050078073292287084
2026-04-15,0.03685827093673421,0.036660097152757275,0.036960749309023995,0.03726259641195607,0.03741319389328204,0.03756511199523445,0.03784825625163728,0.038133076268483904,0.038419769598132515,0.038708488239573194,0.03918952693103928,0.03967391933294851,0.04016207353963575,0.040654352080471454,0.041036627981679216,0.041422799046952424,0.04181300272131499,0.04220739084621568,0.04260612866036336,0.04300939432991514,0.043342712036051466,0.04368025526903299,0.04402213156785393,0.04436846559219845,0.04471939796839574,0.045075084591444055,0.045435696284083005,0.045801418744504344,0.04617245273572929,0.04654901448505414,0.046931336273292455,0.04731966720215678,0.04771427413492807,0.04811544281118233,0.048523479141233034,0.04893871069043353,0.04936148836783352,0.04979218833810964,0.05023121418039307,0.050678999322786,0.050634324840617605,0.05059267287704957,0.050553848906976936,0.05051767651626877,0.05048399540158543,0.050452659631481385,0.050423536129894586,0.05039650334960541,0.050371450108543096,0.05034827456615647,0.050326883320641475,0.05030719061077265,0.050289117608540906,0.05027259179084399,0.05025754638018689,0.050243919845784975,0.05023165545767141,0.050220700887432176,0.0502110078500571,0.05020253178213201
2026-04-16,0.03676009456285906,0.036561915959108654,0.037012607116502026,0.03746529034618422,0.037563652794548145,0.037663569567398726,0.03794669917057917,0.03823151798947926,0.03851822104909348,0.03880695891448046,0.03931525155425341,0.03982709131833514,0.040342932170121595,0.04086317712410762,0.04126406182258212,0.04166908004623081,0.04207838473607137,0.04249214410985601,0.04291054076904727,0.04333377133749296,0.04366641897899461,0.04400342340358885,0.04434488071694361,0.04469090641606872,0.04504163381209703,0.04539721300988487,0.045757810319660405,0.046123608013969905,0.046494804369726195,0.0468716139541292,0.04725426812711557,0.04764301574346112,0.048038124045827094,0.04843987974668144,0.04884859030269145,0.049264585390277275,0.049688218595850396,0.05011986933909324,0.050559945052690215,0.051008883647406335,0.050972331477647924,0.05093887422949804,0.05090832138438531,0.05088050043946683,0.05085525492726557,0.05083244269438429,0.050811934400743525,0.05079361220721711,0.05077736862478712,0.05076310550264104,0.05075073313617852,0.05074016947882435,0.05073133944397731,0.0507241742854521,0.05071861104646702,0.050714592068653565,0.050712064553762766,0.050710980171756445,0.05071129470982927,0.05071296775763833
2026-04-17,0.03656372735602488,0.03606825740890358,0.03641978659415592,0.03677231333569392,0.036820830461892204,0.0368703312745863,0.03718030082468702,0.03749177663373132,0.03780507730920635,0.03812043217144841,0.03865513813847027,0.0391935465220713,0.03973614359168017,0.040283362099069256,0.04068304360214037,0.041086887299954536,0.04149502827896428,0.04190762009390494,0.042324832967128814,0.04274685278526481,0.04308472721430047,0.043426978281740865,0.043773704760561014,0.04412502483735819,0.04448107456566497,0.044842006872696454,0.04520799099607303,0.04557921226476714,0.045955872164870314,0.04633818864960871,0.04672639666684035,0.047120748887691036,0.04752151662813689,0.0479289909619938,0.048343484029468496,0.048765330550570696,0.04919488955759393,0.04963254636579767,0.0500787148065985,0.05053383975321417,0.050496846463946574,0.05046295967479935,0.05043198757103319,0.05040375645199057,0.05037810873903773,0.050354901244075274,0.050334003659841434,0.05031529723969464,0.05029867363984088,0.05028403390129754,0.050271287552449695,0.050260351816002,0.0502511509065756,0.05024361540723937,0.05023768171496937,0.05023329154646279,0.05023039149693798,0.050228932645570705,0.05022887020208061,0.05023016318971585
2026-04-20,0.03685827093673421,0.0361646642504643,0.03651678286058702,0.03686960884570017,0.036918303682791295,0.03696792431419434,0.03730399140471961,0.03764166192214178,0.037981304460101985,0.03832318408173944,0.03880327752262987,0.039286799824362714,0.03977413069910128,0.04026561177089529,0.04066627670941596,0.04107097590857584,0.04147986677662574,0.041893120213749725,0.04231092011965005,0.04273346330585119,0.04307183943157252,0.04341454278841161,0.04376167840383823,0.044113369664293474,0.04446975697841871,0.04483099694517372,0.045197261915959686,0.0455687398739739,0.04594563457789331,0.0463281659340793,0.04671657057406995,0.047111102623662665,0.04751203465739779,0.047919658838429836,0.048334288249114864,0.048756258422521695,0.04918592908977987,0.04962368616294808,0.05006994397813989,0.05052514782918521,0.05048835932914921,0.05045466739871144,0.0504238809111705,0.05039582679121342,0.05037034802981826,0.05034730195881759,0.05032655874648123,0.05030800008191871,0.050291518021360046,0.050277013973686675,0.050264397806134765,0.050253587054030935,0.050244506220857334,0.05023708615697662,0.05023126350704565,0.0502269802175739,0.050224183097283936,0.05022282342394655,0.050222856592223385,0.0502242417977817
2026-04-21,0.03695644249154629,0.03656010492111922,0.03701138447873579,0.03746436168118509,0.03756290774375741,0.037662946891782956,0.03794616112038495,0.03823104332858305,0.03851779561701249,0.038806572795973875,0.03928770972298004,0.03977220513074887,0.04026046880675948,0.040752864650481425,0.041135231070082025,0.04152150119143702,0.04191181300332702,0.04230631889240327,0.0427051846540764,0.04310858903074716,0.043435797532979936,0.04376718905344044,0.04410286271841393,0.04444293516037029,0.04478753920550991,0.045136823045705425,0.04549094978749868,0.04585009730366512,0.04621445833582011,0.046584240812957645,0.04695966836285029,0.04734098100233276,0.047728435999605384,0.04812230890750027,0.04852289477162478,0.048930509521785605,0.049345491559375156,0.04976820355768834,0.05019903449663162,0.05063840195816793,0.050594695246887054,0.05055396442064336,0.050516018193624744,0.05048068309611082,0.0504478015070418,0.050417229943600914,0.050388837569546756,0.050362504890409686,0.05033812260887328,0.05031559061793049,0.050294817112921456,0.05027571780646567,0.05025821523271688,0.0502422381293793,0.05022772088760642,0.0502146030613169,0.05020282892864899,0.05019234709928229,0.05018311016220484,0.05017507436922882
2026-04-22,0.03685827093673421,0.036561010395254806,0.03706201110896486,0.03756513176502784,0.03766316341598237,0.03776286244800605,0.038019851618670816,0.03827846503657396,0.03853884325083567,0.03880109926691312,0.039309845826866315,0.03982206202233093,0.04033821959714949,0.040858734259689236,0.04122169430343644,0.04158848950310087,0.04195922009622205,0.04233400535884954,0.04271298111134392,0.043096298174868944,0.04342397214002563,0.043755783466764016,0.04409183707196557,0.04443225440312241,0.044777172320141716,0.045126742416631505,0.045481130684962075,0.04584051745892389,0.04620509758847151,0.046575080815853334,0.046950692333325925,0.04733217351092452,0.047719782789279575,0.04811379673783648,0.04851451128348069,0.04892224311881329,0.049337331303414306,0.049760139075573744,0.05019105589635296,0.05063049975263343,0.05059588278725269,0.05056426099939157,0.05053545048373116,0.05050928473616774,0.05048561274121045,0.05046429730959511,0.050445213628879194,0.05042824799599175,0.05041329670577811,0.05040026507373515,0.05038906657455474,0.050379622080923385,0.05037185918937464,0.050365711621950145,0.05036111869406154,0.05035802484032152,0.05035637919126885,0.05035613519489147,0.050357250277679844,0.05035968554064939
2026-04-23,0.03685827093673421,0.036660097152757275,0.03731086286565859,0.03796475093571643,0.03801038746795678,0.03805798450099374,0.03836699105317542,0.03867787369440156,0.03899085346405438,0.039306102244363844,0.03975979614893759,0.04021681794268687,0.040677512409689004,0.0411421906172914,0.04152518195967315,0.04191207718874459,0.04230302242482812,0.04269817686744437,0.04309771219495425,0.04350181237894718,0.04382336331447493,0.0441490735186948,0.044479036409207855,0.044813363180552325,0.04515218138489435,0.04549563401642853,0.045843878986511426,0.04619708891092821,0.04655545115469208,0.04691916809690181,0.047288457590708294,0.04766355360286145,0.04804470702463944,0.048432186651897136,0.04882628033700669,0.04922729631996172,0.049635564750154904,0.050051439414543486,0.05047529969228139,0.05090755276060296,0.05086446441295381,0.050824326040815396,0.050786948352655646,0.05075215969902121,0.05071980412471196,0.050689739675422396,0.050661836920966076,0.05063597766351386,0.05061205380443158,0.050589966347529415,0.050569624520017245,0.05055094499533837,0.050533851204443404,0.05051827272405897,0.05050414473217051,0.05049140752233716,0.05048000606963369,0.05046988964201,0.050461011451700365,0.050453328342032935
2026-04-24,0.03676009456285906,0.03636373771239179,0.036915040457788977,0.03746858454601486,0.037566295670311126,0.03766577834877803,0.03797461912286695,0.03828533485947635,0.038598138405515646,0.03891319635752802,0.0393937634279958,0.039877807612852756,0.0403657142535154,0.04085782995740493,0.041239925127729844,0.041625979492353145,0.04201612338575751,0.04241050336912016,0.04280928077082429,0.04321263089647654,0.04353976628832431,0.04387111323825732,0.04420676894948581,0.04454684856657599,0.04489148378560832,0.04524082196754588,0.04559502564270859,0.04595427232847703,0.0463187546062657,0.046688680420889694,0.04706427357796606,0.047445774424431264,0.047833440704628596,0.04822754859041865,0.04862839388888869,0.049036293435845396,0.049451586687651775,0.04987463752834184,0.05030583631351685,0.05074560217748271,0.050710599989966965,0.05067861362034766,0.050649457831934065,0.050622964914510786,0.05059898275798298,0.050577373178038176,0.05055801045632287,0.050540780063883566,0.05052557754172581,0.05051230751653014,0.05050088283301024,0.050491223787249476,0.05048325744771764,0.05047691705264242,0.05047214147405955,0.050468874740250004,0.05046706560943866,0.050466667188614533,0.05046763659216746,0.05046993463574613
2026-04-27,0.03685827093673421,0.036561010395254806,0.037011995767330795,0.037464825990676395,0.03771627102668913,0.03796983364500686,0.03825143460727232,0.03853513773846879,0.038821006346005694,0.0391091122155869,0.039644312666457376,0.04018337123304777,0.04072676977433749,0.04127493978390871,0.04165609984799141,0.04204142176493531,0.04243100864973178,0.042824986405320176,0.04322350058017197,0.04362671440448771,0.04395363444987631,0.04428487286841555,0.04462052013190567,0.04496068623564434,0.045305499030955015,0.045655103128847456,0.04600965924555492,0.04636934389988508,0.046734349399669924,0.047104884074099955,0.04748117272297113,0.04786345726457165,0.0482519975722373,0.04864707249631183,0.049048981073918384,0.04945804393399756,0.04987460490981105,0.050299032875801834,0.050731723830566566,0.05117310325293718,0.05112837382594301,0.05108667606535683,0.05104781513628508,0.05101161435564023,0.05097791318789043,0.05094656550264428,0.050917438055089775,0.05089040915680366,0.05086536750975251,0.050842211180654975,0.05082084669645801,0.050801188244640666,0.0507831569645189,0.05076668031777404,0.0507516915281411,0.050738129081632284,0.05072593627988211,0.05071506084022441,0.05070545453697861,0.0506970728791607
2026-04-28,0.03685827093673421,0.03675918399975511,0.03740965926785604,0.038063411054794404,0.038159957646383746,0.03825868057033586,0.03854111468832993,0.03882547128004634,0.03911187940890329,0.0394004505632663,0.039908971469588876,0.04042113740646304,0.04093739768729103,0.04145815306603332,0.04182114122024784,0.04218807670983984,0.042559051776103675,0.04293418017015302,0.04331359406632982,0.04369744210950176,0.044019312589147826,0.04434535312127109,0.04467565910120297,0.04501034358678821,0.04534953591999105,0.0456933808445477,0.0460420380088841,0.046395681777298615,0.04675450129599774,0.047118700777419836,0.04748849997861291,0.04786413485872172,0.04824585840788156,0.048633941645696226,0.049028674792482754,0.049430368620954464,0.04983935600026024,0.05025599364852534,0.05068066411444356,0.051113778013232414,0.051070462814201883,0.0510301111270893,0.050992532850799244,0.0509575556050941,0.05092502277420756,0.050894791806049035,0.05086673272894842,0.05084072685423246,0.050816665638101804,0.050794449680523816,0.050773987842352056,0.05075519646477551,0.05073799867760039,0.050722323784868406,0.050708106717987686,0.05069528754795778,0.050683811049451785,0.050673626310518735,0.05066468638251537,0.05065694796559671
2026-04-29,0.03695644249154629,0.0371546118190418,0.03800431244387204,0.03885896178834332,0.03895341747950296,0.03905076873868772,0.03933242700113731,0.03961628090688393,0.03990238423945898,0.040190803997576206,0.04067241309099681,0.04115760245488989,0.04164677025236185,0.04214027437941481,0.04248509922175373,0.04283374946584186,0.0431863003828801,0.04354284953417783,0.043903513260487775,0.044268424410948415,0.04458560645586717,0.044906878871523365,0.04523234161625919,0.045562111064947224,0.04589631884343232,0.04623511110618865,0.04657864815967487,0.046927104363798475,0.04728066826482756,0.04763954292805906,0.04800394644953912,0.04837411263444221,0.04875029183622798,0.04913275195601819,0.04952177960620894,0.0499176814464668,0.0503207857042067,0.05073144389561327,0.05115003276742267,0.05157695648420123,0.05152534018435792,0.05147663363199289,0.05143064211817908,0.05138718884596558,0.05134611294579534,0.05130726774994411,0.05127051928740881,0.051235744967101426,0.051202832422453305,0.05117167849483804,0.05114218833676493,0.05111427461872619,0.05108785682601321,0.051062860633845825,0.05103921735085321,0.0510168634223691,0.050995739986201945,0.050975792474553555,0.05095697025661777,0.05093922631711989
2026-04-30,0.03676009456285906,0.03685918399983825,0.037659149856775986,0.038463579896444625,0.038609653352961223,0.03875860593920683,0.03903989747688913,0.03932344723422876,0.03960928223544847,0.03989745316889356,0.04037871078310706,0.040863543620693034,0.04135234254200172,0.0418454597310788,0.04220915919757541,0.04257679140799663,0.0429484589430799,0.04332428405535493,0.04370440610473691,0.04408897997500894,0.04441772938406233,0.04475072529650177,0.04508807587910189,0.04542990640772626,0.04577635812807237,0.04612758757017223,0.04648376621836395,0.046845080468868504,0.04721173182841472,0.04758393732264193,0.04796193009427977,0.04834596017968088,0.04873629545906661,0.04913322278145785,0.049537049270151595,0.04994810381909886,0.050366738794905185,0.050793331963626454,0.051228288666269335,0.051672044272115504,0.0516181349698192,0.05156724525124251,0.05151917276081686,0.05147373375053348,0.05143076101808656,0.05139010211411731,0.051351617778486014,0.05131518057217676,0.05128067367689386,0.05124798983887761,0.05121703043715127,0.05118770465945406,0.05115992877164382,0.0511336254684588,0.05110872329528995,0.05108515613209395,0.051062862731821895,0.05104178630679086,0.0510218741573172,0.05100307733768768
2026-05-01,0.03676009456285906,0.03695827352753596,0.03770791998032006,0.03846188807652908,0.038608294244455096,0.038757468543210084,0.039038914857091656,0.03932258055076538,0.039608505589461405,0.03989674842586562,0.04037806133085861,0.04086294003751842,0.041351777569341955,0.04184492765478349,0.04218951488364623,0.04253790306839577,0.04289016622150016,0.04324640060027782,0.04360672118156289,0.04397125937790649,0.044300602524750335,0.044634112369341186,0.044971905476281104,0.04531411399012374,0.04566088479100833,0.046012379034904946,0.04636877199798187,0.04673025316992165,0.04709702655880075,0.047469311182964026,0.04784734173483992,0.048231369408952174,0.04862166289224233,0.049018509519741446,0.04942221660300075,0.04983311294279036,0.05025155054162996,0.05067790653591905,0.051112585371966224,0.05155602125525195,0.05150254772423587,0.051452072250543504,0.051404393944558244,0.05135933038963258,0.05131671559514,0.05127639821668172,0.051238240003664434,0.051202114441096576,0.05116790555786268,0.051135506878174565,0.05110482049655328,0.05107575625971837,0.05104823104127059,0.05102216809714528,0.05099749649156243,0.05097415058466799,0.05095206957429618,0.05093119708532824,0.05091148080100635,0.05089287213131586
2026-05-04,0.037250928246329744,0.037449083121600765,0.038298780542896906,0.03915346279293683,0.03929893535963101,0.0394475162894549,0.03970260800798984,0.03995995136499399,0.04021950817283599,0.04048128547375983,0.04096346864607452,0.04144919930196847,0.04193889161617402,0.04243291541777613,0.04277813091811538,0.043127176617251455,0.043480132502636014,0.04383710012940725,0.04419819932651685,0.04456356607991474,0.04488741555236114,0.04521543165301151,0.045547725407140166,0.04588442386939348,0.04622566915380031,0.04657161787368576,0.04692244090400385,0.04727832340585945,0.0476394650721028,0.04800608056661519,0.04837840014005697,0.048756670412602426,0.04914115532035072,0.04953213722723107,0.0499299182087194,0.05033482151785256,0.050747193248100016,0.051167404211832204,0.051595852057592394,0.05203296365430708,0.05197979821348928,0.051929619347166986,0.051882227129482296,0.05183744002612777,0.05179509285666303,0.05175503502278529,0.05171712896294995,0.051681248800336484,0.051647279156546023,0.05161511410783246,0.05158465626431128,0.05155581595559589,0.05152851050881254,0.051502663607024365,0.05147820471783744,0.051455068583422914,0.05143319476441905,0.05141252723121825,0.051393013997023375,0.05137460678780827
2026-05-05,0.03715277114587084,0.03735093083807723,0.03815060038826002,0.03895493657485608,0.03915191980519246,0.03935205069505336,0.0396328282823344,0.039916051988361935,0.04020169806042021,0.040489787234253206,0.04094401530810474,0.04140172483397307,0.041863257061862856,0.04232892235764454,0.04265521128986113,0.042985156725653666,0.043318816311628434,0.04365627048635012,0.043997618587126947,0.04434297628728573,0.044661207833342376,0.0449834479467503,0.045309808635109895,0.04564041640225804,0.04597541147415263,0.046314947378364946,0.046659190802980456,0.04700832168398529,0.04736253348655927,0.04772203365745901,0.048087044234388594,0.04845780260493483,0.04883456241297185,0.04921759461489987,0.049607188692013277,0.050003654028955055,0.05040732147181003,0.050818545083091235,0.05123770411483641,0.05166520522541114,0.05160483665188307,0.05154734277233253,0.051492523026714566,0.05144019508771561,0.051390192834894384,0.05134236459306539,0.05129657159556953,0.05125268663963601,0.05121059290639364,0.051170182922480996,0.0511313576438198,0.05109402564510713,0.051058102401062844,0.05102350964753872,0.05099017481232456,0.05095803050693949,0.0509270140719188,0.050897067169140206,0.050868135415608334,0.05084016805386087
2026-05-06,0.037054609227767085,0.03695552710961502,0.03765602714686277,0.03836011283586828,0.03845620488400917,0.03855463306362378,0.03881089150278494,0.03906902865093392,0.03932911449901749,0.039591220312458895,0.04007313322092801,0.04055844484138318,0.04104757812044131,0.04154090765586874,0.04188575105749708,0.04223430732056421,0.04258666035433819,0.0429429137853716,0.04330318807053087,0.04366761865756677,0.04399062597882861,0.044317692050712225,0.04464892639638909,0.04498445382216263,0.045324413512935646,0.04566895851417085,0.04601825551794378,0.0463724848963542,0.046731840943557035,0.04709653230060408,0.04746678254683752,0.04784283094886736,0.048224933363951346,0.04861336329940583,0.04900841313388403,0.0494103955102487,0.04981964491355683,0.05023651945155312,0.0506614028592017,0.051094706753334926,0.05105184619382444,0.05101192723645743,0.05097476130192911,0.050940177393254335,0.050908020154767857,0.05087814818470853,0.05085043256363535,0.050824755567215975,0.05080100953706542,0.050779095887524474,0.050758924229737094,0.05074041159725432,0.05072348175977378,0.0507080646136089,0.0506940956391412,0.050681515416903564,0.05067026919511398,0.05066030650247229,0.05065158080087107,0.0506440491733874
2026-05-07,0.037054609227767085,0.03725277373738178,0.038052444388042894,0.03885677030388957,0.03895165945708584,0.039049299609874175,0.039305105352466806,0.039562947924434315,0.039822853555791855,0.04008486763323886,0.0405669999246323,0.04105260167624648,0.04154209366939399,0.0420358497822632,0.04238093770586648,0.042729798671107586,0.04308251526226382,0.043439190615981324,0.04379994535871166,0.04416491564846832,0.044482159214480746,0.04480346640002087,0.04512893890677866,0.045458694451402104,0.04579286567100228,0.046131599454563944,0.04647505660712583,0.0468234117822559,0.04717685363839817,0.04753558518902375,0.04789982432706449,0.04826980451210056,0.04864577561504663,0.04902800492022952,0.049416778289181,0.04981240149449625,0.050215201735964436,0.05062552935506448,0.051043759768003266,0.05147029564192437,0.05141888935344901,0.05137038210138784,0.051324579889879075,0.05128130656893581,0.051240401857163775,0.05120171962254681,0.05116512638286953,0.051130499993752576,0.05109772849750355,0.051066709110275166,0.05103734732855328,0.051009556138915974,0.05098325531743116,0.050958370807077845,0.05093483416326755,0.050912582058959335,0.050891555842056214,0.0508717011387801,0.050852967497576146,0.050835308068825864
2026-05-08,0.037054609227767085,0.037153691436860745,0.03790362966509648,0.03865776371877031,0.03875320487730632,0.03885120745732043,0.03910722713682655,0.03936521214709539,0.03962520896869073,0.03988727498690061,0.0403420871613125,0.040800159023012976,0.04126186685155389,0.041727545106924654,0.042073135597541125,0.04242237914357022,0.04277537379241613,0.0431322343748178,0.043493090406968936,0.043858084805027654,0.04417537024404904,0.04449665311918905,0.04482203859174243,0.04515164693323102,0.045485612584543124,0.045824083602844484,0.046167221412695,0.046515200803691814,0.046868210135086505,0.047226451720826866,0.04759014237805122,0.0479595141293473,0.04833481505483741,0.04871631029489697,0.049104283208432714,0.04949903669541789,0.04990089469602512,0.05031020388239244,0.050727335562965964,0.05115268782363913,0.05111078961754286,0.051071787941202776,0.05103549741146551,0.05100174993908637,0.05097039281985733,0.05094128707513147,0.050914306004616015,0.050889333920494,0.05086626503698724,0.05084500249361604,0.050825457493822286,0.050807548543444575,0.05079120077587589,0.050776345352685805,0.050762918930123024,0.05075086318328265,0.05074012438087802,0.050730653004530876,0.05072240340732007,0.05071533350703224
2026-05-11,0.03734908052961713,0.037547230588425365,0.038346897941904816,0.03915125467797304,0.03919505214330264,0.03924143969647383,0.039523898121215255,0.03980837104347915,0.0400949765476592,0.040383820382920516,0.04083858671418914,0.0412967225065835,0.041758592077967435,0.04222452211101001,0.0425510821923835,0.042881246463674506,0.04321507998872916,0.04355266887089685,0.043894116812687234,0.04423954286930057,0.04455783289995132,0.04488010502486338,0.04520647295716442,0.04553706451073781,0.04587202089592779,0.04621149635182811,0.046555658045259116,0.046904686188573366,0.0472587743439106,0.04761812989267989,0.047982974657329924,0.04835354566883075,0.048730096078388324,0.04911289621619445,0.049502234803810954,0.04989842033033917,0.050301782606031534,0.05071267451062642,0.05113147395757935,0.051558586099676375,0.05150741279975915,0.05145912802749507,0.05141353855125471,0.051370468917001186,0.051329759478636924,0.05129126468542447,0.051254851588199146,0.051220398532471824,0.05118779401172856,0.05115693565850536,0.051127729354333254,0.051100088442557784,0.05107393303045162,0.051049189369051506,0.05102578930083305,0.05100366976675064,0.05098277236535777,0.050963042957729424,0.050944431312758665,0.05092689078812435
2026-05-12,0.03734908052961713,0.03764630575652124,0.038645802127274656,0.03965140297207923,0.03969324526110883,0.039738336387571425,0.04002003083129455,0.04030398066075614,0.04059023358098088,0.04087885354670984,0.041333683983149676,0.04179197519717808,0.04225408384328056,0.04272033190446018,0.043027860918169895,0.043338940824983206,0.04365360471918013,0.04397191087526345,0.04429393800705411,0.04461978209115532,0.04494538188225076,0.045274998169608956,0.04560876273306006,0.04594681999835243,0.04628932675031918,0.04663645209893949,0.04698837765159152,0.04734529786040994,0.047707420524744235,0.048074967436834405,0.048448175164987596,0.04882729597343315,0.04921259888211911,0.04960437087331915,0.05000291825528923,0.0504085681965407,0.05082167044773953,0.051242599271946236,0.05167175560802051,0.05210956949667669,0.052056918310475035,0.052007229722988726,0.051960305510604425,0.051915965687677555,0.05187404648595543,0.05183439859772449,0.05179688564340991,0.05176138283090014,0.051727775779213,0.05169595948350178,0.05166583740200721,0.05163732064854625,0.05161032727660457,0.051584781643165184,0.05156061384213108,0.05153775919864949,0.05151615781686562,0.051495754174664225,0.05147649675983173,0.05145833774281332
2026-05-13,0.03734908052961713,0.037547230588425365,0.03849698885252626,0.03945237090892804,0.039545861640907745,0.03964258620834201,0.03995001340182892,0.04025988466305651,0.040572266260617953,0.04088723873581279,0.04131409448333358,0.04174435085607409,0.04217829189933902,0.042616180716922865,0.04294315399638397,0.04327374782541702,0.04360803138593607,0.0439460943869045,0.04428804379101401,0.04463400168806112,0.04496531866617203,0.04530076006159393,0.045640459909394686,0.0459845656855306,0.04633323795598146,0.046686650303190094,0.047044989477925604,0.047408455741943197,0.047777263379055995,0.04815164136119143,0.04853183416280254,0.048918102722389126,0.04931072555437296,0.049710000018526206,0.05011624375784506,0.05052979631940276,0.05095102097648447,0.05138030677436304,0.051818070826577016,0.05226476089368827,0.05220166640100898,0.05214157640798108,0.05208428129834983,0.05202959051188365,0.051977330427038185,0.0519273425197947,0.05187948175754029,0.05183361519371315,0.05178962073453201,0.0517473860537181,0.05170680763489692,0.05166778992449193,0.05163024458051733,0.05159408980483807,0.05155924974827443,0.0515256539794452,0.05149323700952227,0.05146193786614838,0.05143169971068551,0.05140246949373804
2026-05-14,0.037250928246329744,0.037548160697573565,0.03859769389153817,0.03965364014130604,0.039848284693097494,0.04004689580545725,0.0402745273646302,0.04050470363056362,0.04073721903703225,0.04097197588400307,0.04139997959029566,0.04183120816335054,0.04226598854065012,0.04270461459472292,0.04303223904420804,0.043363417578693254,0.043698232768234674,0.04403678483037251,0.04437918912225755,0.04472557455054023,0.04503850458698616,0.04535537929396394,0.04567630978126957,0.04600142110877395,0.046330851567622455,0.04666475229686035,0.04700328716536424,0.04734663287098615,0.04769497922428069,0.048048529595319925,0.04840750151035037,0.048772127391369165,0.04914265543674554,0.04951935064523584,0.049902495989465986,0.05029239374842272,0.05068936701190024,0.051093761373350775,0.05150594683133635,0.05192631992391448,0.051875726179113416,0.051827995817869954,0.051782937490431405,0.051740377458451614,0.051700157643975606,0.051662133933073486,0.05162617469620274,0.051592159493698116,0.051559977939948286,0.05152952870404874,0.05150071862820523,0.05147346194804204,0.05144767960136306,0.05142329861390537,0.0514002515522926,0.051378476035795324,0.05135791429968259,0.05133851280394564,0.05132022188201732,0.05130299542482843
2026-05-15,0.03734908052961713,0.03784445637252867,0.03919364362256524,0.04055161365965098,0.040794381369435494,0.041042376219956926,0.0413464779989412,0.04165400939962532,0.041964738740184304,0.04227856917503863,0.04273244181041554,0.04319022568907078,0.04365221157683051,0.04411867662028975,0.04440664921431657,0.044698321716806065,0.04499367400869862,0.045292720921331575,0.04559550478564261,0.0459020903458696,0.046223056213518084,0.04654809834294424,0.046877347034187354,0.04721094577915343,0.04754905089491497,0.04789183143113507,0.048239469299747526,0.04859215959216012,0.048950111061392444,0.04931354675542694,0.04968270479476074,0.05005783929244067,0.05043922141925284,0.050827140620584084,0.051221905995038584,0.05162384784838836,0.052033319440031124,0.052450698942981176,0.05287639164267453,0.0533108324046902,0.05323008040134573,0.05315225713240642,0.05307714170516699,0.05300453293188729,0.052934247132911665,0.052866116226244604,0.05279998606092165,0.05273571495862341,0.05267317243378609,0.05261223806722132,0.05255280051217765,0.052494756615017894,0.052438010635377105,0.05238247355290855,0.05232806244960094,0.05227469995822332,0.05222231376878099,0.05217083618598443,0.052120203731683135,0.052070356787022785
2026-05-18,0.03734908052961713,0.03774538101772699,0.03904481634067853,0.04035252181745191,0.04069812156545401,0.04104918489389938,0.04137849338026812,0.04171157944195631,0.042048183358357326,0.04238819754616915,0.04281381694504613,0.04324333614316547,0.04367696216761342,0.04411490529401625,0.04444165590033633,0.04477231843097096,0.04510693753700268,0.04544558541345012,0.04578835680501484,0.04613536568634906,0.04644257382057568,0.04675390346479495,0.04706945033424392,0.04738932704804507,0.0477136618555653,0.04804259782965314,0.04837629242295806,0.04871491731523738,0.049058658501704204,0.049407716588290115,0.049762307271284396,0.050122661987547015,0.050489028728309404,0.0508616730151202,0.05124087904121581,0.05162695098583979,0.052020214513052394,0.05242101847057696,0.052829736808403374,0.05324677074138288,0.05318588883701883,0.05312790607095782,0.05307262017773685,0.05301984727966229,0.052969419843724386,0.05292118490500116,0.05287500251686192,0.05283074439489513,0.05278829272688618,0.05274753912559758,0.05270838370475168,0.05267073426163063,0.05263450555221223,0.05259961864684638,0.05256600035622111,0.05253358271883247,0.05250230254240481,0.052472100992750535,0.05244292322444046,0.05241471804840739
2026-05-19,0.03734908052961713,0.037943531821412864,0.03944257008470566,0.04095162606666427,0.04129517984511368,0.04164493865181898,0.041947212566066074,0.04225343976818731,0.042563227210181645,0.042876381834356984,0.043357425669137105,0.043842734788922845,0.04433262724692984,0.04482740837799359,0.04513393999178903,0.045444497748923694,0.045759066422045705,0.046077668741124705,0.046400357449714616,0.04672720990077701,0.04702879684405909,0.047334504909855794,0.04764442360192797,0.047958659868209415,0.04827733668155466,0.048600592117176156,0.04892857881480272,0.04926146374756838,0.04959942824334624,0.049942668221143786,0.050291394617517714,0.05064583398722966,0.051006229269548876,0.05137284071740064,0.05174594699144686,0.052125846425524605,0.0525128584739281,0.05290732535502009,0.05330961390978354,0.053720117698350854,0.053650399117629095,0.053583537605552414,0.05351932519809133,0.05345757262835409,0.053398107244368484,0.053340771198362794,0.05328541986710925,0.05323192046963162,0.053180150854081544,0.05312999843009894,0.05308135922668691,0.0530341370587042,0.05298824278762918,0.05294359366437322,0.05290011274370115,0.05285772836130675,0.052816373665848244,0.05277598619931053,0.052736507519959654,0.052697882862920556
2026-05-20,0.03715277114587084,0.03754909089888605,0.038798488532731726,0.040055776014578916,0.0404018453431069,0.04075319242119597,0.0410304350690523,0.04131114881437134,0.041594996146638114,0.041881810778419175,0.04233571413975515,0.042793441166772785,0.04325529195599779,0.0437215496782121,0.04404800009006096,0.044378330787551795,0.04471258485187298,0.04505083283755469,0.045393167763025134,0.0457397017771262,0.046046480869549024,0.04635734231592437,0.04667238029441726,0.04699170571822676,0.04731544496044138,0.04764373904265725,0.04797674318396399,0.0483146266384352,0.0486575727712824,0.049005779339553183,0.04935945895476147,0.04971883971350182,0.050084165988849336,0.050455699380822436,0.05083371982883881,0.05121852689326045,0.051610441217055575,0.05200980618250913,0.05241698978197082,0.052832386726004155,0.05278119410320658,0.052732899516881364,0.05268730950628934,0.052644248425724946,0.052603556471291904,0.05256508796523963,0.05252870985950709,0.05249430042651179,0.0524617481104415,0.05243095051658441,0.05240181351975815,0.05237425047581171,0.052348181522593636,0.052323532958796284,0.052300236690771516,0.052278229738829056,0.052257453795719666,0.05223785483101334,0.05221938273593458,0.05220199100394299
2026-05-21,0.03744722799620492,0.03794259180091421,0.039191687810026986,0.04044889281195422,0.04069256765064547,0.04094115991739634,0.041245671023899144,0.04155349820605534,0.041864445432328756,0.042178437146643474,0.04260500071482003,0.04303526504643317,0.043469477856111285,0.043907878178804274,0.044196558091232574,0.044488816128487374,0.044784650404652716,0.04508408974873774,0.0453871873545067,0.0456940164633929,0.04599628269921769,0.046302405401203936,0.046612491760516336,0.04692666239267002,0.04724505063397297,0.047567802160886775,0.04789507486438701,0.04822703893265808,0.04856387711037098,0.048905785113512026,0.049252972186659735,0.04960566179566554,0.04996409245351177,0.05032851868112887,0.05069921210846718,0.051076462724367985,0.05146058028694419,0.051851895909418674,0.05225076383980957,0.052657563456632285,0.05260822590213385,0.052561696846042026,0.05251778902664733,0.05247633243203738,0.05243717238961855,0.05240016790501241,0.052365190213191554,0.0523321215109103,0.05230085384453648,0.05227128813153469,0.052243333297263585,0.05221690551157027,0.05219192751200811,0.05216832800245605,0.052146041117549384,0.05212500594470352,0.052105166096664796,0.052086469328498086,0.05206886719374658,0.05205231473520188
2026-05-22,0.0375453706465673,0.03823886377980884,0.03958745297426745,0.040945198304022136,0.041187695862503655,0.04143553831247072,0.04166118035273293,0.041889978830228755,0.04212154701287487,0.04235567947769174,0.042729140161553825,0.043105722632470395,0.04348564183954676,0.04386910049152581,0.04414082903894772,0.044415728002283016,0.04469381823825221,0.04497514305536304,0.04525976381438188,0.04554775695688683,0.045839211995247486,0.04613423016803672,0.04643292356887339,0.04673541462181991,0.047041835818275625,0.0473523296578054,0.047667048753843935,0.04798615607796059,0.04830982532537086,0.048638241390917984,0.048971600949653304,0.049310113139971405,0.04965400035037722,0.050003499113644996,0.05035886111456102,0.050720354319769706,0.051088264240582534,0.051462895342061714,0.05184457261434982,0.052233643325173676,0.05218744566759462,0.05214390410063861,0.05210284187140937,0.05206409851694123,0.05202752806021537,0.051992997441654316,0.05196038515102984,0.05192958003056255,0.05190048022476379,0.05187299225648189,0.051847030211836606,0.05182251501939071,0.051799373811118,0.05177753935457216,0.051756949547200205,0.051737546965040584,0.05171927845913314,0.05170209479389083,0.05168595032246149,0.051670802694772075
2026-05-26,0.037643508481175265,0.03784164409343182,0.03879139937075776,0.039746818563083826,0.040197902423208746,0.040653780791005706,0.04087895961037886,0.041107346471533045,0.04133852446491859,0.04157226950085266,0.04194511308616404,0.04232104851423013,0.04270028017564956,0.04308300227965044,0.04339260934738267,0.043705565885855224,0.04402194687224585,0.04434184351571057,0.044665360899322694,0.04499261647402721,0.04530076243679333,0.045612716798459595,0.045928597289743134,0.04624853367745003,0.04657266736528468,0.046901151250044314,0.04723414978309831,0.04757183920326063,0.04791440791859711,0.04826205702300727,0.04861500093963358,0.04897346818799075,0.049337702275646614,0.04970796271866509,0.05008452619807999,0.050467687862596276,0.05085776279065886,0.05125508762812052,0.051660022421101494,0.0520729526673851,0.05201453642412782,0.05195890190673996,0.05190585504132362,0.05185521939706257,0.05180683422587979,0.051760552757791914,0.05171624071387799,0.051673775005127154,0.051633042590611036,0.05159393947267556,0.0515563698103454,0.051520245135027926,0.05148548365500548,0.05145200963720606,0.05141975285641754,0.05138864810351431,0.05135863474544981,0.05132965633076683,0.05130166023522568,0.0512745973428692
2026-05-27,0.0375453706465673,0.03764444081391292,0.03864452482440866,0.03965041892554906,0.04010116886349746,0.04055681250938308,0.040755716981707046,0.04095776284300228,0.04116247418128381,0.04136958700338575,0.04177015402303379,0.04217387295533472,0.042581012605248464,0.04299181922053286,0.043281746619931075,0.04357495293761291,0.04387147480268165,0.04417137020104968,0.04447471452727348,0.044781597943579304,0.04509003781860076,0.045402217418614,0.045718260007995996,0.04603829974870993,0.04636248151103062,0.04669096088948311,0.047023904386701336,0.04736148974043477,0.047703906377819114,0.04805135598753693,0.04840405320543399,0.04876222641307471,0.049126118651980986,0.049495988659170494,0.0498721120322833,0.050254782535210346,0.05064431355784026,0.05104103974643151,0.05144531882430341,0.05185753362613538,0.05179961289810512,0.05174445029998104,0.0516918534040953,0.05164164727620437,0.05159367253177525,0.05154778364579957,0.051503847478376046,0.05146174198459517,0.05142135508239718,0.05138258365628714,0.05134533267825982,0.05130951443015663,0.051275047814057347,0.051241857739295044,0.05120987457634232,0.051179033669209305,0.05114927489916868,0.05112054229361224,0.05109278367468482,0.051065950343054965
2026-05-28,0.0375453706465673,0.03764444081391292,0.03859449273706126,0.03955003423133627,0.03995010944776481,0.040354678364364335,0.04055438863912751,0.04075702401726513,0.04096217779504832,0.04116962738353835,0.041543044838096725,0.04191938993899171,0.042298896169504455,0.04268177804075395,0.042972391219352604,0.043266149146887,0.043563107362886634,0.04386333829689412,0.04416692847577625,0.044473976689847386,0.04478251067129303,0.045094715281861326,0.04541071779153088,0.04573065538498298,0.046054675143007,0.046382934187219435,0.046715599961374914,0.04705285063200869,0.047394875597922714,0.04774187610304778,0.04809406595109165,0.04845167232352427,0.048814936705141275,0.04918411592388292,0.049559483313921786,0.049941330013389656,0.05032996641059138,0.05072572375525175,0.05112895595435153,0.05154004157553389,0.05148272577395405,0.051428139296258966,0.0513760917245032,0.0513264099514636,0.05127893625722574,0.051233526636650414,0.05119004934035488,0.05114838359807166,0.0511084184983306,0.051070052002579205,0.051033190075288636,0.050997745914432326,0.05096363926908002,0.05093079583281486,0.050899146703322955,0.05086862789988433,0.05083917993165408,0.05081074741060419,0.0507832787038272,0.0507567256206094
2026-05-29,0.03744722799620492,0.037546300571427826,0.038496352689909565,0.03945188140834982,0.039851957021211276,0.04025651517220508,0.040430129286509735,0.04060656505290131,0.040785371595252085,0.04096629574749196,0.04134016112087461,0.041716844831195886,0.04209660117895352,0.04247965930591792,0.04280876168571703,0.04314119290087441,0.043477071461322764,0.04381652531794182,0.04415969149678673,0.0445067160068489,0.04481398166775645,0.04512504143582777,0.04544000686752648,0.045759002077418905,0.04608216319285451,0.046409638093702583,0.04674158637888174,0.04707817951989638,0.047419601174583235,0.047766047643644415,0.04811772845951049,0.04847486710244009,0.0488377018430679,0.04920648671423957,0.04958149261819191,0.049963008578158885,0.050351343146465985,0.05074682598426024,0.05114980963133315,0.051560671488153395,0.05151180993445116,0.05146572682718003,0.05142223663109868,0.0513811708896903,0.05134237633319212,0.0513057132335679,0.05127105396964953,0.05123828177180407,0.05120728962048471,0.05117797927712787,0.05115026042923691,0.05112404993428721,0.051099271149406315,0.05107585333571672,0.05105373112784472,0.051032844060456,0.05101313614482125,0.0509945554893803,0.05097705395909147,0.05096058686904817
2026-06-01,0.0375453706465673,0.03794165187355294,0.03904092007554668,0.04014713906631447,0.040341175093022166,0.04053940824688212,0.04076681648636972,0.04099686568097767,0.041229326271684956,0.04146408650717166,0.041837687515896484,0.042214235344289495,0.042593965570295295,0.0429770945553238,0.04324870809730167,0.04352337676666104,0.04380112866258226,0.044082012009266355,0.04436609131585377,0.04465344479210827,0.044956659861788456,0.04526344257845399,0.045573921171941124,0.04588823274374604,0.046206523388523706,0.04652894843984892,0.04685567282286928,0.04718687150316591,0.04752273002597926,0.04786344514360899,0.048209225531681145,0.04856029259738042,0.048916881384869916,0.04927924158511188,0.04964763865926788,0.05002235508689456,0.050403691752334126,0.050791969485112415,0.05118753077287698,0.0515907416685225,0.051534568989424864,0.051481071199808076,0.05143006167947579,0.05138137077370406,0.051334843908188856,0.05129033994986997,0.05124772977701146,0.05120689502802206,0.05116772700348119,0.051130125699921966,0.05109399895728665,0.05105926170475266,0.05102583529193694,0.050993646894410716,0.05096262898406724,0.05093271885623602,0.050903858206574344,0.050875992751728584,0.05084907188857252,0.05082304838752163
2026-06-02,0.03744722799620492,0.03784351885328042,0.03899282816295113,0.04014940468280677,0.040342997289149404,0.04054093500169229,0.04074203248426781,0.04094572165829824,0.0411517097960887,0.041359842812989475,0.041733879439740926,0.0421107723627045,0.042490775812602695,0.04287411935237117,0.0431459480674378,0.043420789969576344,0.04369867908287577,0.043979668159531714,0.0442638252014814,0.04455123112879186,0.04484822304334361,0.045148709431668425,0.04545281114070674,0.04576065796839576,0.0460723886795224,0.04638815116152607,0.0467081026978232,0.04703241034422283,0.04736125139973269,0.04769481396730122,0.04803329760332499,0.048376914057409307,0.04872588810614799,0.04908045848674762,0.049440878938296184,0.04980741936046097,0.05018036710148477,0.050560028389609504,0.050946729924570874,0.051340820648658705,0.05128598406786216,0.051233758752817826,0.05118396252219414,0.05113642975659882,0.051091009558363314,0.051047564151355404,0.05100596748507126,0.05096610401321561,0.05092786762184387,0.05089116068612699,0.05085589323808529,0.050821982230352884,0.050789350883289626,0.050757928104636134,0.050727647972479084,0.05069844927361339,0.05067027509049738,0.05064307243093708,0.050616791895429676,0.050591387377772516
2026-06-03,0.03744722799620492,0.038041664842866564,0.03924042179939655,0.040447112024671654,0.04074225783794863,0.04104242388791408,0.04121590776505155,0.041392295973780364,0.04157112010755156,0.04175211689420497,0.04209908557251163,0.042448776136887495,0.04280140156042332,0.043157156497461165,0.04342987585351842,0.04370553760224252,0.04398419249798945,0.04426590653602507,0.04455075840881999,0.04483883783013348,0.04513649693357279,0.04543764322995324,0.04574240307442566,0.04605091113818266,0.046363310574171465,0.04667975329035298,0.0470004003167269,0.047325422257904606,0.047654999827062,0.04798932446018533,0.04832859901198195,0.04867303853690548,0.04902287116060431,0.04937833904886789,0.04973969948291067,0.05010722605167577,0.050481209973832264,0.050861961564348065,0.05124981186301701,0.05164511444518066,0.051581051615426816,0.05151959050300556,0.05146054161505336,0.0514037324998514,0.05134900584930597,0.05129621784885513,0.05124523673794927,0.05119594155039669,0.05114822100887795,0.051101972552045336,0.05105710147600794,0.05101352017480423,0.050971147466787825,0.050929907995788434,0.05088973169753119,0.05085055332315659,0.05081231201282786,0.05077495091338102,0.05073841683479141,0.050702659940928284
2026-06-04,0.03744722799620492,0.03784351885328042,0.03899282816295113,0.04014940468280677,0.04039410620578641,0.04064336176645624,0.04084386761439536,0.04104712060750588,0.04125277764898164,0.041460654493468724,0.04183453529860968,0.042211315545246514,0.04259124170968963,0.04297453793587839,0.043246303225625435,0.043521104217463746,0.043798972419115165,0.04407995870480567,0.044364129674719234,0.04465156521035,0.04494860495718593,0.04524915366523375,0.04555333185891608,0.04586126916457566,0.046173104303981,0.0464889852336855,0.04680906940636552,0.047133524138686246,0.04746252707626705,0.04779626675077333,0.048134943227594096,0.048478768845335224,0.048827969050717186,0.04918278333459159,0.04954346627681646,0.04991028870975904,0.05028353901231675,0.050663524548642924,0.05105057326831319,0.051445035487554816,0.05138111281537488,0.05131978650296091,0.05126086749518216,0.05120418374051708,0.051149578297771836,0.05109690768967356,0.05104604046656903,0.05099685594958737,0.05094924312762856,0.050903099686641376,0.05085833115303271,0.050814850135843706,0.05077257565464784,0.05073143254205795,0.050691350911346286,0.050652265681037804,0.050614116149480144,0.050576845613357534,0.050540401024935386,0.05050473268351638
2026-06-05,0.037741641500502965,0.0384351009383512,0.039883777785835614,0.04134236710264826,0.04158388132814212,0.04183109629982918,0.04200402370485728,0.042180045044428495,0.04235863879238061,0.04253951022558505,0.042859339584932474,0.04318182403512338,0.04350712819785356,0.043835407452913165,0.04408991973021922,0.04434723519865782,0.04460739171540023,0.04487044279421463,0.04513645478929867,0.045405505014609084,0.04568603422281972,0.045969850568016016,0.046257069700446164,0.04654781483659955,0.04684221688213317,0.04714041465375512,0.047442555186437176,0.04774879411757451,0.048059296143503266,0.048374235546639714,0.04869379679374997,0.04901817520772053,0.049347577716835414,0.049682223687083374,0.05002234584450734,0.050368191296135276,0.050720022659657416,0.051078119313794086,0.05144277878329224,0.05181431827475014,0.051744337577698064,0.05167679262369339,0.05161149774464371,0.05154828380214172,0.05148699634410088,0.051427494001749376,0.05136964709118543,0.05131333638966452,0.05125845206165804,0.05120489271371809,0.05115256456047106,0.05110138068678237,0.05105126039339402,0.05100212861521612,0.050953915403028946,0.050906555460671916,0.05085998773090901,0.050814155024098556,0.05076900368459308,0.050724483290470745
2026-06-08,0.03793789309520456,0.0381360142651614,0.039636202365520685,0.04114587233162902,0.0414386282246577,0.04173726039069759,0.04193574274123762,0.04213755829696647,0.042342184498399334,0.04254933009665514,0.04289573100447144,0.043245074417294756,0.043597538673792555,0.043953294563147706,0.04420668660675123,0.044463038442222824,0.04472236177699453,0.04498468986623225,0.04525007315208094,0.04551857630225485,0.04580490834265028,0.046094641116708905,0.04638789224233977,0.04668478769030112,0.046985461835144536,0.047290057629813614,0.04759872688477022,0.047911630639454805,0.04822893961886352,0.04855083477172412,0.048877507889623355,0.049209162308773674,0.04954601369811774,0.04988829093929671,0.05023623710576797,0.05059011055013235,0.050950186110600024,0.051316756449551124,0.05169013353940508,0.052070650313569056,0.051999105716540796,0.05193006796118528,0.05186334627538779,0.05179876687603051,0.05173617107447033,0.05167541362904542,0.05161636130782061,0.05155889163091351,0.0515028917667492,0.05144825756069522,0.051394892677909594,0.05134270784502927,0.05129162017764742,0.05124155258246112,0.05119243322458953,0.051144195051918535,0.0510967753694727,0.05105011545777939,0.05100416023001004,0.050958857923377905
2026-06-09,0.037839769705021585,0.038632275906223465,0.03978036799480448,0.04093646231496957,0.041078401208534766,0.04122470153818537,0.041478469925064446,0.0417349830879457,0.04199407093156719,0.04225566276577096,0.04260184444437353,0.04295095890955459,0.04330318067268536,0.043658677462281976,0.04391189025309404,0.04416804532191173,0.04442715341976327,0.044689246839961484,0.04495437504318323,0.045222601684855535,0.045508613435664494,0.04579800158765504,0.046090882446457426,0.046387380612710805,0.046687629022554133,0.04699176911211111,0.04729995108652224,0.047612334281069923,0.0479290876069577,0.04825039007802502,0.048576431417558276,0.04890741274669443,0.04924354735791599,0.04958506157894908,0.049932195734114185,0.05028520521192644,0.05064436164957472,0.05100995424689423,0.051382291224649795,0.051761701444442185,0.05169955717844346,0.0516399224992947,0.05158261429044499,0.05152746589482977,0.05147432528191729,0.051423053453757805,0.051373523054438014,0.05132561715327724,0.05127922817694361,0.05123425696964154,0.05119061196379058,0.05114820844632158,0.051106967907961084,0.05106681746474488,0.05102768934256841,0.05098952041689304,0.050952251800834965,0.05091582847579667,0.0508801989595936,0.05084531500770087
2026-06-10,0.037839769705021585,0.038632275906223465,0.03978036799480448,0.04093646231496957,0.04112952915505335,0.04132716060540798,0.04158033844383835,0.04183641817517386,0.042095179161429776,0.042356520467819604,0.0427025311482683,0.04305151911747721,0.04340365066547847,0.04375908775862279,0.04403145262122329,0.04430689195676897,0.04458544200655924,0.04486715795974697,0.0451521104696251,0.0454403833227159,0.04572579997751412,0.04601468740845329,0.04630715281655513,0.04660331341257615,0.046903296130230254,0.04720723754040482,0.047515283927124556,0.04782759149869155,0.04814432671636176,0.04846566672938672,0.048791799910081625,0.04912292648632634,0.04945925927193744,0.049801024497927164,0.050148462749977356,0.050501830019644034,0.05086139887898261,0.05122745979054251,0.05160032256710812,0.05198031799824526,0.05191757531153948,0.051857369259988746,0.05179951477244337,0.05174384341256903,0.051690201526341926,0.051638448631094916,0.0515884560101382,0.05154010548297359,0.05149328832601746,0.05144790432275971,0.05140386092559282,0.051361072514277364,0.05131945973828056,0.05127894893211422,0.05123947159438142,0.05120096392256733,0.051163366396728145,0.0511266234061764,0.051090682914060964,0.05105549615542044
2026-06-11,0.037741641500502965,0.03813790347014421,0.039137093165820945,0.04014260878681955,0.04033753146777542,0.040536355380024376,0.04076418347492453,0.040994547245836746,0.04122725221569547,0.04146220768186097,0.04180863876212834,0.042157836025291585,0.042509996229747396,0.04286530212907335,0.04311848848941586,0.04337451313741547,0.04363339440268017,0.043895169897255365,0.04415989269434132,0.04442762873985169,0.04472548203633688,0.04502672714884172,0.045331496489315,0.04563992938033565,0.045952172469977653,0.0462683801936828,0.04658871528471123,0.046913349335867896,0.047242463416192544,0.04757624874722866,0.04791490744441043,0.04825865333006824,0.04860771282559209,0.048962325931437636,0.04932274730495037,0.049689247447449736,0.050062114013701434,0.050441653258854656,0.050828191640187884,0.05122207759365538,0.0511588588424993,0.05109820439180005,0.05103992749015106,0.050983858182638224,0.05092984144063934,0.05087773553548946,0.05082741061969055,0.05077874748539851,0.050731636474860585,0.05068597652153043,0.050641674303923224,0.0505986434970342,0.05055680410843418,0.050516081888064925,0.050476407802353906,0.050437717564608235,0.05039995121477577,0.05036305274261516,0.050326969749124324,0.050291653141763586
2026-06-12,0.037839769705021585,0.03823602204740787,0.039385321526275496,0.04054195563656496,0.04068436898397902,0.04083096897257117,0.04105877815719439,0.041289151939384386,0.041521891063185795,0.041756902167147246,0.04210347727432378,0.04245284081624109,0.04280519045181415,0.04316070989910975,0.04341403438413628,0.04367021970409887,0.043929284222708635,0.04419126579223755,0.044456217893212836,0.044724207019908195,0.04501613079484823,0.04531142184867752,0.0456102052402658,0.045912613418995246,0.046218786487168755,0.04652887253915837,0.046843028070540006,0.04716141845388701,0.04748421848045559,0.047811612969010396,0.04814379744471617,0.0484809788925085,0.0488233765907554,0.04917122303240828,0.04952476494228205,0.049884264400651274,0.05025000008505897,0.05062226864415472,0.0510013862195727,0.051387690134388375,0.05132518183420123,0.051265202918658714,0.05120756901405694,0.05115211232490858,0.05109867978793102,0.05104713146674341,0.050997339151422086,0.05094918513303792,0.05090256112817765,0.05085736733245076,0.05081351158527736,0.05077090863097617,0.05072947946343338,0.05068915074351722,0.05064985427997909,0.050611526565905375,0.050574108363897134,0.05053754433409669,0.05050178269997726,0.050466774947489614
2026-06-15,0.037741641500502965,0.03803883783713847,0.03918843674356253,0.0403451889751314,0.04048773806167169,0.04063442025569572,0.040836161201996575,0.041040339705061615,0.041246715837050925,0.04145516725282989,0.041829495408820534,0.0422066472560482,0.042586886695602184,0.0429704503144667,0.04324245822507871,0.043517470779821696,0.0437955249361367,0.04407667580522096,0.0443609933305068,0.04464856006632117,0.04493946969891406,0.04523382608306885,0.04553174264737126,0.045833342071246876,0.04613875616902825,0.046448125937480225,0.04676160173747936,0.04707934359040588,0.04740152157680137,0.04772831632996432,0.04805991962103493,0.04839653503518697,0.048738378741089654,0.049085680358031125,0.04943868392715618,0.04979764899528261,0.050162851821813646,0.05053458672144608,0.05091316755775931,0.05129892940544302,0.05124511456228588,0.051193862330707655,0.05114499392385399,0.05109834680822094,0.05105377289772714,0.051011136983341775,0.05097031536318557,0.05093119464386919,0.05089367068860656,0.050857647691554445,0.050823037361053376,0.05078975819711004,0.05075773485067402,0.05072689755410597,0.050697181613776766,0.05066852695703076,0.05064087772683725,0.05061418191837452,0.050588391052571575,0.05056345988229539
2026-06-16,0.037741641500502965,0.03803883783713847,0.03908836238726566,0.04014437555421866,0.04028785294311292,0.0404351454948794,0.04063729829485062,0.040841771108625115,0.04104836030954803,0.041256965212547556,0.04157671738267487,0.04189895148903177,0.04222384800757379,0.04255157238578354,0.04282485234600487,0.043100916594130685,0.043379835026988556,0.043661688052645184,0.043946565256418754,0.044234564568817844,0.04451955985501936,0.044807846659866805,0.04509953755370105,0.045394753118917275,0.04569362197529345,0.04599628092610119,0.04630287520563385,0.04661355881566094,0.04692849494323269,0.04724785645589659,0.047571826473184683,0.047900599015491624,0.0482343797333806,0.04857338672208189,0.048917851427586284,0.04926801965237245,0.04962415267050975,0.049986528463712966,0.05035544309195203,0.05073121221450409,0.050688179731529615,0.05064764261516291,0.05060943484434513,0.05057340569430196,0.05053941804233478,0.050507346894749616,0.05047707810199331,0.05044850723455501,0.050421538596671846,0.050396084358551446,0.05037206379084922,0.050349402587641263,0.05032803226621002,0.05030788963369117,0.05028891631207809,0.050271058314294716,0.05025426566507177,0.05023849206122481,0.05022369456666563,0.050209833338101674
2026-06-17,0.03872270695723962,0.039415998017250646,0.040514309112702665,0.04162027489937492,0.04176264127864489,0.041909255399746694,0.0420065556529736,0.0421059801933931,0.04220710195924896,0.04230967282312115,0.042577510610641044,0.04284723549164241,0.04311903325397648,0.04339306420704186,0.043611965466273224,0.043833058909829845,0.04405639419209919,0.044282028294726244,0.04451002453080136,0.04474045190814491,0.04501078405853671,0.04528397777099722,0.045560165445439046,0.04583948175536118,0.046122064640233364,0.046408056178624715,0.04669760338309646,0.046990858947262834,0.04728798196824452,0.04758913866286889,0.0478945030926907,0.04820425791074255,0.04851859514157176,0.04883771700537206,0.04916183679674288,0.049491179828720096,0.049825984453168735,0.05016650316938151,0.05051300383378305,0.050865770985003035,0.05080012513620812,0.0507367209487039,0.05067538683760202,0.0506159664852613,0.050558317138664856,0.05050230812880583,0.05044781957901825,0.05039474127470001,0.05034297167137411,0.05029241702172235,0.05024299060526434,0.05019461204686618,0.05014720671234894,0.05010070517120534,0.05005504271788572,0.05001015894433545,0.049965997357492305,0.049922505036320904,0.049879632323696584,0.04983733254907637
2026-06-18,0.03882078703964676,0.03961310083734277,0.04056097379226232,0.04151568570635664,0.04150597511984799,0.04149950139550888,0.041599289790643104,0.04170056535316034,0.041803110514421794,0.04190680272968559,0.04220267207611351,0.04250039821490453,0.04280024196052707,0.04310242165871405,0.04332093200605295,0.04354165001167601,0.04376461922382333,0.043989891702462716,0.044217526700297105,0.04444758979893879,0.044711274511153545,0.04497776244653804,0.045247175225840444,0.045519637372458094,0.045795277092446025,0.04607422697639164,0.04635662465266642,0.046642613414130785,0.0469323428353693,0.047225969394171737,0.04752365710874395,0.04782557820070446,0.04813191379307564,0.04844285465207605,0.048758601981467274,0.049079368278449255,0.049405378260596294,0.049736869874070534,0.05007409539433484,0.0504173226318288,0.05036196205924031,0.050308796804839864,0.05025766606235575,0.05020842346983089,0.05016093550095584,0.05011508006615868,0.05007074529221072,0.05002782845431377,0.049986235038885156,0.049945877918742256,0.04990667662525873,0.049868556704437635,0.04983144914581789,0.04979528987477239,0.049760019300128674,0.049725581910197394,0.049691925911262584,0.04965900290340932,0.049626767589258436,0.04959517751176897
2026-06-22,0.0394091665486709,0.04000331479002652,0.04100182996190407,0.04200726723265575,0.0420483125985973,0.042092905475019766,0.04219194120011156,0.042292673959307775,0.04239482052632826,0.04249821913123611,0.042766780737717294,0.04303713133992493,0.043309482378916436,0.043584012638191415,0.043803344617476585,0.044024836853273436,0.04424854687634803,0.04447453790940418,0.04470287830928616,0.044933641237465224,0.04520433625467521,0.04547789212982796,0.04575444406636161,0.0460341292362993,0.0463170878461313,0.04660346406761729,0.046893406878753416,0.04718707084834305,0.04748461688960975,0.047786213002849874,0.04809203502343887,0.04840226738905516,0.04871710393842828,0.049036748753024,0.049361417052699925,0.04969133615640416,0.05002674651938886,0.05036790285913419,0.05071507538322225,0.05106855113376313,0.051002679173402905,0.050939057019226845,0.0508775123935971,0.050817888344894,0.05076004153825018,0.050703840769157946,0.050649165666757305,0.05059590555914487,0.050543958477559325,0.05049323028000291,0.05044363387790785,0.05039508855197847,0.050347519345433356,0.050300856524617035,0.05025503509840955,0.050209994389086576,0.050165677648315365,0.050122031712841485,0.05007900669516109,0.05003655570510048
2026-06-23,0.039213059277836644,0.03970820659672868,0.040456876877701345,0.04121064199124807,0.0415098434653649,0.041812777081156306,0.04193598927919662,0.042061466228115706,0.042188807971467526,0.042317785596570665,0.042612284689755676,0.042908924081946215,0.04320790604686027,0.043509407466634266,0.043727253714518695,0.04394743785978344,0.0441699850747395,0.0443949333624373,0.044622331116755065,0.04485223547513665,0.045122141921482284,0.04539496795030747,0.04567083989181583,0.045949887450860406,0.04623224448598522,0.04651804971906855,0.0468074474037295,0.04710058797372619,0.047397628687934235,0.04769873428540534,0.048004077661988345,0.04831384057874255,0.04862821441168544,0.048947400952158,0.049271613267184204,0.049601076629590346,0.049936029528310645,0.05027672477022804,0.05062343068608744,0.05097643245449392,0.050910442439142015,0.050846709045518836,0.050785059580206675,0.05072533671566184,0.05066739677657627,0.050611108249683796,0.05055635048373332,0.05050301255189815,0.0504509922534179,0.05040019523498254,0.05035053421542554,0.050301928299821115,0.050254302371180025,0.05020758654968739,0.05016171571088895,0.050116629055459716,0.050072269724224065,0.050028584452968025,0.049985523262326866,0.049943039178658694
2026-06-24,0.03911499843106135,0.039511125705034116,0.04011003395886031,0.04071293222784991,0.0409113762212719,0.04111257933292651,0.041159441583445575,0.04120779000256536,0.04125726322743,0.04130764762582651,0.041604110351819566,0.04190225134416723,0.04220236245497537,0.042504683685495245,0.04274251638706828,0.042982561702480625,0.043224899085711206,0.04346961072867001,0.04371678189973354,0.04396650125122634,0.044235426855605504,0.0445072131743625,0.044781981949732985,0.045059858333550085,0.04534097160329308,0.04562545581820426,0.04591345044063249,0.04620510094161891,0.046500559405634814,0.046799985146654795,0.04710354534597636,0.047411415721106784,0.04772378123444894,0.04804083685031763,0.04836278834892815,0.04868985320637906,0.0490222615502748,0.04936025720149375,0.04970409881371022,0.050054061123639235,0.04999806564467251,0.049944298046004754,0.04989259536756352,0.04984280929355886,0.04979480452172078,0.04974845734517886,0.04970365441531268,0.049660291659181593,0.04961827332944992,0.04957751116825777,0.04953792366939728,0.04949943542556065,0.049461976549423324,0.049425482158990564,0.049389891919028574,0.04935514963156871,0.049321202869458236,0.04928800264776223,0.049255503128525065,0.04922366135500031
2026-06-25,0.03911499843106135,0.03921403010449082,0.039863910695342474,0.04051758525682705,0.040715884599035565,0.04091698031937771,0.04096378324592715,0.04101208361931931,0.04106151560904872,0.04111186287610008,0.04140819146584801,0.0417061948383092,0.042006162301700664,0.04230833187188343,0.04256514604176279,0.042824268242341014,0.04308580328560232,0.043349855672195146,0.0436165308998038,0.04388593646329219,0.044160253656512174,0.044437541205027,0.04471791963098479,0.04500151392766511,0.045288454126243355,0.0455788758428634,0.045872920821369206,0.046170737483783045,0.046472481498511346,0.046778316374943694,0.047088414092354244,0.0474029557706713,0.0477221323906543,0.04804614557125082,0.0483752084123652,0.04870954641193907,0.04904939846712024,0.049395017970387325,0.049746674012822366,0.050104652708310035,0.05004740949386556,0.04999245325280412,0.049939616894940385,0.049888748349679185,0.0498397088935494,0.04979237169581919,0.0497466205497119,0.04970234876215526,0.04965945817941566,0.0496178583295927,0.049577465665934406,0.04953820289739995,0.049499998394946794,0.04946278566372519,0.049426502872791676,0.04939109243515152,0.049356500631948616,0.049322677275474965,0.0492895754063934,0.04925715102118222
2026-06-26,0.039016932776085984,0.03901693277608602,0.03966712506817851,0.04032093768207884,0.040417179784268245,0.04051576277427863,0.040589933840310455,0.0406653547011082,0.040741809316992485,0.040819173288275605,0.04111521541489351,0.04141294152381509,0.04171263379660214,0.04201452490805762,0.042290182853597605,0.04256824901486433,0.042848852160727834,0.043132118084630834,0.04341817179020223,0.04370713912043893,0.043992936914336714,0.044281857793664614,0.04457402864153338,0.04486958150403661,0.045168654148911705,0.04547139061851745,0.04577794179017572,0.046088465954487866,0.046403129420725726,0.04672210715752661,0.04704558347671297,0.04737375276799939,0.04770682029257391,0.04804500304400296,0.04838853068559709,0.04873764657427536,0.04909260888209333,0.04945369182796846,0.04982118703377519,0.050195405020931026,0.05014470075666788,0.05009641098117915,0.05005036724175969,0.050006416399586556,0.04996441892817667,0.04992424743378461,0.049885785364685825,0.04984892588179948,0.0498135708676024,0.04977963005397318,0.049747020252643145,0.04971566467444121,0.049685492325605374,0.04965643747117086,0.0496284391568976,0.049601440782419834,0.049575389719327234,0.04955023696875506,0.04952593685379553,0.04950244674266797
2026-06-29,0.03960525459235951,0.03930819620349598,0.03995932965099489,0.040613638727249615,0.0406079922889047,0.0406042279966747,0.04070582539755097,0.04080842502700624,0.04091196453690593,0.04101641426547194,0.04128521687451349,0.04155558991061389,0.04182777237346732,0.04210196160140828,0.042359242018999856,0.04261874425125774,0.04288058561109659,0.04314488017919513,0.04341174087090391,0.043681280966540996,0.04396188985179635,0.044245474460843294,0.04453216612357785,0.0448220996132681,0.04511541397580324,0.04541225328396516,0.045712767346981015,0.046017112398167324,0.04632545177849083,0.04663795663055582,0.04695480661536328,0.047276190662848445,0.04760230776647034,0.04793336783186093,0.04826959258965334,0.04861121658304354,0.04895848824137124,0.049311671052021964,0.04967104484426366,0.0500369072002553,0.04998768763246134,0.04994081185360997,0.049896116343542386,0.04985345244756877,0.04981268472474954,0.04977368951161812,0.049736353669258236,0.049700573486996684,0.04966625372033764,0.04963330674434497,0.04960165180662651,0.049571214366512614,0.049541925509044515,0.04951372142407526,0.04948654294219577,0.04946033512038341,0.04943504687126623,0.049410630630739284,0.04938704205938275,0.04936423977373809
2026-06-30,0.03970329140520216,0.039406240225811726,0.04020744484415872,0.04101277511356976,0.04105678226967521,0.04110333564625351,0.04120369131767522,0.04130537787272275,0.041408226979424916,0.04151214552355869,0.04180801283891874,0.04210568495480569,0.0424054279366481,0.04270746353892376,0.042964155000195785,0.04322322358614934,0.04348476727100581,0.043748885520415254,0.04401568014552839,0.04428525598677198,0.0445722493977594,0.0448623594471468,0.04515572248303795,0.04545247896178372,0.04575277425880844,0.04605675941939002,0.04636459187695904,0.04667643615995409,0.04699246460394374,0.04731285808289323,0.04763780677166463,0.04796751095080057,0.048302181864163955,0.048642042639973064,0.04898732928610357,0.04933829177118885,0.049695195204017176,0.05005832112499906,0.050427968925081106,0.05080445740943986,0.050735509484147734,0.05066896127244841,0.050604630246761546,0.05054235014495472,0.05048196915691135,0.050423348347562826,0.05036636028116819,0.05031088781749474,0.050256823055343604,0.05020406640279445,0.05015252575677824,0.05010211577726299,0.05005275724355915,0.050004376482101404,0.0499569048566132,0.0499102783128582,0.04986443697127856,0.049819324761743174,0.04977488909541339,0.049731080569398824
2026-07-01,0.03960525459235951,0.039605254592359494,0.04045555366395161,0.041310789871087786,0.041405096300347576,0.04150241669613193,0.04162790455200097,0.04175507391999374,0.04188371654396702,0.042013718422517846,0.042308897263003985,0.042606062437295346,0.042905446612955526,0.04320724811977715,0.043444565369838796,0.04368424766463637,0.043926356256845336,0.04417095963384144,0.04441813270396433,0.044667956299875126,0.04495585277672772,0.04524685170069534,0.045541097039874065,0.04583873595249158,0.04613991980920677,0.04644480510916033,0.04675355432960986,0.047066336738987254,0.04738332919650311,0.047704716956927476,0.048030694496212716,0.04836146637174993,0.04869724812997637,0.04903826727358719,0.04938476430063282,0.049736993828227216,0.05009522581441412,0.050459746892922354,0.05083086183709684,0.051208895171240956,0.05115727628501557,0.0511081154409914,0.051061241147852064,0.05101649750440087,0.050973742467325306,0.05093284634490519,0.0508936904830136,0.05085616611536748,0.050820173354564055,0.05078562030419278,0.05075242227540469,0.05072050109387767,0.05068978448523847,0.05066020552877109,0.05063170217072072,0.05060421678974356,0.050577695808098934,0.05055208934306275,0.05052735089379051,0.05050343705949401
2026-07-02,0.0394091665486709,0.039211117912920306,0.040112060398464676,0.04101790981729496,0.0411120004375508,0.04120916874731792,0.04138673950114058,0.04156620307069352,0.04174743066126255,0.04193036286907998,0.042251591820133154,0.04257515345124027,0.042901275490172454,0.0432301578001484,0.043485265546345506,0.04374301972276779,0.044003477672343354,0.04426670762558534,0.044532787108089764,0.04480180191384858,0.04509466372064919,0.04539082072022916,0.04569040866147297,0.04599356898166614,0.04630044941572305,0.046611204602723263,0.046925996703664256,0.04724499604187028,0.04756838177599381,0.04789634261471804,0.04822907758193109,0.04856679684118209,0.04890972258857859,0.04925809002390164,0.049612148410587996,0.049972162236353375,0.05033841248762352,0.05071119805262545,0.05109083727000828,0.05147766964226167,0.05141533944747085,0.05135552956527161,0.05129805622454253,0.05124275217650704,0.05118946485489652,0.0511380547760164,0.05108839414298403,0.05104036562436239,0.050993861282275704,0.05094878162907822,0.05090503479493104,0.05086253579135687,0.05082120585809522,0.05078097188245988,0.05074176588196998,0.050703524542345786,0.050666188804068896,0.050629703491645944,0.050594016980508645,0.0505590808971591
2026-07-06,0.0394091665486709,0.03911209373874124,0.04001334143247117,0.04091933097288327,0.04096243432245912,0.04100838387089032,0.04118659104389227,0.04136651903544384,0.04154809385819332,0.04173128888801737,0.04205265093050726,0.042376294542348335,0.04270245552561972,0.04303133931705481,0.04330563034422551,0.043582648159527886,0.043862479911528404,0.044145219811919795,0.044430968737268685,0.044719834054357775,0.04501817566074603,0.04531991909295458,0.04562520005881816,0.04593416091280871,0.046246951146721865,0.04656372791206595,0.04688465657993949,0.047209911344142104,0.04753967587344811,0.047874144019343576,0.04821352058606328,0.04855802217045326,0.04890787808003421,0.04926333133865783,0.049624639790354017,0.049992077313383634,0.05036593515817594,0.05074652342477973,0.05113417269774769,0.05152923585906495,0.0514745633216614,0.05142249423841993,0.05137284697300366,0.05132545640146993,0.05128017207755994,0.05123685663729819,0.051195384407260354,0.05115564018680743,0.051117518179434204,0.05108092105235592,0.05104575910673168,0.051011949543631446,0.050979415813101045,0.050948087035553244,0.05091789748627991,0.050888786135194895,0.05086069623502516,0.05083357495210265,0.05080737303470295,0.050782044514549894
2026-07-07,0.03950721297367256,0.040200369450254174,0.04084832234895775,0.0415011223612133,0.04144322175447699,0.041387409729542475,0.041619675672640306,0.04185343710190955,0.04208886076007928,0.04232607330117837,0.042674591090764435,0.04302566224522678,0.04337955060753783,0.04373648780918606,0.04401019621306848,0.04428680709793155,0.04456638688339859,0.04484901422111891,0.045134778277704804,0.04542377764041892,0.04571611964734046,0.046011920016797596,0.04631130269543712,0.04661439987229371,0.04692135212427483,0.04723230867043161,0.04754742772052748,0.04786687690912741,0.04819083381057842,0.04851948653339146,0.04885303439502554,0.049191688680162715,0.049535673487417484,0.04988522667116972,0.05024060088694349,0.050602064750550776,0.050969904123152575,0.051344423536524034,0.051725947775215816,0.05211482363505593,0.052060144292251205,0.05200806872767532,0.051958415282382,0.051911018811874744,0.05186572885116783,0.05182240801918729,0.051780930626865514,0.05174118145922379,0.051703054706587835,0.05166645302405736,0.05163128670162609,0.051597472930057564,0.051564935149868985,0.05153360247265035,0.051503409165512395,0.05147429419077223,0.05144620079409312,0.05141907613523054,0.051392870956329405,0.051367539283391626
2026-07-08,0.03950721297367256,0.040200369450254174,0.04094838418588622,0.04170187291461613,0.04169410216366615,0.04168892166303278,0.041946320061221336,0.042205597594788924,0.04246688166714804,0.04273028048465897,0.04305065937935433,0.04337362932147141,0.04369937339343028,0.04402806035524941,0.04426368974222965,0.04450199900574911,0.04474300398197177,0.04498673836712938,0.04523325014443371,0.04548259915882825,0.04578288491421295,0.04608653772583315,0.04639371003379182,0.046704558897589545,0.047019246953974775,0.04733794330459314,0.047660824366316454,0.047988074709438354,0.04831988790384564,0.048656467389977545,0.048998027389333204,0.049344793868140786,0.04969700556733692,0.050054915112083764,0.05041879021459155,0.05078891498496943,0.05116559136618464,0.051549140710978214,0.051939905520794326,0.052338251369481795,0.05227386992319787,0.052212100764038025,0.05215275343598127,0.052095654603663236,0.05204064614577972,0.051987583497093856,0.051936334202019825,0.051886776648927796,0.051838798959351125,0.051792298010409514,0.05174717857216206,0.05170335254441894,0.05166073827987437,0.05161925998237066,0.051578847170730927,0.051539434199963444,0.05150095983279194,0.05146336685543734,0.05142660173240067,0.05139061429569658
2026-07-09,0.039213059277836644,0.03980723635425651,0.04050555674458541,0.04120882884349709,0.04130392209691512,0.04140176414267884,0.041632054494222186,0.041864335713613525,0.04209860946870687,0.0423349033709554,0.04268269406253215,0.04303316106288011,0.0433865399232355,0.0437430420712082,0.043997144369916086,0.044254088766920927,0.044513904944551874,0.04477663998786107,0.04504235510389731,0.045311123415426875,0.04561643500038978,0.045925247877666074,0.04623770971643275,0.04655397449504738,0.04687420319042128,0.04719856446594723,0.04752723537381761,0.04786040208485024,0.04819826065730686,0.048541017855325254,0.048888892027278516,0.049242114054508915,0.049600928381376135,0.04996559413837623,0.050336386371212016,0.050713597390134126,0.05109753825564504,0.05148854041880581,0.05188695753695676,0.05229316748873133,0.052227501663617504,0.05216450958829003,0.05210399654266491,0.052045785315933006,0.05198971425681519,0.05193563557805035,0.051883413877250525,0.05183292484256869,0.051784054116776834,0.05173669629757593,0.05169075405543844,0.05164613735316126,0.05160276275369473,0.05156055280480411,0.051519435490784256,0.05147934374284519,0.05144021500096333,0.051401990820986204,0.05136461652162149,0.05132804086665699
2026-07-10,0.03950721297367256,0.040200369450254174,0.04094838418588622,0.04170187291461613,0.04174521896030913,0.04179134128179957,0.04199590715233211,0.04220228851759905,0.04241047003210282,0.04262046483153892,0.04294176751860295,0.04326549088609441,0.043591855375688895,0.04392105632919684,0.04417638113688538,0.04443441880781767,0.04469522440370904,0.04495886488785637,0.04522541730203171,0.04549496758135851,0.04580103692688613,0.04611057334451619,0.046423732023371446,0.04674067340147753,0.047061564083030596,0.04738657770316089,0.04771589576944441,0.048049708502884696,0.048388215696832916,0.048731627609617016,0.04908016590504998,0.04943406465419347,0.04979357141158053,0.050158948379433764,0.05053047367419066,0.050908442710833016,0.051293169722112286,0.05168498943178657,0.05208425890347939,0.05249135958979785,0.05241656491033743,0.0523444262691339,0.052274742256731656,0.05220732941235915,0.052142020222583726,0.05207866138092547,0.052017112269565166,0.051957243630760076,0.05189893640086793,0.05184208068421634,0.0517865748476257,0.051732324719345676,0.05167924287861825,0.0516272480241216,0.051576264411259086,0.0515262213496901,0.05147705275370902,0.05142869673909671,0.05138109526093543,0.051334193787611344
2026-07-13,0.03989935061524097,0.04079046623573957,0.041487769162863994,0.04219062827779723,0.04238757106215222,0.04258785670519088,0.042764616979060845,0.0429435610743929,0.04312448088174313,0.043307270153868274,0.043601489972226876,0.043898028727200555,0.04419706452454057,0.04449875786271427,0.04475512861981605,0.04501415968012903,0.04527592343829055,0.04554050077547036,0.045807980166307063,0.04607845714741286,0.04636669666168009,0.04665826357432921,0.046953293765726635,0.04725192896473085,0.047554317343643404,0.04786061411534969,0.048170982145473114,0.0484855925902315,0.048804625569415325,0.049128270883246034,0.04945672878165922,0.04979021079469113,0.050128940633069996,0.05047315516879327,0.05082310550639871,0.05117905815681186,0.051541296327094734,0.05191012134115598,0.052285854208554805,0.05266883736098933,0.05260588625372784,0.0525454771038564,0.05248742424149937,0.0524315586778537,0.052377726247296155,0.05232578599173782,0.052275608751145855,0.05222707593016528,0.05218007841568255,0.05213451562419869,0.05209029466119361,0.05204732957740563,0.05200554070922495,0.05196485409229705,0.05192520093901768,0.05188651717193242,0.05184874300617499,0.05181182257502514,0.05177570359347034,0.05174033705533664
2026-07-14,0.03911499843106135,0.039808222186162326,0.040606290049174716,0.041410097702984296,0.041657511872987316,0.04190866412587515,0.04211056995187932,0.04231496522133559,0.042521611444171936,0.04273038793403734,0.043078146203598316,0.043428648693682674,0.04378212342318507,0.044138776878818474,0.04439294263210785,0.04464999631703241,0.04490996495331661,0.045172893847926124,0.04543884310254448,0.04570788526076941,0.046007300082069526,0.046310205101654685,0.04661674016605994,0.04692705205768596,0.0472412950069994,0.04755963123907074,0.047882231560422685,0.048209275992181895,0.04854095445577424,0.048877467517835345,0.04921902720161292,0.04956585787290131,0.049918197209482214,0.05027629726416133,0.050640425632808767,0.051010866740362086,0.051387923259570076,0.051771917679392786,0.052163194042482104,0.052562119874123917,0.0524970091433104,0.05243454392741233,0.05237453138271013,0.05231679600076397,0.052261177677897216,0.05220753003640153,0.05215571895997253,0.05210562131213295,0.05205712381150136,0.05201012204194754,0.051964519579119184,0.05192022721767467,0.05187716228591977,0.05183524803651779,0.051794413103590564,0.05175459101791082,0.051715719773051304,0.05167774143634059,0.051640601799309106,0.05160425006301773
2026-07-15,0.03891886231243803,0.039315008817327336,0.04011403490056099,0.04091826663845056,0.04116600891143514,0.04141734524504145,0.0416193701511234,0.04182381875660693,0.04203046726111672,0.04223920348274825,0.04258674020243413,0.04293698058629696,0.04329015187115665,0.04364645943817792,0.04393882926802321,0.04423427287966502,0.044532873707896645,0.04483472673523037,0.04513993717008092,0.0454486196481557,0.04575253181220066,0.0460601009835436,0.046371456582371316,0.046686737509318815,0.04700609221115796,0.04732967888999162,0.0476576658343281,0.04799023185841046,0.04832756684193919,0.04866987236663998,0.049017362449502465,0.049370264375295306,0.04972881963338632,0.05009328496613735,0.05046393353833038,0.05084105623932603,0.05122496313204363,0.05161598506548122,0.052014475470444084,0.05242081236152751,0.05237246215457503,0.05232687181700187,0.052283857404958535,0.05224325191996821,0.052204903432174335,0.05216867344856062,0.05213443548966357,0.05210207384437878,0.05207148247742489,0.05204256406809951,0.0520152291623128,0.051989395422656536,0.05196498696356698,0.051941933760557724,0.05192017112410221,0.05189963923009195,0.051880282699929704,0.05186205022427459,0.05184489422526752,0.05182877055275571
2026-07-16,0.039016932776085984,0.03951210413008852,0.04036084457554271,0.04121529114569594,0.04141134062551331,0.041610975879777704,0.04181335558584037,0.042018084409038876,0.042224966288461833,0.04243390580879687,0.042781678179452574,0.04313214555270838,0.043485541199183395,0.0438420750269922,0.044134635826845826,0.04443027691150606,0.04472908368782087,0.04503115284740706,0.04533659112737056,0.04564551457063981,0.045949674126156595,0.04625750611651269,0.04656914116585448,0.04688471938144995,0.04720439043552028,0.047528313788467474,0.04785665903260899,0.048189606343341226,0.04852734703029843,0.04887008418530157,0.049218033427215264,0.049571423746576734,0.04993049845526838,0.05029551624874097,0.050666752390488956,0.05104450003073697,0.051429071673711156,0.051820800810529144,0.05222004373773721,0.05262718158495472,0.052569520601790196,0.052514605379728775,0.05246224435404227,0.05241226337497789,0.05236450377276079,0.052318820674987956,0.052275081538822446,0.05223316486666385,0.05219295907908315,0.052154361523005684,0.05211727759657828,0.05208161997501352,0.0520473079240738,0.05201426668983557,0.05198242695502418,0.05195172435359894,0.05192209903643421,0.051893495281930324,0.0518658611462232,0.05183914814837297
2026-07-17,0.039213059277836644,0.03970820659672868,0.04055694017347888,0.04141140641476448,0.041556311942819966,0.04170460983414612,0.041881482474424594,0.042060454215000515,0.042241333808278866,0.0424240246423238,0.04274524747896553,0.04306887574393328,0.04339512967557021,0.043724204274471885,0.043998642931425844,0.04427589058728076,0.04455603006438442,0.04483915276688065,0.04512535792386808,0.04541475216721114,0.0457199858006859,0.04602874800604093,0.046341184558516046,0.04665744796314617,0.04697769806860117,0.047302102697841596,0.047630838306789554,0.04796409068083009,0.04830205567825421,0.0486449400295371,0.04899296220150494,0.04934635333591062,0.04970535827268141,0.050070236669103194,0.05044126422747417,0.05081873404531179,0.05120295810406214,0.05159426891448534,0.051993021339531605,0.052399594618653775,0.05233370017670553,0.05227048965938937,0.052209767603005844,0.05215135611953838,0.052095092939494256,0.05204082970994408,0.05198843050975081,0.05193777055031398,0.051888735035326136,0.05184121815727873,0.05179512221194748,0.05175035681497434,0.0517068382070614,0.051664488636288745,0.051623235807740725,0.051583012392025694,0.051543755585457304,0.0515054067156608,0.051467910887215584,0.051431216662662343
2026-07-20,0.03960525459235951,0.039902313854925354,0.040801702258821,0.04170686158224183,0.04190260508281412,0.042102064054635346,0.04230435008150296,0.0425090446242709,0.042715939054769905,0.042924930728181446,0.04324553556622942,0.04356872207715417,0.04389467922569221,0.044223580170131165,0.04449785025950908,0.044775023445861685,0.045055173306425444,0.045338384460940226,0.04562475119728206,0.04591437661956552,0.04621994123833146,0.046529101073548046,0.0468420013531392,0.047158794641768066,0.04747964137561561,0.04780471043632881,0.048134179770018375,0.048468237057387,0.04880708044146657,0.04915091932000833,0.0494999752102983,0.049854482695061646,0.05021469045918643,0.05058086242826016,0.05095327902139495,0.051332238532558826,0.05171805865667111,0.05211107817911633,0.05251165885014915,0.05292018746898554,0.052853432658987974,0.05278939924022025,0.052727888966588164,0.052668721414615226,0.052611731998663806,0.05255677024495347,0.05250369828583057,0.05245238954216832,0.0524027275670208,0.052354605027954346,0.05230792280902129,0.052262589216269625,0.052218519273113544,0.05217563409391514,0.05213386032582278,0.05209312965033377,0.05205337833724553,0.052014546844672924,0.05197657945966536,0.051939423974687086
2026-07-21,0.03980132341267245,0.04039541400085755,0.04129383938432731,0.04219857924040511,0.042445117104514214,0.042695740852957235,0.04284497715288977,0.04299664684659543,0.04315037996790663,0.04330596937149224,0.043655122758157465,0.0440068783407369,0.04436150901698023,0.04471925398758604,0.044955023429111646,0.04519354250274413,0.04543482352563268,0.04567889792395787,0.04592581236359651,0.046175626120107796,0.04647660619117477,0.046781021548785495,0.04708902683227865,0.04740078163281444,0.047716451441662866,0.04803620853598013,0.048360232833592844,0.048688712741086514,0.04902184601475936,0.04935984065095616,0.04970291582044243,0.05005130286049193,0.05040524633803519,0.050765005197424155,0.05113085400703289,0.05150308432000015,0.051882006165915186,0.05226794969217249,0.052661266976106076,0.053062334031922564,0.052996864250053205,0.052934053704085625,0.05287370842700526,0.052815651883208053,0.05275972302711955,0.052705774614948436,0.05265367173187232,0.05260329050323769,0.05255451696348545,0.05250724606071935,0.05246138077829896,0.05241683135770298,0.05237351460928695,0.052331353299540764,0.05229027560510927,0.05225021462522975,0.052211107945411964,0.05217289724617577,0.05213552795150019,0.05209894891235043
2026-07-22,0.04009539060755628,0.04068943797069471,0.04168792433713268,0.04269344260501033,0.04283666259751935,0.042983891089820654,0.043160100650299495,0.043338657214555265,0.043519303363389994,0.0437019034816402,0.04402353322600031,0.04434768697191991,0.04467458192265708,0.04500441220197814,0.045260192952549176,0.04551877720190225,0.045780219002527434,0.046044585347749106,0.046311954133689395,0.04658241282856006,0.04687706195991331,0.047175173699765864,0.04747688974558654,0.04778235822527888,0.048091734297713226,0.048405180765889816,0.04872286871418438,0.049044978179561285,0.04937169886578986,0.049703230909362225,0.05003978570586255,0.05038158680590146,0.05072887089036649,0.05108188883563087,0.05144090688050628,0.051806207908138474,0.052178092857748964,0.05255688228316334,0.05294291807748673,0.05333656538615653,0.053262409731132755,0.053190868308923396,0.05312174205525228,0.05305484962117734,0.05299002539710866,0.05292711779446657,0.05286598774660929,0.05280650739705567,0.052748558948248286,0.05269203364838381,0.05263683089736252,0.052582857455824646,0.052530026743660675,0.05247825821640082,0.05242747680957435,0.05237761244254655,0.05232859957453246,0.05228037680649409,0.052232886523481376,0.052186074572702995
2026-07-23,0.040487412954084895,0.04108140270359253,0.042179951696094675,0.04328629113912909,0.04342845449758848,0.04357500375655545,0.04372459817367174,0.04387658486757786,0.044030617351918655,0.04418650298240469,0.04450884574966282,0.04483366446765922,0.045161196805805943,0.0454916520106917,0.04572862808043655,0.045968300557725675,0.046210701182162646,0.04645587702485517,0.04670388765075682,0.04695480321387126,0.04724445525949079,0.04753746596105743,0.04783398072329357,0.04813415006281572,0.04843813041876938,0.04874608492238444,0.04905818415023119,0.04937460688050393,0.04969554086811535,0.05002118365214928,0.05035174340790728,0.05068743985514981,0.05102850523402426,0.051375185360488365,0.05172774077372907,0.05208644798911512,0.05245160087160619,0.05282351214628839,0.053202515064849416,0.053588965249398615,0.05350662849637415,0.05342683714890758,0.05334938892201019,0.05327409938197548,0.05320079995368962,0.05312933618782622,0.05305956624922645,0.052991359594216664,0.05292459580987969,0.05285916359261534,0.05279495984688006,0.05273188888793737,0.05266986173489077,0.05260879548230531,0.05254861274042613,0.05248924113542923,0.052430612862342775,0.05237266428429336,0.052315335572591944,0.05225857038290696
2026-07-24,0.040389414571038416,0.040983418721836966,0.041931855247998806,0.04288702955381872,0.04303069482272037,0.043178228330044116,0.04335466974875619,0.04353341268077488,0.04371421740745872,0.04389695904334971,0.044218773860435656,0.044543110346442205,0.04487018999862431,0.04520021020937638,0.04545614116858099,0.045714883626144724,0.04597649296088072,0.04624103734795711,0.04650859576972153,0.04677925672010096,0.04706783417718389,0.04735983677628309,0.04765539841717663,0.04795465985082628,0.048257769127771716,0.04856488208766681,0.04887616289326508,0.04919178461282262,0.04951192985555671,0.049836791465509386,0.05016657327993807,0.05050149095921809,0.05084177289621323,0.051187661214177095,0.051539412863518395,0.051897300829227305,0.05226161546245666,0.05263266595172573,0.05301078195151835,0.05339631538874717,0.05332308192847122,0.05325241797013486,0.053184127516450096,0.05311803200457194,0.05305396836126467,0.05299178731164399,0.05293135190373003,0.05287253621734105,0.05281522423099483,0.05275930882470009,0.05270469089998773,0.05265127860140306,0.05259898662606099,0.05254773560985181,0.052497451580545446,0.052448065469434854,0.05239951267433404,0.0523517326677358,0.052304668644776044,0.05225826720636446
2026-07-27,0.04058540653552471,0.04098138969774519,0.04183040247128537,0.04268515844473522,0.04288116845159453,0.04308086025068303,0.043204892839384994,0.04333104305756223,0.043458971675773485,0.04358848669468807,0.043911345131880705,0.044236505648366724,0.044564234657990455,0.044894761327535344,0.04513189862178476,0.04537163623169419,0.04561401521431989,0.0458590894769995,0.0461069235639826,0.04635759118631369,0.046653107566764,0.0469519644189229,0.04725431594268466,0.04756032046900228,0.04787014150285078,0.048183948675046794,0.04850191864108833,0.048824235955954816,0.04915109394767255,0.049482695608409684,0.04981925451928218,0.05016099582351767,0.05050815726187363,0.050860990284068125,0.051219761250353824,0.05158475273818733,0.051956264970191526,0.05233461738128104,0.05272015034494261,0.053113227081280176,0.053030736573919615,0.052950808429009684,0.052873239655409035,0.05279784519375327,0.05272445591523363,0.05265291688137765,0.05258308582596597,0.05251483182669803,0.05244803413950709,0.05238258117276231,0.05231836958216498,0.05225530347010128,0.052193293675663444,0.052132257143595734,0.05207211636212951,0.05201279886110606,0.051954236762993634,0.05189636638042525,0.051839127854748514,0.051782464830813925
2026-07-28,0.040291411385915514,0.040489417170333525,0.04133908227593034,0.042194106034475994,0.04244151567772721,0.042692720181296724,0.04279007742204063,0.042889573347366206,0.0429907818341098,0.04309345554650544,0.04341645640531599,0.04374166315792042,0.04406935500485541,0.04439976974465494,0.04465612899241514,0.04491513647914643,0.045176865362816364,0.04544139704403198,0.045708820331823094,0.04597923095289719,0.04627366800699542,0.04657147403312455,0.046872793480626285,0.04717777617618771,0.04748657808688279,0.047799362053732204,0.048116298517623494,0.04843756625482814,0.04876335313639634,0.049093856923886174,0.04942928611286614,0.04976986083520959,0.05011581383124824,0.050467391503287565,0.05082485506276926,0.0511884817844774,0.05155856638262786,0.051935422525478114,0.05231938450728313,0.05271080909905675,0.05263778205931977,0.052567323939749055,0.05249923923884769,0.05243334986046548,0.052369493172645075,0.052307520319572316,0.0522472947489363,0.05218869092328713,0.05213159318910767,0.052075894781522206,0.0520214969460266,0.05196830816149063,0.051916243451058906,0.05186522376955916,0.0518151754576841,0.05176602975460285,0.05171772236183022,0.05167019305217107,0.051623385318395824,0.05157724605701581
2026-07-29,0.039311115316882334,0.040004305429425874,0.04090243268255562,0.04180697473175266,0.042155742419515696,0.04250906056121042,0.04270930587500991,0.04291250000251983,0.04311826006022416,0.043326379103392036,0.04370127943774934,0.044079226573336634,0.044460474689261176,0.04484525573293125,0.04513727407750161,0.04543259793698362,0.045731288900306484,0.04603342603639213,0.046339103093417024,0.04664842667218213,0.04696572450347778,0.047286953317948216,0.04761225916823155,0.04794179836497186,0.048275737674739194,0.0486142546594484,0.048957538139516955,0.04930578877035569,0.04965921972717444,0.05001805749721901,0.05038254278189682,0.05075293151411152,0.05112949599874017,0.0515125261867098,0.05190233109570311,0.05229924039325174,0.05270360616097443,0.053115804862085,0.05353623953815383,0.053965342265580654,0.05389436443721001,0.05382630195202041,0.05376094270441101,0.05369809365975236,0.053637578730550126,0.053579236929534375,0.05352292075842923,0.053468494798031785,0.05341583447084052,0.05336482495207566,0.0533153602087225,0.05326734214936341,0.05322067987016511,0.05317528898455558,0.05313109102593898,0.05308801291431775,0.05304598647897342,0.0530049480304396,0.05296483797591886,0.052925600473074375
2026-07-30,0.0394091665486709,0.04000331479002652,0.04095179279348745,0.04190685838971585,0.042255267185946646,0.04260835601552654,0.042808428731605085,0.04301150072353341,0.04321717374256814,0.04342523168822061,0.04380012820563672,0.04417808909474871,0.0445593667017187,0.044944191789054753,0.045236235987963815,0.04553159800844074,0.04583033885934758,0.046132537249278044,0.04643828673494956,0.046747693859578644,0.04706508852052556,0.04738642555182174,0.047711851247545,0.04804152223188359,0.04837560565209762,0.048714279515067245,0.04905773314923998,0.04940616778127925,0.04975979722220414,0.050118848662014916,0.05048356357519322,0.05085419874237303,0.05123102739612515,0.05161434050135424,0.052004448183407354,0.05240168131975296,0.0528063933141166,0.05321896207536162,0.053639792227297964,0.05406931758012094,0.053998169619785305,0.0539299443850831,0.053864429220351805,0.05380143058963194,0.05374077194737646,0.05368229188679648,0.05362584252449176,0.05357128808690672,0.053518503669778825,0.05346737414635919,0.05341779320398487,0.053369662491723736,0.05332289086442116,0.05327739371065124,0.05323309235389312,0.05318991351777829,0.053147788847540615,0.053106654480884655,0.05306645066240941,0.05302712139650498
2026-07-31,0.0394091665486709,0.040399415601537016,0.04139664858401728,0.042401500460877775,0.04269784821096999,0.04299898064424246,0.04327778238001605,0.0435598918228699,0.043845071962342434,0.04413321891079093,0.04450676445228323,0.04488372182266101,0.045264278959543755,0.045648621507536805,0.045940136527738956,0.04623514692272429,0.04653369366774655,0.046835840537985826,0.04714166996452448,0.04745128027244352,0.04776267024352301,0.04807806018289695,0.048397584408759624,0.04872138918068947,0.0490496325415261,0.04938248438087135,0.04972012668144176,0.05006275392282237,0.050410573626673574,0.05076380703444872,0.05112268991405251,0.05148747349618621,0.05185842554478452,0.05223583156923145,0.05261999618916552,0.05301124466581211,0.05340992461706164,0.053816407937075934,0.0542310929451874,0.05465440679339713,0.05458319137657531,0.054514897822723146,0.05444931333075627,0.05438624422489928,0.054325513824533225,0.05426696059178527,0.05421043651549347,0.05415580569707409,0.05410294310944703,0.054051733504790256,0.054002070450694245,0.0539538554774314,0.05390699732166356,0.053861411254085514,0.05381701848032129,0.0537737456059155,0.05373152415754802,0.05369029015368567,0.05364998371880538,0.05361054873610455
2026-08-03,0.03980132341267245,0.04029639865450324,0.04119514547986967,0.042100033536107896,0.04244899276243384,0.04280246754142605,0.04300281270214351,0.043206103251899206,0.043411961803816304,0.04362018490113861,0.04399529797833665,0.04437347263082544,0.044754966271282164,0.045140013529038424,0.045432229907762675,0.04572777329870021,0.04602670626034659,0.0463291088879189,0.046635076018548174,0.046944715410645745,0.04725603883631276,0.04757126620346994,0.04789053571762925,0.048213996316770806,0.04854180770801265,0.04887414057628438,0.04921117693854179,0.04955311062678921,0.04990014789018807,0.05025250811177715,0.05061042463944114,0.050974145734152265,0.0513439356414739,0.051720075795062014,0.05210286616359425,0.05249262675533087,0.05288969929748146,0.05329444911083186,0.05370726720379203,0.054128572614283645,0.05406757986237329,0.05400949152722059,0.053954104975098234,0.0539012359935269,0.05385071674446985,0.053802393984502234,0.0537561275121928,0.05371178880956295,0.05366925984989756,0.053628432048618786,0.05358920533758623,0.0535514873462088,0.053515192675260705,0.05348024225138475,0.05344656275201338,0.05341408609190528,0.05338274896373078,0.05335249242618301,0.05332326153397583,0.053295005004842216
2026-08-04,0.03960525459235951,0.040001333805535916,0.04080034121617244,0.04160463969915545,0.041852342789171236,0.04210370132009961,0.04230576094987209,0.04251028584415399,0.04271704846359949,0.042925934816901865,0.043301258163146276,0.04367948906871607,0.044060904926581705,0.044445753767926824,0.044737888026323516,0.04503325054369011,0.04533191016270495,0.0456339512312315,0.04593947129352448,0.0462485796055135,0.046571898273596146,0.046899147768303395,0.04723048368800405,0.047566071018671226,0.04790608456298158,0.04825070946338913,0.04860014181442862,0.04895458936323509,0.04931427230017161,0.04967942414387331,0.050050292727153174,0.05042714129224286,0.0508102497058689,0.05119991580679366,0.05159645690076452,0.052000211420396084,0.052411540770447684,0.052830831382342736,0.05325849700572104,0.05369498126944465,0.05363267812197185,0.05357334179104539,0.05351676528946432,0.05346276044704605,0.05341115581984636,0.05336179487209014,0.05331453439019588,0.053269243095047214,0.05322580042419034,0.05318409546016773,0.05314402598493032,0.053105497643355884,0.053068423201463516,0.053032721887048634,0.05299831880224884,0.05296514439904904,0.052933134009996594,0.052902227427463214,0.05287236852569366,0.05284350492064978
2026-08-05,0.0394091665486709,0.039904289837165104,0.04065295311753623,0.04140673510709347,0.04170593234782577,0.042008879722193186,0.042236628779253195,0.0424670544504741,0.04269993966742584,0.04293518123050208,0.04330974837079898,0.043687351117201005,0.044068237408406666,0.044452634242377484,0.04474436220972041,0.045039370556012384,0.04533771898529252,0.04563948474095034,0.045944759761870346,0.0462536488231943,0.04657677179708944,0.046903844727675954,0.047235020784343475,0.04757046293319048,0.04791034428465563,0.0482548485539593,0.04860417062473135,0.04895851721132747,0.049318107619203355,0.0496831746058056,0.050053965347053905,0.05043074251686018,0.0508137854894083,0.05120339167623028,0.05159987801256661,0.05200358261018257,0.0524148665968281,0.05283411616597324,0.05326174486444252,0.05369819615023763,0.05362662339720805,0.053557996158149906,0.05349210031946062,0.05342874102467111,0.053367740530037976,0.053308936339748085,0.05325217957908935,0.05319733357088364,0.053144272586143106,0.05309288074455791,0.053043051044249286,0.052994684503385736,0.052947689398887686,0.05290198058963399,0.052857478913414864,0.05281411064841244,0.05277180703128388,0.05273050382501546,0.0526901409306417,0.05265066203771221
2026-08-06,0.03950721297367256,0.040200369450254174,0.04114852350804135,0.04210345328469406,0.042400591893142596,0.04270222616919586,0.04292903779038555,0.043158817800512166,0.04339126334683967,0.04362622026705321,0.043973387660190016,0.04432354009700248,0.044676868497904934,0.04503355385750507,0.04532618966520642,0.045622083033643436,0.045921307117016176,0.046223950156637265,0.04653011332348698,0.04683990934308913,0.047151355265976205,0.04746667275879808,0.04778600248743237,0.04810949532616831,0.04843731248966754,0.04876962581399488,0.049106618166091034,0.04944848396910535,0.04979542983685604,0.050147675315117,0.05050545373095632,0.050869013154319805,0.05123861747870329,0.05161454763027198,0.051997102917298095,0.052386602534420984,0.05278338723908925,0.053187821220726045,0.05360029418677914,0.05402122369399476,0.053960472281264465,0.053902613792949895,0.05384744639711509,0.05379478661018185,0.05374446725822343,0.05369633570417625,0.0536502523013651,0.053606089040337764,0.053563728361393156,0.053523062109606355,0.053483990612791577,0.053446421865854285,0.05341027080748068,0.05337545867719497,0.05334191244255601,0.05330956428772559,0.05327835115587167,0.05324821433890928,0.053219099108962546,0.05319095438668072
2026-08-07,0.039213059277836644,0.03970820659672868,0.04060697377650711,0.04151179853079116,0.041809632587703684,0.04211168028741288,0.04236492698408422,0.04262113024422981,0.042880065728922216,0.04314163093073094,0.04351547761937319,0.04389251569725369,0.0442729616726706,0.04465702034526361,0.044948416942009996,0.04524316759920648,0.045541322244142736,0.045842950699319,0.046148139232622336,0.04645698827514443,0.04678012623823521,0.04710725509535005,0.04743852625019692,0.0477741014307295,0.04811415295103157,0.04845886410778236,0.0488084296962727,0.04916305663764552,0.04952296471399526,0.049888387411821465,0.05025957287750259,0.050636784991233835,0.05102030456845546,0.05141043070034682,0.051807482247600595,0.05221179950453254,0.052623746053733246,0.053043710835040045,0.05347211045671923,0.05390939178154197,0.05383739938200213,0.053768371025315016,0.0537020912350823,0.05363836391339649,0.0535770101828712,0.053517866510050346,0.05346078306828762,0.05340562230517235,0.05335225768527978,0.05330057258369935,0.05325045930964537,0.05320181824263747,0.0531545570663828,0.05310859008769427,0.05306383762962074,0.05302022548951293,0.05297768445404907,0.052936149864346055,0.052895561225212835,0.05285586185339606
2026-08-10,0.03960525459235951,0.040001333805535916,0.0410505120157216,0.04210663792290881,0.04240315917970792,0.0427043822605189,0.04295706150520544,0.043212893728287745,0.04347160007245671,0.04373304581413467,0.044134472665765624,0.04453934021742756,0.04494790757672387,0.04536041728929753,0.045651350814895096,0.04594580724934072,0.04624381797298583,0.04654543902584963,0.04685074645323772,0.047159833184727176,0.047470696178843565,0.047785548908222356,0.04810452198933408,0.04842775826932303,0.04875541258254018,0.0490876517456622,0.049424654747901496,0.04976661310743881,0.05011373137560554,0.050466227777963814,0.050824334987234,0.051188301027631763,0.05155839031403825,0.05193488483284616,0.052318085474527605,0.052708313531142074,0.05310591237528903,0.053511249340552854,0.053924717827418645,0.05434673966309798,0.05428517927055906,0.054226550325283895,0.05417064830769594,0.05411728729090743,0.05406629787486509,0.05401752538995502,0.05397082832993474,0.05392607698074863,0.053883152217243595,0.05384194444427877,0.05380235266241058,0.0537642836413835,0.05372765118718762,0.05369237549055454,0.0536583825465263,0.05362560363621337,0.05359397486310439,0.053563436737344004,0.05353393380228734,0.05350541429839926
2026-08-11,0.03950721297367256,0.03990330179712379,0.04085241033312178,0.04180777770313802,0.042054091163013896,0.042304537774348124,0.04261054838452212,0.0429196499698258,0.04323175211493948,0.043546844048842855,0.043947334026838036,0.04435138716467326,0.04475922964180075,0.04517108021577298,0.04546145961879324,0.04575540169420018,0.04605292768163181,0.04635408555477176,0.04665894480732008,0.04696759293900518,0.04729067869986756,0.0476178668409218,0.04794930324202579,0.04828514561890381,0.048625563532900734,0.04897073859855477,0.04932086485817236,0.049676149303886065,0.05003681253582469,0.050403089551124526,0.0507752306632961,0.05115350255541433,0.05153818947406631,0.051929594574215455,0.0523280414283165,0.052733875716299033,0.05314746711656891,0.05356921142209586,0.05399953291009991,0.05443888699898227,0.054365806011031456,0.0542957372301199,0.054228461642172994,0.054163779926769615,0.054101510263954586,0.05404148642701864,0.05398355611865339,0.05392757951498837,0.053873427987811216,0.053820982980024384,0.053770135013305145,0.05372078281017091,0.053672832515339344,0.05362619700351043,0.05358079526257086,0.05353655184279257,0.05349339636391931,0.05345126307315534,0.0534100904480159,0.053369820838805364
2026-08-12,0.039311115316882334,0.03960819620574618,0.040607657637357915,0.04161351269246156,0.04185948712650746,0.04210969407465728,0.04244165844361416,0.042776862310729864,0.04311525133380916,0.04345684238210534,0.04382915109669802,0.044204962369973864,0.04458442775350549,0.04496770603274979,0.04525836036785125,0.04555251082425037,0.045850187148784145,0.04615144374671751,0.04645635499974801,0.046765012123185866,0.04709437587794176,0.04742786038203224,0.04776562233453534,0.04810782944036357,0.04845466066533628,0.0488063066406093,0.04916297019919323,0.04952486703485811,0.04989222647931711,0.050265292397922885,0.050644324207676394,0.05102959802445862,0.05142140794929086,0.05182006750628029,0.05222591124786058,0.05263929654611957,0.05306060559253891,0.0534902476324815,0.05392866146538999,0.054376318247065146,0.05431165973009903,0.0542500801901313,0.05419136481481326,0.05413531832019147,0.0540817627808862,0.05403053574328987,0.053981488579633814,0.05393448504779675,0.05388940002746322,0.05384611840794306,0.05380453410683544,0.05376454920192427,0.053726073161349384,0.0536890221593143,0.05365331846644412,0.053618889905462166,0.05358566936416381,0.05355359435877226,0.05352260664169908,0.05349265184852834
2026-08-13,0.039016932776085984,0.03931403529760929,0.04021343449279779,0.04111852579232258,0.0413654527622989,0.041616259756033724,0.04192243152375079,0.04223157806166735,0.042543632330440194,0.042858596869398115,0.0432587657286788,0.04366242504477896,0.04406980108067586,0.0444811116998226,0.044771158104351255,0.04506470060389681,0.04536176107923196,0.045662387369547544,0.04596664821406747,0.04627462984273022,0.04660955534358221,0.04694862314854487,0.04729199501194609,0.04763984347868106,0.047992352232215964,0.04834971657570845,0.048712144033817704,0.049079855069048946,0.04945308391119549,0.049832079502184067,0.050217106561790986,0.05060844678253914,0.05100640016481166,0.05141128650597601,0.051823447060231974,0.052243246389096755,0.052671074426037696,0.05310734878288342,0.053552517330428186,0.054007061091259,0.05395114395692774,0.05389835797907911,0.05384849381499736,0.05380136139529716,0.05375678778918353,0.05371461534835878,0.053674700088082755,0.05363691027080853,0.053601125163461355,0.053567233944057685,0.05353513473717475,0.05350473376093227,0.05347594457076618,0.05344868738745561,0.05342288849868729,0.053398479724974246,0.0533753979420333,0.05335358465281697,0.05333298560331663,0.053313550437039815
2026-08-14,0.03911499843106135,0.03941209374099134,0.040361524232081496,0.04131698768292816,0.04166571769961736,0.04201896232645863,0.04232376768978317,0.042631934110331116,0.04294327460940255,0.04325772017270859,0.04365760071953104,0.044061093222044524,0.044468405499120046,0.044879742787062075,0.04518903764505014,0.045502020054510546,0.04581873579812196,0.04613925513117761,0.046463668392300456,0.0467920830879122,0.0471267305829442,0.04746565826331544,0.04780901938951239,0.048156980057904496,0.04850971919400924,0.04886742876629275,0.04923031418609368,0.04959859487190995,0.04997250496541835,0.05035229419344997,0.05073822887553167,0.05113059308107254,0.0515296899442102,0.05193584314801306,0.05234939859338016,0.05277072627177107,0.05320022236499763,0.05363831159987934,0.054085449890774365,0.054542127309037555,0.05447580136415864,0.05441263379760729,0.05435240425740715,0.054294912423579755,0.054239975782366924,0.05418742769077201,0.05413711568818116,0.05408890001903158,0.054042652336377915,0.05399825456103041,0.05395559787491219,0.05391458183056777,0.05387511356148162,0.05383710708013942,0.05380048265266418,0.05376516624045592,0.05373108900060585,0.05369818683799199,0.05366640000292436,0.053635672729025655
2026-08-17,0.03911499843106135,0.03961015776691986,0.0405589632172352,0.041514140543960514,0.04181152078347756,0.04211326621214609,0.04244474687011146,0.04277958850570789,0.04311769630681956,0.04345906286194592,0.04388611781530976,0.04431704218092634,0.04475207793763751,0.04519146195275559,0.045519320123465705,0.0458511418832436,0.04618698256363233,0.04652692383888991,0.04687106914260613,0.04721954064438531,0.047559788658759164,0.04790453707569559,0.04825393560537659,0.04860814917981357,0.0489673576208455,0.04933175561953587,0.049701552970945195,0.05007697502736212,0.050458263346703655,0.050845676522849666,0.051239491192397485,0.0516400032185403,0.05204752905806463,0.05246240732223882,0.052885000546940814,0.05331569719199792,0.05375491389460799,0.05420309800708397,0.05466073045522812,0.055128328960629545,0.05506896540297207,0.055012905066773955,0.05495992698979859,0.05490983055438736,0.05486243323423626,0.054817568635293766,0.05477508478698283,0.05473484264724877,0.054696714790894746,0.05466058425555247,0.054626343523660505,0.05459389362214947,0.05456314332429717,0.05453400844051773,0.05450641118677529,0.054480279620928294,0.054455547138671685,0.0544321520218938,0.054410037033239184,0.05438914905149748
2026-08-18,0.039016932776085984,0.03951210413008852,0.04051094908674495,0.041516482885797235,0.04186455609202825,0.042217382680465675,0.04249574249234069,0.042777441476067414,0.04306221605069397,0.043349945643080715,0.04377781948141906,0.04420940420956012,0.04464497568520828,0.04508479481598412,0.04541306519302941,0.04574522831930977,0.04608135012445826,0.046421520412244864,0.046765848917643696,0.047114462730974846,0.04744848465543489,0.047786914798249015,0.04812989562086475,0.04847758461371263,0.048830153884860804,0.04918779006606854,0.049550694477143026,0.04991908350926744,0.05029318920201732,0.05067325999908691,0.05105956167559783,0.05145237843611896,0.05185201418777837,0.05225879399752094,0.052673065746970144,0.05309520200274453,0.05352560212466829,0.05396469463930126,0.05441293991179496,0.05487083315546952,0.05480361938676489,0.05473960627371284,0.05467857051475625,0.05462030910847951,0.054564637098037265,0.054511385609788195,0.05446040014231567,0.05441153906932115,0.05436467232583662,0.054319680252091496,0.05427645257339518,0.054234887497725634,0.05419489091547759,0.05415637568812762,0.054119261014499466,0.05408347186492945,0.05404893847499347,0.054015595891607024,0.05398338356528453,0.05395224498317279
2026-08-19,0.039016932776085984,0.03961113869322475,0.04055963334251282,0.04151465554705169,0.04181193599321874,0.04211361495321522,0.042366596346060804,0.042622600852629124,0.04288138195889965,0.0431428238527765,0.04348914539248514,0.04383851663873974,0.04419110343665773,0.04454706831534337,0.04485836738344203,0.04517304643432161,0.04549120008775953,0.04581293626727844,0.04613837472522571,0.04646764616504675,0.04677144044777018,0.04707910136434609,0.04739074759278325,0.04770651013625421,0.048026531906530036,0.04835096757064684,0.04867998360912016,0.0490137585507437,0.049352483360807886,0.0496963619681348,0.050045611922742296,0.05040046518094664,0.0507611690187849,0.05112798707813282,0.051501200553061566,0.051881109527011596,0.052268034474418364,0.0526623179436382,0.053064326441521134,0.05347445254388653,0.05343344986254718,0.05339533261685277,0.05335991782549617,0.05332703964731789,0.05329654749197775,0.053268304377573295,0.05324218549844585,0.05321807697254272,0.05319587474270637,0.053175483610362236,0.05315681638345626,0.05313979312328508,0.05312434047718184,0.05311039108595317,0.05309788305657872,0.05308675949204207,0.0530769680713042,0.05306846067339569,0.05306119304042282,0.05305512447497721
2026-08-20,0.039016932776085984,0.03951210413008852,0.04051094908674495,0.041516482885797235,0.04186455609202825,0.042217382680465675,0.042548057498526706,0.04288230741504037,0.04321996866780429,0.04356099259078618,0.04393286281331061,0.04430832677576512,0.04468751726639845,0.04507057979615398,0.04536102667031296,0.04565501191527359,0.04595255944987747,0.04625371923953561,0.04655856225605535,0.046867177084726,0.047164913441296794,0.04746651686261099,0.04777209641438335,0.04808177439089833,0.048395685663560645,0.048713977341497856,0.049036808679248506,0.04936435118700071,0.04969678891318953,0.0500343188795911,0.05037715165670232,0.0507255120730615,0.051079640056846565,0.05143979161200145,0.0518062399345921,0.05217927667830242,0.05255921338112601,0.05294638306854169,0.05334114205191122,0.053743871944640385,0.05371264759364263,0.05368432045086514,0.05365871680303094,0.05363567954905421,0.053615066380668853,0.05359674820135828,0.05358060774813934,0.05356653838666325,0.05355444305492141,0.0535442333348004,0.053535828633989015,0.05352915546343481,0.053524146797784944,0.053520741508110425,0.05351888385777323,0.05351852305360384,0.05351961284566069,0.05352211116977391,0.053525979827866166,0.05353118420171512
2026-08-21,0.03911499843106135,0.03990725454449092,0.040955189188834236,0.042010680263970306,0.04235796985227919,0.04271032303867083,0.04301452852068616,0.04332232149367695,0.04363345491225209,0.043947824444815264,0.044320374467721996,0.044696470932734676,0.045076266370221545,0.04545992088893468,0.04577019169473818,0.04608412472010958,0.04640178034423766,0.046723240767065334,0.04704860636457971,0.047377993298734614,0.04767559329154619,0.04797717165551599,0.04828283121846668,0.04859268960561696,0.048906878317852905,0.04922554218866197,0.04954883913798759,0.04987694016655243,0.050210029551905296,0.050548305220139894,0.05089197927657855,0.05124127868581114,0.05159644609707508,0.0519577408155701,0.05232543992429021,0.0526998395645993,0.05308125638728216,0.05347002918935185,0.0538665207556345,0.05427111992823669,0.054229862779980195,0.054191514366290314,0.05415589065798475,0.054122824884692375,0.0540921656332531,0.054063775194702596,0.05403752812284094,0.05401330997355172,0.05399101619907341,0.05397055117555392,0.05395182734561899,0.05393476446049719,0.053919288908579034,0.05390533311923247,0.05389283503232474,0.0538817376252662,0.053871988490541395,0.05386353945766556,0.05385634625432692,0.053850368202176764
2026-08-24,0.039213059277836644,0.04000529616694714,0.041003184944750144,0.04200830961375293,0.04235605629236487,0.04270871387831849,0.04296079881967919,0.04321618581781706,0.04347454634132094,0.0437357158630338,0.044109457798599434,0.04448651043011637,0.04486707608058041,0.0452513501648605,0.045523532070292666,0.04579903019651539,0.04607786029880224,0.046360062865301574,0.04664569820234701,0.04693484310968933,0.04723390922497373,0.047536732921053405,0.04784343879478937,0.048154162163211944,0.04846904892037503,0.04878825558960455,0.049111949536495114,0.04944030931978533,0.04977352516562231,0.05011179955687882,0.05045534793387938,0.05080439950663162,0.05115919818179723,0.05152000361042062,0.05188709236504627,0.05226075925744207,0.05264131881082499,0.05302910690336654,0.053424482602945356,0.053827830216720704,0.05378777273257582,0.05375056059521212,0.053716013889470005,0.053683969572657954,0.053654279615399286,0.053626809385507256,0.053601436238714606,0.05357804828611217,0.053556543313075536,0.05353682782849378,0.053518816226439635,0.05350243004516897,0.05348759731061972,0.05347425195348274,0.053462333290507105,0.053451785562038605,0.05344255751891355,0.05343460205278106,0.053427875864731335,0.05342233916779288
2026-08-25,0.03911499843106135,0.03970918992713385,0.040507577046700625,0.041311533226363925,0.041712450779300206,0.04211777949744999,0.04237018979988194,0.04262576647145622,0.042884215264262227,0.043145391726710614,0.04349150150253411,0.04384069679178979,0.04419313519980721,0.044548973371453006,0.04484088156007082,0.04513606258895988,0.0454345790542053,0.045736510537210916,0.04604195091341895,0.046351006600472026,0.0466553896588641,0.046963562205929434,0.047275651134217556,0.04759179417450312,0.04791213976690865,0.04823684712792102,0.04856608647896577,0.048900039413950346,0.049238899391557914,0.049582872344228125,0.04993217740046954,0.05028704772091174,0.05064773145167774,0.05101449280148459,0.05138761325154705,0.05176739291001222,0.0521541520254121,0.05254823267660004,0.05295000065994224,0.05335984759828468,0.053310098057518795,0.05326318144923099,0.053218909049788904,0.05317710952764698,0.05313762701739577,0.05310031944521578,0.05306505706830022,0.05303172119704853,0.053000203073927984,0.052970402887076246,0.05294222890015858,0.052915596682836595,0.052890428428568066,0.052866652348424366,0.05284420213125824,0.052823016461936066,0.052803038590511636,0.05278421594620196,0.0527664997908576,0.052749844907328945
2026-08-26,0.039016932776085984,0.0398092081157188,0.04065699584852478,0.04151100146400105,0.04201357879965985,0.04252132710010365,0.04271987577180802,0.04292179853735624,0.04312657079096048,0.043333900556168675,0.04370818526616952,0.04408562101959296,0.04446643801705685,0.04485085108301109,0.04512324040221327,0.045398860947948975,0.04567773750142781,0.04595991723649154,0.046245465395899965,0.0465344623781049,0.04683330913483932,0.04713585659459851,0.047442230285628065,0.04775256588824575,0.048067009171472275,0.048385716103359205,0.04870885310561171,0.049036597433331004,0.04936913766800443,0.049706674317261175,0.05004942051905314,0.050397602851251395,0.0507514622504762,0.05111125504651667,0.05147725412111017,0.051849750202263324,0.052229053307820926,0.052615494354720495,0.053009426953407525,0.05341122941033501,0.05336260093485668,0.05331675235686659,0.05327349867888713,0.05323267195790254,0.053194119416963836,0.053157701803301864,0.053123291956241006,0.05309077355432431,0.05306004001605518,0.053030993532756525,0.05300354421542016,0.05297760934020947,0.052953112679592684,0.052929983908014115,0.05290815807262447,0.05288757512094592,0.05286817947848766,0.052849919670292296,0.05283274798120889,0.05281662015038375
2026-08-27,0.039016932776085984,0.040007277936414364,0.04080438570931793,0.041607735763749674,0.04211056789406793,0.042618499661880305,0.04281716926940953,0.04301918985591366,0.043224045969532915,0.04343145118926869,0.04380583854493008,0.04418337648736855,0.04456429753098911,0.04494881827651326,0.0452212847209836,0.0454969871133051,0.04577595087530439,0.046058223761446075,0.04634387155703014,0.046632975180830274,0.046931939142048865,0.047234611944413335,0.047541119654196204,0.047851598501699594,0.048166194823817475,0.048485065179734055,0.04880837661059448,0.049136307024155786,0.04946904569269338,0.04980679385780497,0.05014976543988012,0.050498187853329296,0.050852302931490206,0.051212367967671875,0.05157865688121502,0.051951461519871595,0.05233109311234371,0.05271788388757147,0.053112188880420186,0.053514387946893206,0.0534656318155679,0.05341966237481732,0.05337629418892516,0.0533353589178621,0.05329670342436037,0.053260188128089074,0.053225685570134705,0.053193079157124186,0.05316226205933416,0.053133136241235085,0.053105611606300736,0.05307960524070775,0.05305504074287223,0.053031847627704035,0.053009960796076686,0.052989320061369395,0.05296986972608024,0.052951558202476046,0.05293433767206261,0.05291816377935538
2026-08-28,0.03980132341267245,0.04108852426547068,0.04203469615022765,0.042988753107432574,0.04333639618389059,0.04368908183208369,0.04386261563792839,0.044039211069911086,0.044218381457478945,0.044399854022456234,0.04469337120385866,0.04498947125324667,0.04528829033768744,0.04558995999277216,0.04584629942768401,0.0461054526644815,0.04636748015854139,0.046632454335628425,0.04690045784191891,0.04717158241767015,0.04745435352552301,0.047740522635082654,0.04803021751225195,0.048323573114483424,0.04862073191927377,0.048921844316457824,0.04922706906116856,0.04953657378675453,0.04985053557882419,0.050169141613127424,0.050492589861334085,0.05082108987002793,0.05115486361947446,0.05149414647000456,0.05183918820522818,0.052190254182806206,0.05254762660520418,0.052911605924785665,0.05328251239982485,0.053660687820597464,0.05361548325503762,0.05357289725411038,0.05353275618894871,0.053494902456367927,0.05345919270495668,0.05342549629274908,0.05339369394199509,0.05336367656229152,0.05333534421803018,0.053308605219965235,0.05328337532387192,0.0532595770218872,0.05323713891429973,0.05321599515136812,0.05319608493626273,0.05317735208149904,0.053159744612301794,0.053143214411244456,0.05312771689927584,0.053113210748898014
2026-08-31,0.03950721297367256,0.04119060155006362,0.04208542240314191,0.04298846109741141,0.04328497281863312,0.043586264353837535,0.04381284306935662,0.0440425216670058,0.04427496825403441,0.04451001190830435,0.0448575500007927,0.04520815198910482,0.045562009112885764,0.04591930361650667,0.04615436470215766,0.04639241693388861,0.0466334453484261,0.04687746097963311,0.04712449523419011,0.047374596037772006,0.04766367061377465,0.047956234773064106,0.048252423283326136,0.04855237820262093,0.04885624928703706,0.049164194453393366,0.04947638029720443,0.04979298266773843,0.050114187303332634,0.05044019053132038,0.05077120003805061,0.05110743571561186,0.05144913059305811,0.05179653186121852,0.052149902001599316,0.052509520031495296,0.052875682879268075,0.05324870690586893,0.05362892959114829,0.05401671140637025,0.05396999980545058,0.05392598102201568,0.05388447636397982,0.05384532362971743,0.053808375282673876,0.05377349686427871,0.05374056560967644,0.05370946923670481,0.053680104883377835,0.053652378173090695,0.0536262023900237,0.05360149774991844,0.053578190753637955,0.05355621361278783,0.05353550373823477,0.053516003283669795,0.053497658737464086,0.05348042055699867,0.053464242840437465,0.05344908303158503
2026-09-01,0.03960525459235951,0.04138762373217648,0.042432235950397856,0.043486283938116994,0.04383242964957725,0.04418416673328465,0.04440938213107837,0.044638088104891435,0.04486983246442385,0.045104372561069896,0.0453966402801452,0.045691794536065915,0.04598991365208273,0.04629108849604778,0.04652761663844539,0.04676699950769456,0.04700925120099352,0.04725440562647214,0.04750251252591784,0.04775363477544378,0.048037411670196505,0.04832459984460403,0.0486153342994913,0.04890975658446617,0.049208015300102596,0.049510266628131766,0.04981667489627335,0.050127413184038114,0.05044266397584109,0.05076261986800606,0.051087484336684676,0.05141747257433155,0.051752812403170416,0.052093745275059035,0.052440527368324934,0.0527934307935281,0.05315274492173443,0.05351877785080107,0.053891858027427055,0.054272336045374646,0.05421734341895335,0.05416496948902831,0.05411503155584396,0.05406736352871344,0.05402181408056652,0.05397824504320858,0.05393653000744034,0.05389655309816244,0.053858207899467325,0.053821396508720004,0.05378602870192356,0.05375202119538853,0.053719296990986896,0.053687784794155674,0.05365741849539105,0.05362813670729661,0.05359988235036336,0.05357260228160023,0.05354624696093077,0.053520770150950275
2026-09-02,0.03960525459235951,0.04118958107533719,0.04233496392516407,0.043490114243333385,0.04378430807063574,0.04408409736374428,0.04430959948199566,0.04453851213441021,0.044770408151809285,0.04500505982240761,0.04532492358915074,0.04564779803382651,0.04597381286677637,0.046303101059388806,0.04653890057437817,0.04677764773724608,0.04701934032262652,0.047263999547322674,0.04751166513771393,0.04776239196172373,0.04804581942408553,0.04833269190598273,0.04862314010000956,0.048917301971285555,0.04921532311533752,0.04951735717733255,0.04982356633065436,0.05013412181498416,0.050449204535757235,0.05076900572830066,0.05109372769124644,0.05142358459504025,0.05175880337260259,0.05209962470049743,0.052446304080369884,0.05279911303198015,0.05315834041092694,0.05352429386617613,0.05389730145484484,0.054277713434406384,0.05422258965215506,0.05417009081191568,0.054120033778199066,0.05407225206419686,0.054026593981928064,0.053982921033670965,0.05394110650874395,0.0539010342556889,0.053862597604799375,0.05382569841994542,0.053790246261948484,0.05375615764848989,0.053723355397803305,0.053691768045290314,0.05366132932377779,0.05363197769946212,0.053603655956701426,0.05357631082576006,0.05354989264840992,0.05352435507697144
2026-09-03,0.03911499843106135,0.040699517044214525,0.041844959854184044,0.043000061561829304,0.04334552251397629,0.04369675497429557,0.04397401200338782,0.04425503403241645,0.04453944582068005,0.044827061207365806,0.04511779911042091,0.045411641653929836,0.04570861174950028,0.046008760414965724,0.04626375672725782,0.04652179309927329,0.046782895772066145,0.047047110876684554,0.04731450062298236,0.04758514073236482,0.04786756466563837,0.048153493643050965,0.0484430477057126,0.048736355764600114,0.04903355562466593,0.04933479414596008,0.049640227519987284,0.04995002164731771,0.050264352608057804,0.05058340722093562,0.05090738368996085,0.05123649234022421,0.051570956446631136,0.051911013161387944,0.05225691454799865,0.052608928731485226,0.05296734117659672,0.053332456108002024,0.05370459808893979,0.054084113777613,0.05402895889447614,0.05397643043434578,0.05392634515840756,0.053878536485921065,0.05383285264332285,0.053789155054750674,0.05374731693803259,0.05370722207617778,0.053668763739296625,0.05363184373589073,0.053596371575755655,0.053562263729471926,0.05352944297172722,0.05349783779760268,0.05346738190253721,0.05343801371800978,0.05340967599609737,0.05338231543700952,0.05335588235450091,0.053330330374742586
2026-09-04,0.0394091665486709,0.04089454390249556,0.042090331219442674,0.04329601434699437,0.0436922876842714,0.04409474609041506,0.04431877967617416,0.044546592034292926,0.04477763328903264,0.045011602106488385,0.04530338813816238,0.04559812863729767,0.04589588455366877,0.04619673425507367,0.046432981268772225,0.04667210618087295,0.046914117741828014,0.04715904563253876,0.04740693618764299,0.047657849486181805,0.04793507667152264,0.04821566531443347,0.04849973961167328,0.048787430955333,0.04907887821617452,0.049374228096913546,0.049673635550238675,0.049977264259313266,0.050285287180741406,0.05059788715175607,0.05091525756489651,0.05123760311479633,0.05156514062300156,0.05189809994804095,0.052236724989340476,0.052581274795055956,0.05293202478554358,0.0532892681060467,0.05365331712430203,0.05402450509122381,0.05396164486194025,0.05390131301148736,0.0538433243518654,0.05378751031527089,0.05373371710243754,0.05368180407239814,0.053631642337709236,0.053583113535174365,0.05353610874699359,0.053490527551278234,0.053446277184174176,0.053403271798568124,0.053361431806620216,0.053320683295255224,0.05328095750532628,0.053242190366491325,0.05320432208095962,0.053167296750209696,0.0531310620395802,0.05309556887631417
2026-09-08,0.03960525459235951,0.04109055990443207,0.04228632491461517,0.04349202970773717,0.04373464152511335,0.043982739864126624,0.044313523852168045,0.04464806748081023,0.04498618861873063,0.04532782966516655,0.045617873607966125,0.04591120572158721,0.04620781530974826,0.04650772985085038,0.046723736469840335,0.04694266209186824,0.04716446433170085,0.04738913048150913,0.04761667076103336,0.04784711366303193,0.048118522444522034,0.04839322691057662,0.048671346998165145,0.04895300968531513,0.049238349239474025,0.04952750753763018,0.04982063445181478,0.0501178882968049,0.050419436339234985,0.05072545536919568,0.05103613233695266,0.05135166505879041,0.05167226299726765,0.05199814812244066,0.05232955586192081,0.05266673614903644,0.053009954579913005,0.05335949369201696,0.05371565437867862,0.05407875745637549,0.05401695294158446,0.05395762615765026,0.0539005954234322,0.053845695358088225,0.053792775064924046,0.053741696552030135,0.05369233335443949,0.05364456932841616,0.05359829759328332,0.053553419600134655,0.053509844310011774,0.053467487466812,0.053426270952413195,0.053386122213357326,0.05334697374998456,0.05330876266021078,0.05327143023123732,0.05323492157340743,0.05319918529120835,0.05316417318708533
2026-09-09,0.03970329140520216,0.04128757947344179,0.04258310845413904,0.043889504215981714,0.04418220106289294,0.04448102660250433,0.04478450468404369,0.045091948618732,0.04540302510658058,0.04571757997267343,0.045980393333493325,0.04624634791829015,0.04651539332270711,0.04678752386994156,0.047004557676201854,0.047224414822557965,0.04744707326401322,0.047672536298686785,0.047900826971231984,0.0481319842265665,0.04839778028413172,0.048666803112783576,0.04893917021783194,0.04921500578345487,0.049494440935681255,0.04977761406830145,0.050064671227011866,0.050355766549738855,0.05065106276307597,0.05095073173634964,0.051254955096160855,0.05156392490544465,0.05187784441222462,0.052196928874377185,0.052521406467906526,0.0528515192875125,0.0531875244496487,0.05352969530986062,0.0538783228080076,0.05423371695706171,0.05418204260783042,0.05413282894189584,0.05408590428367918,0.05404111256447237,0.053998311588341404,0.05395737152421614,0.05391817359047918,0.053880608903981254,0.05384457746999347,0.053809987293365176,0.05377675359425172,0.053744798114334934,0.053714048501584837,0.05368443776338104,0.05365590377929374,0.05362838886606668,0.053601839388391484,0.05357620540994643,0.053551440379923244,0.05352750085090087
2026-09-10,0.040291411385915514,0.04237049256054339,0.04376437435083344,0.04517095460352712,0.045513168906595944,0.0458624535237335,0.04616464367230287,0.04647127598984828,0.04678188971387417,0.04709625573172807,0.04733127743130725,0.047569495145737405,0.04781078756987289,0.04805509465040521,0.048253709343885814,0.04845506100352922,0.04865911005755825,0.048865844251305066,0.049075272409791364,0.04928742013315897,0.04954908671159611,0.04981392001759215,0.050082046344213246,0.05035359720594484,0.05062870989599416,0.0509075280387994,0.051190202150631685,0.051476890218794605,0.051767758308454585,0.05206298120529219,0.05236274310177879,0.05266723833484281,0.052976672182927495,0.0532912617309207,0.053611236812135026,0.05393684103743269,0.05426833292272889,0.05460598712749216,0.05495009581851471,0.05530097017519492,0.05523086116218704,0.055163146472187445,0.055097640958379844,0.05503417587197723,0.054972597031090496,0.05491276322831323,0.05485454484147035,0.05479782261790523,0.0547424866075158,0.05468843522371803,0.054635574414780355,0.05458381693067483,0.05453308167283271,0.05448329311606156,0.05443438079344291,0.054386278836342596,0.054338925562769806,0.0542922631082541,0.05424623709420125,0.05420079632936053
