date,tenor,par_yield,source_field
2024-01-02,0.08333333333333333,0.0555,BC_1MONTH
2024-01-02,0.16666666666666666,0.0554,BC_2MONTH
2024-01-02,0.25,0.0546,BC_3MONTH
2024-01-02,0.3333333333333333,0.0541,BC_4MONTH
2024-01-02,0.5,0.0524,BC_6MONTH
2024-01-02,1.0,0.048,BC_1YEAR
2024-01-02,2.0,0.0433,BC_2YEAR
2024-01-02,3.0,0.0409,BC_3YEAR
2024-01-02,5.0,0.0393,BC_5YEAR
2024-01-02,7.0,0.0395,BC_7YEAR
2024-01-02,10.0,0.0395,BC_10YEAR
2024-01-02,20.0,0.0425,BC_20YEAR
2024-01-02,30.0,0.0408,BC_30YEAR
2024-01-03,0.08333333333333333,0.0554,BC_1MONTH
2024-01-03,0.16666666666666666,0.0554,BC_2MONTH
2024-01-03,0.25,0.0548,BC_3MONTH
2024-01-03,0.3333333333333333,0.0541,BC_4MONTH
2024-01-03,0.5,0.0525,BC_6MONTH
2024-01-03,1.0,0.0481,BC_1YEAR
2024-01-03,2.0,0.0433,BC_2YEAR
2024-01-03,3.0,0.0407,BC_3YEAR
2024-01-03,5.0,0.039,BC_5YEAR
2024-01-03,7.0,0.0392,BC_7YEAR
2024-01-03,10.0,0.0391,BC_10YEAR
2024-01-03,20.0,0.0421,BC_20YEAR
2024-01-03,30.0,0.0405,BC_30YEAR
2024-01-04,0.08333333333333333,0.0556,BC_1MONTH
2024-01-04,0.16666666666666666,0.0548,BC_2MONTH
2024-01-04,0.25,0.0548,BC_3MONTH
2024-01-04,0.3333333333333333,0.0541,BC_4MONTH
2024-01-04,0.5,0.0525,BC_6MONTH
2024-01-04,1.0,0.048499999999999995,BC_1YEAR
2024-01-04,2.0,0.0438,BC_2YEAR
2024-01-04,3.0,0.0414,BC_3YEAR
2024-01-04,5.0,0.0397,BC_5YEAR
2024-01-04,7.0,0.039900000000000005,BC_7YEAR
2024-01-04,10.0,0.039900000000000005,BC_10YEAR
2024-01-04,20.0,0.043,BC_20YEAR
2024-01-04,30.0,0.041299999999999996,BC_30YEAR
2024-01-05,0.08333333333333333,0.0554,BC_1MONTH
2024-01-05,0.16666666666666666,0.0548,BC_2MONTH
2024-01-05,0.25,0.0547,BC_3MONTH
2024-01-05,0.3333333333333333,0.0541,BC_4MONTH
2024-01-05,0.5,0.0524,BC_6MONTH
2024-01-05,1.0,0.0484,BC_1YEAR
2024-01-05,2.0,0.044000000000000004,BC_2YEAR
2024-01-05,3.0,0.0417,BC_3YEAR
2024-01-05,5.0,0.04019999999999999,BC_5YEAR
2024-01-05,7.0,0.0404,BC_7YEAR
2024-01-05,10.0,0.0405,BC_10YEAR
2024-01-05,20.0,0.0437,BC_20YEAR
2024-01-05,30.0,0.0421,BC_30YEAR
2024-01-08,0.08333333333333333,0.0554,BC_1MONTH
2024-01-08,0.16666666666666666,0.0548,BC_2MONTH
2024-01-08,0.25,0.054900000000000004,BC_3MONTH
2024-01-08,0.3333333333333333,0.053899999999999997,BC_4MONTH
2024-01-08,0.5,0.0524,BC_6MONTH
2024-01-08,1.0,0.0482,BC_1YEAR
2024-01-08,2.0,0.0436,BC_2YEAR
2024-01-08,3.0,0.041100000000000005,BC_3YEAR
2024-01-08,5.0,0.0397,BC_5YEAR
2024-01-08,7.0,0.039900000000000005,BC_7YEAR
2024-01-08,10.0,0.0401,BC_10YEAR
2024-01-08,20.0,0.0433,BC_20YEAR
2024-01-08,30.0,0.0417,BC_30YEAR
2024-01-09,0.08333333333333333,0.0553,BC_1MONTH
2024-01-09,0.16666666666666666,0.0546,BC_2MONTH
2024-01-09,0.25,0.0547,BC_3MONTH
2024-01-09,0.3333333333333333,0.0538,BC_4MONTH
2024-01-09,0.5,0.0524,BC_6MONTH
2024-01-09,1.0,0.0482,BC_1YEAR
2024-01-09,2.0,0.0436,BC_2YEAR
2024-01-09,3.0,0.0409,BC_3YEAR
2024-01-09,5.0,0.0397,BC_5YEAR
2024-01-09,7.0,0.04,BC_7YEAR
2024-01-09,10.0,0.04019999999999999,BC_10YEAR
2024-01-09,20.0,0.0433,BC_20YEAR
2024-01-09,30.0,0.0418,BC_30YEAR
2024-01-10,0.08333333333333333,0.0553,BC_1MONTH
2024-01-10,0.16666666666666666,0.0546,BC_2MONTH
2024-01-10,0.25,0.0546,BC_3MONTH
2024-01-10,0.3333333333333333,0.053899999999999997,BC_4MONTH
2024-01-10,0.5,0.052300000000000006,BC_6MONTH
2024-01-10,1.0,0.0482,BC_1YEAR
2024-01-10,2.0,0.0437,BC_2YEAR
2024-01-10,3.0,0.040999999999999995,BC_3YEAR
2024-01-10,5.0,0.039900000000000005,BC_5YEAR
2024-01-10,7.0,0.0401,BC_7YEAR
2024-01-10,10.0,0.0404,BC_10YEAR
2024-01-10,20.0,0.0435,BC_20YEAR
2024-01-10,30.0,0.042,BC_30YEAR
2024-01-11,0.08333333333333333,0.0554,BC_1MONTH
2024-01-11,0.16666666666666666,0.0547,BC_2MONTH
2024-01-11,0.25,0.0546,BC_3MONTH
2024-01-11,0.3333333333333333,0.0538,BC_4MONTH
2024-01-11,0.5,0.052199999999999996,BC_6MONTH
2024-01-11,1.0,0.0475,BC_1YEAR
2024-01-11,2.0,0.0426,BC_2YEAR
2024-01-11,3.0,0.04019999999999999,BC_3YEAR
2024-01-11,5.0,0.039,BC_5YEAR
2024-01-11,7.0,0.0395,BC_7YEAR
2024-01-11,10.0,0.0398,BC_10YEAR
2024-01-11,20.0,0.0432,BC_20YEAR
2024-01-11,30.0,0.0418,BC_30YEAR
2024-01-12,0.08333333333333333,0.0555,BC_1MONTH
2024-01-12,0.16666666666666666,0.0547,BC_2MONTH
2024-01-12,0.25,0.0545,BC_3MONTH
2024-01-12,0.3333333333333333,0.0537,BC_4MONTH
2024-01-12,0.5,0.0516,BC_6MONTH
2024-01-12,1.0,0.04650000000000001,BC_1YEAR
2024-01-12,2.0,0.0414,BC_2YEAR
2024-01-12,3.0,0.0392,BC_3YEAR
2024-01-12,5.0,0.0384,BC_5YEAR
2024-01-12,7.0,0.0391,BC_7YEAR
2024-01-12,10.0,0.039599999999999996,BC_10YEAR
2024-01-12,20.0,0.0432,BC_20YEAR
2024-01-12,30.0,0.042,BC_30YEAR
2024-01-16,0.08333333333333333,0.0554,BC_1MONTH
2024-01-16,0.16666666666666666,0.0547,BC_2MONTH
2024-01-16,0.25,0.0545,BC_3MONTH
2024-01-16,0.3333333333333333,0.0537,BC_4MONTH
2024-01-16,0.5,0.0518,BC_6MONTH
2024-01-16,1.0,0.047,BC_1YEAR
2024-01-16,2.0,0.042199999999999994,BC_2YEAR
2024-01-16,3.0,0.04019999999999999,BC_3YEAR
2024-01-16,5.0,0.0395,BC_5YEAR
2024-01-16,7.0,0.0401,BC_7YEAR
2024-01-16,10.0,0.0407,BC_10YEAR
2024-01-16,20.0,0.0443,BC_20YEAR
2024-01-16,30.0,0.043,BC_30YEAR
2024-01-17,0.08333333333333333,0.0554,BC_1MONTH
2024-01-17,0.16666666666666666,0.0547,BC_2MONTH
2024-01-17,0.25,0.0547,BC_3MONTH
2024-01-17,0.3333333333333333,0.054000000000000006,BC_4MONTH
2024-01-17,0.5,0.052000000000000005,BC_6MONTH
2024-01-17,1.0,0.048,BC_1YEAR
2024-01-17,2.0,0.0434,BC_2YEAR
2024-01-17,3.0,0.0412,BC_3YEAR
2024-01-17,5.0,0.04019999999999999,BC_5YEAR
2024-01-17,7.0,0.0407,BC_7YEAR
2024-01-17,10.0,0.040999999999999995,BC_10YEAR
2024-01-17,20.0,0.044199999999999996,BC_20YEAR
2024-01-17,30.0,0.0431,BC_30YEAR
2024-01-18,0.08333333333333333,0.0553,BC_1MONTH
2024-01-18,0.16666666666666666,0.0548,BC_2MONTH
2024-01-18,0.25,0.0545,BC_3MONTH
2024-01-18,0.3333333333333333,0.053899999999999997,BC_4MONTH
2024-01-18,0.5,0.052000000000000005,BC_6MONTH
2024-01-18,1.0,0.048,BC_1YEAR
2024-01-18,2.0,0.0434,BC_2YEAR
2024-01-18,3.0,0.041299999999999996,BC_3YEAR
2024-01-18,5.0,0.0404,BC_5YEAR
2024-01-18,7.0,0.040999999999999995,BC_7YEAR
2024-01-18,10.0,0.0414,BC_10YEAR
2024-01-18,20.0,0.044800000000000006,BC_20YEAR
2024-01-18,30.0,0.0437,BC_30YEAR
2024-01-19,0.08333333333333333,0.0554,BC_1MONTH
2024-01-19,0.16666666666666666,0.0547,BC_2MONTH
2024-01-19,0.25,0.0545,BC_3MONTH
2024-01-19,0.3333333333333333,0.053899999999999997,BC_4MONTH
2024-01-19,0.5,0.0521,BC_6MONTH
2024-01-19,1.0,0.0484,BC_1YEAR
2024-01-19,2.0,0.043899999999999995,BC_2YEAR
2024-01-19,3.0,0.0418,BC_3YEAR
2024-01-19,5.0,0.0408,BC_5YEAR
2024-01-19,7.0,0.0412,BC_7YEAR
2024-01-19,10.0,0.0415,BC_10YEAR
2024-01-19,20.0,0.0447,BC_20YEAR
2024-01-19,30.0,0.0436,BC_30YEAR
2024-01-22,0.08333333333333333,0.0553,BC_1MONTH
2024-01-22,0.16666666666666666,0.0547,BC_2MONTH
2024-01-22,0.25,0.0546,BC_3MONTH
2024-01-22,0.3333333333333333,0.053899999999999997,BC_4MONTH
2024-01-22,0.5,0.052199999999999996,BC_6MONTH
2024-01-22,1.0,0.0483,BC_1YEAR
2024-01-22,2.0,0.0437,BC_2YEAR
2024-01-22,3.0,0.0414,BC_3YEAR
2024-01-22,5.0,0.0403,BC_5YEAR
2024-01-22,7.0,0.0407,BC_7YEAR
2024-01-22,10.0,0.041100000000000005,BC_10YEAR
2024-01-22,20.0,0.0444,BC_20YEAR
2024-01-22,30.0,0.0432,BC_30YEAR
2024-01-23,0.08333333333333333,0.0553,BC_1MONTH
2024-01-23,0.16666666666666666,0.0546,BC_2MONTH
2024-01-23,0.25,0.0545,BC_3MONTH
2024-01-23,0.3333333333333333,0.0538,BC_4MONTH
2024-01-23,0.5,0.0521,BC_6MONTH
2024-01-23,1.0,0.0481,BC_1YEAR
2024-01-23,2.0,0.0431,BC_2YEAR
2024-01-23,3.0,0.0416,BC_3YEAR
2024-01-23,5.0,0.0406,BC_5YEAR
2024-01-23,7.0,0.041100000000000005,BC_7YEAR
2024-01-23,10.0,0.0414,BC_10YEAR
2024-01-23,20.0,0.044800000000000006,BC_20YEAR
2024-01-23,30.0,0.0438,BC_30YEAR
2024-01-24,0.08333333333333333,0.0552,BC_1MONTH
2024-01-24,0.16666666666666666,0.054400000000000004,BC_2MONTH
2024-01-24,0.25,0.054400000000000004,BC_3MONTH
2024-01-24,0.3333333333333333,0.054000000000000006,BC_4MONTH
2024-01-24,0.5,0.052199999999999996,BC_6MONTH
2024-01-24,1.0,0.0483,BC_1YEAR
2024-01-24,2.0,0.0434,BC_2YEAR
2024-01-24,3.0,0.04190000000000001,BC_3YEAR
2024-01-24,5.0,0.0406,BC_5YEAR
2024-01-24,7.0,0.0414,BC_7YEAR
2024-01-24,10.0,0.0418,BC_10YEAR
2024-01-24,20.0,0.0452,BC_20YEAR
2024-01-24,30.0,0.0441,BC_30YEAR
2024-01-25,0.08333333333333333,0.0554,BC_1MONTH
2024-01-25,0.16666666666666666,0.0548,BC_2MONTH
2024-01-25,0.25,0.054400000000000004,BC_3MONTH
2024-01-25,0.3333333333333333,0.053899999999999997,BC_4MONTH
2024-01-25,0.5,0.0519,BC_6MONTH
2024-01-25,1.0,0.047599999999999996,BC_1YEAR
2024-01-25,2.0,0.042800000000000005,BC_2YEAR
2024-01-25,3.0,0.0412,BC_3YEAR
2024-01-25,5.0,0.0401,BC_5YEAR
2024-01-25,7.0,0.0407,BC_7YEAR
2024-01-25,10.0,0.0414,BC_10YEAR
2024-01-25,20.0,0.0449,BC_20YEAR
2024-01-25,30.0,0.0438,BC_30YEAR
2024-01-26,0.08333333333333333,0.0554,BC_1MONTH
2024-01-26,0.16666666666666666,0.0545,BC_2MONTH
2024-01-26,0.25,0.054400000000000004,BC_3MONTH
2024-01-26,0.3333333333333333,0.053899999999999997,BC_4MONTH
2024-01-26,0.5,0.0519,BC_6MONTH
2024-01-26,1.0,0.0478,BC_1YEAR
2024-01-26,2.0,0.0434,BC_2YEAR
2024-01-26,3.0,0.0415,BC_3YEAR
2024-01-26,5.0,0.0404,BC_5YEAR
2024-01-26,7.0,0.040999999999999995,BC_7YEAR
2024-01-26,10.0,0.0415,BC_10YEAR
2024-01-26,20.0,0.0449,BC_20YEAR
2024-01-26,30.0,0.0438,BC_30YEAR
2024-01-29,0.08333333333333333,0.0553,BC_1MONTH
2024-01-29,0.16666666666666666,0.0546,BC_2MONTH
2024-01-29,0.25,0.0542,BC_3MONTH
2024-01-29,0.3333333333333333,0.0537,BC_4MONTH
2024-01-29,0.5,0.0519,BC_6MONTH
2024-01-29,1.0,0.047599999999999996,BC_1YEAR
2024-01-29,2.0,0.0429,BC_2YEAR
2024-01-29,3.0,0.040999999999999995,BC_3YEAR
2024-01-29,5.0,0.0397,BC_5YEAR
2024-01-29,7.0,0.04019999999999999,BC_7YEAR
2024-01-29,10.0,0.0408,BC_10YEAR
2024-01-29,20.0,0.044199999999999996,BC_20YEAR
2024-01-29,30.0,0.0431,BC_30YEAR
2024-01-30,0.08333333333333333,0.0553,BC_1MONTH
2024-01-30,0.16666666666666666,0.0547,BC_2MONTH
2024-01-30,0.25,0.0542,BC_3MONTH
2024-01-30,0.3333333333333333,0.0538,BC_4MONTH
2024-01-30,0.5,0.0519,BC_6MONTH
2024-01-30,1.0,0.048,BC_1YEAR
2024-01-30,2.0,0.0436,BC_2YEAR
2024-01-30,3.0,0.0414,BC_3YEAR
2024-01-30,5.0,0.04,BC_5YEAR
2024-01-30,7.0,0.0403,BC_7YEAR
2024-01-30,10.0,0.0406,BC_10YEAR
2024-01-30,20.0,0.044000000000000004,BC_20YEAR
2024-01-30,30.0,0.042800000000000005,BC_30YEAR
2024-01-31,0.08333333333333333,0.0553,BC_1MONTH
2024-01-31,0.16666666666666666,0.0546,BC_2MONTH
2024-01-31,0.25,0.0542,BC_3MONTH
2024-01-31,0.3333333333333333,0.054000000000000006,BC_4MONTH
2024-01-31,0.5,0.0518,BC_6MONTH
2024-01-31,1.0,0.0473,BC_1YEAR
2024-01-31,2.0,0.042699999999999995,BC_2YEAR
2024-01-31,3.0,0.0405,BC_3YEAR
2024-01-31,5.0,0.0391,BC_5YEAR
2024-01-31,7.0,0.0395,BC_7YEAR
2024-01-31,10.0,0.039900000000000005,BC_10YEAR
2024-01-31,20.0,0.0434,BC_20YEAR
2024-01-31,30.0,0.042199999999999994,BC_30YEAR
2024-02-01,0.08333333333333333,0.054900000000000004,BC_1MONTH
2024-02-01,0.16666666666666666,0.055099999999999996,BC_2MONTH
2024-02-01,0.25,0.0542,BC_3MONTH
2024-02-01,0.3333333333333333,0.0538,BC_4MONTH
2024-02-01,0.5,0.051500000000000004,BC_6MONTH
2024-02-01,1.0,0.046799999999999994,BC_1YEAR
2024-02-01,2.0,0.042,BC_2YEAR
2024-02-01,3.0,0.039599999999999996,BC_3YEAR
2024-02-01,5.0,0.038,BC_5YEAR
2024-02-01,7.0,0.0383,BC_7YEAR
2024-02-01,10.0,0.0387,BC_10YEAR
2024-02-01,20.0,0.0421,BC_20YEAR
2024-02-01,30.0,0.040999999999999995,BC_30YEAR
2024-02-02,0.08333333333333333,0.054900000000000004,BC_1MONTH
2024-02-02,0.16666666666666666,0.055099999999999996,BC_2MONTH
2024-02-02,0.25,0.054299999999999994,BC_3MONTH
2024-02-02,0.3333333333333333,0.0542,BC_4MONTH
2024-02-02,0.5,0.052199999999999996,BC_6MONTH
2024-02-02,1.0,0.0481,BC_1YEAR
2024-02-02,2.0,0.0436,BC_2YEAR
2024-02-02,3.0,0.0414,BC_3YEAR
2024-02-02,5.0,0.039900000000000005,BC_5YEAR
2024-02-02,7.0,0.04019999999999999,BC_7YEAR
2024-02-02,10.0,0.0403,BC_10YEAR
2024-02-02,20.0,0.0433,BC_20YEAR
2024-02-02,30.0,0.042199999999999994,BC_30YEAR
2024-02-05,0.08333333333333333,0.054900000000000004,BC_1MONTH
2024-02-05,0.16666666666666666,0.055,BC_2MONTH
2024-02-05,0.25,0.0542,BC_3MONTH
2024-02-05,0.3333333333333333,0.0542,BC_4MONTH
2024-02-05,0.5,0.0525,BC_6MONTH
2024-02-05,1.0,0.0487,BC_1YEAR
2024-02-05,2.0,0.0446,BC_2YEAR
2024-02-05,3.0,0.042699999999999995,BC_3YEAR
2024-02-05,5.0,0.041299999999999996,BC_5YEAR
2024-02-05,7.0,0.0416,BC_7YEAR
2024-02-05,10.0,0.0417,BC_10YEAR
2024-02-05,20.0,0.0446,BC_20YEAR
2024-02-05,30.0,0.0435,BC_30YEAR
2024-02-06,0.08333333333333333,0.0548,BC_1MONTH
2024-02-06,0.16666666666666666,0.055,BC_2MONTH
2024-02-06,0.25,0.054400000000000004,BC_3MONTH
2024-02-06,0.3333333333333333,0.0541,BC_4MONTH
2024-02-06,0.5,0.052300000000000006,BC_6MONTH
2024-02-06,1.0,0.0482,BC_1YEAR
2024-02-06,2.0,0.043899999999999995,BC_2YEAR
2024-02-06,3.0,0.0414,BC_3YEAR
2024-02-06,5.0,0.0403,BC_5YEAR
2024-02-06,7.0,0.0407,BC_7YEAR
2024-02-06,10.0,0.0409,BC_10YEAR
2024-02-06,20.0,0.043899999999999995,BC_20YEAR
2024-02-06,30.0,0.0429,BC_30YEAR
2024-02-07,0.08333333333333333,0.0547,BC_1MONTH
2024-02-07,0.16666666666666666,0.054900000000000004,BC_2MONTH
2024-02-07,0.25,0.054299999999999994,BC_3MONTH
2024-02-07,0.3333333333333333,0.054000000000000006,BC_4MONTH
2024-02-07,0.5,0.052300000000000006,BC_6MONTH
2024-02-07,1.0,0.0483,BC_1YEAR
2024-02-07,2.0,0.0441,BC_2YEAR
2024-02-07,3.0,0.0416,BC_3YEAR
2024-02-07,5.0,0.0406,BC_5YEAR
2024-02-07,7.0,0.0409,BC_7YEAR
2024-02-07,10.0,0.0409,BC_10YEAR
2024-02-07,20.0,0.0441,BC_20YEAR
2024-02-07,30.0,0.0431,BC_30YEAR
2024-02-08,0.08333333333333333,0.054900000000000004,BC_1MONTH
2024-02-08,0.16666666666666666,0.055099999999999996,BC_2MONTH
2024-02-08,0.25,0.054400000000000004,BC_3MONTH
2024-02-08,0.3333333333333333,0.0542,BC_4MONTH
2024-02-08,0.5,0.0524,BC_6MONTH
2024-02-08,1.0,0.0483,BC_1YEAR
2024-02-08,2.0,0.0446,BC_2YEAR
2024-02-08,3.0,0.042199999999999994,BC_3YEAR
2024-02-08,5.0,0.0412,BC_5YEAR
2024-02-08,7.0,0.0415,BC_7YEAR
2024-02-08,10.0,0.0415,BC_10YEAR
2024-02-08,20.0,0.0447,BC_20YEAR
2024-02-08,30.0,0.0436,BC_30YEAR
2024-02-09,0.08333333333333333,0.054900000000000004,BC_1MONTH
2024-02-09,0.16666666666666666,0.055099999999999996,BC_2MONTH
2024-02-09,0.25,0.054400000000000004,BC_3MONTH
2024-02-09,0.3333333333333333,0.054299999999999994,BC_4MONTH
2024-02-09,0.5,0.0526,BC_6MONTH
2024-02-09,1.0,0.048600000000000004,BC_1YEAR
2024-02-09,2.0,0.044800000000000006,BC_2YEAR
2024-02-09,3.0,0.0425,BC_3YEAR
2024-02-09,5.0,0.0414,BC_5YEAR
2024-02-09,7.0,0.0417,BC_7YEAR
2024-02-09,10.0,0.0417,BC_10YEAR
2024-02-09,20.0,0.044800000000000006,BC_20YEAR
2024-02-09,30.0,0.0437,BC_30YEAR
2024-02-12,0.08333333333333333,0.054900000000000004,BC_1MONTH
2024-02-12,0.16666666666666666,0.055099999999999996,BC_2MONTH
2024-02-12,0.25,0.054299999999999994,BC_3MONTH
2024-02-12,0.3333333333333333,0.054299999999999994,BC_4MONTH
2024-02-12,0.5,0.0527,BC_6MONTH
2024-02-12,1.0,0.0487,BC_1YEAR
2024-02-12,2.0,0.0446,BC_2YEAR
2024-02-12,3.0,0.0425,BC_3YEAR
2024-02-12,5.0,0.041299999999999996,BC_5YEAR
2024-02-12,7.0,0.0416,BC_7YEAR
2024-02-12,10.0,0.0417,BC_10YEAR
2024-02-12,20.0,0.044800000000000006,BC_20YEAR
2024-02-12,30.0,0.0437,BC_30YEAR
2024-02-13,0.08333333333333333,0.0548,BC_1MONTH
2024-02-13,0.16666666666666666,0.0552,BC_2MONTH
2024-02-13,0.25,0.0545,BC_3MONTH
2024-02-13,0.3333333333333333,0.0546,BC_4MONTH
2024-02-13,0.5,0.053200000000000004,BC_6MONTH
2024-02-13,1.0,0.0499,BC_1YEAR
2024-02-13,2.0,0.0464,BC_2YEAR
2024-02-13,3.0,0.0444,BC_3YEAR
2024-02-13,5.0,0.0431,BC_5YEAR
2024-02-13,7.0,0.0433,BC_7YEAR
2024-02-13,10.0,0.0431,BC_10YEAR
2024-02-13,20.0,0.045899999999999996,BC_20YEAR
2024-02-13,30.0,0.0446,BC_30YEAR
2024-02-14,0.08333333333333333,0.0548,BC_1MONTH
2024-02-14,0.16666666666666666,0.055099999999999996,BC_2MONTH
2024-02-14,0.25,0.054299999999999994,BC_3MONTH
2024-02-14,0.3333333333333333,0.0545,BC_4MONTH
2024-02-14,0.5,0.053099999999999994,BC_6MONTH
2024-02-14,1.0,0.049400000000000006,BC_1YEAR
2024-02-14,2.0,0.045599999999999995,BC_2YEAR
2024-02-14,3.0,0.0438,BC_3YEAR
2024-02-14,5.0,0.0425,BC_5YEAR
2024-02-14,7.0,0.042699999999999995,BC_7YEAR
2024-02-14,10.0,0.042699999999999995,BC_10YEAR
2024-02-14,20.0,0.045700000000000005,BC_20YEAR
2024-02-14,30.0,0.044500000000000005,BC_30YEAR
2024-02-15,0.08333333333333333,0.054900000000000004,BC_1MONTH
2024-02-15,0.16666666666666666,0.055099999999999996,BC_2MONTH
2024-02-15,0.25,0.054299999999999994,BC_3MONTH
2024-02-15,0.3333333333333333,0.0545,BC_4MONTH
2024-02-15,0.5,0.053,BC_6MONTH
2024-02-15,1.0,0.0493,BC_1YEAR
2024-02-15,2.0,0.045599999999999995,BC_2YEAR
2024-02-15,3.0,0.0436,BC_3YEAR
2024-02-15,5.0,0.042199999999999994,BC_5YEAR
2024-02-15,7.0,0.0425,BC_7YEAR
2024-02-15,10.0,0.0424,BC_10YEAR
2024-02-15,20.0,0.0454,BC_20YEAR
2024-02-15,30.0,0.044199999999999996,BC_30YEAR
2024-02-16,0.08333333333333333,0.0548,BC_1MONTH
2024-02-16,0.16666666666666666,0.055099999999999996,BC_2MONTH
2024-02-16,0.25,0.054400000000000004,BC_3MONTH
2024-02-16,0.3333333333333333,0.0545,BC_4MONTH
2024-02-16,0.5,0.053099999999999994,BC_6MONTH
2024-02-16,1.0,0.049800000000000004,BC_1YEAR
2024-02-16,2.0,0.0464,BC_2YEAR
2024-02-16,3.0,0.0443,BC_3YEAR
2024-02-16,5.0,0.0429,BC_5YEAR
2024-02-16,7.0,0.0431,BC_7YEAR
2024-02-16,10.0,0.043,BC_10YEAR
2024-02-16,20.0,0.0458,BC_20YEAR
2024-02-16,30.0,0.044500000000000005,BC_30YEAR
2024-02-20,0.08333333333333333,0.054900000000000004,BC_1MONTH
2024-02-20,0.16666666666666666,0.054900000000000004,BC_2MONTH
2024-02-20,0.25,0.054400000000000004,BC_3MONTH
2024-02-20,0.3333333333333333,0.0545,BC_4MONTH
2024-02-20,0.5,0.053200000000000004,BC_6MONTH
2024-02-20,1.0,0.049699999999999994,BC_1YEAR
2024-02-20,2.0,0.045899999999999996,BC_2YEAR
2024-02-20,3.0,0.0438,BC_3YEAR
2024-02-20,5.0,0.0425,BC_5YEAR
2024-02-20,7.0,0.042800000000000005,BC_7YEAR
2024-02-20,10.0,0.042699999999999995,BC_10YEAR
2024-02-20,20.0,0.045599999999999995,BC_20YEAR
2024-02-20,30.0,0.0444,BC_30YEAR
2024-02-21,0.08333333333333333,0.055,BC_1MONTH
2024-02-21,0.16666666666666666,0.055,BC_2MONTH
2024-02-21,0.25,0.054400000000000004,BC_3MONTH
2024-02-21,0.3333333333333333,0.0545,BC_4MONTH
2024-02-21,0.5,0.053200000000000004,BC_6MONTH
2024-02-21,1.0,0.049800000000000004,BC_1YEAR
2024-02-21,2.0,0.0464,BC_2YEAR
2024-02-21,3.0,0.0443,BC_3YEAR
2024-02-21,5.0,0.043,BC_5YEAR
2024-02-21,7.0,0.0433,BC_7YEAR
2024-02-21,10.0,0.0432,BC_10YEAR
2024-02-21,20.0,0.045899999999999996,BC_20YEAR
2024-02-21,30.0,0.0449,BC_30YEAR
2024-02-22,0.08333333333333333,0.054900000000000004,BC_1MONTH
2024-02-22,0.16666666666666666,0.055099999999999996,BC_2MONTH
2024-02-22,0.25,0.0545,BC_3MONTH
2024-02-22,0.3333333333333333,0.0545,BC_4MONTH
2024-02-22,0.5,0.053200000000000004,BC_6MONTH
2024-02-22,1.0,0.050199999999999995,BC_1YEAR
2024-02-22,2.0,0.046900000000000004,BC_2YEAR
2024-02-22,3.0,0.0449,BC_3YEAR
2024-02-22,5.0,0.0433,BC_5YEAR
2024-02-22,7.0,0.0435,BC_7YEAR
2024-02-22,10.0,0.0433,BC_10YEAR
2024-02-22,20.0,0.0458,BC_20YEAR
2024-02-22,30.0,0.0447,BC_30YEAR
2024-02-23,0.08333333333333333,0.054900000000000004,BC_1MONTH
2024-02-23,0.16666666666666666,0.055099999999999996,BC_2MONTH
2024-02-23,0.25,0.0546,BC_3MONTH
2024-02-23,0.3333333333333333,0.0546,BC_4MONTH
2024-02-23,0.5,0.053200000000000004,BC_6MONTH
2024-02-23,1.0,0.05,BC_1YEAR
2024-02-23,2.0,0.0467,BC_2YEAR
2024-02-23,3.0,0.044500000000000005,BC_3YEAR
2024-02-23,5.0,0.042800000000000005,BC_5YEAR
2024-02-23,7.0,0.042800000000000005,BC_7YEAR
2024-02-23,10.0,0.0426,BC_10YEAR
2024-02-23,20.0,0.0451,BC_20YEAR
2024-02-23,30.0,0.0437,BC_30YEAR
2024-02-26,0.08333333333333333,0.055,BC_1MONTH
2024-02-26,0.16666666666666666,0.0552,BC_2MONTH
2024-02-26,0.25,0.0547,BC_3MONTH
2024-02-26,0.3333333333333333,0.0547,BC_4MONTH
2024-02-26,0.5,0.053399999999999996,BC_6MONTH
2024-02-26,1.0,0.050300000000000004,BC_1YEAR
2024-02-26,2.0,0.046900000000000004,BC_2YEAR
2024-02-26,3.0,0.044800000000000006,BC_3YEAR
2024-02-26,5.0,0.0429,BC_5YEAR
2024-02-26,7.0,0.0432,BC_7YEAR
2024-02-26,10.0,0.042800000000000005,BC_10YEAR
2024-02-26,20.0,0.0453,BC_20YEAR
2024-02-26,30.0,0.044000000000000004,BC_30YEAR
2024-02-27,0.08333333333333333,0.055,BC_1MONTH
2024-02-27,0.16666666666666666,0.0552,BC_2MONTH
2024-02-27,0.25,0.0545,BC_3MONTH
2024-02-27,0.3333333333333333,0.0547,BC_4MONTH
2024-02-27,0.5,0.0533,BC_6MONTH
2024-02-27,1.0,0.050300000000000004,BC_1YEAR
2024-02-27,2.0,0.047,BC_2YEAR
2024-02-27,3.0,0.045,BC_3YEAR
2024-02-27,5.0,0.0432,BC_5YEAR
2024-02-27,7.0,0.0434,BC_7YEAR
2024-02-27,10.0,0.0431,BC_10YEAR
2024-02-27,20.0,0.045700000000000005,BC_20YEAR
2024-02-27,30.0,0.0444,BC_30YEAR
2024-02-28,0.08333333333333333,0.055,BC_1MONTH
2024-02-28,0.16666666666666666,0.055099999999999996,BC_2MONTH
2024-02-28,0.25,0.0545,BC_3MONTH
2024-02-28,0.3333333333333333,0.054299999999999994,BC_4MONTH
2024-02-28,0.5,0.053099999999999994,BC_6MONTH
2024-02-28,1.0,0.05,BC_1YEAR
2024-02-28,2.0,0.0464,BC_2YEAR
2024-02-28,3.0,0.0444,BC_3YEAR
2024-02-28,5.0,0.0426,BC_5YEAR
2024-02-28,7.0,0.042800000000000005,BC_7YEAR
2024-02-28,10.0,0.042699999999999995,BC_10YEAR
2024-02-28,20.0,0.0453,BC_20YEAR
2024-02-28,30.0,0.044000000000000004,BC_30YEAR
2024-02-29,0.08333333333333333,0.0553,BC_1MONTH
2024-02-29,0.16666666666666666,0.055,BC_2MONTH
2024-02-29,0.25,0.0545,BC_3MONTH
2024-02-29,0.3333333333333333,0.054299999999999994,BC_4MONTH
2024-02-29,0.5,0.053,BC_6MONTH
2024-02-29,1.0,0.0501,BC_1YEAR
2024-02-29,2.0,0.0464,BC_2YEAR
2024-02-29,3.0,0.0443,BC_3YEAR
2024-02-29,5.0,0.0426,BC_5YEAR
2024-02-29,7.0,0.042800000000000005,BC_7YEAR
2024-02-29,10.0,0.0425,BC_10YEAR
2024-02-29,20.0,0.0451,BC_20YEAR
2024-02-29,30.0,0.0438,BC_30YEAR
2024-03-01,0.08333333333333333,0.0554,BC_1MONTH
2024-03-01,0.16666666666666666,0.054900000000000004,BC_2MONTH
2024-03-01,0.25,0.0542,BC_3MONTH
2024-03-01,0.3333333333333333,0.0541,BC_4MONTH
2024-03-01,0.5,0.0527,BC_6MONTH
2024-03-01,1.0,0.049400000000000006,BC_1YEAR
2024-03-01,2.0,0.0454,BC_2YEAR
2024-03-01,3.0,0.0432,BC_3YEAR
2024-03-01,5.0,0.0417,BC_5YEAR
2024-03-01,7.0,0.042,BC_7YEAR
2024-03-01,10.0,0.04190000000000001,BC_10YEAR
2024-03-01,20.0,0.0446,BC_20YEAR
2024-03-01,30.0,0.0433,BC_30YEAR
2024-03-04,0.08333333333333333,0.055099999999999996,BC_1MONTH
2024-03-04,0.16666666666666666,0.054900000000000004,BC_2MONTH
2024-03-04,0.25,0.0548,BC_3MONTH
2024-03-04,0.3333333333333333,0.0542,BC_4MONTH
2024-03-04,0.5,0.0537,BC_6MONTH
2024-03-04,1.0,0.049800000000000004,BC_1YEAR
2024-03-04,2.0,0.0461,BC_2YEAR
2024-03-04,3.0,0.043899999999999995,BC_3YEAR
2024-03-04,5.0,0.0421,BC_5YEAR
2024-03-04,7.0,0.042300000000000004,BC_7YEAR
2024-03-04,10.0,0.042199999999999994,BC_10YEAR
2024-03-04,20.0,0.044800000000000006,BC_20YEAR
2024-03-04,30.0,0.0436,BC_30YEAR
2024-03-05,0.08333333333333333,0.055,BC_1MONTH
2024-03-05,0.16666666666666666,0.0547,BC_2MONTH
2024-03-05,0.25,0.0547,BC_3MONTH
2024-03-05,0.3333333333333333,0.054000000000000006,BC_4MONTH
2024-03-05,0.5,0.0535,BC_6MONTH
2024-03-05,1.0,0.049400000000000006,BC_1YEAR
2024-03-05,2.0,0.0454,BC_2YEAR
2024-03-05,3.0,0.0432,BC_3YEAR
2024-03-05,5.0,0.041299999999999996,BC_5YEAR
2024-03-05,7.0,0.0415,BC_7YEAR
2024-03-05,10.0,0.041299999999999996,BC_10YEAR
2024-03-05,20.0,0.043899999999999995,BC_20YEAR
2024-03-05,30.0,0.042699999999999995,BC_30YEAR
2024-03-06,0.08333333333333333,0.055,BC_1MONTH
2024-03-06,0.16666666666666666,0.0547,BC_2MONTH
2024-03-06,0.25,0.0547,BC_3MONTH
2024-03-06,0.3333333333333333,0.054000000000000006,BC_4MONTH
2024-03-06,0.5,0.0535,BC_6MONTH
2024-03-06,1.0,0.0495,BC_1YEAR
2024-03-06,2.0,0.0455,BC_2YEAR
2024-03-06,3.0,0.0432,BC_3YEAR
2024-03-06,5.0,0.0412,BC_5YEAR
2024-03-06,7.0,0.0412,BC_7YEAR
2024-03-06,10.0,0.041100000000000005,BC_10YEAR
2024-03-06,20.0,0.0436,BC_20YEAR
2024-03-06,30.0,0.0424,BC_30YEAR
2024-03-07,0.08333333333333333,0.055099999999999996,BC_1MONTH
2024-03-07,0.16666666666666666,0.0548,BC_2MONTH
2024-03-07,0.25,0.0547,BC_3MONTH
2024-03-07,0.3333333333333333,0.054000000000000006,BC_4MONTH
2024-03-07,0.5,0.053399999999999996,BC_6MONTH
2024-03-07,1.0,0.0493,BC_1YEAR
2024-03-07,2.0,0.045,BC_2YEAR
2024-03-07,3.0,0.042800000000000005,BC_3YEAR
2024-03-07,5.0,0.0407,BC_5YEAR
2024-03-07,7.0,0.0409,BC_7YEAR
2024-03-07,10.0,0.0409,BC_10YEAR
2024-03-07,20.0,0.0435,BC_20YEAR
2024-03-07,30.0,0.0425,BC_30YEAR
2024-03-08,0.08333333333333333,0.055099999999999996,BC_1MONTH
2024-03-08,0.16666666666666666,0.0548,BC_2MONTH
2024-03-08,0.25,0.0546,BC_3MONTH
2024-03-08,0.3333333333333333,0.054000000000000006,BC_4MONTH
2024-03-08,0.5,0.053399999999999996,BC_6MONTH
2024-03-08,1.0,0.0492,BC_1YEAR
2024-03-08,2.0,0.044800000000000006,BC_2YEAR
2024-03-08,3.0,0.0425,BC_3YEAR
2024-03-08,5.0,0.0406,BC_5YEAR
2024-03-08,7.0,0.0408,BC_7YEAR
2024-03-08,10.0,0.0409,BC_10YEAR
2024-03-08,20.0,0.0436,BC_20YEAR
2024-03-08,30.0,0.0426,BC_30YEAR
2024-03-11,0.08333333333333333,0.055,BC_1MONTH
2024-03-11,0.16666666666666666,0.0547,BC_2MONTH
2024-03-11,0.25,0.0548,BC_3MONTH
2024-03-11,0.3333333333333333,0.0541,BC_4MONTH
2024-03-11,0.5,0.0535,BC_6MONTH
2024-03-11,1.0,0.0495,BC_1YEAR
2024-03-11,2.0,0.0451,BC_2YEAR
2024-03-11,3.0,0.0426,BC_3YEAR
2024-03-11,5.0,0.0408,BC_5YEAR
2024-03-11,7.0,0.0409,BC_7YEAR
2024-03-11,10.0,0.040999999999999995,BC_10YEAR
2024-03-11,20.0,0.0436,BC_20YEAR
2024-03-11,30.0,0.0426,BC_30YEAR
2024-03-12,0.08333333333333333,0.0552,BC_1MONTH
2024-03-12,0.16666666666666666,0.0548,BC_2MONTH
2024-03-12,0.25,0.0548,BC_3MONTH
2024-03-12,0.3333333333333333,0.0541,BC_4MONTH
2024-03-12,0.5,0.0537,BC_6MONTH
2024-03-12,1.0,0.05,BC_1YEAR
2024-03-12,2.0,0.0458,BC_2YEAR
2024-03-12,3.0,0.0433,BC_3YEAR
2024-03-12,5.0,0.0415,BC_5YEAR
2024-03-12,7.0,0.0416,BC_7YEAR
2024-03-12,10.0,0.0416,BC_10YEAR
2024-03-12,20.0,0.044199999999999996,BC_20YEAR
2024-03-12,30.0,0.0431,BC_30YEAR
2024-03-13,0.08333333333333333,0.0552,BC_1MONTH
2024-03-13,0.16666666666666666,0.0547,BC_2MONTH
2024-03-13,0.25,0.0548,BC_3MONTH
2024-03-13,0.3333333333333333,0.0541,BC_4MONTH
2024-03-13,0.5,0.0537,BC_6MONTH
2024-03-13,1.0,0.0501,BC_1YEAR
2024-03-13,2.0,0.0461,BC_2YEAR
2024-03-13,3.0,0.0437,BC_3YEAR
2024-03-13,5.0,0.04190000000000001,BC_5YEAR
2024-03-13,7.0,0.042,BC_7YEAR
2024-03-13,10.0,0.04190000000000001,BC_10YEAR
2024-03-13,20.0,0.044500000000000005,BC_20YEAR
2024-03-13,30.0,0.0435,BC_30YEAR
2024-03-14,0.08333333333333333,0.0552,BC_1MONTH
2024-03-14,0.16666666666666666,0.0548,BC_2MONTH
2024-03-14,0.25,0.0548,BC_3MONTH
2024-03-14,0.3333333333333333,0.0542,BC_4MONTH
2024-03-14,0.5,0.0538,BC_6MONTH
2024-03-14,1.0,0.0504,BC_1YEAR
2024-03-14,2.0,0.046799999999999994,BC_2YEAR
2024-03-14,3.0,0.0446,BC_3YEAR
2024-03-14,5.0,0.0429,BC_5YEAR
2024-03-14,7.0,0.043,BC_7YEAR
2024-03-14,10.0,0.0429,BC_10YEAR
2024-03-14,20.0,0.0454,BC_20YEAR
2024-03-14,30.0,0.0444,BC_30YEAR
2024-03-15,0.08333333333333333,0.0552,BC_1MONTH
2024-03-15,0.16666666666666666,0.0548,BC_2MONTH
2024-03-15,0.25,0.0548,BC_3MONTH
2024-03-15,0.3333333333333333,0.0541,BC_4MONTH
2024-03-15,0.5,0.0538,BC_6MONTH
2024-03-15,1.0,0.050499999999999996,BC_1YEAR
2024-03-15,2.0,0.0472,BC_2YEAR
2024-03-15,3.0,0.0451,BC_3YEAR
2024-03-15,5.0,0.0433,BC_5YEAR
2024-03-15,7.0,0.0433,BC_7YEAR
2024-03-15,10.0,0.0431,BC_10YEAR
2024-03-15,20.0,0.0455,BC_20YEAR
2024-03-15,30.0,0.0443,BC_30YEAR
2024-03-18,0.08333333333333333,0.0552,BC_1MONTH
2024-03-18,0.16666666666666666,0.0548,BC_2MONTH
2024-03-18,0.25,0.0548,BC_3MONTH
2024-03-18,0.3333333333333333,0.0541,BC_4MONTH
2024-03-18,0.5,0.053899999999999997,BC_6MONTH
2024-03-18,1.0,0.0506,BC_1YEAR
2024-03-18,2.0,0.0473,BC_2YEAR
2024-03-18,3.0,0.0452,BC_3YEAR
2024-03-18,5.0,0.0436,BC_5YEAR
2024-03-18,7.0,0.0435,BC_7YEAR
2024-03-18,10.0,0.0434,BC_10YEAR
2024-03-18,20.0,0.045700000000000005,BC_20YEAR
2024-03-18,30.0,0.0446,BC_30YEAR
2024-03-19,0.08333333333333333,0.0552,BC_1MONTH
2024-03-19,0.16666666666666666,0.0548,BC_2MONTH
2024-03-19,0.25,0.0548,BC_3MONTH
2024-03-19,0.3333333333333333,0.0541,BC_4MONTH
2024-03-19,0.5,0.053899999999999997,BC_6MONTH
2024-03-19,1.0,0.0506,BC_1YEAR
2024-03-19,2.0,0.046799999999999994,BC_2YEAR
2024-03-19,3.0,0.0447,BC_3YEAR
2024-03-19,5.0,0.0431,BC_5YEAR
2024-03-19,7.0,0.0431,BC_7YEAR
2024-03-19,10.0,0.043,BC_10YEAR
2024-03-19,20.0,0.0454,BC_20YEAR
2024-03-19,30.0,0.0444,BC_30YEAR
2024-03-20,0.08333333333333333,0.055,BC_1MONTH
2024-03-20,0.16666666666666666,0.0547,BC_2MONTH
2024-03-20,0.25,0.0547,BC_3MONTH
2024-03-20,0.3333333333333333,0.0541,BC_4MONTH
2024-03-20,0.5,0.0536,BC_6MONTH
2024-03-20,1.0,0.0501,BC_1YEAR
2024-03-20,2.0,0.045899999999999996,BC_2YEAR
2024-03-20,3.0,0.0441,BC_3YEAR
2024-03-20,5.0,0.0425,BC_5YEAR
2024-03-20,7.0,0.042800000000000005,BC_7YEAR
2024-03-20,10.0,0.042699999999999995,BC_10YEAR
2024-03-20,20.0,0.0453,BC_20YEAR
2024-03-20,30.0,0.044500000000000005,BC_30YEAR
2024-03-21,0.08333333333333333,0.055099999999999996,BC_1MONTH
2024-03-21,0.16666666666666666,0.0548,BC_2MONTH
2024-03-21,0.25,0.0548,BC_3MONTH
2024-03-21,0.3333333333333333,0.054000000000000006,BC_4MONTH
2024-03-21,0.5,0.0536,BC_6MONTH
2024-03-21,1.0,0.0501,BC_1YEAR
2024-03-21,2.0,0.0462,BC_2YEAR
2024-03-21,3.0,0.044199999999999996,BC_3YEAR
2024-03-21,5.0,0.0426,BC_5YEAR
2024-03-21,7.0,0.042800000000000005,BC_7YEAR
2024-03-21,10.0,0.042699999999999995,BC_10YEAR
2024-03-21,20.0,0.0453,BC_20YEAR
2024-03-21,30.0,0.0444,BC_30YEAR
2024-03-22,0.08333333333333333,0.055099999999999996,BC_1MONTH
2024-03-22,0.16666666666666666,0.0547,BC_2MONTH
2024-03-22,0.25,0.0546,BC_3MONTH
2024-03-22,0.3333333333333333,0.054000000000000006,BC_4MONTH
2024-03-22,0.5,0.053399999999999996,BC_6MONTH
2024-03-22,1.0,0.049800000000000004,BC_1YEAR
2024-03-22,2.0,0.045899999999999996,BC_2YEAR
2024-03-22,3.0,0.0436,BC_3YEAR
2024-03-22,5.0,0.042,BC_5YEAR
2024-03-22,7.0,0.042199999999999994,BC_7YEAR
2024-03-22,10.0,0.042199999999999994,BC_10YEAR
2024-03-22,20.0,0.0447,BC_20YEAR
2024-03-22,30.0,0.043899999999999995,BC_30YEAR
2024-03-25,0.08333333333333333,0.055099999999999996,BC_1MONTH
2024-03-25,0.16666666666666666,0.0548,BC_2MONTH
2024-03-25,0.25,0.0546,BC_3MONTH
2024-03-25,0.3333333333333333,0.0541,BC_4MONTH
2024-03-25,0.5,0.0536,BC_6MONTH
2024-03-25,1.0,0.05,BC_1YEAR
2024-03-25,2.0,0.0454,BC_2YEAR
2024-03-25,3.0,0.043899999999999995,BC_3YEAR
2024-03-25,5.0,0.042300000000000004,BC_5YEAR
2024-03-25,7.0,0.0425,BC_7YEAR
2024-03-25,10.0,0.0425,BC_10YEAR
2024-03-25,20.0,0.0451,BC_20YEAR
2024-03-25,30.0,0.044199999999999996,BC_30YEAR
2024-03-26,0.08333333333333333,0.055,BC_1MONTH
2024-03-26,0.16666666666666666,0.0547,BC_2MONTH
2024-03-26,0.25,0.0546,BC_3MONTH
2024-03-26,0.3333333333333333,0.0541,BC_4MONTH
2024-03-26,0.5,0.0536,BC_6MONTH
2024-03-26,1.0,0.05,BC_1YEAR
2024-03-26,2.0,0.045599999999999995,BC_2YEAR
2024-03-26,3.0,0.0438,BC_3YEAR
2024-03-26,5.0,0.042199999999999994,BC_5YEAR
2024-03-26,7.0,0.042300000000000004,BC_7YEAR
2024-03-26,10.0,0.0424,BC_10YEAR
2024-03-26,20.0,0.0449,BC_20YEAR
2024-03-26,30.0,0.044000000000000004,BC_30YEAR
2024-03-27,0.08333333333333333,0.055,BC_1MONTH
2024-03-27,0.16666666666666666,0.0547,BC_2MONTH
2024-03-27,0.25,0.0545,BC_3MONTH
2024-03-27,0.3333333333333333,0.0541,BC_4MONTH
2024-03-27,0.5,0.0536,BC_6MONTH
2024-03-27,1.0,0.0499,BC_1YEAR
2024-03-27,2.0,0.0454,BC_2YEAR
2024-03-27,3.0,0.0436,BC_3YEAR
2024-03-27,5.0,0.0418,BC_5YEAR
2024-03-27,7.0,0.0418,BC_7YEAR
2024-03-27,10.0,0.042,BC_10YEAR
2024-03-27,20.0,0.044500000000000005,BC_20YEAR
2024-03-27,30.0,0.0436,BC_30YEAR
2024-03-28,0.08333333333333333,0.054900000000000004,BC_1MONTH
2024-03-28,0.16666666666666666,0.0548,BC_2MONTH
2024-03-28,0.25,0.0546,BC_3MONTH
2024-03-28,0.3333333333333333,0.0542,BC_4MONTH
2024-03-28,0.5,0.0538,BC_6MONTH
2024-03-28,1.0,0.050300000000000004,BC_1YEAR
2024-03-28,2.0,0.045899999999999996,BC_2YEAR
2024-03-28,3.0,0.044000000000000004,BC_3YEAR
2024-03-28,5.0,0.0421,BC_5YEAR
2024-03-28,7.0,0.042,BC_7YEAR
2024-03-28,10.0,0.042,BC_10YEAR
2024-03-28,20.0,0.044500000000000005,BC_20YEAR
2024-03-28,30.0,0.0434,BC_30YEAR
2024-04-01,0.08333333333333333,0.054900000000000004,BC_1MONTH
2024-04-01,0.16666666666666666,0.0547,BC_2MONTH
2024-04-01,0.25,0.054400000000000004,BC_3MONTH
2024-04-01,0.3333333333333333,0.0541,BC_4MONTH
2024-04-01,0.5,0.0536,BC_6MONTH
2024-04-01,1.0,0.0506,BC_1YEAR
2024-04-01,2.0,0.0472,BC_2YEAR
2024-04-01,3.0,0.0451,BC_3YEAR
2024-04-01,5.0,0.0434,BC_5YEAR
2024-04-01,7.0,0.0433,BC_7YEAR
2024-04-01,10.0,0.0433,BC_10YEAR
2024-04-01,20.0,0.0458,BC_20YEAR
2024-04-01,30.0,0.0447,BC_30YEAR
2024-04-02,0.08333333333333333,0.054900000000000004,BC_1MONTH
2024-04-02,0.16666666666666666,0.0545,BC_2MONTH
2024-04-02,0.25,0.0542,BC_3MONTH
2024-04-02,0.3333333333333333,0.054000000000000006,BC_4MONTH
2024-04-02,0.5,0.053399999999999996,BC_6MONTH
2024-04-02,1.0,0.050499999999999996,BC_1YEAR
2024-04-02,2.0,0.047,BC_2YEAR
2024-04-02,3.0,0.0451,BC_3YEAR
2024-04-02,5.0,0.0435,BC_5YEAR
2024-04-02,7.0,0.0437,BC_7YEAR
2024-04-02,10.0,0.0436,BC_10YEAR
2024-04-02,20.0,0.0461,BC_20YEAR
2024-04-02,30.0,0.0451,BC_30YEAR
2024-04-03,0.08333333333333333,0.0547,BC_1MONTH
2024-04-03,0.16666666666666666,0.054400000000000004,BC_2MONTH
2024-04-03,0.25,0.0542,BC_3MONTH
2024-04-03,0.3333333333333333,0.054000000000000006,BC_4MONTH
2024-04-03,0.5,0.0533,BC_6MONTH
2024-04-03,1.0,0.050300000000000004,BC_1YEAR
2024-04-03,2.0,0.046799999999999994,BC_2YEAR
2024-04-03,3.0,0.044800000000000006,BC_3YEAR
2024-04-03,5.0,0.0434,BC_5YEAR
2024-04-03,7.0,0.0436,BC_7YEAR
2024-04-03,10.0,0.0436,BC_10YEAR
2024-04-03,20.0,0.0461,BC_20YEAR
2024-04-03,30.0,0.0451,BC_30YEAR
2024-04-04,0.08333333333333333,0.0547,BC_1MONTH
2024-04-04,0.16666666666666666,0.054900000000000004,BC_2MONTH
2024-04-04,0.25,0.0541,BC_3MONTH
2024-04-04,0.3333333333333333,0.054000000000000006,BC_4MONTH
2024-04-04,0.5,0.053200000000000004,BC_6MONTH
2024-04-04,1.0,0.05,BC_1YEAR
2024-04-04,2.0,0.04650000000000001,BC_2YEAR
2024-04-04,3.0,0.0446,BC_3YEAR
2024-04-04,5.0,0.043,BC_5YEAR
2024-04-04,7.0,0.0431,BC_7YEAR
2024-04-04,10.0,0.0431,BC_10YEAR
2024-04-04,20.0,0.045700000000000005,BC_20YEAR
2024-04-04,30.0,0.0447,BC_30YEAR
2024-04-05,0.08333333333333333,0.0547,BC_1MONTH
2024-04-05,0.16666666666666666,0.055,BC_2MONTH
2024-04-05,0.25,0.054299999999999994,BC_3MONTH
2024-04-05,0.3333333333333333,0.0541,BC_4MONTH
2024-04-05,0.5,0.053399999999999996,BC_6MONTH
2024-04-05,1.0,0.050499999999999996,BC_1YEAR
2024-04-05,2.0,0.0473,BC_2YEAR
2024-04-05,3.0,0.0454,BC_3YEAR
2024-04-05,5.0,0.0438,BC_5YEAR
2024-04-05,7.0,0.043899999999999995,BC_7YEAR
2024-04-05,10.0,0.043899999999999995,BC_10YEAR
2024-04-05,20.0,0.04650000000000001,BC_20YEAR
2024-04-05,30.0,0.0454,BC_30YEAR
2024-04-08,0.08333333333333333,0.0548,BC_1MONTH
2024-04-08,0.16666666666666666,0.054900000000000004,BC_2MONTH
2024-04-08,0.25,0.054299999999999994,BC_3MONTH
2024-04-08,0.3333333333333333,0.0541,BC_4MONTH
2024-04-08,0.5,0.0535,BC_6MONTH
2024-04-08,1.0,0.0507,BC_1YEAR
2024-04-08,2.0,0.0478,BC_2YEAR
2024-04-08,3.0,0.046,BC_3YEAR
2024-04-08,5.0,0.0443,BC_5YEAR
2024-04-08,7.0,0.0443,BC_7YEAR
2024-04-08,10.0,0.044199999999999996,BC_10YEAR
2024-04-08,20.0,0.04650000000000001,BC_20YEAR
2024-04-08,30.0,0.0455,BC_30YEAR
2024-04-09,0.08333333333333333,0.0548,BC_1MONTH
2024-04-09,0.16666666666666666,0.054900000000000004,BC_2MONTH
2024-04-09,0.25,0.054299999999999994,BC_3MONTH
2024-04-09,0.3333333333333333,0.0541,BC_4MONTH
2024-04-09,0.5,0.053399999999999996,BC_6MONTH
2024-04-09,1.0,0.050300000000000004,BC_1YEAR
2024-04-09,2.0,0.047400000000000005,BC_2YEAR
2024-04-09,3.0,0.0452,BC_3YEAR
2024-04-09,5.0,0.0437,BC_5YEAR
2024-04-09,7.0,0.0438,BC_7YEAR
2024-04-09,10.0,0.0436,BC_10YEAR
2024-04-09,20.0,0.046,BC_20YEAR
2024-04-09,30.0,0.045,BC_30YEAR
2024-04-10,0.08333333333333333,0.054900000000000004,BC_1MONTH
2024-04-10,0.16666666666666666,0.055,BC_2MONTH
2024-04-10,0.25,0.0545,BC_3MONTH
2024-04-10,0.3333333333333333,0.054400000000000004,BC_4MONTH
2024-04-10,0.5,0.054000000000000006,BC_6MONTH
2024-04-10,1.0,0.0519,BC_1YEAR
2024-04-10,2.0,0.049699999999999994,BC_2YEAR
2024-04-10,3.0,0.04769999999999999,BC_3YEAR
2024-04-10,5.0,0.0461,BC_5YEAR
2024-04-10,7.0,0.045899999999999996,BC_7YEAR
2024-04-10,10.0,0.0455,BC_10YEAR
2024-04-10,20.0,0.047599999999999996,BC_20YEAR
2024-04-10,30.0,0.0464,BC_30YEAR
2024-04-11,0.08333333333333333,0.0548,BC_1MONTH
2024-04-11,0.16666666666666666,0.055099999999999996,BC_2MONTH
2024-04-11,0.25,0.0545,BC_3MONTH
2024-04-11,0.3333333333333333,0.054400000000000004,BC_4MONTH
2024-04-11,0.5,0.0538,BC_6MONTH
2024-04-11,1.0,0.051699999999999996,BC_1YEAR
2024-04-11,2.0,0.0493,BC_2YEAR
2024-04-11,3.0,0.04769999999999999,BC_3YEAR
2024-04-11,5.0,0.0461,BC_5YEAR
2024-04-11,7.0,0.046,BC_7YEAR
2024-04-11,10.0,0.045599999999999995,BC_10YEAR
2024-04-11,20.0,0.04769999999999999,BC_20YEAR
2024-04-11,30.0,0.04650000000000001,BC_30YEAR
2024-04-12,0.08333333333333333,0.0548,BC_1MONTH
2024-04-12,0.16666666666666666,0.055,BC_2MONTH
2024-04-12,0.25,0.0545,BC_3MONTH
2024-04-12,0.3333333333333333,0.0542,BC_4MONTH
2024-04-12,0.5,0.0536,BC_6MONTH
2024-04-12,1.0,0.0513,BC_1YEAR
2024-04-12,2.0,0.048799999999999996,BC_2YEAR
2024-04-12,3.0,0.047,BC_3YEAR
2024-04-12,5.0,0.0454,BC_5YEAR
2024-04-12,7.0,0.0453,BC_7YEAR
2024-04-12,10.0,0.045,BC_10YEAR
2024-04-12,20.0,0.0473,BC_20YEAR
2024-04-12,30.0,0.0461,BC_30YEAR
2024-04-15,0.08333333333333333,0.054900000000000004,BC_1MONTH
2024-04-15,0.16666666666666666,0.055099999999999996,BC_2MONTH
2024-04-15,0.25,0.0545,BC_3MONTH
2024-04-15,0.3333333333333333,0.054400000000000004,BC_4MONTH
2024-04-15,0.5,0.0538,BC_6MONTH
2024-04-15,1.0,0.0516,BC_1YEAR
2024-04-15,2.0,0.0493,BC_2YEAR
2024-04-15,3.0,0.0478,BC_3YEAR
2024-04-15,5.0,0.04650000000000001,BC_5YEAR
2024-04-15,7.0,0.04650000000000001,BC_7YEAR
2024-04-15,10.0,0.0463,BC_10YEAR
2024-04-15,20.0,0.048499999999999995,BC_20YEAR
2024-04-15,30.0,0.047400000000000005,BC_30YEAR
2024-04-16,0.08333333333333333,0.054900000000000004,BC_1MONTH
2024-04-16,0.16666666666666666,0.055099999999999996,BC_2MONTH
2024-04-16,0.25,0.0545,BC_3MONTH
2024-04-16,0.3333333333333333,0.054400000000000004,BC_4MONTH
2024-04-16,0.5,0.053899999999999997,BC_6MONTH
2024-04-16,1.0,0.0518,BC_1YEAR
2024-04-16,2.0,0.049699999999999994,BC_2YEAR
2024-04-16,3.0,0.0483,BC_3YEAR
2024-04-16,5.0,0.046900000000000004,BC_5YEAR
2024-04-16,7.0,0.046900000000000004,BC_7YEAR
2024-04-16,10.0,0.0467,BC_10YEAR
2024-04-16,20.0,0.048799999999999996,BC_20YEAR
2024-04-16,30.0,0.04769999999999999,BC_30YEAR
2024-04-17,0.08333333333333333,0.054900000000000004,BC_1MONTH
2024-04-17,0.16666666666666666,0.054900000000000004,BC_2MONTH
2024-04-17,0.25,0.0545,BC_3MONTH
2024-04-17,0.3333333333333333,0.054400000000000004,BC_4MONTH
2024-04-17,0.5,0.0538,BC_6MONTH
2024-04-17,1.0,0.0516,BC_1YEAR
2024-04-17,2.0,0.0493,BC_2YEAR
2024-04-17,3.0,0.04769999999999999,BC_3YEAR
2024-04-17,5.0,0.0462,BC_5YEAR
2024-04-17,7.0,0.0461,BC_7YEAR
2024-04-17,10.0,0.045899999999999996,BC_10YEAR
2024-04-17,20.0,0.0481,BC_20YEAR
2024-04-17,30.0,0.0471,BC_30YEAR
2024-04-18,0.08333333333333333,0.054900000000000004,BC_1MONTH
2024-04-18,0.16666666666666666,0.0552,BC_2MONTH
2024-04-18,0.25,0.0546,BC_3MONTH
2024-04-18,0.3333333333333333,0.054400000000000004,BC_4MONTH
2024-04-18,0.5,0.053899999999999997,BC_6MONTH
2024-04-18,1.0,0.0518,BC_1YEAR
2024-04-18,2.0,0.049800000000000004,BC_2YEAR
2024-04-18,3.0,0.0483,BC_3YEAR
2024-04-18,5.0,0.046799999999999994,BC_5YEAR
2024-04-18,7.0,0.0467,BC_7YEAR
2024-04-18,10.0,0.0464,BC_10YEAR
2024-04-18,20.0,0.048499999999999995,BC_20YEAR
2024-04-18,30.0,0.047400000000000005,BC_30YEAR
2024-04-19,0.08333333333333333,0.054900000000000004,BC_1MONTH
2024-04-19,0.16666666666666666,0.055099999999999996,BC_2MONTH
2024-04-19,0.25,0.0545,BC_3MONTH
2024-04-19,0.3333333333333333,0.054400000000000004,BC_4MONTH
2024-04-19,0.5,0.053899999999999997,BC_6MONTH
2024-04-19,1.0,0.051699999999999996,BC_1YEAR
2024-04-19,2.0,0.049699999999999994,BC_2YEAR
2024-04-19,3.0,0.0481,BC_3YEAR
2024-04-19,5.0,0.0466,BC_5YEAR
2024-04-19,7.0,0.04650000000000001,BC_7YEAR
2024-04-19,10.0,0.0462,BC_10YEAR
2024-04-19,20.0,0.0483,BC_20YEAR
2024-04-19,30.0,0.0472,BC_30YEAR
2024-04-22,0.08333333333333333,0.054900000000000004,BC_1MONTH
2024-04-22,0.16666666666666666,0.055,BC_2MONTH
2024-04-22,0.25,0.0542,BC_3MONTH
2024-04-22,0.3333333333333333,0.054400000000000004,BC_4MONTH
2024-04-22,0.5,0.053899999999999997,BC_6MONTH
2024-04-22,1.0,0.0516,BC_1YEAR
2024-04-22,2.0,0.049699999999999994,BC_2YEAR
2024-04-22,3.0,0.0481,BC_3YEAR
2024-04-22,5.0,0.0466,BC_5YEAR
2024-04-22,7.0,0.04650000000000001,BC_7YEAR
2024-04-22,10.0,0.0462,BC_10YEAR
2024-04-22,20.0,0.0484,BC_20YEAR
2024-04-22,30.0,0.0472,BC_30YEAR
2024-04-23,0.08333333333333333,0.054900000000000004,BC_1MONTH
2024-04-23,0.16666666666666666,0.055,BC_2MONTH
2024-04-23,0.25,0.0545,BC_3MONTH
2024-04-23,0.3333333333333333,0.054400000000000004,BC_4MONTH
2024-04-23,0.5,0.053899999999999997,BC_6MONTH
2024-04-23,1.0,0.051399999999999994,BC_1YEAR
2024-04-23,2.0,0.048600000000000004,BC_2YEAR
2024-04-23,3.0,0.047599999999999996,BC_3YEAR
2024-04-23,5.0,0.0463,BC_5YEAR
2024-04-23,7.0,0.0462,BC_7YEAR
2024-04-23,10.0,0.0461,BC_10YEAR
2024-04-23,20.0,0.0484,BC_20YEAR
2024-04-23,30.0,0.0473,BC_30YEAR
2024-04-24,0.08333333333333333,0.054900000000000004,BC_1MONTH
2024-04-24,0.16666666666666666,0.055,BC_2MONTH
2024-04-24,0.25,0.0546,BC_3MONTH
2024-04-24,0.3333333333333333,0.054400000000000004,BC_4MONTH
2024-04-24,0.5,0.054000000000000006,BC_6MONTH
2024-04-24,1.0,0.051699999999999996,BC_1YEAR
2024-04-24,2.0,0.0489,BC_2YEAR
2024-04-24,3.0,0.0478,BC_3YEAR
2024-04-24,5.0,0.0464,BC_5YEAR
2024-04-24,7.0,0.0466,BC_7YEAR
2024-04-24,10.0,0.04650000000000001,BC_10YEAR
2024-04-24,20.0,0.048799999999999996,BC_20YEAR
2024-04-24,30.0,0.0478,BC_30YEAR
2024-04-25,0.08333333333333333,0.0548,BC_1MONTH
2024-04-25,0.16666666666666666,0.055099999999999996,BC_2MONTH
2024-04-25,0.25,0.0547,BC_3MONTH
2024-04-25,0.3333333333333333,0.0546,BC_4MONTH
2024-04-25,0.5,0.0541,BC_6MONTH
2024-04-25,1.0,0.0521,BC_1YEAR
2024-04-25,2.0,0.0496,BC_2YEAR
2024-04-25,3.0,0.048499999999999995,BC_3YEAR
2024-04-25,5.0,0.047,BC_5YEAR
2024-04-25,7.0,0.0471,BC_7YEAR
2024-04-25,10.0,0.047,BC_10YEAR
2024-04-25,20.0,0.0493,BC_20YEAR
2024-04-25,30.0,0.0482,BC_30YEAR
2024-04-26,0.08333333333333333,0.0548,BC_1MONTH
2024-04-26,0.16666666666666666,0.055099999999999996,BC_2MONTH
2024-04-26,0.25,0.0546,BC_3MONTH
2024-04-26,0.3333333333333333,0.0545,BC_4MONTH
2024-04-26,0.5,0.054000000000000006,BC_6MONTH
2024-04-26,1.0,0.0521,BC_1YEAR
2024-04-26,2.0,0.0496,BC_2YEAR
2024-04-26,3.0,0.0484,BC_3YEAR
2024-04-26,5.0,0.046799999999999994,BC_5YEAR
2024-04-26,7.0,0.046799999999999994,BC_7YEAR
2024-04-26,10.0,0.0467,BC_10YEAR
2024-04-26,20.0,0.0489,BC_20YEAR
2024-04-26,30.0,0.0478,BC_30YEAR
2024-04-29,0.08333333333333333,0.0548,BC_1MONTH
2024-04-29,0.16666666666666666,0.055099999999999996,BC_2MONTH
2024-04-29,0.25,0.0545,BC_3MONTH
2024-04-29,0.3333333333333333,0.0545,BC_4MONTH
2024-04-29,0.5,0.054299999999999994,BC_6MONTH
2024-04-29,1.0,0.052000000000000005,BC_1YEAR
2024-04-29,2.0,0.049699999999999994,BC_2YEAR
2024-04-29,3.0,0.048,BC_3YEAR
2024-04-29,5.0,0.04650000000000001,BC_5YEAR
2024-04-29,7.0,0.0464,BC_7YEAR
2024-04-29,10.0,0.0463,BC_10YEAR
2024-04-29,20.0,0.048600000000000004,BC_20YEAR
2024-04-29,30.0,0.0475,BC_30YEAR
2024-04-30,0.08333333333333333,0.0548,BC_1MONTH
2024-04-30,0.16666666666666666,0.055099999999999996,BC_2MONTH
2024-04-30,0.25,0.0546,BC_3MONTH
2024-04-30,0.3333333333333333,0.0545,BC_4MONTH
2024-04-30,0.5,0.054400000000000004,BC_6MONTH
2024-04-30,1.0,0.0525,BC_1YEAR
2024-04-30,2.0,0.0504,BC_2YEAR
2024-04-30,3.0,0.0487,BC_3YEAR
2024-04-30,5.0,0.0472,BC_5YEAR
2024-04-30,7.0,0.0471,BC_7YEAR
2024-04-30,10.0,0.046900000000000004,BC_10YEAR
2024-04-30,20.0,0.049,BC_20YEAR
2024-04-30,30.0,0.0479,BC_30YEAR
2024-05-01,0.08333333333333333,0.0547,BC_1MONTH
2024-05-01,0.16666666666666666,0.055,BC_2MONTH
2024-05-01,0.25,0.0546,BC_3MONTH
2024-05-01,0.3333333333333333,0.055099999999999996,BC_4MONTH
2024-05-01,0.5,0.054299999999999994,BC_6MONTH
2024-05-01,1.0,0.0521,BC_1YEAR
2024-05-01,2.0,0.0496,BC_2YEAR
2024-05-01,3.0,0.0479,BC_3YEAR
2024-05-01,5.0,0.0464,BC_5YEAR
2024-05-01,7.0,0.0464,BC_7YEAR
2024-05-01,10.0,0.0463,BC_10YEAR
2024-05-01,20.0,0.048499999999999995,BC_20YEAR
2024-05-01,30.0,0.047400000000000005,BC_30YEAR
2024-05-02,0.08333333333333333,0.055099999999999996,BC_1MONTH
2024-05-02,0.16666666666666666,0.0547,BC_2MONTH
2024-05-02,0.25,0.0546,BC_3MONTH
2024-05-02,0.3333333333333333,0.055,BC_4MONTH
2024-05-02,0.5,0.0542,BC_6MONTH
2024-05-02,1.0,0.0516,BC_1YEAR
2024-05-02,2.0,0.0487,BC_2YEAR
2024-05-02,3.0,0.0471,BC_3YEAR
2024-05-02,5.0,0.045700000000000005,BC_5YEAR
2024-05-02,7.0,0.045700000000000005,BC_7YEAR
2024-05-02,10.0,0.0458,BC_10YEAR
2024-05-02,20.0,0.0482,BC_20YEAR
2024-05-02,30.0,0.0472,BC_30YEAR
2024-05-03,0.08333333333333333,0.055099999999999996,BC_1MONTH
2024-05-03,0.16666666666666666,0.0548,BC_2MONTH
2024-05-03,0.25,0.0545,BC_3MONTH
2024-05-03,0.3333333333333333,0.055,BC_4MONTH
2024-05-03,0.5,0.0541,BC_6MONTH
2024-05-03,1.0,0.0512,BC_1YEAR
2024-05-03,2.0,0.0481,BC_2YEAR
2024-05-03,3.0,0.0463,BC_3YEAR
2024-05-03,5.0,0.044800000000000006,BC_5YEAR
2024-05-03,7.0,0.0449,BC_7YEAR
2024-05-03,10.0,0.045,BC_10YEAR
2024-05-03,20.0,0.0475,BC_20YEAR
2024-05-03,30.0,0.0466,BC_30YEAR
2024-05-06,0.08333333333333333,0.055099999999999996,BC_1MONTH
2024-05-06,0.16666666666666666,0.0548,BC_2MONTH
2024-05-06,0.25,0.0545,BC_3MONTH
2024-05-06,0.3333333333333333,0.055,BC_4MONTH
2024-05-06,0.5,0.0542,BC_6MONTH
2024-05-06,1.0,0.0512,BC_1YEAR
2024-05-06,2.0,0.0482,BC_2YEAR
2024-05-06,3.0,0.0464,BC_3YEAR
2024-05-06,5.0,0.044800000000000006,BC_5YEAR
2024-05-06,7.0,0.044800000000000006,BC_7YEAR
2024-05-06,10.0,0.0449,BC_10YEAR
2024-05-06,20.0,0.0473,BC_20YEAR
2024-05-06,30.0,0.0464,BC_30YEAR
2024-05-07,0.08333333333333333,0.055099999999999996,BC_1MONTH
2024-05-07,0.16666666666666666,0.0548,BC_2MONTH
2024-05-07,0.25,0.0545,BC_3MONTH
2024-05-07,0.3333333333333333,0.055099999999999996,BC_4MONTH
2024-05-07,0.5,0.0541,BC_6MONTH
2024-05-07,1.0,0.0513,BC_1YEAR
2024-05-07,2.0,0.0482,BC_2YEAR
2024-05-07,3.0,0.046,BC_3YEAR
2024-05-07,5.0,0.044800000000000006,BC_5YEAR
2024-05-07,7.0,0.0447,BC_7YEAR
2024-05-07,10.0,0.0447,BC_10YEAR
2024-05-07,20.0,0.047,BC_20YEAR
2024-05-07,30.0,0.0461,BC_30YEAR
2024-05-08,0.08333333333333333,0.055099999999999996,BC_1MONTH
2024-05-08,0.16666666666666666,0.0547,BC_2MONTH
2024-05-08,0.25,0.0545,BC_3MONTH
2024-05-08,0.3333333333333333,0.055,BC_4MONTH
2024-05-08,0.5,0.0541,BC_6MONTH
2024-05-08,1.0,0.0513,BC_1YEAR
2024-05-08,2.0,0.0484,BC_2YEAR
2024-05-08,3.0,0.0463,BC_3YEAR
2024-05-08,5.0,0.045,BC_5YEAR
2024-05-08,7.0,0.0449,BC_7YEAR
2024-05-08,10.0,0.044800000000000006,BC_10YEAR
2024-05-08,20.0,0.0473,BC_20YEAR
2024-05-08,30.0,0.0464,BC_30YEAR
2024-05-09,0.08333333333333333,0.055099999999999996,BC_1MONTH
2024-05-09,0.16666666666666666,0.0548,BC_2MONTH
2024-05-09,0.25,0.0546,BC_3MONTH
2024-05-09,0.3333333333333333,0.055,BC_4MONTH
2024-05-09,0.5,0.0541,BC_6MONTH
2024-05-09,1.0,0.0512,BC_1YEAR
2024-05-09,2.0,0.048,BC_2YEAR
2024-05-09,3.0,0.046,BC_3YEAR
2024-05-09,5.0,0.0447,BC_5YEAR
2024-05-09,7.0,0.0446,BC_7YEAR
2024-05-09,10.0,0.044500000000000005,BC_10YEAR
2024-05-09,20.0,0.047,BC_20YEAR
2024-05-09,30.0,0.046,BC_30YEAR
2024-05-10,0.08333333333333333,0.055099999999999996,BC_1MONTH
2024-05-10,0.16666666666666666,0.0547,BC_2MONTH
2024-05-10,0.25,0.0547,BC_3MONTH
2024-05-10,0.3333333333333333,0.055099999999999996,BC_4MONTH
2024-05-10,0.5,0.054299999999999994,BC_6MONTH
2024-05-10,1.0,0.051699999999999996,BC_1YEAR
2024-05-10,2.0,0.0487,BC_2YEAR
2024-05-10,3.0,0.04650000000000001,BC_3YEAR
2024-05-10,5.0,0.0452,BC_5YEAR
2024-05-10,7.0,0.0451,BC_7YEAR
2024-05-10,10.0,0.045,BC_10YEAR
2024-05-10,20.0,0.047400000000000005,BC_20YEAR
2024-05-10,30.0,0.0464,BC_30YEAR
2024-05-13,0.08333333333333333,0.055,BC_1MONTH
2024-05-13,0.16666666666666666,0.0547,BC_2MONTH
2024-05-13,0.25,0.0545,BC_3MONTH
2024-05-13,0.3333333333333333,0.055099999999999996,BC_4MONTH
2024-05-13,0.5,0.054299999999999994,BC_6MONTH
2024-05-13,1.0,0.0516,BC_1YEAR
2024-05-13,2.0,0.048499999999999995,BC_2YEAR
2024-05-13,3.0,0.0466,BC_3YEAR
2024-05-13,5.0,0.045,BC_5YEAR
2024-05-13,7.0,0.0449,BC_7YEAR
2024-05-13,10.0,0.044800000000000006,BC_10YEAR
2024-05-13,20.0,0.0472,BC_20YEAR
2024-05-13,30.0,0.0463,BC_30YEAR
2024-05-14,0.08333333333333333,0.055,BC_1MONTH
2024-05-14,0.16666666666666666,0.0547,BC_2MONTH
2024-05-14,0.25,0.054400000000000004,BC_3MONTH
2024-05-14,0.3333333333333333,0.055099999999999996,BC_4MONTH
2024-05-14,0.5,0.054299999999999994,BC_6MONTH
2024-05-14,1.0,0.0516,BC_1YEAR
2024-05-14,2.0,0.0481,BC_2YEAR
2024-05-14,3.0,0.0462,BC_3YEAR
2024-05-14,5.0,0.0446,BC_5YEAR
2024-05-14,7.0,0.044500000000000005,BC_7YEAR
2024-05-14,10.0,0.044500000000000005,BC_10YEAR
2024-05-14,20.0,0.046900000000000004,BC_20YEAR
2024-05-14,30.0,0.045899999999999996,BC_30YEAR
2024-05-15,0.08333333333333333,0.054900000000000004,BC_1MONTH
2024-05-15,0.16666666666666666,0.0546,BC_2MONTH
2024-05-15,0.25,0.0545,BC_3MONTH
2024-05-15,0.3333333333333333,0.055,BC_4MONTH
2024-05-15,0.5,0.054000000000000006,BC_6MONTH
2024-05-15,1.0,0.051,BC_1YEAR
2024-05-15,2.0,0.0473,BC_2YEAR
2024-05-15,3.0,0.0451,BC_3YEAR
2024-05-15,5.0,0.0435,BC_5YEAR
2024-05-15,7.0,0.0435,BC_7YEAR
2024-05-15,10.0,0.0436,BC_10YEAR
2024-05-15,20.0,0.0461,BC_20YEAR
2024-05-15,30.0,0.0452,BC_30YEAR
2024-05-16,0.08333333333333333,0.055099999999999996,BC_1MONTH
2024-05-16,0.16666666666666666,0.0547,BC_2MONTH
2024-05-16,0.25,0.0545,BC_3MONTH
2024-05-16,0.3333333333333333,0.0553,BC_4MONTH
2024-05-16,0.5,0.0541,BC_6MONTH
2024-05-16,1.0,0.0513,BC_1YEAR
2024-05-16,2.0,0.0478,BC_2YEAR
2024-05-16,3.0,0.0458,BC_3YEAR
2024-05-16,5.0,0.044000000000000004,BC_5YEAR
2024-05-16,7.0,0.043899999999999995,BC_7YEAR
2024-05-16,10.0,0.0438,BC_10YEAR
2024-05-16,20.0,0.0462,BC_20YEAR
2024-05-16,30.0,0.0452,BC_30YEAR
2024-05-17,0.08333333333333333,0.055,BC_1MONTH
2024-05-17,0.16666666666666666,0.0547,BC_2MONTH
2024-05-17,0.25,0.0546,BC_3MONTH
2024-05-17,0.3333333333333333,0.055,BC_4MONTH
2024-05-17,0.5,0.0541,BC_6MONTH
2024-05-17,1.0,0.051399999999999994,BC_1YEAR
2024-05-17,2.0,0.0483,BC_2YEAR
2024-05-17,3.0,0.046,BC_3YEAR
2024-05-17,5.0,0.0444,BC_5YEAR
2024-05-17,7.0,0.0443,BC_7YEAR
2024-05-17,10.0,0.044199999999999996,BC_10YEAR
2024-05-17,20.0,0.0466,BC_20YEAR
2024-05-17,30.0,0.045599999999999995,BC_30YEAR
2024-05-20,0.08333333333333333,0.055,BC_1MONTH
2024-05-20,0.16666666666666666,0.0547,BC_2MONTH
2024-05-20,0.25,0.0545,BC_3MONTH
2024-05-20,0.3333333333333333,0.055099999999999996,BC_4MONTH
2024-05-20,0.5,0.054299999999999994,BC_6MONTH
2024-05-20,1.0,0.051500000000000004,BC_1YEAR
2024-05-20,2.0,0.0482,BC_2YEAR
2024-05-20,3.0,0.0462,BC_3YEAR
2024-05-20,5.0,0.0446,BC_5YEAR
2024-05-20,7.0,0.0444,BC_7YEAR
2024-05-20,10.0,0.0444,BC_10YEAR
2024-05-20,20.0,0.046799999999999994,BC_20YEAR
2024-05-20,30.0,0.0458,BC_30YEAR
2024-05-21,0.08333333333333333,0.055,BC_1MONTH
2024-05-21,0.16666666666666666,0.0547,BC_2MONTH
2024-05-21,0.25,0.0545,BC_3MONTH
2024-05-21,0.3333333333333333,0.055099999999999996,BC_4MONTH
2024-05-21,0.5,0.0542,BC_6MONTH
2024-05-21,1.0,0.051399999999999994,BC_1YEAR
2024-05-21,2.0,0.0482,BC_2YEAR
2024-05-21,3.0,0.0461,BC_3YEAR
2024-05-21,5.0,0.0443,BC_5YEAR
2024-05-21,7.0,0.044199999999999996,BC_7YEAR
2024-05-21,10.0,0.0441,BC_10YEAR
2024-05-21,20.0,0.04650000000000001,BC_20YEAR
2024-05-21,30.0,0.0455,BC_30YEAR
2024-05-22,0.08333333333333333,0.054900000000000004,BC_1MONTH
2024-05-22,0.16666666666666666,0.0548,BC_2MONTH
2024-05-22,0.25,0.0545,BC_3MONTH
2024-05-22,0.3333333333333333,0.055,BC_4MONTH
2024-05-22,0.5,0.054299999999999994,BC_6MONTH
2024-05-22,1.0,0.0516,BC_1YEAR
2024-05-22,2.0,0.048600000000000004,BC_2YEAR
2024-05-22,3.0,0.0464,BC_3YEAR
2024-05-22,5.0,0.0447,BC_5YEAR
2024-05-22,7.0,0.0444,BC_7YEAR
2024-05-22,10.0,0.0443,BC_10YEAR
2024-05-22,20.0,0.0463,BC_20YEAR
2024-05-22,30.0,0.0455,BC_30YEAR
2024-05-23,0.08333333333333333,0.055099999999999996,BC_1MONTH
2024-05-23,0.16666666666666666,0.0548,BC_2MONTH
2024-05-23,0.25,0.0546,BC_3MONTH
2024-05-23,0.3333333333333333,0.055099999999999996,BC_4MONTH
2024-05-23,0.5,0.054400000000000004,BC_6MONTH
2024-05-23,1.0,0.052000000000000005,BC_1YEAR
2024-05-23,2.0,0.049100000000000005,BC_2YEAR
2024-05-23,3.0,0.0471,BC_3YEAR
2024-05-23,5.0,0.0452,BC_5YEAR
2024-05-23,7.0,0.045,BC_7YEAR
2024-05-23,10.0,0.0447,BC_10YEAR
2024-05-23,20.0,0.0467,BC_20YEAR
2024-05-23,30.0,0.0458,BC_30YEAR
2024-05-24,0.08333333333333333,0.0556,BC_1MONTH
2024-05-24,0.16666666666666666,0.0553,BC_2MONTH
2024-05-24,0.25,0.0546,BC_3MONTH
2024-05-24,0.3333333333333333,0.055099999999999996,BC_4MONTH
2024-05-24,0.5,0.054400000000000004,BC_6MONTH
2024-05-24,1.0,0.0521,BC_1YEAR
2024-05-24,2.0,0.0493,BC_2YEAR
2024-05-24,3.0,0.0471,BC_3YEAR
2024-05-24,5.0,0.0453,BC_5YEAR
2024-05-24,7.0,0.0449,BC_7YEAR
2024-05-24,10.0,0.0446,BC_10YEAR
2024-05-24,20.0,0.04650000000000001,BC_20YEAR
2024-05-24,30.0,0.045700000000000005,BC_30YEAR
2024-05-28,0.08333333333333333,0.055,BC_1MONTH
2024-05-28,0.16666666666666666,0.0548,BC_2MONTH
2024-05-28,0.25,0.0546,BC_3MONTH
2024-05-28,0.3333333333333333,0.055099999999999996,BC_4MONTH
2024-05-28,0.5,0.054299999999999994,BC_6MONTH
2024-05-28,1.0,0.0521,BC_1YEAR
2024-05-28,2.0,0.049400000000000006,BC_2YEAR
2024-05-28,3.0,0.0475,BC_3YEAR
2024-05-28,5.0,0.045599999999999995,BC_5YEAR
2024-05-28,7.0,0.045599999999999995,BC_7YEAR
2024-05-28,10.0,0.0454,BC_10YEAR
2024-05-28,20.0,0.047400000000000005,BC_20YEAR
2024-05-28,30.0,0.0466,BC_30YEAR
2024-05-29,0.08333333333333333,0.055,BC_1MONTH
2024-05-29,0.16666666666666666,0.0548,BC_2MONTH
2024-05-29,0.25,0.0546,BC_3MONTH
2024-05-29,0.3333333333333333,0.0547,BC_4MONTH
2024-05-29,0.5,0.054299999999999994,BC_6MONTH
2024-05-29,1.0,0.052199999999999996,BC_1YEAR
2024-05-29,2.0,0.0496,BC_2YEAR
2024-05-29,3.0,0.0479,BC_3YEAR
2024-05-29,5.0,0.0463,BC_5YEAR
2024-05-29,7.0,0.0463,BC_7YEAR
2024-05-29,10.0,0.0461,BC_10YEAR
2024-05-29,20.0,0.0482,BC_20YEAR
2024-05-29,30.0,0.047400000000000005,BC_30YEAR
2024-05-30,0.08333333333333333,0.0548,BC_1MONTH
2024-05-30,0.16666666666666666,0.0548,BC_2MONTH
2024-05-30,0.25,0.0546,BC_3MONTH
2024-05-30,0.3333333333333333,0.0548,BC_4MONTH
2024-05-30,0.5,0.0542,BC_6MONTH
2024-05-30,1.0,0.0519,BC_1YEAR
2024-05-30,2.0,0.0492,BC_2YEAR
2024-05-30,3.0,0.047400000000000005,BC_3YEAR
2024-05-30,5.0,0.045700000000000005,BC_5YEAR
2024-05-30,7.0,0.045700000000000005,BC_7YEAR
2024-05-30,10.0,0.0455,BC_10YEAR
2024-05-30,20.0,0.047599999999999996,BC_20YEAR
2024-05-30,30.0,0.046900000000000004,BC_30YEAR
2024-05-31,0.08333333333333333,0.0548,BC_1MONTH
2024-05-31,0.16666666666666666,0.0548,BC_2MONTH
2024-05-31,0.25,0.0546,BC_3MONTH
2024-05-31,0.3333333333333333,0.0546,BC_4MONTH
2024-05-31,0.5,0.0542,BC_6MONTH
2024-05-31,1.0,0.0518,BC_1YEAR
2024-05-31,2.0,0.0489,BC_2YEAR
2024-05-31,3.0,0.046900000000000004,BC_3YEAR
2024-05-31,5.0,0.0452,BC_5YEAR
2024-05-31,7.0,0.0452,BC_7YEAR
2024-05-31,10.0,0.0451,BC_10YEAR
2024-05-31,20.0,0.0473,BC_20YEAR
2024-05-31,30.0,0.04650000000000001,BC_30YEAR
2024-06-03,0.08333333333333333,0.054900000000000004,BC_1MONTH
2024-06-03,0.16666666666666666,0.054900000000000004,BC_2MONTH
2024-06-03,0.25,0.0552,BC_3MONTH
2024-06-03,0.3333333333333333,0.0546,BC_4MONTH
2024-06-03,0.5,0.053899999999999997,BC_6MONTH
2024-06-03,1.0,0.051399999999999994,BC_1YEAR
2024-06-03,2.0,0.0482,BC_2YEAR
2024-06-03,3.0,0.0462,BC_3YEAR
2024-06-03,5.0,0.044199999999999996,BC_5YEAR
2024-06-03,7.0,0.0441,BC_7YEAR
2024-06-03,10.0,0.0441,BC_10YEAR
2024-06-03,20.0,0.0463,BC_20YEAR
2024-06-03,30.0,0.0455,BC_30YEAR
2024-06-04,0.08333333333333333,0.0548,BC_1MONTH
2024-06-04,0.16666666666666666,0.0548,BC_2MONTH
2024-06-04,0.25,0.0552,BC_3MONTH
2024-06-04,0.3333333333333333,0.0545,BC_4MONTH
2024-06-04,0.5,0.0538,BC_6MONTH
2024-06-04,1.0,0.051100000000000007,BC_1YEAR
2024-06-04,2.0,0.04769999999999999,BC_2YEAR
2024-06-04,3.0,0.0455,BC_3YEAR
2024-06-04,5.0,0.0435,BC_5YEAR
2024-06-04,7.0,0.0433,BC_7YEAR
2024-06-04,10.0,0.0433,BC_10YEAR
2024-06-04,20.0,0.045599999999999995,BC_20YEAR
2024-06-04,30.0,0.044800000000000006,BC_30YEAR
2024-06-05,0.08333333333333333,0.0548,BC_1MONTH
2024-06-05,0.16666666666666666,0.0548,BC_2MONTH
2024-06-05,0.25,0.055099999999999996,BC_3MONTH
2024-06-05,0.3333333333333333,0.0546,BC_4MONTH
2024-06-05,0.5,0.0537,BC_6MONTH
2024-06-05,1.0,0.0508,BC_1YEAR
2024-06-05,2.0,0.0472,BC_2YEAR
2024-06-05,3.0,0.045,BC_3YEAR
2024-06-05,5.0,0.0431,BC_5YEAR
2024-06-05,7.0,0.0429,BC_7YEAR
2024-06-05,10.0,0.0429,BC_10YEAR
2024-06-05,20.0,0.0452,BC_20YEAR
2024-06-05,30.0,0.0444,BC_30YEAR
2024-06-06,0.08333333333333333,0.0548,BC_1MONTH
2024-06-06,0.16666666666666666,0.0547,BC_2MONTH
2024-06-06,0.25,0.055099999999999996,BC_3MONTH
2024-06-06,0.3333333333333333,0.0545,BC_4MONTH
2024-06-06,0.5,0.0536,BC_6MONTH
2024-06-06,1.0,0.0508,BC_1YEAR
2024-06-06,2.0,0.0472,BC_2YEAR
2024-06-06,3.0,0.0449,BC_3YEAR
2024-06-06,5.0,0.0429,BC_5YEAR
2024-06-06,7.0,0.042800000000000005,BC_7YEAR
2024-06-06,10.0,0.042800000000000005,BC_10YEAR
2024-06-06,20.0,0.0451,BC_20YEAR
2024-06-06,30.0,0.0443,BC_30YEAR
2024-06-07,0.08333333333333333,0.0547,BC_1MONTH
2024-06-07,0.16666666666666666,0.0547,BC_2MONTH
2024-06-07,0.25,0.0552,BC_3MONTH
2024-06-07,0.3333333333333333,0.0547,BC_4MONTH
2024-06-07,0.5,0.054000000000000006,BC_6MONTH
2024-06-07,1.0,0.051699999999999996,BC_1YEAR
2024-06-07,2.0,0.0487,BC_2YEAR
2024-06-07,3.0,0.04650000000000001,BC_3YEAR
2024-06-07,5.0,0.0446,BC_5YEAR
2024-06-07,7.0,0.044500000000000005,BC_7YEAR
2024-06-07,10.0,0.0443,BC_10YEAR
2024-06-07,20.0,0.0464,BC_20YEAR
2024-06-07,30.0,0.0455,BC_30YEAR
2024-06-10,0.08333333333333333,0.0547,BC_1MONTH
2024-06-10,0.16666666666666666,0.0548,BC_2MONTH
2024-06-10,0.25,0.0552,BC_3MONTH
2024-06-10,0.3333333333333333,0.0546,BC_4MONTH
2024-06-10,0.5,0.054000000000000006,BC_6MONTH
2024-06-10,1.0,0.0516,BC_1YEAR
2024-06-10,2.0,0.0487,BC_2YEAR
2024-06-10,3.0,0.0462,BC_3YEAR
2024-06-10,5.0,0.044800000000000006,BC_5YEAR
2024-06-10,7.0,0.0447,BC_7YEAR
2024-06-10,10.0,0.0447,BC_10YEAR
2024-06-10,20.0,0.046799999999999994,BC_20YEAR
2024-06-10,30.0,0.045899999999999996,BC_30YEAR
2024-06-11,0.08333333333333333,0.0546,BC_1MONTH
2024-06-11,0.16666666666666666,0.0547,BC_2MONTH
2024-06-11,0.25,0.0552,BC_3MONTH
2024-06-11,0.3333333333333333,0.0546,BC_4MONTH
2024-06-11,0.5,0.053899999999999997,BC_6MONTH
2024-06-11,1.0,0.051699999999999996,BC_1YEAR
2024-06-11,2.0,0.0481,BC_2YEAR
2024-06-11,3.0,0.045700000000000005,BC_3YEAR
2024-06-11,5.0,0.0441,BC_5YEAR
2024-06-11,7.0,0.044000000000000004,BC_7YEAR
2024-06-11,10.0,0.043899999999999995,BC_10YEAR
2024-06-11,20.0,0.0462,BC_20YEAR
2024-06-11,30.0,0.0453,BC_30YEAR
2024-06-12,0.08333333333333333,0.0547,BC_1MONTH
2024-06-12,0.16666666666666666,0.0547,BC_2MONTH
2024-06-12,0.25,0.055099999999999996,BC_3MONTH
2024-06-12,0.3333333333333333,0.0547,BC_4MONTH
2024-06-12,0.5,0.0538,BC_6MONTH
2024-06-12,1.0,0.0513,BC_1YEAR
2024-06-12,2.0,0.0475,BC_2YEAR
2024-06-12,3.0,0.044800000000000006,BC_3YEAR
2024-06-12,5.0,0.0432,BC_5YEAR
2024-06-12,7.0,0.0431,BC_7YEAR
2024-06-12,10.0,0.0431,BC_10YEAR
2024-06-12,20.0,0.045599999999999995,BC_20YEAR
2024-06-12,30.0,0.0447,BC_30YEAR
2024-06-13,0.08333333333333333,0.0547,BC_1MONTH
2024-06-13,0.16666666666666666,0.0547,BC_2MONTH
2024-06-13,0.25,0.055099999999999996,BC_3MONTH
2024-06-13,0.3333333333333333,0.0545,BC_4MONTH
2024-06-13,0.5,0.0536,BC_6MONTH
2024-06-13,1.0,0.0507,BC_1YEAR
2024-06-13,2.0,0.046799999999999994,BC_2YEAR
2024-06-13,3.0,0.044199999999999996,BC_3YEAR
2024-06-13,5.0,0.0424,BC_5YEAR
2024-06-13,7.0,0.042300000000000004,BC_7YEAR
2024-06-13,10.0,0.0424,BC_10YEAR
2024-06-13,20.0,0.045,BC_20YEAR
2024-06-13,30.0,0.044000000000000004,BC_30YEAR
2024-06-14,0.08333333333333333,0.0547,BC_1MONTH
2024-06-14,0.16666666666666666,0.0547,BC_2MONTH
2024-06-14,0.25,0.055099999999999996,BC_3MONTH
2024-06-14,0.3333333333333333,0.0545,BC_4MONTH
2024-06-14,0.5,0.0536,BC_6MONTH
2024-06-14,1.0,0.0507,BC_1YEAR
2024-06-14,2.0,0.0467,BC_2YEAR
2024-06-14,3.0,0.0441,BC_3YEAR
2024-06-14,5.0,0.042199999999999994,BC_5YEAR
2024-06-14,7.0,0.042,BC_7YEAR
2024-06-14,10.0,0.042,BC_10YEAR
2024-06-14,20.0,0.0446,BC_20YEAR
2024-06-14,30.0,0.0434,BC_30YEAR
2024-06-17,0.08333333333333333,0.0545,BC_1MONTH
2024-06-17,0.16666666666666666,0.0547,BC_2MONTH
2024-06-17,0.25,0.0552,BC_3MONTH
2024-06-17,0.3333333333333333,0.0546,BC_4MONTH
2024-06-17,0.5,0.053899999999999997,BC_6MONTH
2024-06-17,1.0,0.051100000000000007,BC_1YEAR
2024-06-17,2.0,0.0475,BC_2YEAR
2024-06-17,3.0,0.045,BC_3YEAR
2024-06-17,5.0,0.043,BC_5YEAR
2024-06-17,7.0,0.042800000000000005,BC_7YEAR
2024-06-17,10.0,0.042800000000000005,BC_10YEAR
2024-06-17,20.0,0.0452,BC_20YEAR
2024-06-17,30.0,0.044000000000000004,BC_30YEAR
2024-06-18,0.08333333333333333,0.054000000000000006,BC_1MONTH
2024-06-18,0.16666666666666666,0.0546,BC_2MONTH
2024-06-18,0.25,0.055,BC_3MONTH
2024-06-18,0.3333333333333333,0.0545,BC_4MONTH
2024-06-18,0.5,0.0537,BC_6MONTH
2024-06-18,1.0,0.0509,BC_1YEAR
2024-06-18,2.0,0.046900000000000004,BC_2YEAR
2024-06-18,3.0,0.0443,BC_3YEAR
2024-06-18,5.0,0.0424,BC_5YEAR
2024-06-18,7.0,0.042199999999999994,BC_7YEAR
2024-06-18,10.0,0.042199999999999994,BC_10YEAR
2024-06-18,20.0,0.0447,BC_20YEAR
2024-06-18,30.0,0.0436,BC_30YEAR
2024-06-20,0.08333333333333333,0.0542,BC_1MONTH
2024-06-20,0.16666666666666666,0.0546,BC_2MONTH
2024-06-20,0.25,0.055,BC_3MONTH
2024-06-20,0.3333333333333333,0.0546,BC_4MONTH
2024-06-20,0.5,0.0537,BC_6MONTH
2024-06-20,1.0,0.051,BC_1YEAR
2024-06-20,2.0,0.047,BC_2YEAR
2024-06-20,3.0,0.044500000000000005,BC_3YEAR
2024-06-20,5.0,0.0426,BC_5YEAR
2024-06-20,7.0,0.0425,BC_7YEAR
2024-06-20,10.0,0.0425,BC_10YEAR
2024-06-20,20.0,0.0449,BC_20YEAR
2024-06-20,30.0,0.043899999999999995,BC_30YEAR
2024-06-21,0.08333333333333333,0.0542,BC_1MONTH
2024-06-21,0.16666666666666666,0.0546,BC_2MONTH
2024-06-21,0.25,0.054900000000000004,BC_3MONTH
2024-06-21,0.3333333333333333,0.0545,BC_4MONTH
2024-06-21,0.5,0.0536,BC_6MONTH
2024-06-21,1.0,0.051,BC_1YEAR
2024-06-21,2.0,0.047,BC_2YEAR
2024-06-21,3.0,0.044500000000000005,BC_3YEAR
2024-06-21,5.0,0.0426,BC_5YEAR
2024-06-21,7.0,0.0425,BC_7YEAR
2024-06-21,10.0,0.0425,BC_10YEAR
2024-06-21,20.0,0.0449,BC_20YEAR
2024-06-21,30.0,0.043899999999999995,BC_30YEAR
2024-06-24,0.08333333333333333,0.0542,BC_1MONTH
2024-06-24,0.16666666666666666,0.0546,BC_2MONTH
2024-06-24,0.25,0.055,BC_3MONTH
2024-06-24,0.3333333333333333,0.0545,BC_4MONTH
2024-06-24,0.5,0.0537,BC_6MONTH
2024-06-24,1.0,0.051,BC_1YEAR
2024-06-24,2.0,0.0471,BC_2YEAR
2024-06-24,3.0,0.0446,BC_3YEAR
2024-06-24,5.0,0.042699999999999995,BC_5YEAR
2024-06-24,7.0,0.0425,BC_7YEAR
2024-06-24,10.0,0.0425,BC_10YEAR
2024-06-24,20.0,0.044800000000000006,BC_20YEAR
2024-06-24,30.0,0.0438,BC_30YEAR
2024-06-25,0.08333333333333333,0.054299999999999994,BC_1MONTH
2024-06-25,0.16666666666666666,0.0546,BC_2MONTH
2024-06-25,0.25,0.054900000000000004,BC_3MONTH
2024-06-25,0.3333333333333333,0.054400000000000004,BC_4MONTH
2024-06-25,0.5,0.0537,BC_6MONTH
2024-06-25,1.0,0.051,BC_1YEAR
2024-06-25,2.0,0.04650000000000001,BC_2YEAR
2024-06-25,3.0,0.044500000000000005,BC_3YEAR
2024-06-25,5.0,0.0425,BC_5YEAR
2024-06-25,7.0,0.042300000000000004,BC_7YEAR
2024-06-25,10.0,0.042300000000000004,BC_10YEAR
2024-06-25,20.0,0.0446,BC_20YEAR
2024-06-25,30.0,0.0436,BC_30YEAR
2024-06-26,0.08333333333333333,0.054400000000000004,BC_1MONTH
2024-06-26,0.16666666666666666,0.0546,BC_2MONTH
2024-06-26,0.25,0.055,BC_3MONTH
2024-06-26,0.3333333333333333,0.0546,BC_4MONTH
2024-06-26,0.5,0.0536,BC_6MONTH
2024-06-26,1.0,0.0513,BC_1YEAR
2024-06-26,2.0,0.0471,BC_2YEAR
2024-06-26,3.0,0.0453,BC_3YEAR
2024-06-26,5.0,0.0432,BC_5YEAR
2024-06-26,7.0,0.0432,BC_7YEAR
2024-06-26,10.0,0.0432,BC_10YEAR
2024-06-26,20.0,0.0455,BC_20YEAR
2024-06-26,30.0,0.044500000000000005,BC_30YEAR
2024-06-27,0.08333333333333333,0.0548,BC_1MONTH
2024-06-27,0.16666666666666666,0.0546,BC_2MONTH
2024-06-27,0.25,0.054900000000000004,BC_3MONTH
2024-06-27,0.3333333333333333,0.0545,BC_4MONTH
2024-06-27,0.5,0.0535,BC_6MONTH
2024-06-27,1.0,0.051,BC_1YEAR
2024-06-27,2.0,0.047,BC_2YEAR
2024-06-27,3.0,0.0449,BC_3YEAR
2024-06-27,5.0,0.0429,BC_5YEAR
2024-06-27,7.0,0.042699999999999995,BC_7YEAR
2024-06-27,10.0,0.0429,BC_10YEAR
2024-06-27,20.0,0.0453,BC_20YEAR
2024-06-27,30.0,0.0443,BC_30YEAR
2024-06-28,0.08333333333333333,0.0547,BC_1MONTH
2024-06-28,0.16666666666666666,0.0547,BC_2MONTH
2024-06-28,0.25,0.0548,BC_3MONTH
2024-06-28,0.3333333333333333,0.0545,BC_4MONTH
2024-06-28,0.5,0.0533,BC_6MONTH
2024-06-28,1.0,0.0509,BC_1YEAR
2024-06-28,2.0,0.0471,BC_2YEAR
2024-06-28,3.0,0.0452,BC_3YEAR
2024-06-28,5.0,0.0433,BC_5YEAR
2024-06-28,7.0,0.0433,BC_7YEAR
2024-06-28,10.0,0.0436,BC_10YEAR
2024-06-28,20.0,0.0461,BC_20YEAR
2024-06-28,30.0,0.0451,BC_30YEAR
2024-07-01,0.08333333333333333,0.0548,BC_1MONTH
2024-07-01,0.16666666666666666,0.0548,BC_2MONTH
2024-07-01,0.25,0.0547,BC_3MONTH
2024-07-01,0.3333333333333333,0.0545,BC_4MONTH
2024-07-01,0.5,0.0537,BC_6MONTH
2024-07-01,1.0,0.051,BC_1YEAR
2024-07-01,2.0,0.04769999999999999,BC_2YEAR
2024-07-01,3.0,0.0458,BC_3YEAR
2024-07-01,5.0,0.0444,BC_5YEAR
2024-07-01,7.0,0.044500000000000005,BC_7YEAR
2024-07-01,10.0,0.044800000000000006,BC_10YEAR
2024-07-01,20.0,0.047599999999999996,BC_20YEAR
2024-07-01,30.0,0.0464,BC_30YEAR
2024-07-02,0.08333333333333333,0.0548,BC_1MONTH
2024-07-02,0.16666666666666666,0.0547,BC_2MONTH
2024-07-02,0.25,0.0547,BC_3MONTH
2024-07-02,0.3333333333333333,0.054400000000000004,BC_4MONTH
2024-07-02,0.5,0.0536,BC_6MONTH
2024-07-02,1.0,0.0507,BC_1YEAR
2024-07-02,2.0,0.047400000000000005,BC_2YEAR
2024-07-02,3.0,0.0454,BC_3YEAR
2024-07-02,5.0,0.043899999999999995,BC_5YEAR
2024-07-02,7.0,0.044000000000000004,BC_7YEAR
2024-07-02,10.0,0.0443,BC_10YEAR
2024-07-02,20.0,0.0471,BC_20YEAR
2024-07-02,30.0,0.046,BC_30YEAR
2024-07-03,0.08333333333333333,0.054900000000000004,BC_1MONTH
2024-07-03,0.16666666666666666,0.0554,BC_2MONTH
2024-07-03,0.25,0.0547,BC_3MONTH
2024-07-03,0.3333333333333333,0.0547,BC_4MONTH
2024-07-03,0.5,0.0536,BC_6MONTH
2024-07-03,1.0,0.0504,BC_1YEAR
2024-07-03,2.0,0.0471,BC_2YEAR
2024-07-03,3.0,0.044800000000000006,BC_3YEAR
2024-07-03,5.0,0.0433,BC_5YEAR
2024-07-03,7.0,0.0433,BC_7YEAR
2024-07-03,10.0,0.0436,BC_10YEAR
2024-07-03,20.0,0.0464,BC_20YEAR
2024-07-03,30.0,0.0453,BC_30YEAR
2024-07-05,0.08333333333333333,0.0548,BC_1MONTH
2024-07-05,0.16666666666666666,0.0553,BC_2MONTH
2024-07-05,0.25,0.0546,BC_3MONTH
2024-07-05,0.3333333333333333,0.0546,BC_4MONTH
2024-07-05,0.5,0.053399999999999996,BC_6MONTH
2024-07-05,1.0,0.049800000000000004,BC_1YEAR
2024-07-05,2.0,0.046,BC_2YEAR
2024-07-05,3.0,0.043899999999999995,BC_3YEAR
2024-07-05,5.0,0.042199999999999994,BC_5YEAR
2024-07-05,7.0,0.042300000000000004,BC_7YEAR
2024-07-05,10.0,0.042800000000000005,BC_10YEAR
2024-07-05,20.0,0.045700000000000005,BC_20YEAR
2024-07-05,30.0,0.0447,BC_30YEAR
2024-07-08,0.08333333333333333,0.0548,BC_1MONTH
2024-07-08,0.16666666666666666,0.0553,BC_2MONTH
2024-07-08,0.25,0.0546,BC_3MONTH
2024-07-08,0.3333333333333333,0.0546,BC_4MONTH
2024-07-08,0.5,0.0533,BC_6MONTH
2024-07-08,1.0,0.0499,BC_1YEAR
2024-07-08,2.0,0.0462,BC_2YEAR
2024-07-08,3.0,0.044000000000000004,BC_3YEAR
2024-07-08,5.0,0.042300000000000004,BC_5YEAR
2024-07-08,7.0,0.042300000000000004,BC_7YEAR
2024-07-08,10.0,0.042800000000000005,BC_10YEAR
2024-07-08,20.0,0.045700000000000005,BC_20YEAR
2024-07-08,30.0,0.0446,BC_30YEAR
2024-07-09,0.08333333333333333,0.0545,BC_1MONTH
2024-07-09,0.16666666666666666,0.055099999999999996,BC_2MONTH
2024-07-09,0.25,0.0546,BC_3MONTH
2024-07-09,0.3333333333333333,0.0546,BC_4MONTH
2024-07-09,0.5,0.053399999999999996,BC_6MONTH
2024-07-09,1.0,0.050199999999999995,BC_1YEAR
2024-07-09,2.0,0.0462,BC_2YEAR
2024-07-09,3.0,0.0437,BC_3YEAR
2024-07-09,5.0,0.0424,BC_5YEAR
2024-07-09,7.0,0.0425,BC_7YEAR
2024-07-09,10.0,0.043,BC_10YEAR
2024-07-09,20.0,0.045899999999999996,BC_20YEAR
2024-07-09,30.0,0.0449,BC_30YEAR
2024-07-10,0.08333333333333333,0.0546,BC_1MONTH
2024-07-10,0.16666666666666666,0.055,BC_2MONTH
2024-07-10,0.25,0.0546,BC_3MONTH
2024-07-10,0.3333333333333333,0.0546,BC_4MONTH
2024-07-10,0.5,0.0533,BC_6MONTH
2024-07-10,1.0,0.0501,BC_1YEAR
2024-07-10,2.0,0.0462,BC_2YEAR
2024-07-10,3.0,0.0438,BC_3YEAR
2024-07-10,5.0,0.0424,BC_5YEAR
2024-07-10,7.0,0.0424,BC_7YEAR
2024-07-10,10.0,0.042800000000000005,BC_10YEAR
2024-07-10,20.0,0.0458,BC_20YEAR
2024-07-10,30.0,0.0447,BC_30YEAR
2024-07-11,0.08333333333333333,0.0548,BC_1MONTH
2024-07-11,0.16666666666666666,0.0553,BC_2MONTH
2024-07-11,0.25,0.054400000000000004,BC_3MONTH
2024-07-11,0.3333333333333333,0.0541,BC_4MONTH
2024-07-11,0.5,0.0525,BC_6MONTH
2024-07-11,1.0,0.049100000000000005,BC_1YEAR
2024-07-11,2.0,0.045,BC_2YEAR
2024-07-11,3.0,0.0426,BC_3YEAR
2024-07-11,5.0,0.041299999999999996,BC_5YEAR
2024-07-11,7.0,0.0415,BC_7YEAR
2024-07-11,10.0,0.042,BC_10YEAR
2024-07-11,20.0,0.0451,BC_20YEAR
2024-07-11,30.0,0.0441,BC_30YEAR
2024-07-12,0.08333333333333333,0.0547,BC_1MONTH
2024-07-12,0.16666666666666666,0.0552,BC_2MONTH
2024-07-12,0.25,0.054299999999999994,BC_3MONTH
2024-07-12,0.3333333333333333,0.0541,BC_4MONTH
2024-07-12,0.5,0.052300000000000006,BC_6MONTH
2024-07-12,1.0,0.0487,BC_1YEAR
2024-07-12,2.0,0.044500000000000005,BC_2YEAR
2024-07-12,3.0,0.042199999999999994,BC_3YEAR
2024-07-12,5.0,0.040999999999999995,BC_5YEAR
2024-07-12,7.0,0.041299999999999996,BC_7YEAR
2024-07-12,10.0,0.0418,BC_10YEAR
2024-07-12,20.0,0.045,BC_20YEAR
2024-07-12,30.0,0.043899999999999995,BC_30YEAR
2024-07-15,0.08333333333333333,0.0548,BC_1MONTH
2024-07-15,0.16666666666666666,0.055099999999999996,BC_2MONTH
2024-07-15,0.25,0.054299999999999994,BC_3MONTH
2024-07-15,0.3333333333333333,0.054000000000000006,BC_4MONTH
2024-07-15,0.5,0.052300000000000006,BC_6MONTH
2024-07-15,1.0,0.048499999999999995,BC_1YEAR
2024-07-15,2.0,0.0444,BC_2YEAR
2024-07-15,3.0,0.042300000000000004,BC_3YEAR
2024-07-15,5.0,0.041299999999999996,BC_5YEAR
2024-07-15,7.0,0.0416,BC_7YEAR
2024-07-15,10.0,0.042300000000000004,BC_10YEAR
2024-07-15,20.0,0.045599999999999995,BC_20YEAR
2024-07-15,30.0,0.0446,BC_30YEAR
2024-07-16,0.08333333333333333,0.0548,BC_1MONTH
2024-07-16,0.16666666666666666,0.055,BC_2MONTH
2024-07-16,0.25,0.054299999999999994,BC_3MONTH
2024-07-16,0.3333333333333333,0.054000000000000006,BC_4MONTH
2024-07-16,0.5,0.052300000000000006,BC_6MONTH
2024-07-16,1.0,0.048499999999999995,BC_1YEAR
2024-07-16,2.0,0.0443,BC_2YEAR
2024-07-16,3.0,0.0421,BC_3YEAR
2024-07-16,5.0,0.0409,BC_5YEAR
2024-07-16,7.0,0.041100000000000005,BC_7YEAR
2024-07-16,10.0,0.0417,BC_10YEAR
2024-07-16,20.0,0.044800000000000006,BC_20YEAR
2024-07-16,30.0,0.0438,BC_30YEAR
2024-07-17,0.08333333333333333,0.0547,BC_1MONTH
2024-07-17,0.16666666666666666,0.055,BC_2MONTH
2024-07-17,0.25,0.054299999999999994,BC_3MONTH
2024-07-17,0.3333333333333333,0.054000000000000006,BC_4MONTH
2024-07-17,0.5,0.052300000000000006,BC_6MONTH
2024-07-17,1.0,0.048499999999999995,BC_1YEAR
2024-07-17,2.0,0.044199999999999996,BC_2YEAR
2024-07-17,3.0,0.04190000000000001,BC_3YEAR
2024-07-17,5.0,0.0407,BC_5YEAR
2024-07-17,7.0,0.0409,BC_7YEAR
2024-07-17,10.0,0.0416,BC_10YEAR
2024-07-17,20.0,0.0446,BC_20YEAR
2024-07-17,30.0,0.0437,BC_30YEAR
2024-07-18,0.08333333333333333,0.0548,BC_1MONTH
2024-07-18,0.16666666666666666,0.0552,BC_2MONTH
2024-07-18,0.25,0.054299999999999994,BC_3MONTH
2024-07-18,0.3333333333333333,0.054000000000000006,BC_4MONTH
2024-07-18,0.5,0.052300000000000006,BC_6MONTH
2024-07-18,1.0,0.048600000000000004,BC_1YEAR
2024-07-18,2.0,0.0446,BC_2YEAR
2024-07-18,3.0,0.0424,BC_3YEAR
2024-07-18,5.0,0.041100000000000005,BC_5YEAR
2024-07-18,7.0,0.0414,BC_7YEAR
2024-07-18,10.0,0.042,BC_10YEAR
2024-07-18,20.0,0.0451,BC_20YEAR
2024-07-18,30.0,0.0441,BC_30YEAR
2024-07-19,0.08333333333333333,0.0548,BC_1MONTH
2024-07-19,0.16666666666666666,0.0552,BC_2MONTH
2024-07-19,0.25,0.054299999999999994,BC_3MONTH
2024-07-19,0.3333333333333333,0.053899999999999997,BC_4MONTH
2024-07-19,0.5,0.0524,BC_6MONTH
2024-07-19,1.0,0.0487,BC_1YEAR
2024-07-19,2.0,0.0449,BC_2YEAR
2024-07-19,3.0,0.042800000000000005,BC_3YEAR
2024-07-19,5.0,0.0416,BC_5YEAR
2024-07-19,7.0,0.0418,BC_7YEAR
2024-07-19,10.0,0.0425,BC_10YEAR
2024-07-19,20.0,0.0455,BC_20YEAR
2024-07-19,30.0,0.044500000000000005,BC_30YEAR
2024-07-22,0.08333333333333333,0.054900000000000004,BC_1MONTH
2024-07-22,0.16666666666666666,0.055099999999999996,BC_2MONTH
2024-07-22,0.25,0.054299999999999994,BC_3MONTH
2024-07-22,0.3333333333333333,0.053899999999999997,BC_4MONTH
2024-07-22,0.5,0.0524,BC_6MONTH
2024-07-22,1.0,0.048799999999999996,BC_1YEAR
2024-07-22,2.0,0.045,BC_2YEAR
2024-07-22,3.0,0.0429,BC_3YEAR
2024-07-22,5.0,0.0417,BC_5YEAR
2024-07-22,7.0,0.042,BC_7YEAR
2024-07-22,10.0,0.0426,BC_10YEAR
2024-07-22,20.0,0.045700000000000005,BC_20YEAR
2024-07-22,30.0,0.044800000000000006,BC_30YEAR
2024-07-23,0.08333333333333333,0.054900000000000004,BC_1MONTH
2024-07-23,0.16666666666666666,0.055099999999999996,BC_2MONTH
2024-07-23,0.25,0.0541,BC_3MONTH
2024-07-23,0.3333333333333333,0.0538,BC_4MONTH
2024-07-23,0.5,0.052199999999999996,BC_6MONTH
2024-07-23,1.0,0.048499999999999995,BC_1YEAR
2024-07-23,2.0,0.044000000000000004,BC_2YEAR
2024-07-23,3.0,0.0426,BC_3YEAR
2024-07-23,5.0,0.0415,BC_5YEAR
2024-07-23,7.0,0.0418,BC_7YEAR
2024-07-23,10.0,0.0425,BC_10YEAR
2024-07-23,20.0,0.045599999999999995,BC_20YEAR
2024-07-23,30.0,0.044800000000000006,BC_30YEAR
2024-07-24,0.08333333333333333,0.055,BC_1MONTH
2024-07-24,0.16666666666666666,0.055,BC_2MONTH
2024-07-24,0.25,0.054000000000000006,BC_3MONTH
2024-07-24,0.3333333333333333,0.0537,BC_4MONTH
2024-07-24,0.5,0.0519,BC_6MONTH
2024-07-24,1.0,0.0482,BC_1YEAR
2024-07-24,2.0,0.0437,BC_2YEAR
2024-07-24,3.0,0.0424,BC_3YEAR
2024-07-24,5.0,0.0412,BC_5YEAR
2024-07-24,7.0,0.042,BC_7YEAR
2024-07-24,10.0,0.042800000000000005,BC_10YEAR
2024-07-24,20.0,0.0462,BC_20YEAR
2024-07-24,30.0,0.0454,BC_30YEAR
2024-07-25,0.08333333333333333,0.054900000000000004,BC_1MONTH
2024-07-25,0.16666666666666666,0.0552,BC_2MONTH
2024-07-25,0.25,0.053899999999999997,BC_3MONTH
2024-07-25,0.3333333333333333,0.0537,BC_4MONTH
2024-07-25,0.5,0.0519,BC_6MONTH
2024-07-25,1.0,0.0483,BC_1YEAR
2024-07-25,2.0,0.0441,BC_2YEAR
2024-07-25,3.0,0.0426,BC_3YEAR
2024-07-25,5.0,0.041299999999999996,BC_5YEAR
2024-07-25,7.0,0.0418,BC_7YEAR
2024-07-25,10.0,0.042699999999999995,BC_10YEAR
2024-07-25,20.0,0.045899999999999996,BC_20YEAR
2024-07-25,30.0,0.045,BC_30YEAR
2024-07-26,0.08333333333333333,0.054900000000000004,BC_1MONTH
2024-07-26,0.16666666666666666,0.055099999999999996,BC_2MONTH
2024-07-26,0.25,0.0538,BC_3MONTH
2024-07-26,0.3333333333333333,0.0536,BC_4MONTH
2024-07-26,0.5,0.0518,BC_6MONTH
2024-07-26,1.0,0.0479,BC_1YEAR
2024-07-26,2.0,0.0436,BC_2YEAR
2024-07-26,3.0,0.042,BC_3YEAR
2024-07-26,5.0,0.0406,BC_5YEAR
2024-07-26,7.0,0.040999999999999995,BC_7YEAR
2024-07-26,10.0,0.042,BC_10YEAR
2024-07-26,20.0,0.0453,BC_20YEAR
2024-07-26,30.0,0.044500000000000005,BC_30YEAR
2024-07-29,0.08333333333333333,0.055,BC_1MONTH
2024-07-29,0.16666666666666666,0.055099999999999996,BC_2MONTH
2024-07-29,0.25,0.0541,BC_3MONTH
2024-07-29,0.3333333333333333,0.0536,BC_4MONTH
2024-07-29,0.5,0.0518,BC_6MONTH
2024-07-29,1.0,0.0479,BC_1YEAR
2024-07-29,2.0,0.0436,BC_2YEAR
2024-07-29,3.0,0.04190000000000001,BC_3YEAR
2024-07-29,5.0,0.0405,BC_5YEAR
2024-07-29,7.0,0.0408,BC_7YEAR
2024-07-29,10.0,0.0417,BC_10YEAR
2024-07-29,20.0,0.0451,BC_20YEAR
2024-07-29,30.0,0.044199999999999996,BC_30YEAR
2024-07-30,0.08333333333333333,0.055,BC_1MONTH
2024-07-30,0.16666666666666666,0.055,BC_2MONTH
2024-07-30,0.25,0.054000000000000006,BC_3MONTH
2024-07-30,0.3333333333333333,0.0535,BC_4MONTH
2024-07-30,0.5,0.0516,BC_6MONTH
2024-07-30,1.0,0.0478,BC_1YEAR
2024-07-30,2.0,0.0435,BC_2YEAR
2024-07-30,3.0,0.0416,BC_3YEAR
2024-07-30,5.0,0.0403,BC_5YEAR
2024-07-30,7.0,0.0406,BC_7YEAR
2024-07-30,10.0,0.0415,BC_10YEAR
2024-07-30,20.0,0.045,BC_20YEAR
2024-07-30,30.0,0.044000000000000004,BC_30YEAR
2024-07-31,0.08333333333333333,0.054900000000000004,BC_1MONTH
2024-07-31,0.16666666666666666,0.055099999999999996,BC_2MONTH
2024-07-31,0.25,0.0541,BC_3MONTH
2024-07-31,0.3333333333333333,0.053200000000000004,BC_4MONTH
2024-07-31,0.5,0.051399999999999994,BC_6MONTH
2024-07-31,1.0,0.0473,BC_1YEAR
2024-07-31,2.0,0.0429,BC_2YEAR
2024-07-31,3.0,0.040999999999999995,BC_3YEAR
2024-07-31,5.0,0.0397,BC_5YEAR
2024-07-31,7.0,0.04,BC_7YEAR
2024-07-31,10.0,0.0409,BC_10YEAR
2024-07-31,20.0,0.0444,BC_20YEAR
2024-07-31,30.0,0.0435,BC_30YEAR
2024-08-01,0.08333333333333333,0.0555,BC_1MONTH
2024-08-01,0.16666666666666666,0.0546,BC_2MONTH
2024-08-01,0.25,0.0537,BC_3MONTH
2024-08-01,0.3333333333333333,0.0528,BC_4MONTH
2024-08-01,0.5,0.0508,BC_6MONTH
2024-08-01,1.0,0.0462,BC_1YEAR
2024-08-01,2.0,0.0416,BC_2YEAR
2024-08-01,3.0,0.039599999999999996,BC_3YEAR
2024-08-01,5.0,0.0384,BC_5YEAR
2024-08-01,7.0,0.038900000000000004,BC_7YEAR
2024-08-01,10.0,0.039900000000000005,BC_10YEAR
2024-08-01,20.0,0.0435,BC_20YEAR
2024-08-01,30.0,0.042699999999999995,BC_30YEAR
2024-08-02,0.08333333333333333,0.0554,BC_1MONTH
2024-08-02,0.16666666666666666,0.054299999999999994,BC_2MONTH
2024-08-02,0.25,0.0529,BC_3MONTH
2024-08-02,0.3333333333333333,0.051399999999999994,BC_4MONTH
2024-08-02,0.5,0.048799999999999996,BC_6MONTH
2024-08-02,1.0,0.0433,BC_1YEAR
2024-08-02,2.0,0.0388,BC_2YEAR
2024-08-02,3.0,0.037000000000000005,BC_3YEAR
2024-08-02,5.0,0.0362,BC_5YEAR
2024-08-02,7.0,0.0368,BC_7YEAR
2024-08-02,10.0,0.038,BC_10YEAR
2024-08-02,20.0,0.04190000000000001,BC_20YEAR
2024-08-02,30.0,0.041100000000000005,BC_30YEAR
2024-08-05,0.08333333333333333,0.0552,BC_1MONTH
2024-08-05,0.16666666666666666,0.054299999999999994,BC_2MONTH
2024-08-05,0.25,0.0535,BC_3MONTH
2024-08-05,0.3333333333333333,0.051399999999999994,BC_4MONTH
2024-08-05,0.5,0.049100000000000005,BC_6MONTH
2024-08-05,1.0,0.0434,BC_1YEAR
2024-08-05,2.0,0.038900000000000004,BC_2YEAR
2024-08-05,3.0,0.0371,BC_3YEAR
2024-08-05,5.0,0.0362,BC_5YEAR
2024-08-05,7.0,0.0366,BC_7YEAR
2024-08-05,10.0,0.0378,BC_10YEAR
2024-08-05,20.0,0.0416,BC_20YEAR
2024-08-05,30.0,0.0406,BC_30YEAR
2024-08-06,0.08333333333333333,0.055,BC_1MONTH
2024-08-06,0.16666666666666666,0.054299999999999994,BC_2MONTH
2024-08-06,0.25,0.053399999999999996,BC_3MONTH
2024-08-06,0.3333333333333333,0.0518,BC_4MONTH
2024-08-06,0.5,0.05,BC_6MONTH
2024-08-06,1.0,0.0446,BC_1YEAR
2024-08-06,2.0,0.039900000000000005,BC_2YEAR
2024-08-06,3.0,0.037599999999999995,BC_3YEAR
2024-08-06,5.0,0.0373,BC_5YEAR
2024-08-06,7.0,0.0379,BC_7YEAR
2024-08-06,10.0,0.039,BC_10YEAR
2024-08-06,20.0,0.042800000000000005,BC_20YEAR
2024-08-06,30.0,0.0418,BC_30YEAR
2024-08-07,0.08333333333333333,0.055,BC_1MONTH
2024-08-07,0.16666666666666666,0.054299999999999994,BC_2MONTH
2024-08-07,0.25,0.053399999999999996,BC_3MONTH
2024-08-07,0.3333333333333333,0.0521,BC_4MONTH
2024-08-07,0.5,0.0499,BC_6MONTH
2024-08-07,1.0,0.044500000000000005,BC_1YEAR
2024-08-07,2.0,0.04,BC_2YEAR
2024-08-07,3.0,0.0381,BC_3YEAR
2024-08-07,5.0,0.0379,BC_5YEAR
2024-08-07,7.0,0.0385,BC_7YEAR
2024-08-07,10.0,0.039599999999999996,BC_10YEAR
2024-08-07,20.0,0.0435,BC_20YEAR
2024-08-07,30.0,0.0426,BC_30YEAR
2024-08-08,0.08333333333333333,0.0555,BC_1MONTH
2024-08-08,0.16666666666666666,0.0542,BC_2MONTH
2024-08-08,0.25,0.053399999999999996,BC_3MONTH
2024-08-08,0.3333333333333333,0.0521,BC_4MONTH
2024-08-08,0.5,0.0501,BC_6MONTH
2024-08-08,1.0,0.044800000000000006,BC_1YEAR
2024-08-08,2.0,0.0404,BC_2YEAR
2024-08-08,3.0,0.038599999999999995,BC_3YEAR
2024-08-08,5.0,0.0383,BC_5YEAR
2024-08-08,7.0,0.038900000000000004,BC_7YEAR
2024-08-08,10.0,0.039900000000000005,BC_10YEAR
2024-08-08,20.0,0.0438,BC_20YEAR
2024-08-08,30.0,0.042800000000000005,BC_30YEAR
2024-08-09,0.08333333333333333,0.0554,BC_1MONTH
2024-08-09,0.16666666666666666,0.054000000000000006,BC_2MONTH
2024-08-09,0.25,0.0533,BC_3MONTH
2024-08-09,0.3333333333333333,0.052199999999999996,BC_4MONTH
2024-08-09,0.5,0.050199999999999995,BC_6MONTH
2024-08-09,1.0,0.045,BC_1YEAR
2024-08-09,2.0,0.0405,BC_2YEAR
2024-08-09,3.0,0.038599999999999995,BC_3YEAR
2024-08-09,5.0,0.038,BC_5YEAR
2024-08-09,7.0,0.0385,BC_7YEAR
2024-08-09,10.0,0.0394,BC_10YEAR
2024-08-09,20.0,0.0433,BC_20YEAR
2024-08-09,30.0,0.042300000000000004,BC_30YEAR
2024-08-12,0.08333333333333333,0.0553,BC_1MONTH
2024-08-12,0.16666666666666666,0.054000000000000006,BC_2MONTH
2024-08-12,0.25,0.0533,BC_3MONTH
2024-08-12,0.3333333333333333,0.052000000000000005,BC_4MONTH
2024-08-12,0.5,0.050199999999999995,BC_6MONTH
2024-08-12,1.0,0.0447,BC_1YEAR
2024-08-12,2.0,0.0401,BC_2YEAR
2024-08-12,3.0,0.0382,BC_3YEAR
2024-08-12,5.0,0.0375,BC_5YEAR
2024-08-12,7.0,0.038,BC_7YEAR
2024-08-12,10.0,0.039,BC_10YEAR
2024-08-12,20.0,0.043,BC_20YEAR
2024-08-12,30.0,0.04190000000000001,BC_30YEAR
2024-08-13,0.08333333333333333,0.0548,BC_1MONTH
2024-08-13,0.16666666666666666,0.053899999999999997,BC_2MONTH
2024-08-13,0.25,0.053200000000000004,BC_3MONTH
2024-08-13,0.3333333333333333,0.0518,BC_4MONTH
2024-08-13,0.5,0.049699999999999994,BC_6MONTH
2024-08-13,1.0,0.044000000000000004,BC_1YEAR
2024-08-13,2.0,0.0393,BC_2YEAR
2024-08-13,3.0,0.0375,BC_3YEAR
2024-08-13,5.0,0.0368,BC_5YEAR
2024-08-13,7.0,0.0374,BC_7YEAR
2024-08-13,10.0,0.0385,BC_10YEAR
2024-08-13,20.0,0.0425,BC_20YEAR
2024-08-13,30.0,0.0416,BC_30YEAR
2024-08-14,0.08333333333333333,0.054900000000000004,BC_1MONTH
2024-08-14,0.16666666666666666,0.053899999999999997,BC_2MONTH
2024-08-14,0.25,0.053200000000000004,BC_3MONTH
2024-08-14,0.3333333333333333,0.0521,BC_4MONTH
2024-08-14,0.5,0.05,BC_6MONTH
2024-08-14,1.0,0.044199999999999996,BC_1YEAR
2024-08-14,2.0,0.0394,BC_2YEAR
2024-08-14,3.0,0.037599999999999995,BC_3YEAR
2024-08-14,5.0,0.036699999999999997,BC_5YEAR
2024-08-14,7.0,0.037200000000000004,BC_7YEAR
2024-08-14,10.0,0.0383,BC_10YEAR
2024-08-14,20.0,0.042199999999999994,BC_20YEAR
2024-08-14,30.0,0.0412,BC_30YEAR
2024-08-15,0.08333333333333333,0.0553,BC_1MONTH
2024-08-15,0.16666666666666666,0.054000000000000006,BC_2MONTH
2024-08-15,0.25,0.053399999999999996,BC_3MONTH
2024-08-15,0.3333333333333333,0.052199999999999996,BC_4MONTH
2024-08-15,0.5,0.0504,BC_6MONTH
2024-08-15,1.0,0.0452,BC_1YEAR
2024-08-15,2.0,0.0408,BC_2YEAR
2024-08-15,3.0,0.039,BC_3YEAR
2024-08-15,5.0,0.0379,BC_5YEAR
2024-08-15,7.0,0.0383,BC_7YEAR
2024-08-15,10.0,0.0392,BC_10YEAR
2024-08-15,20.0,0.042800000000000005,BC_20YEAR
2024-08-15,30.0,0.0418,BC_30YEAR
2024-08-16,0.08333333333333333,0.0553,BC_1MONTH
2024-08-16,0.16666666666666666,0.054000000000000006,BC_2MONTH
2024-08-16,0.25,0.0533,BC_3MONTH
2024-08-16,0.3333333333333333,0.0521,BC_4MONTH
2024-08-16,0.5,0.050199999999999995,BC_6MONTH
2024-08-16,1.0,0.0449,BC_1YEAR
2024-08-16,2.0,0.0406,BC_2YEAR
2024-08-16,3.0,0.0387,BC_3YEAR
2024-08-16,5.0,0.0377,BC_5YEAR
2024-08-16,7.0,0.0381,BC_7YEAR
2024-08-16,10.0,0.038900000000000004,BC_10YEAR
2024-08-16,20.0,0.0426,BC_20YEAR
2024-08-16,30.0,0.0415,BC_30YEAR
2024-08-19,0.08333333333333333,0.055099999999999996,BC_1MONTH
2024-08-19,0.16666666666666666,0.053899999999999997,BC_2MONTH
2024-08-19,0.25,0.053099999999999994,BC_3MONTH
2024-08-19,0.3333333333333333,0.0519,BC_4MONTH
2024-08-19,0.5,0.05,BC_6MONTH
2024-08-19,1.0,0.044800000000000006,BC_1YEAR
2024-08-19,2.0,0.0406,BC_2YEAR
2024-08-19,3.0,0.038599999999999995,BC_3YEAR
2024-08-19,5.0,0.0375,BC_5YEAR
2024-08-19,7.0,0.0378,BC_7YEAR
2024-08-19,10.0,0.038599999999999995,BC_10YEAR
2024-08-19,20.0,0.042300000000000004,BC_20YEAR
2024-08-19,30.0,0.041100000000000005,BC_30YEAR
2024-08-20,0.08333333333333333,0.0548,BC_1MONTH
2024-08-20,0.16666666666666666,0.0536,BC_2MONTH
2024-08-20,0.25,0.0529,BC_3MONTH
2024-08-20,0.3333333333333333,0.051699999999999996,BC_4MONTH
2024-08-20,0.5,0.049699999999999994,BC_6MONTH
2024-08-20,1.0,0.0443,BC_1YEAR
2024-08-20,2.0,0.039900000000000005,BC_2YEAR
2024-08-20,3.0,0.038,BC_3YEAR
2024-08-20,5.0,0.037000000000000005,BC_5YEAR
2024-08-20,7.0,0.0373,BC_7YEAR
2024-08-20,10.0,0.0382,BC_10YEAR
2024-08-20,20.0,0.04190000000000001,BC_20YEAR
2024-08-20,30.0,0.0407,BC_30YEAR
2024-08-21,0.08333333333333333,0.0545,BC_1MONTH
2024-08-21,0.16666666666666666,0.0533,BC_2MONTH
2024-08-21,0.25,0.0526,BC_3MONTH
2024-08-21,0.3333333333333333,0.0513,BC_4MONTH
2024-08-21,0.5,0.0492,BC_6MONTH
2024-08-21,1.0,0.0436,BC_1YEAR
2024-08-21,2.0,0.0392,BC_2YEAR
2024-08-21,3.0,0.0374,BC_3YEAR
2024-08-21,5.0,0.0364,BC_5YEAR
2024-08-21,7.0,0.0369,BC_7YEAR
2024-08-21,10.0,0.0379,BC_10YEAR
2024-08-21,20.0,0.0415,BC_20YEAR
2024-08-21,30.0,0.0406,BC_30YEAR
2024-08-22,0.08333333333333333,0.055099999999999996,BC_1MONTH
2024-08-22,0.16666666666666666,0.0535,BC_2MONTH
2024-08-22,0.25,0.0528,BC_3MONTH
2024-08-22,0.3333333333333333,0.051500000000000004,BC_4MONTH
2024-08-22,0.5,0.0496,BC_6MONTH
2024-08-22,1.0,0.0443,BC_1YEAR
2024-08-22,2.0,0.039900000000000005,BC_2YEAR
2024-08-22,3.0,0.0382,BC_3YEAR
2024-08-22,5.0,0.037200000000000004,BC_5YEAR
2024-08-22,7.0,0.0377,BC_7YEAR
2024-08-22,10.0,0.038599999999999995,BC_10YEAR
2024-08-22,20.0,0.0421,BC_20YEAR
2024-08-22,30.0,0.041299999999999996,BC_30YEAR
2024-08-23,0.08333333333333333,0.055099999999999996,BC_1MONTH
2024-08-23,0.16666666666666666,0.0535,BC_2MONTH
2024-08-23,0.25,0.0525,BC_3MONTH
2024-08-23,0.3333333333333333,0.0513,BC_4MONTH
2024-08-23,0.5,0.0492,BC_6MONTH
2024-08-23,1.0,0.0436,BC_1YEAR
2024-08-23,2.0,0.039,BC_2YEAR
2024-08-23,3.0,0.0373,BC_3YEAR
2024-08-23,5.0,0.0365,BC_5YEAR
2024-08-23,7.0,0.0371,BC_7YEAR
2024-08-23,10.0,0.0381,BC_10YEAR
2024-08-23,20.0,0.0418,BC_20YEAR
2024-08-23,30.0,0.040999999999999995,BC_30YEAR
2024-08-26,0.08333333333333333,0.054900000000000004,BC_1MONTH
2024-08-26,0.16666666666666666,0.053399999999999996,BC_2MONTH
2024-08-26,0.25,0.0524,BC_3MONTH
2024-08-26,0.3333333333333333,0.0513,BC_4MONTH
2024-08-26,0.5,0.049100000000000005,BC_6MONTH
2024-08-26,1.0,0.0438,BC_1YEAR
2024-08-26,2.0,0.0391,BC_2YEAR
2024-08-26,3.0,0.0374,BC_3YEAR
2024-08-26,5.0,0.0366,BC_5YEAR
2024-08-26,7.0,0.037200000000000004,BC_7YEAR
2024-08-26,10.0,0.0382,BC_10YEAR
2024-08-26,20.0,0.04190000000000001,BC_20YEAR
2024-08-26,30.0,0.041100000000000005,BC_30YEAR
2024-08-27,0.08333333333333333,0.054900000000000004,BC_1MONTH
2024-08-27,0.16666666666666666,0.0533,BC_2MONTH
2024-08-27,0.25,0.052300000000000006,BC_3MONTH
2024-08-27,0.3333333333333333,0.0512,BC_4MONTH
2024-08-27,0.5,0.0489,BC_6MONTH
2024-08-27,1.0,0.0434,BC_1YEAR
2024-08-27,2.0,0.0383,BC_2YEAR
2024-08-27,3.0,0.037200000000000004,BC_3YEAR
2024-08-27,5.0,0.0366,BC_5YEAR
2024-08-27,7.0,0.0373,BC_7YEAR
2024-08-27,10.0,0.0383,BC_10YEAR
2024-08-27,20.0,0.0421,BC_20YEAR
2024-08-27,30.0,0.041299999999999996,BC_30YEAR
2024-08-28,0.08333333333333333,0.0547,BC_1MONTH
2024-08-28,0.16666666666666666,0.0533,BC_2MONTH
2024-08-28,0.25,0.0521,BC_3MONTH
2024-08-28,0.3333333333333333,0.0512,BC_4MONTH
2024-08-28,0.5,0.0487,BC_6MONTH
2024-08-28,1.0,0.0436,BC_1YEAR
2024-08-28,2.0,0.0383,BC_2YEAR
2024-08-28,3.0,0.037200000000000004,BC_3YEAR
2024-08-28,5.0,0.0363,BC_5YEAR
2024-08-28,7.0,0.0374,BC_7YEAR
2024-08-28,10.0,0.0384,BC_10YEAR
2024-08-28,20.0,0.042199999999999994,BC_20YEAR
2024-08-28,30.0,0.041299999999999996,BC_30YEAR
2024-08-29,0.08333333333333333,0.054000000000000006,BC_1MONTH
2024-08-29,0.16666666666666666,0.0533,BC_2MONTH
2024-08-29,0.25,0.052199999999999996,BC_3MONTH
2024-08-29,0.3333333333333333,0.0512,BC_4MONTH
2024-08-29,0.5,0.0489,BC_6MONTH
2024-08-29,1.0,0.0438,BC_1YEAR
2024-08-29,2.0,0.0387,BC_2YEAR
2024-08-29,3.0,0.037599999999999995,BC_3YEAR
2024-08-29,5.0,0.0366,BC_5YEAR
2024-08-29,7.0,0.037599999999999995,BC_7YEAR
2024-08-29,10.0,0.0387,BC_10YEAR
2024-08-29,20.0,0.0424,BC_20YEAR
2024-08-29,30.0,0.0415,BC_30YEAR
2024-08-30,0.08333333333333333,0.0541,BC_1MONTH
2024-08-30,0.16666666666666666,0.053200000000000004,BC_2MONTH
2024-08-30,0.25,0.0521,BC_3MONTH
2024-08-30,0.3333333333333333,0.0512,BC_4MONTH
2024-08-30,0.5,0.0489,BC_6MONTH
2024-08-30,1.0,0.0438,BC_1YEAR
2024-08-30,2.0,0.0391,BC_2YEAR
2024-08-30,3.0,0.0379,BC_3YEAR
2024-08-30,5.0,0.0371,BC_5YEAR
2024-08-30,7.0,0.038,BC_7YEAR
2024-08-30,10.0,0.0391,BC_10YEAR
2024-08-30,20.0,0.042800000000000005,BC_20YEAR
2024-08-30,30.0,0.042,BC_30YEAR
2024-09-03,0.08333333333333333,0.0538,BC_1MONTH
2024-09-03,0.16666666666666666,0.053099999999999994,BC_2MONTH
2024-09-03,0.25,0.0519,BC_3MONTH
2024-09-03,0.3333333333333333,0.051,BC_4MONTH
2024-09-03,0.5,0.048,BC_6MONTH
2024-09-03,1.0,0.0435,BC_1YEAR
2024-09-03,2.0,0.0388,BC_2YEAR
2024-09-03,3.0,0.0373,BC_3YEAR
2024-09-03,5.0,0.0365,BC_5YEAR
2024-09-03,7.0,0.0373,BC_7YEAR
2024-09-03,10.0,0.0384,BC_10YEAR
2024-09-03,20.0,0.0421,BC_20YEAR
2024-09-03,30.0,0.041299999999999996,BC_30YEAR
2024-09-04,0.08333333333333333,0.0533,BC_1MONTH
2024-09-04,0.16666666666666666,0.0528,BC_2MONTH
2024-09-04,0.25,0.0518,BC_3MONTH
2024-09-04,0.3333333333333333,0.050499999999999996,BC_4MONTH
2024-09-04,0.5,0.047400000000000005,BC_6MONTH
2024-09-04,1.0,0.042300000000000004,BC_1YEAR
2024-09-04,2.0,0.037599999999999995,BC_2YEAR
2024-09-04,3.0,0.0363,BC_3YEAR
2024-09-04,5.0,0.0356,BC_5YEAR
2024-09-04,7.0,0.0365,BC_7YEAR
2024-09-04,10.0,0.0377,BC_10YEAR
2024-09-04,20.0,0.0414,BC_20YEAR
2024-09-04,30.0,0.0406,BC_30YEAR
2024-09-05,0.08333333333333333,0.053,BC_1MONTH
2024-09-05,0.16666666666666666,0.0529,BC_2MONTH
2024-09-05,0.25,0.051500000000000004,BC_3MONTH
2024-09-05,0.3333333333333333,0.0504,BC_4MONTH
2024-09-05,0.5,0.0473,BC_6MONTH
2024-09-05,1.0,0.0421,BC_1YEAR
2024-09-05,2.0,0.0375,BC_2YEAR
2024-09-05,3.0,0.0361,BC_3YEAR
2024-09-05,5.0,0.0354,BC_5YEAR
2024-09-05,7.0,0.0363,BC_7YEAR
2024-09-05,10.0,0.0373,BC_10YEAR
2024-09-05,20.0,0.041100000000000005,BC_20YEAR
2024-09-05,30.0,0.04019999999999999,BC_30YEAR
2024-09-06,0.08333333333333333,0.0528,BC_1MONTH
2024-09-06,0.16666666666666666,0.0528,BC_2MONTH
2024-09-06,0.25,0.0513,BC_3MONTH
2024-09-06,0.3333333333333333,0.050199999999999995,BC_4MONTH
2024-09-06,0.5,0.046900000000000004,BC_6MONTH
2024-09-06,1.0,0.040999999999999995,BC_1YEAR
2024-09-06,2.0,0.0366,BC_2YEAR
2024-09-06,3.0,0.0354,BC_3YEAR
2024-09-06,5.0,0.035,BC_5YEAR
2024-09-06,7.0,0.036000000000000004,BC_7YEAR
2024-09-06,10.0,0.037200000000000004,BC_10YEAR
2024-09-06,20.0,0.040999999999999995,BC_20YEAR
2024-09-06,30.0,0.0403,BC_30YEAR
2024-09-09,0.08333333333333333,0.0525,BC_1MONTH
2024-09-09,0.16666666666666666,0.0525,BC_2MONTH
2024-09-09,0.25,0.051100000000000007,BC_3MONTH
2024-09-09,0.3333333333333333,0.0499,BC_4MONTH
2024-09-09,0.5,0.046799999999999994,BC_6MONTH
2024-09-09,1.0,0.0412,BC_1YEAR
2024-09-09,2.0,0.0368,BC_2YEAR
2024-09-09,3.0,0.0354,BC_3YEAR
2024-09-09,5.0,0.0349,BC_5YEAR
2024-09-09,7.0,0.0358,BC_7YEAR
2024-09-09,10.0,0.037000000000000005,BC_10YEAR
2024-09-09,20.0,0.0408,BC_20YEAR
2024-09-09,30.0,0.04,BC_30YEAR
2024-09-10,0.08333333333333333,0.0518,BC_1MONTH
2024-09-10,0.16666666666666666,0.0518,BC_2MONTH
2024-09-10,0.25,0.0506,BC_3MONTH
2024-09-10,0.3333333333333333,0.0492,BC_4MONTH
2024-09-10,0.5,0.04650000000000001,BC_6MONTH
2024-09-10,1.0,0.0407,BC_1YEAR
2024-09-10,2.0,0.0359,BC_2YEAR
2024-09-10,3.0,0.0342,BC_3YEAR
2024-09-10,5.0,0.034300000000000004,BC_5YEAR
2024-09-10,7.0,0.0353,BC_7YEAR
2024-09-10,10.0,0.0365,BC_10YEAR
2024-09-10,20.0,0.0404,BC_20YEAR
2024-09-10,30.0,0.0397,BC_30YEAR
2024-09-11,0.08333333333333333,0.0521,BC_1MONTH
2024-09-11,0.16666666666666666,0.0519,BC_2MONTH
2024-09-11,0.25,0.051,BC_3MONTH
2024-09-11,0.3333333333333333,0.0499,BC_4MONTH
2024-09-11,0.5,0.0472,BC_6MONTH
2024-09-11,1.0,0.0412,BC_1YEAR
2024-09-11,2.0,0.0362,BC_2YEAR
2024-09-11,3.0,0.0345,BC_3YEAR
2024-09-11,5.0,0.0345,BC_5YEAR
2024-09-11,7.0,0.0354,BC_7YEAR
2024-09-11,10.0,0.0365,BC_10YEAR
2024-09-11,20.0,0.0403,BC_20YEAR
2024-09-11,30.0,0.039599999999999996,BC_30YEAR
2024-09-12,0.08333333333333333,0.0518,BC_1MONTH
2024-09-12,0.16666666666666666,0.052199999999999996,BC_2MONTH
2024-09-12,0.25,0.0506,BC_3MONTH
2024-09-12,0.3333333333333333,0.049699999999999994,BC_4MONTH
2024-09-12,0.5,0.046799999999999994,BC_6MONTH
2024-09-12,1.0,0.0409,BC_1YEAR
2024-09-12,2.0,0.0364,BC_2YEAR
2024-09-12,3.0,0.0347,BC_3YEAR
2024-09-12,5.0,0.0347,BC_5YEAR
2024-09-12,7.0,0.035699999999999996,BC_7YEAR
2024-09-12,10.0,0.0368,BC_10YEAR
2024-09-12,20.0,0.0407,BC_20YEAR
2024-09-12,30.0,0.04,BC_30YEAR
2024-09-13,0.08333333333333333,0.051500000000000004,BC_1MONTH
2024-09-13,0.16666666666666666,0.051699999999999996,BC_2MONTH
2024-09-13,0.25,0.049699999999999994,BC_3MONTH
2024-09-13,0.3333333333333333,0.0492,BC_4MONTH
2024-09-13,0.5,0.046,BC_6MONTH
2024-09-13,1.0,0.04,BC_1YEAR
2024-09-13,2.0,0.035699999999999996,BC_2YEAR
2024-09-13,3.0,0.0342,BC_3YEAR
2024-09-13,5.0,0.034300000000000004,BC_5YEAR
2024-09-13,7.0,0.0353,BC_7YEAR
2024-09-13,10.0,0.0366,BC_10YEAR
2024-09-13,20.0,0.0405,BC_20YEAR
2024-09-13,30.0,0.0398,BC_30YEAR
2024-09-16,0.08333333333333333,0.051100000000000007,BC_1MONTH
2024-09-16,0.16666666666666666,0.051,BC_2MONTH
2024-09-16,0.25,0.0496,BC_3MONTH
2024-09-16,0.3333333333333333,0.048799999999999996,BC_4MONTH
2024-09-16,0.5,0.0455,BC_6MONTH
2024-09-16,1.0,0.039599999999999996,BC_1YEAR
2024-09-16,2.0,0.0356,BC_2YEAR
2024-09-16,3.0,0.0342,BC_3YEAR
2024-09-16,5.0,0.0341,BC_5YEAR
2024-09-16,7.0,0.0351,BC_7YEAR
2024-09-16,10.0,0.0363,BC_10YEAR
2024-09-16,20.0,0.0401,BC_20YEAR
2024-09-16,30.0,0.0394,BC_30YEAR
2024-09-17,0.08333333333333333,0.050499999999999996,BC_1MONTH
2024-09-17,0.16666666666666666,0.050499999999999996,BC_2MONTH
2024-09-17,0.25,0.0495,BC_3MONTH
2024-09-17,0.3333333333333333,0.0487,BC_4MONTH
2024-09-17,0.5,0.0455,BC_6MONTH
2024-09-17,1.0,0.039900000000000005,BC_1YEAR
2024-09-17,2.0,0.0359,BC_2YEAR
2024-09-17,3.0,0.0345,BC_3YEAR
2024-09-17,5.0,0.0344,BC_5YEAR
2024-09-17,7.0,0.0353,BC_7YEAR
2024-09-17,10.0,0.0365,BC_10YEAR
2024-09-17,20.0,0.04019999999999999,BC_20YEAR
2024-09-17,30.0,0.039599999999999996,BC_30YEAR
2024-09-18,0.08333333333333333,0.049100000000000005,BC_1MONTH
2024-09-18,0.16666666666666666,0.049100000000000005,BC_2MONTH
2024-09-18,0.25,0.0484,BC_3MONTH
2024-09-18,0.3333333333333333,0.047599999999999996,BC_4MONTH
2024-09-18,0.5,0.045,BC_6MONTH
2024-09-18,1.0,0.0395,BC_1YEAR
2024-09-18,2.0,0.0361,BC_2YEAR
2024-09-18,3.0,0.0349,BC_3YEAR
2024-09-18,5.0,0.0347,BC_5YEAR
2024-09-18,7.0,0.0358,BC_7YEAR
2024-09-18,10.0,0.037000000000000005,BC_10YEAR
2024-09-18,20.0,0.0408,BC_20YEAR
2024-09-18,30.0,0.0403,BC_30YEAR
2024-09-19,0.08333333333333333,0.0489,BC_1MONTH
2024-09-19,0.16666666666666666,0.049100000000000005,BC_2MONTH
2024-09-19,0.25,0.048,BC_3MONTH
2024-09-19,0.3333333333333333,0.0473,BC_4MONTH
2024-09-19,0.5,0.0446,BC_6MONTH
2024-09-19,1.0,0.0393,BC_1YEAR
2024-09-19,2.0,0.0359,BC_2YEAR
2024-09-19,3.0,0.0347,BC_3YEAR
2024-09-19,5.0,0.0349,BC_5YEAR
2024-09-19,7.0,0.036000000000000004,BC_7YEAR
2024-09-19,10.0,0.0373,BC_10YEAR
2024-09-19,20.0,0.041100000000000005,BC_20YEAR
2024-09-19,30.0,0.0406,BC_30YEAR
2024-09-20,0.08333333333333333,0.0487,BC_1MONTH
2024-09-20,0.16666666666666666,0.048799999999999996,BC_2MONTH
2024-09-20,0.25,0.0475,BC_3MONTH
2024-09-20,0.3333333333333333,0.047,BC_4MONTH
2024-09-20,0.5,0.0443,BC_6MONTH
2024-09-20,1.0,0.0392,BC_1YEAR
2024-09-20,2.0,0.0355,BC_2YEAR
2024-09-20,3.0,0.0346,BC_3YEAR
2024-09-20,5.0,0.0348,BC_5YEAR
2024-09-20,7.0,0.0359,BC_7YEAR
2024-09-20,10.0,0.0373,BC_10YEAR
2024-09-20,20.0,0.040999999999999995,BC_20YEAR
2024-09-20,30.0,0.0407,BC_30YEAR
2024-09-23,0.08333333333333333,0.048499999999999995,BC_1MONTH
2024-09-23,0.16666666666666666,0.0484,BC_2MONTH
2024-09-23,0.25,0.0472,BC_3MONTH
2024-09-23,0.3333333333333333,0.04650000000000001,BC_4MONTH
2024-09-23,0.5,0.044000000000000004,BC_6MONTH
2024-09-23,1.0,0.0391,BC_1YEAR
2024-09-23,2.0,0.035699999999999996,BC_2YEAR
2024-09-23,3.0,0.0347,BC_3YEAR
2024-09-23,5.0,0.0351,BC_5YEAR
2024-09-23,7.0,0.0362,BC_7YEAR
2024-09-23,10.0,0.0375,BC_10YEAR
2024-09-23,20.0,0.0412,BC_20YEAR
2024-09-23,30.0,0.0409,BC_30YEAR
2024-09-24,0.08333333333333333,0.0478,BC_1MONTH
2024-09-24,0.16666666666666666,0.0478,BC_2MONTH
2024-09-24,0.25,0.046900000000000004,BC_3MONTH
2024-09-24,0.3333333333333333,0.0463,BC_4MONTH
2024-09-24,0.5,0.0436,BC_6MONTH
2024-09-24,1.0,0.0388,BC_1YEAR
2024-09-24,2.0,0.0349,BC_2YEAR
2024-09-24,3.0,0.0344,BC_3YEAR
2024-09-24,5.0,0.0347,BC_5YEAR
2024-09-24,7.0,0.036000000000000004,BC_7YEAR
2024-09-24,10.0,0.0374,BC_10YEAR
2024-09-24,20.0,0.041299999999999996,BC_20YEAR
2024-09-24,30.0,0.0409,BC_30YEAR
2024-09-25,0.08333333333333333,0.0479,BC_1MONTH
2024-09-25,0.16666666666666666,0.0478,BC_2MONTH
2024-09-25,0.25,0.046900000000000004,BC_3MONTH
2024-09-25,0.3333333333333333,0.0464,BC_4MONTH
2024-09-25,0.5,0.0436,BC_6MONTH
2024-09-25,1.0,0.038900000000000004,BC_1YEAR
2024-09-25,2.0,0.0353,BC_2YEAR
2024-09-25,3.0,0.0349,BC_3YEAR
2024-09-25,5.0,0.0352,BC_5YEAR
2024-09-25,7.0,0.0365,BC_7YEAR
2024-09-25,10.0,0.0379,BC_10YEAR
2024-09-25,20.0,0.0418,BC_20YEAR
2024-09-25,30.0,0.0414,BC_30YEAR
2024-09-26,0.08333333333333333,0.049,BC_1MONTH
2024-09-26,0.16666666666666666,0.0487,BC_2MONTH
2024-09-26,0.25,0.046799999999999994,BC_3MONTH
2024-09-26,0.3333333333333333,0.04650000000000001,BC_4MONTH
2024-09-26,0.5,0.0438,BC_6MONTH
2024-09-26,1.0,0.039599999999999996,BC_1YEAR
2024-09-26,2.0,0.036000000000000004,BC_2YEAR
2024-09-26,3.0,0.0354,BC_3YEAR
2024-09-26,5.0,0.0355,BC_5YEAR
2024-09-26,7.0,0.0365,BC_7YEAR
2024-09-26,10.0,0.0379,BC_10YEAR
2024-09-26,20.0,0.0417,BC_20YEAR
2024-09-26,30.0,0.0412,BC_30YEAR
2024-09-27,0.08333333333333333,0.049,BC_1MONTH
2024-09-27,0.16666666666666666,0.0487,BC_2MONTH
2024-09-27,0.25,0.046799999999999994,BC_3MONTH
2024-09-27,0.3333333333333333,0.0464,BC_4MONTH
2024-09-27,0.5,0.0435,BC_6MONTH
2024-09-27,1.0,0.039,BC_1YEAR
2024-09-27,2.0,0.0355,BC_2YEAR
2024-09-27,3.0,0.0349,BC_3YEAR
2024-09-27,5.0,0.035,BC_5YEAR
2024-09-27,7.0,0.036000000000000004,BC_7YEAR
2024-09-27,10.0,0.0375,BC_10YEAR
2024-09-27,20.0,0.0415,BC_20YEAR
2024-09-27,30.0,0.040999999999999995,BC_30YEAR
2024-09-30,0.08333333333333333,0.0493,BC_1MONTH
2024-09-30,0.16666666666666666,0.0487,BC_2MONTH
2024-09-30,0.25,0.0473,BC_3MONTH
2024-09-30,0.3333333333333333,0.04650000000000001,BC_4MONTH
2024-09-30,0.5,0.0438,BC_6MONTH
2024-09-30,1.0,0.0398,BC_1YEAR
2024-09-30,2.0,0.0366,BC_2YEAR
2024-09-30,3.0,0.0358,BC_3YEAR
2024-09-30,5.0,0.0358,BC_5YEAR
2024-09-30,7.0,0.036699999999999997,BC_7YEAR
2024-09-30,10.0,0.0381,BC_10YEAR
2024-09-30,20.0,0.04190000000000001,BC_20YEAR
2024-09-30,30.0,0.0414,BC_30YEAR
2024-10-01,0.08333333333333333,0.0496,BC_1MONTH
2024-10-01,0.16666666666666666,0.0487,BC_2MONTH
2024-10-01,0.25,0.0471,BC_3MONTH
2024-10-01,0.3333333333333333,0.0463,BC_4MONTH
2024-10-01,0.5,0.0436,BC_6MONTH
2024-10-01,1.0,0.039599999999999996,BC_1YEAR
2024-10-01,2.0,0.0361,BC_2YEAR
2024-10-01,3.0,0.0352,BC_3YEAR
2024-10-01,5.0,0.0351,BC_5YEAR
2024-10-01,7.0,0.036000000000000004,BC_7YEAR
2024-10-01,10.0,0.0374,BC_10YEAR
2024-10-01,20.0,0.0414,BC_20YEAR
2024-10-01,30.0,0.0408,BC_30YEAR
2024-10-02,0.08333333333333333,0.0492,BC_1MONTH
2024-10-02,0.16666666666666666,0.0483,BC_2MONTH
2024-10-02,0.25,0.046900000000000004,BC_3MONTH
2024-10-02,0.3333333333333333,0.0461,BC_4MONTH
2024-10-02,0.5,0.0436,BC_6MONTH
2024-10-02,1.0,0.0397,BC_1YEAR
2024-10-02,2.0,0.0363,BC_2YEAR
2024-10-02,3.0,0.0354,BC_3YEAR
2024-10-02,5.0,0.0355,BC_5YEAR
2024-10-02,7.0,0.0365,BC_7YEAR
2024-10-02,10.0,0.0379,BC_10YEAR
2024-10-02,20.0,0.04190000000000001,BC_20YEAR
2024-10-02,30.0,0.0414,BC_30YEAR
2024-10-03,0.08333333333333333,0.0499,BC_1MONTH
2024-10-03,0.16666666666666666,0.048499999999999995,BC_2MONTH
2024-10-03,0.25,0.046799999999999994,BC_3MONTH
2024-10-03,0.3333333333333333,0.0461,BC_4MONTH
2024-10-03,0.5,0.0437,BC_6MONTH
2024-10-03,1.0,0.04019999999999999,BC_1YEAR
2024-10-03,2.0,0.037000000000000005,BC_2YEAR
2024-10-03,3.0,0.0362,BC_3YEAR
2024-10-03,5.0,0.0362,BC_5YEAR
2024-10-03,7.0,0.0371,BC_7YEAR
2024-10-03,10.0,0.0385,BC_10YEAR
2024-10-03,20.0,0.0424,BC_20YEAR
2024-10-03,30.0,0.0418,BC_30YEAR
2024-10-04,0.08333333333333333,0.0501,BC_1MONTH
2024-10-04,0.16666666666666666,0.048799999999999996,BC_2MONTH
2024-10-04,0.25,0.0473,BC_3MONTH
2024-10-04,0.3333333333333333,0.046799999999999994,BC_4MONTH
2024-10-04,0.5,0.044500000000000005,BC_6MONTH
2024-10-04,1.0,0.042,BC_1YEAR
2024-10-04,2.0,0.0393,BC_2YEAR
2024-10-04,3.0,0.0384,BC_3YEAR
2024-10-04,5.0,0.0381,BC_5YEAR
2024-10-04,7.0,0.0388,BC_7YEAR
2024-10-04,10.0,0.0398,BC_10YEAR
2024-10-04,20.0,0.0433,BC_20YEAR
2024-10-04,30.0,0.0426,BC_30YEAR
2024-10-07,0.08333333333333333,0.05,BC_1MONTH
2024-10-07,0.16666666666666666,0.0487,BC_2MONTH
2024-10-07,0.25,0.04769999999999999,BC_3MONTH
2024-10-07,0.3333333333333333,0.0467,BC_4MONTH
2024-10-07,0.5,0.044500000000000005,BC_6MONTH
2024-10-07,1.0,0.0424,BC_1YEAR
2024-10-07,2.0,0.039900000000000005,BC_2YEAR
2024-10-07,3.0,0.038900000000000004,BC_3YEAR
2024-10-07,5.0,0.038599999999999995,BC_5YEAR
2024-10-07,7.0,0.0392,BC_7YEAR
2024-10-07,10.0,0.0403,BC_10YEAR
2024-10-07,20.0,0.0437,BC_20YEAR
2024-10-07,30.0,0.043,BC_30YEAR
2024-10-08,0.08333333333333333,0.0496,BC_1MONTH
2024-10-08,0.16666666666666666,0.048499999999999995,BC_2MONTH
2024-10-08,0.25,0.0475,BC_3MONTH
2024-10-08,0.3333333333333333,0.04650000000000001,BC_4MONTH
2024-10-08,0.5,0.0444,BC_6MONTH
2024-10-08,1.0,0.0421,BC_1YEAR
2024-10-08,2.0,0.0398,BC_2YEAR
2024-10-08,3.0,0.038599999999999995,BC_3YEAR
2024-10-08,5.0,0.038599999999999995,BC_5YEAR
2024-10-08,7.0,0.0394,BC_7YEAR
2024-10-08,10.0,0.0404,BC_10YEAR
2024-10-08,20.0,0.0438,BC_20YEAR
2024-10-08,30.0,0.0432,BC_30YEAR
2024-10-09,0.08333333333333333,0.0493,BC_1MONTH
2024-10-09,0.16666666666666666,0.0484,BC_2MONTH
2024-10-09,0.25,0.0475,BC_3MONTH
2024-10-09,0.3333333333333333,0.04650000000000001,BC_4MONTH
2024-10-09,0.5,0.0446,BC_6MONTH
2024-10-09,1.0,0.0424,BC_1YEAR
2024-10-09,2.0,0.039900000000000005,BC_2YEAR
2024-10-09,3.0,0.038900000000000004,BC_3YEAR
2024-10-09,5.0,0.0391,BC_5YEAR
2024-10-09,7.0,0.0397,BC_7YEAR
2024-10-09,10.0,0.0406,BC_10YEAR
2024-10-09,20.0,0.0441,BC_20YEAR
2024-10-09,30.0,0.0434,BC_30YEAR
2024-10-10,0.08333333333333333,0.049800000000000004,BC_1MONTH
2024-10-10,0.16666666666666666,0.0484,BC_2MONTH
2024-10-10,0.25,0.0475,BC_3MONTH
2024-10-10,0.3333333333333333,0.04650000000000001,BC_4MONTH
2024-10-10,0.5,0.044500000000000005,BC_6MONTH
2024-10-10,1.0,0.042199999999999994,BC_1YEAR
2024-10-10,2.0,0.0398,BC_2YEAR
2024-10-10,3.0,0.0388,BC_3YEAR
2024-10-10,5.0,0.0391,BC_5YEAR
2024-10-10,7.0,0.039900000000000005,BC_7YEAR
2024-10-10,10.0,0.0409,BC_10YEAR
2024-10-10,20.0,0.0444,BC_20YEAR
2024-10-10,30.0,0.0438,BC_30YEAR
2024-10-11,0.08333333333333333,0.049699999999999994,BC_1MONTH
2024-10-11,0.16666666666666666,0.0482,BC_2MONTH
2024-10-11,0.25,0.0473,BC_3MONTH
2024-10-11,0.3333333333333333,0.04650000000000001,BC_4MONTH
2024-10-11,0.5,0.0444,BC_6MONTH
2024-10-11,1.0,0.0418,BC_1YEAR
2024-10-11,2.0,0.0395,BC_2YEAR
2024-10-11,3.0,0.0385,BC_3YEAR
2024-10-11,5.0,0.0388,BC_5YEAR
2024-10-11,7.0,0.0397,BC_7YEAR
2024-10-11,10.0,0.0408,BC_10YEAR
2024-10-11,20.0,0.0444,BC_20YEAR
2024-10-11,30.0,0.043899999999999995,BC_30YEAR
2024-10-15,0.08333333333333333,0.0493,BC_1MONTH
2024-10-15,0.16666666666666666,0.0482,BC_2MONTH
2024-10-15,0.25,0.0473,BC_3MONTH
2024-10-15,0.3333333333333333,0.04650000000000001,BC_4MONTH
2024-10-15,0.5,0.044199999999999996,BC_6MONTH
2024-10-15,1.0,0.0418,BC_1YEAR
2024-10-15,2.0,0.0395,BC_2YEAR
2024-10-15,3.0,0.038599999999999995,BC_3YEAR
2024-10-15,5.0,0.038599999999999995,BC_5YEAR
2024-10-15,7.0,0.0393,BC_7YEAR
2024-10-15,10.0,0.0403,BC_10YEAR
2024-10-15,20.0,0.0437,BC_20YEAR
2024-10-15,30.0,0.0432,BC_30YEAR
2024-10-16,0.08333333333333333,0.049100000000000005,BC_1MONTH
2024-10-16,0.16666666666666666,0.048,BC_2MONTH
2024-10-16,0.25,0.0472,BC_3MONTH
2024-10-16,0.3333333333333333,0.0463,BC_4MONTH
2024-10-16,0.5,0.044199999999999996,BC_6MONTH
2024-10-16,1.0,0.0417,BC_1YEAR
2024-10-16,2.0,0.0393,BC_2YEAR
2024-10-16,3.0,0.0384,BC_3YEAR
2024-10-16,5.0,0.0384,BC_5YEAR
2024-10-16,7.0,0.0392,BC_7YEAR
2024-10-16,10.0,0.04019999999999999,BC_10YEAR
2024-10-16,20.0,0.0436,BC_20YEAR
2024-10-16,30.0,0.043,BC_30YEAR
2024-10-17,0.08333333333333333,0.0493,BC_1MONTH
2024-10-17,0.16666666666666666,0.0483,BC_2MONTH
2024-10-17,0.25,0.047400000000000005,BC_3MONTH
2024-10-17,0.3333333333333333,0.04650000000000001,BC_4MONTH
2024-10-17,0.5,0.044500000000000005,BC_6MONTH
2024-10-17,1.0,0.0421,BC_1YEAR
2024-10-17,2.0,0.039599999999999996,BC_2YEAR
2024-10-17,3.0,0.038900000000000004,BC_3YEAR
2024-10-17,5.0,0.039,BC_5YEAR
2024-10-17,7.0,0.039900000000000005,BC_7YEAR
2024-10-17,10.0,0.0409,BC_10YEAR
2024-10-17,20.0,0.0444,BC_20YEAR
2024-10-17,30.0,0.043899999999999995,BC_30YEAR
2024-10-18,0.08333333333333333,0.0492,BC_1MONTH
2024-10-18,0.16666666666666666,0.0482,BC_2MONTH
2024-10-18,0.25,0.0473,BC_3MONTH
2024-10-18,0.3333333333333333,0.04650000000000001,BC_4MONTH
2024-10-18,0.5,0.044500000000000005,BC_6MONTH
2024-10-18,1.0,0.04190000000000001,BC_1YEAR
2024-10-18,2.0,0.0395,BC_2YEAR
2024-10-18,3.0,0.038599999999999995,BC_3YEAR
2024-10-18,5.0,0.0388,BC_5YEAR
2024-10-18,7.0,0.0397,BC_7YEAR
2024-10-18,10.0,0.0408,BC_10YEAR
2024-10-18,20.0,0.0444,BC_20YEAR
2024-10-18,30.0,0.0438,BC_30YEAR
2024-10-21,0.08333333333333333,0.0492,BC_1MONTH
2024-10-21,0.16666666666666666,0.0482,BC_2MONTH
2024-10-21,0.25,0.0473,BC_3MONTH
2024-10-21,0.3333333333333333,0.0466,BC_4MONTH
2024-10-21,0.5,0.0447,BC_6MONTH
2024-10-21,1.0,0.0424,BC_1YEAR
2024-10-21,2.0,0.04019999999999999,BC_2YEAR
2024-10-21,3.0,0.0395,BC_3YEAR
2024-10-21,5.0,0.0398,BC_5YEAR
2024-10-21,7.0,0.0407,BC_7YEAR
2024-10-21,10.0,0.04190000000000001,BC_10YEAR
2024-10-21,20.0,0.0454,BC_20YEAR
2024-10-21,30.0,0.0449,BC_30YEAR
2024-10-22,0.08333333333333333,0.0489,BC_1MONTH
2024-10-22,0.16666666666666666,0.0481,BC_2MONTH
2024-10-22,0.25,0.0472,BC_3MONTH
2024-10-22,0.3333333333333333,0.0466,BC_4MONTH
2024-10-22,0.5,0.0447,BC_6MONTH
2024-10-22,1.0,0.0424,BC_1YEAR
2024-10-22,2.0,0.0403,BC_2YEAR
2024-10-22,3.0,0.0398,BC_3YEAR
2024-10-22,5.0,0.04,BC_5YEAR
2024-10-22,7.0,0.040999999999999995,BC_7YEAR
2024-10-22,10.0,0.042,BC_10YEAR
2024-10-22,20.0,0.0455,BC_20YEAR
2024-10-22,30.0,0.0449,BC_30YEAR
2024-10-23,0.08333333333333333,0.048799999999999996,BC_1MONTH
2024-10-23,0.16666666666666666,0.048,BC_2MONTH
2024-10-23,0.25,0.0473,BC_3MONTH
2024-10-23,0.3333333333333333,0.0466,BC_4MONTH
2024-10-23,0.5,0.044800000000000006,BC_6MONTH
2024-10-23,1.0,0.042699999999999995,BC_1YEAR
2024-10-23,2.0,0.0407,BC_2YEAR
2024-10-23,3.0,0.0403,BC_3YEAR
2024-10-23,5.0,0.0405,BC_5YEAR
2024-10-23,7.0,0.0414,BC_7YEAR
2024-10-23,10.0,0.0424,BC_10YEAR
2024-10-23,20.0,0.0458,BC_20YEAR
2024-10-23,30.0,0.0451,BC_30YEAR
2024-10-24,0.08333333333333333,0.0487,BC_1MONTH
2024-10-24,0.16666666666666666,0.0478,BC_2MONTH
2024-10-24,0.25,0.047,BC_3MONTH
2024-10-24,0.3333333333333333,0.04650000000000001,BC_4MONTH
2024-10-24,0.5,0.044800000000000006,BC_6MONTH
2024-10-24,1.0,0.0425,BC_1YEAR
2024-10-24,2.0,0.0407,BC_2YEAR
2024-10-24,3.0,0.04019999999999999,BC_3YEAR
2024-10-24,5.0,0.0403,BC_5YEAR
2024-10-24,7.0,0.0412,BC_7YEAR
2024-10-24,10.0,0.0421,BC_10YEAR
2024-10-24,20.0,0.0454,BC_20YEAR
2024-10-24,30.0,0.0447,BC_30YEAR
2024-10-25,0.08333333333333333,0.0489,BC_1MONTH
2024-10-25,0.16666666666666666,0.0479,BC_2MONTH
2024-10-25,0.25,0.0473,BC_3MONTH
2024-10-25,0.3333333333333333,0.046799999999999994,BC_4MONTH
2024-10-25,0.5,0.0451,BC_6MONTH
2024-10-25,1.0,0.0429,BC_1YEAR
2024-10-25,2.0,0.041100000000000005,BC_2YEAR
2024-10-25,3.0,0.0405,BC_3YEAR
2024-10-25,5.0,0.0407,BC_5YEAR
2024-10-25,7.0,0.0415,BC_7YEAR
2024-10-25,10.0,0.0425,BC_10YEAR
2024-10-25,20.0,0.0458,BC_20YEAR
2024-10-25,30.0,0.0451,BC_30YEAR
2024-10-28,0.08333333333333333,0.048799999999999996,BC_1MONTH
2024-10-28,0.16666666666666666,0.04769999999999999,BC_2MONTH
2024-10-28,0.25,0.047,BC_3MONTH
2024-10-28,0.3333333333333333,0.04650000000000001,BC_4MONTH
2024-10-28,0.5,0.0446,BC_6MONTH
2024-10-28,1.0,0.042800000000000005,BC_1YEAR
2024-10-28,2.0,0.0412,BC_2YEAR
2024-10-28,3.0,0.0409,BC_3YEAR
2024-10-28,5.0,0.041100000000000005,BC_5YEAR
2024-10-28,7.0,0.04190000000000001,BC_7YEAR
2024-10-28,10.0,0.042800000000000005,BC_10YEAR
2024-10-28,20.0,0.0461,BC_20YEAR
2024-10-28,30.0,0.0453,BC_30YEAR
2024-10-29,0.08333333333333333,0.048799999999999996,BC_1MONTH
2024-10-29,0.16666666666666666,0.04769999999999999,BC_2MONTH
2024-10-29,0.25,0.047,BC_3MONTH
2024-10-29,0.3333333333333333,0.0464,BC_4MONTH
2024-10-29,0.5,0.044500000000000005,BC_6MONTH
2024-10-29,1.0,0.0429,BC_1YEAR
2024-10-29,2.0,0.041100000000000005,BC_2YEAR
2024-10-29,3.0,0.0408,BC_3YEAR
2024-10-29,5.0,0.041100000000000005,BC_5YEAR
2024-10-29,7.0,0.0418,BC_7YEAR
2024-10-29,10.0,0.042800000000000005,BC_10YEAR
2024-10-29,20.0,0.0461,BC_20YEAR
2024-10-29,30.0,0.0452,BC_30YEAR
2024-10-30,0.08333333333333333,0.0487,BC_1MONTH
2024-10-30,0.16666666666666666,0.04769999999999999,BC_2MONTH
2024-10-30,0.25,0.0467,BC_3MONTH
2024-10-30,0.3333333333333333,0.045700000000000005,BC_4MONTH
2024-10-30,0.5,0.0444,BC_6MONTH
2024-10-30,1.0,0.042800000000000005,BC_1YEAR
2024-10-30,2.0,0.0415,BC_2YEAR
2024-10-30,3.0,0.0414,BC_3YEAR
2024-10-30,5.0,0.0414,BC_5YEAR
2024-10-30,7.0,0.042,BC_7YEAR
2024-10-30,10.0,0.0429,BC_10YEAR
2024-10-30,20.0,0.046,BC_20YEAR
2024-10-30,30.0,0.0449,BC_30YEAR
2024-10-31,0.08333333333333333,0.047599999999999996,BC_1MONTH
2024-10-31,0.16666666666666666,0.047599999999999996,BC_2MONTH
2024-10-31,0.25,0.0464,BC_3MONTH
2024-10-31,0.3333333333333333,0.045599999999999995,BC_4MONTH
2024-10-31,0.5,0.0443,BC_6MONTH
2024-10-31,1.0,0.042699999999999995,BC_1YEAR
2024-10-31,2.0,0.0416,BC_2YEAR
2024-10-31,3.0,0.0412,BC_3YEAR
2024-10-31,5.0,0.0415,BC_5YEAR
2024-10-31,7.0,0.0421,BC_7YEAR
2024-10-31,10.0,0.042800000000000005,BC_10YEAR
2024-10-31,20.0,0.0458,BC_20YEAR
2024-10-31,30.0,0.0447,BC_30YEAR
2024-11-01,0.08333333333333333,0.0475,BC_1MONTH
2024-11-01,0.16666666666666666,0.047400000000000005,BC_2MONTH
2024-11-01,0.25,0.0461,BC_3MONTH
2024-11-01,0.3333333333333333,0.0453,BC_4MONTH
2024-11-01,0.5,0.044199999999999996,BC_6MONTH
2024-11-01,1.0,0.042800000000000005,BC_1YEAR
2024-11-01,2.0,0.0421,BC_2YEAR
2024-11-01,3.0,0.0418,BC_3YEAR
2024-11-01,5.0,0.042199999999999994,BC_5YEAR
2024-11-01,7.0,0.043,BC_7YEAR
2024-11-01,10.0,0.0437,BC_10YEAR
2024-11-01,20.0,0.046799999999999994,BC_20YEAR
2024-11-01,30.0,0.045700000000000005,BC_30YEAR
2024-11-04,0.08333333333333333,0.0475,BC_1MONTH
2024-11-04,0.16666666666666666,0.047400000000000005,BC_2MONTH
2024-11-04,0.25,0.04650000000000001,BC_3MONTH
2024-11-04,0.3333333333333333,0.0451,BC_4MONTH
2024-11-04,0.5,0.043899999999999995,BC_6MONTH
2024-11-04,1.0,0.0425,BC_1YEAR
2024-11-04,2.0,0.0417,BC_2YEAR
2024-11-04,3.0,0.040999999999999995,BC_3YEAR
2024-11-04,5.0,0.0417,BC_5YEAR
2024-11-04,7.0,0.0424,BC_7YEAR
2024-11-04,10.0,0.0431,BC_10YEAR
2024-11-04,20.0,0.046,BC_20YEAR
2024-11-04,30.0,0.045,BC_30YEAR
2024-11-05,0.08333333333333333,0.0472,BC_1MONTH
2024-11-05,0.16666666666666666,0.0472,BC_2MONTH
2024-11-05,0.25,0.0464,BC_3MONTH
2024-11-05,0.3333333333333333,0.0449,BC_4MONTH
2024-11-05,0.5,0.043899999999999995,BC_6MONTH
2024-11-05,1.0,0.042699999999999995,BC_1YEAR
2024-11-05,2.0,0.04190000000000001,BC_2YEAR
2024-11-05,3.0,0.041100000000000005,BC_3YEAR
2024-11-05,5.0,0.0416,BC_5YEAR
2024-11-05,7.0,0.042199999999999994,BC_7YEAR
2024-11-05,10.0,0.0426,BC_10YEAR
2024-11-05,20.0,0.0455,BC_20YEAR
2024-11-05,30.0,0.0444,BC_30YEAR
2024-11-06,0.08333333333333333,0.046799999999999994,BC_1MONTH
2024-11-06,0.16666666666666666,0.0471,BC_2MONTH
2024-11-06,0.25,0.0464,BC_3MONTH
2024-11-06,0.3333333333333333,0.0454,BC_4MONTH
2024-11-06,0.5,0.0441,BC_6MONTH
2024-11-06,1.0,0.0431,BC_1YEAR
2024-11-06,2.0,0.042699999999999995,BC_2YEAR
2024-11-06,3.0,0.042,BC_3YEAR
2024-11-06,5.0,0.042699999999999995,BC_5YEAR
2024-11-06,7.0,0.0437,BC_7YEAR
2024-11-06,10.0,0.044199999999999996,BC_10YEAR
2024-11-06,20.0,0.0471,BC_20YEAR
2024-11-06,30.0,0.046,BC_30YEAR
2024-11-07,0.08333333333333333,0.046900000000000004,BC_1MONTH
2024-11-07,0.16666666666666666,0.046900000000000004,BC_2MONTH
2024-11-07,0.25,0.0463,BC_3MONTH
2024-11-07,0.3333333333333333,0.0452,BC_4MONTH
2024-11-07,0.5,0.044000000000000004,BC_6MONTH
2024-11-07,1.0,0.042800000000000005,BC_1YEAR
2024-11-07,2.0,0.0421,BC_2YEAR
2024-11-07,3.0,0.041299999999999996,BC_3YEAR
2024-11-07,5.0,0.0417,BC_5YEAR
2024-11-07,7.0,0.0425,BC_7YEAR
2024-11-07,10.0,0.0431,BC_10YEAR
2024-11-07,20.0,0.0462,BC_20YEAR
2024-11-07,30.0,0.0452,BC_30YEAR
2024-11-08,0.08333333333333333,0.047,BC_1MONTH
2024-11-08,0.16666666666666666,0.046900000000000004,BC_2MONTH
2024-11-08,0.25,0.0463,BC_3MONTH
2024-11-08,0.3333333333333333,0.0453,BC_4MONTH
2024-11-08,0.5,0.044199999999999996,BC_6MONTH
2024-11-08,1.0,0.0432,BC_1YEAR
2024-11-08,2.0,0.0426,BC_2YEAR
2024-11-08,3.0,0.0418,BC_3YEAR
2024-11-08,5.0,0.042,BC_5YEAR
2024-11-08,7.0,0.0425,BC_7YEAR
2024-11-08,10.0,0.043,BC_10YEAR
2024-11-08,20.0,0.0458,BC_20YEAR
2024-11-08,30.0,0.0447,BC_30YEAR
2024-11-12,0.08333333333333333,0.047,BC_1MONTH
2024-11-12,0.16666666666666666,0.047,BC_2MONTH
2024-11-12,0.25,0.0463,BC_3MONTH
2024-11-12,0.3333333333333333,0.0454,BC_4MONTH
2024-11-12,0.5,0.044500000000000005,BC_6MONTH
2024-11-12,1.0,0.0438,BC_1YEAR
2024-11-12,2.0,0.0434,BC_2YEAR
2024-11-12,3.0,0.0429,BC_3YEAR
2024-11-12,5.0,0.0432,BC_5YEAR
2024-11-12,7.0,0.0438,BC_7YEAR
2024-11-12,10.0,0.0443,BC_10YEAR
2024-11-12,20.0,0.047,BC_20YEAR
2024-11-12,30.0,0.0458,BC_30YEAR
2024-11-13,0.08333333333333333,0.046900000000000004,BC_1MONTH
2024-11-13,0.16666666666666666,0.0467,BC_2MONTH
2024-11-13,0.25,0.046,BC_3MONTH
2024-11-13,0.3333333333333333,0.045,BC_4MONTH
2024-11-13,0.5,0.044000000000000004,BC_6MONTH
2024-11-13,1.0,0.0431,BC_1YEAR
2024-11-13,2.0,0.042699999999999995,BC_2YEAR
2024-11-13,3.0,0.0425,BC_3YEAR
2024-11-13,5.0,0.043,BC_5YEAR
2024-11-13,7.0,0.0438,BC_7YEAR
2024-11-13,10.0,0.0444,BC_10YEAR
2024-11-13,20.0,0.0473,BC_20YEAR
2024-11-13,30.0,0.0463,BC_30YEAR
2024-11-14,0.08333333333333333,0.047,BC_1MONTH
2024-11-14,0.16666666666666666,0.046799999999999994,BC_2MONTH
2024-11-14,0.25,0.0461,BC_3MONTH
2024-11-14,0.3333333333333333,0.0453,BC_4MONTH
2024-11-14,0.5,0.0443,BC_6MONTH
2024-11-14,1.0,0.0436,BC_1YEAR
2024-11-14,2.0,0.0434,BC_2YEAR
2024-11-14,3.0,0.043,BC_3YEAR
2024-11-14,5.0,0.0432,BC_5YEAR
2024-11-14,7.0,0.0438,BC_7YEAR
2024-11-14,10.0,0.0443,BC_10YEAR
2024-11-14,20.0,0.046900000000000004,BC_20YEAR
2024-11-14,30.0,0.0458,BC_30YEAR
2024-11-15,0.08333333333333333,0.047,BC_1MONTH
2024-11-15,0.16666666666666666,0.0467,BC_2MONTH
2024-11-15,0.25,0.046,BC_3MONTH
2024-11-15,0.3333333333333333,0.0452,BC_4MONTH
2024-11-15,0.5,0.0444,BC_6MONTH
2024-11-15,1.0,0.0434,BC_1YEAR
2024-11-15,2.0,0.0431,BC_2YEAR
2024-11-15,3.0,0.042699999999999995,BC_3YEAR
2024-11-15,5.0,0.043,BC_5YEAR
2024-11-15,7.0,0.0436,BC_7YEAR
2024-11-15,10.0,0.0443,BC_10YEAR
2024-11-15,20.0,0.047,BC_20YEAR
2024-11-15,30.0,0.046,BC_30YEAR
2024-11-18,0.08333333333333333,0.047,BC_1MONTH
2024-11-18,0.16666666666666666,0.04650000000000001,BC_2MONTH
2024-11-18,0.25,0.0463,BC_3MONTH
2024-11-18,0.3333333333333333,0.0452,BC_4MONTH
2024-11-18,0.5,0.0444,BC_6MONTH
2024-11-18,1.0,0.0433,BC_1YEAR
2024-11-18,2.0,0.0429,BC_2YEAR
2024-11-18,3.0,0.0425,BC_3YEAR
2024-11-18,5.0,0.042800000000000005,BC_5YEAR
2024-11-18,7.0,0.0435,BC_7YEAR
2024-11-18,10.0,0.044199999999999996,BC_10YEAR
2024-11-18,20.0,0.047,BC_20YEAR
2024-11-18,30.0,0.0461,BC_30YEAR
2024-11-19,0.08333333333333333,0.0467,BC_1MONTH
2024-11-19,0.16666666666666666,0.0463,BC_2MONTH
2024-11-19,0.25,0.0462,BC_3MONTH
2024-11-19,0.3333333333333333,0.0451,BC_4MONTH
2024-11-19,0.5,0.0444,BC_6MONTH
2024-11-19,1.0,0.0434,BC_1YEAR
2024-11-19,2.0,0.042699999999999995,BC_2YEAR
2024-11-19,3.0,0.0424,BC_3YEAR
2024-11-19,5.0,0.0425,BC_5YEAR
2024-11-19,7.0,0.0432,BC_7YEAR
2024-11-19,10.0,0.043899999999999995,BC_10YEAR
2024-11-19,20.0,0.0466,BC_20YEAR
2024-11-19,30.0,0.045700000000000005,BC_30YEAR
2024-11-20,0.08333333333333333,0.046799999999999994,BC_1MONTH
2024-11-20,0.16666666666666666,0.0463,BC_2MONTH
2024-11-20,0.25,0.0462,BC_3MONTH
2024-11-20,0.3333333333333333,0.0452,BC_4MONTH
2024-11-20,0.5,0.0444,BC_6MONTH
2024-11-20,1.0,0.0437,BC_1YEAR
2024-11-20,2.0,0.0431,BC_2YEAR
2024-11-20,3.0,0.0426,BC_3YEAR
2024-11-20,5.0,0.042800000000000005,BC_5YEAR
2024-11-20,7.0,0.0434,BC_7YEAR
2024-11-20,10.0,0.0441,BC_10YEAR
2024-11-20,20.0,0.0466,BC_20YEAR
2024-11-20,30.0,0.045899999999999996,BC_30YEAR
2024-11-21,0.08333333333333333,0.0472,BC_1MONTH
2024-11-21,0.16666666666666666,0.0467,BC_2MONTH
2024-11-21,0.25,0.0463,BC_3MONTH
2024-11-21,0.3333333333333333,0.0452,BC_4MONTH
2024-11-21,0.5,0.044500000000000005,BC_6MONTH
2024-11-21,1.0,0.043899999999999995,BC_1YEAR
2024-11-21,2.0,0.0434,BC_2YEAR
2024-11-21,3.0,0.043,BC_3YEAR
2024-11-21,5.0,0.043,BC_5YEAR
2024-11-21,7.0,0.0436,BC_7YEAR
2024-11-21,10.0,0.0443,BC_10YEAR
2024-11-21,20.0,0.046799999999999994,BC_20YEAR
2024-11-21,30.0,0.0461,BC_30YEAR
2024-11-22,0.08333333333333333,0.0472,BC_1MONTH
2024-11-22,0.16666666666666666,0.0467,BC_2MONTH
2024-11-22,0.25,0.0463,BC_3MONTH
2024-11-22,0.3333333333333333,0.0453,BC_4MONTH
2024-11-22,0.5,0.0446,BC_6MONTH
2024-11-22,1.0,0.044199999999999996,BC_1YEAR
2024-11-22,2.0,0.0437,BC_2YEAR
2024-11-22,3.0,0.0432,BC_3YEAR
2024-11-22,5.0,0.043,BC_5YEAR
2024-11-22,7.0,0.0435,BC_7YEAR
2024-11-22,10.0,0.0441,BC_10YEAR
2024-11-22,20.0,0.0467,BC_20YEAR
2024-11-22,30.0,0.046,BC_30YEAR
2024-11-25,0.08333333333333333,0.047400000000000005,BC_1MONTH
2024-11-25,0.16666666666666666,0.0467,BC_2MONTH
2024-11-25,0.25,0.0462,BC_3MONTH
2024-11-25,0.3333333333333333,0.0452,BC_4MONTH
2024-11-25,0.5,0.0446,BC_6MONTH
2024-11-25,1.0,0.0437,BC_1YEAR
2024-11-25,2.0,0.0421,BC_2YEAR
2024-11-25,3.0,0.0421,BC_3YEAR
2024-11-25,5.0,0.0417,BC_5YEAR
2024-11-25,7.0,0.0421,BC_7YEAR
2024-11-25,10.0,0.042699999999999995,BC_10YEAR
2024-11-25,20.0,0.0453,BC_20YEAR
2024-11-25,30.0,0.044500000000000005,BC_30YEAR
2024-11-26,0.08333333333333333,0.047400000000000005,BC_1MONTH
2024-11-26,0.16666666666666666,0.0467,BC_2MONTH
2024-11-26,0.25,0.0461,BC_3MONTH
2024-11-26,0.3333333333333333,0.0452,BC_4MONTH
2024-11-26,0.5,0.044500000000000005,BC_6MONTH
2024-11-26,1.0,0.0437,BC_1YEAR
2024-11-26,2.0,0.0421,BC_2YEAR
2024-11-26,3.0,0.0421,BC_3YEAR
2024-11-26,5.0,0.0417,BC_5YEAR
2024-11-26,7.0,0.0424,BC_7YEAR
2024-11-26,10.0,0.043,BC_10YEAR
2024-11-26,20.0,0.045599999999999995,BC_20YEAR
2024-11-26,30.0,0.044800000000000006,BC_30YEAR
2024-11-27,0.08333333333333333,0.047599999999999996,BC_1MONTH
2024-11-27,0.16666666666666666,0.047,BC_2MONTH
2024-11-27,0.25,0.046,BC_3MONTH
2024-11-27,0.3333333333333333,0.0454,BC_4MONTH
2024-11-27,0.5,0.0443,BC_6MONTH
2024-11-27,1.0,0.0434,BC_1YEAR
2024-11-27,2.0,0.04190000000000001,BC_2YEAR
2024-11-27,3.0,0.0417,BC_3YEAR
2024-11-27,5.0,0.041100000000000005,BC_5YEAR
2024-11-27,7.0,0.0417,BC_7YEAR
2024-11-27,10.0,0.0425,BC_10YEAR
2024-11-27,20.0,0.0452,BC_20YEAR
2024-11-27,30.0,0.0444,BC_30YEAR
2024-11-29,0.08333333333333333,0.047599999999999996,BC_1MONTH
2024-11-29,0.16666666666666666,0.046900000000000004,BC_2MONTH
2024-11-29,0.25,0.0458,BC_3MONTH
2024-11-29,0.3333333333333333,0.0452,BC_4MONTH
2024-11-29,0.5,0.044199999999999996,BC_6MONTH
2024-11-29,1.0,0.043,BC_1YEAR
2024-11-29,2.0,0.041299999999999996,BC_2YEAR
2024-11-29,3.0,0.040999999999999995,BC_3YEAR
2024-11-29,5.0,0.0405,BC_5YEAR
2024-11-29,7.0,0.040999999999999995,BC_7YEAR
2024-11-29,10.0,0.0418,BC_10YEAR
2024-11-29,20.0,0.044500000000000005,BC_20YEAR
2024-11-29,30.0,0.0436,BC_30YEAR
2024-12-02,0.08333333333333333,0.0475,BC_1MONTH
2024-12-02,0.16666666666666666,0.0463,BC_2MONTH
2024-12-02,0.25,0.0451,BC_3MONTH
2024-12-02,0.3333333333333333,0.0451,BC_4MONTH
2024-12-02,0.5,0.0443,BC_6MONTH
2024-12-02,1.0,0.043,BC_1YEAR
2024-12-02,2.0,0.0417,BC_2YEAR
2024-12-02,3.0,0.041100000000000005,BC_3YEAR
2024-12-02,5.0,0.0408,BC_5YEAR
2024-12-02,7.0,0.041299999999999996,BC_7YEAR
2024-12-02,10.0,0.04190000000000001,BC_10YEAR
2024-12-02,20.0,0.0446,BC_20YEAR
2024-12-02,30.0,0.0436,BC_30YEAR
2024-12-03,0.08333333333333333,0.0466,BC_1MONTH
2024-12-03,0.16666666666666666,0.045599999999999995,BC_2MONTH
2024-12-03,0.25,0.0449,BC_3MONTH
2024-12-03,0.3333333333333333,0.044800000000000006,BC_4MONTH
2024-12-03,0.5,0.044000000000000004,BC_6MONTH
2024-12-03,1.0,0.042699999999999995,BC_1YEAR
2024-12-03,2.0,0.0417,BC_2YEAR
2024-12-03,3.0,0.041299999999999996,BC_3YEAR
2024-12-03,5.0,0.041100000000000005,BC_5YEAR
2024-12-03,7.0,0.0417,BC_7YEAR
2024-12-03,10.0,0.042300000000000004,BC_10YEAR
2024-12-03,20.0,0.045,BC_20YEAR
2024-12-03,30.0,0.044000000000000004,BC_30YEAR
2024-12-04,0.08333333333333333,0.04650000000000001,BC_1MONTH
2024-12-04,0.16666666666666666,0.0454,BC_2MONTH
2024-12-04,0.25,0.0447,BC_3MONTH
2024-12-04,0.3333333333333333,0.0446,BC_4MONTH
2024-12-04,0.5,0.0438,BC_6MONTH
2024-12-04,1.0,0.042300000000000004,BC_1YEAR
2024-12-04,2.0,0.041299999999999996,BC_2YEAR
2024-12-04,3.0,0.0409,BC_3YEAR
2024-12-04,5.0,0.0407,BC_5YEAR
2024-12-04,7.0,0.041299999999999996,BC_7YEAR
2024-12-04,10.0,0.04190000000000001,BC_10YEAR
2024-12-04,20.0,0.044500000000000005,BC_20YEAR
2024-12-04,30.0,0.0435,BC_30YEAR
2024-12-05,0.08333333333333333,0.045899999999999996,BC_1MONTH
2024-12-05,0.16666666666666666,0.0453,BC_2MONTH
2024-12-05,0.25,0.0446,BC_3MONTH
2024-12-05,0.3333333333333333,0.0446,BC_4MONTH
2024-12-05,0.5,0.0438,BC_6MONTH
2024-12-05,1.0,0.042300000000000004,BC_1YEAR
2024-12-05,2.0,0.0415,BC_2YEAR
2024-12-05,3.0,0.040999999999999995,BC_3YEAR
2024-12-05,5.0,0.0407,BC_5YEAR
2024-12-05,7.0,0.0412,BC_7YEAR
2024-12-05,10.0,0.0417,BC_10YEAR
2024-12-05,20.0,0.0443,BC_20YEAR
2024-12-05,30.0,0.0433,BC_30YEAR
2024-12-06,0.08333333333333333,0.045700000000000005,BC_1MONTH
2024-12-06,0.16666666666666666,0.045,BC_2MONTH
2024-12-06,0.25,0.044199999999999996,BC_3MONTH
2024-12-06,0.3333333333333333,0.044199999999999996,BC_4MONTH
2024-12-06,0.5,0.0434,BC_6MONTH
2024-12-06,1.0,0.04190000000000001,BC_1YEAR
2024-12-06,2.0,0.040999999999999995,BC_2YEAR
2024-12-06,3.0,0.0405,BC_3YEAR
2024-12-06,5.0,0.0403,BC_5YEAR
2024-12-06,7.0,0.0409,BC_7YEAR
2024-12-06,10.0,0.0415,BC_10YEAR
2024-12-06,20.0,0.044199999999999996,BC_20YEAR
2024-12-06,30.0,0.0434,BC_30YEAR
2024-12-09,0.08333333333333333,0.045599999999999995,BC_1MONTH
2024-12-09,0.16666666666666666,0.045,BC_2MONTH
2024-12-09,0.25,0.044199999999999996,BC_3MONTH
2024-12-09,0.3333333333333333,0.0443,BC_4MONTH
2024-12-09,0.5,0.0434,BC_6MONTH
2024-12-09,1.0,0.042,BC_1YEAR
2024-12-09,2.0,0.041299999999999996,BC_2YEAR
2024-12-09,3.0,0.0409,BC_3YEAR
2024-12-09,5.0,0.0407,BC_5YEAR
2024-12-09,7.0,0.041299999999999996,BC_7YEAR
2024-12-09,10.0,0.042,BC_10YEAR
2024-12-09,20.0,0.0447,BC_20YEAR
2024-12-09,30.0,0.043899999999999995,BC_30YEAR
2024-12-10,0.08333333333333333,0.0453,BC_1MONTH
2024-12-10,0.16666666666666666,0.044800000000000006,BC_2MONTH
2024-12-10,0.25,0.0441,BC_3MONTH
2024-12-10,0.3333333333333333,0.044199999999999996,BC_4MONTH
2024-12-10,0.5,0.0435,BC_6MONTH
2024-12-10,1.0,0.042199999999999994,BC_1YEAR
2024-12-10,2.0,0.0415,BC_2YEAR
2024-12-10,3.0,0.0408,BC_3YEAR
2024-12-10,5.0,0.0409,BC_5YEAR
2024-12-10,7.0,0.0415,BC_7YEAR
2024-12-10,10.0,0.042199999999999994,BC_10YEAR
2024-12-10,20.0,0.0449,BC_20YEAR
2024-12-10,30.0,0.0441,BC_30YEAR
2024-12-11,0.08333333333333333,0.0449,BC_1MONTH
2024-12-11,0.16666666666666666,0.044500000000000005,BC_2MONTH
2024-12-11,0.25,0.0438,BC_3MONTH
2024-12-11,0.3333333333333333,0.0438,BC_4MONTH
2024-12-11,0.5,0.0432,BC_6MONTH
2024-12-11,1.0,0.0421,BC_1YEAR
2024-12-11,2.0,0.0415,BC_2YEAR
2024-12-11,3.0,0.0409,BC_3YEAR
2024-12-11,5.0,0.041299999999999996,BC_5YEAR
2024-12-11,7.0,0.042,BC_7YEAR
2024-12-11,10.0,0.0426,BC_10YEAR
2024-12-11,20.0,0.0455,BC_20YEAR
2024-12-11,30.0,0.044800000000000006,BC_30YEAR
2024-12-12,0.08333333333333333,0.0443,BC_1MONTH
2024-12-12,0.16666666666666666,0.0444,BC_2MONTH
2024-12-12,0.25,0.0435,BC_3MONTH
2024-12-12,0.3333333333333333,0.0436,BC_4MONTH
2024-12-12,0.5,0.0431,BC_6MONTH
2024-12-12,1.0,0.042199999999999994,BC_1YEAR
2024-12-12,2.0,0.0418,BC_2YEAR
2024-12-12,3.0,0.0414,BC_3YEAR
2024-12-12,5.0,0.0418,BC_5YEAR
2024-12-12,7.0,0.0425,BC_7YEAR
2024-12-12,10.0,0.0432,BC_10YEAR
2024-12-12,20.0,0.0462,BC_20YEAR
2024-12-12,30.0,0.0455,BC_30YEAR
2024-12-13,0.08333333333333333,0.0443,BC_1MONTH
2024-12-13,0.16666666666666666,0.0443,BC_2MONTH
2024-12-13,0.25,0.0434,BC_3MONTH
2024-12-13,0.3333333333333333,0.0436,BC_4MONTH
2024-12-13,0.5,0.0432,BC_6MONTH
2024-12-13,1.0,0.0424,BC_1YEAR
2024-12-13,2.0,0.0425,BC_2YEAR
2024-12-13,3.0,0.0421,BC_3YEAR
2024-12-13,5.0,0.0425,BC_5YEAR
2024-12-13,7.0,0.0433,BC_7YEAR
2024-12-13,10.0,0.044000000000000004,BC_10YEAR
2024-12-13,20.0,0.046900000000000004,BC_20YEAR
2024-12-13,30.0,0.0461,BC_30YEAR
2024-12-16,0.08333333333333333,0.0443,BC_1MONTH
2024-12-16,0.16666666666666666,0.0444,BC_2MONTH
2024-12-16,0.25,0.0437,BC_3MONTH
2024-12-16,0.3333333333333333,0.0436,BC_4MONTH
2024-12-16,0.5,0.043,BC_6MONTH
2024-12-16,1.0,0.0424,BC_1YEAR
2024-12-16,2.0,0.0425,BC_2YEAR
2024-12-16,3.0,0.042199999999999994,BC_3YEAR
2024-12-16,5.0,0.0425,BC_5YEAR
2024-12-16,7.0,0.0432,BC_7YEAR
2024-12-16,10.0,0.043899999999999995,BC_10YEAR
2024-12-16,20.0,0.046799999999999994,BC_20YEAR
2024-12-16,30.0,0.046,BC_30YEAR
2024-12-17,0.08333333333333333,0.0446,BC_1MONTH
2024-12-17,0.16666666666666666,0.0444,BC_2MONTH
2024-12-17,0.25,0.0438,BC_3MONTH
2024-12-17,0.3333333333333333,0.0436,BC_4MONTH
2024-12-17,0.5,0.043,BC_6MONTH
2024-12-17,1.0,0.0425,BC_1YEAR
2024-12-17,2.0,0.0425,BC_2YEAR
2024-12-17,3.0,0.042199999999999994,BC_3YEAR
2024-12-17,5.0,0.0426,BC_5YEAR
2024-12-17,7.0,0.0433,BC_7YEAR
2024-12-17,10.0,0.044000000000000004,BC_10YEAR
2024-12-17,20.0,0.046799999999999994,BC_20YEAR
2024-12-17,30.0,0.045899999999999996,BC_30YEAR
2024-12-18,0.08333333333333333,0.0444,BC_1MONTH
2024-12-18,0.16666666666666666,0.0443,BC_2MONTH
2024-12-18,0.25,0.0436,BC_3MONTH
2024-12-18,0.3333333333333333,0.0436,BC_4MONTH
2024-12-18,0.5,0.043,BC_6MONTH
2024-12-18,1.0,0.043,BC_1YEAR
2024-12-18,2.0,0.0435,BC_2YEAR
2024-12-18,3.0,0.0435,BC_3YEAR
2024-12-18,5.0,0.044000000000000004,BC_5YEAR
2024-12-18,7.0,0.044500000000000005,BC_7YEAR
2024-12-18,10.0,0.045,BC_10YEAR
2024-12-18,20.0,0.047400000000000005,BC_20YEAR
2024-12-18,30.0,0.04650000000000001,BC_30YEAR
2024-12-19,0.08333333333333333,0.044199999999999996,BC_1MONTH
2024-12-19,0.16666666666666666,0.044199999999999996,BC_2MONTH
2024-12-19,0.25,0.0435,BC_3MONTH
2024-12-19,0.3333333333333333,0.0435,BC_4MONTH
2024-12-19,0.5,0.0429,BC_6MONTH
2024-12-19,1.0,0.042800000000000005,BC_1YEAR
2024-12-19,2.0,0.0432,BC_2YEAR
2024-12-19,3.0,0.0435,BC_3YEAR
2024-12-19,5.0,0.0443,BC_5YEAR
2024-12-19,7.0,0.0451,BC_7YEAR
2024-12-19,10.0,0.045700000000000005,BC_10YEAR
2024-12-19,20.0,0.0482,BC_20YEAR
2024-12-19,30.0,0.047400000000000005,BC_30YEAR
2024-12-20,0.08333333333333333,0.0443,BC_1MONTH
2024-12-20,0.16666666666666666,0.044199999999999996,BC_2MONTH
2024-12-20,0.25,0.0434,BC_3MONTH
2024-12-20,0.3333333333333333,0.0435,BC_4MONTH
2024-12-20,0.5,0.0429,BC_6MONTH
2024-12-20,1.0,0.042699999999999995,BC_1YEAR
2024-12-20,2.0,0.043,BC_2YEAR
2024-12-20,3.0,0.0432,BC_3YEAR
2024-12-20,5.0,0.0437,BC_5YEAR
2024-12-20,7.0,0.044500000000000005,BC_7YEAR
2024-12-20,10.0,0.0452,BC_10YEAR
2024-12-20,20.0,0.0479,BC_20YEAR
2024-12-20,30.0,0.0472,BC_30YEAR
2024-12-23,0.08333333333333333,0.0444,BC_1MONTH
2024-12-23,0.16666666666666666,0.0444,BC_2MONTH
2024-12-23,0.25,0.0436,BC_3MONTH
2024-12-23,0.3333333333333333,0.0437,BC_4MONTH
2024-12-23,0.5,0.043,BC_6MONTH
2024-12-23,1.0,0.0426,BC_1YEAR
2024-12-23,2.0,0.043,BC_2YEAR
2024-12-23,3.0,0.0436,BC_3YEAR
2024-12-23,5.0,0.0444,BC_5YEAR
2024-12-23,7.0,0.0452,BC_7YEAR
2024-12-23,10.0,0.045899999999999996,BC_10YEAR
2024-12-23,20.0,0.048499999999999995,BC_20YEAR
2024-12-23,30.0,0.0478,BC_30YEAR
2024-12-24,0.08333333333333333,0.0444,BC_1MONTH
2024-12-24,0.16666666666666666,0.0444,BC_2MONTH
2024-12-24,0.25,0.044000000000000004,BC_3MONTH
2024-12-24,0.3333333333333333,0.0438,BC_4MONTH
2024-12-24,0.5,0.043,BC_6MONTH
2024-12-24,1.0,0.0424,BC_1YEAR
2024-12-24,2.0,0.0429,BC_2YEAR
2024-12-24,3.0,0.0436,BC_3YEAR
2024-12-24,5.0,0.0443,BC_5YEAR
2024-12-24,7.0,0.0452,BC_7YEAR
2024-12-24,10.0,0.045899999999999996,BC_10YEAR
2024-12-24,20.0,0.0484,BC_20YEAR
2024-12-24,30.0,0.047599999999999996,BC_30YEAR
2024-12-26,0.08333333333333333,0.044500000000000005,BC_1MONTH
2024-12-26,0.16666666666666666,0.044500000000000005,BC_2MONTH
2024-12-26,0.25,0.0435,BC_3MONTH
2024-12-26,0.3333333333333333,0.0437,BC_4MONTH
2024-12-26,0.5,0.0431,BC_6MONTH
2024-12-26,1.0,0.042300000000000004,BC_1YEAR
2024-12-26,2.0,0.043,BC_2YEAR
2024-12-26,3.0,0.0435,BC_3YEAR
2024-12-26,5.0,0.044199999999999996,BC_5YEAR
2024-12-26,7.0,0.0449,BC_7YEAR
2024-12-26,10.0,0.0458,BC_10YEAR
2024-12-26,20.0,0.0483,BC_20YEAR
2024-12-26,30.0,0.047599999999999996,BC_30YEAR
2024-12-27,0.08333333333333333,0.0444,BC_1MONTH
2024-12-27,0.16666666666666666,0.0443,BC_2MONTH
2024-12-27,0.25,0.0431,BC_3MONTH
2024-12-27,0.3333333333333333,0.0435,BC_4MONTH
2024-12-27,0.5,0.0429,BC_6MONTH
2024-12-27,1.0,0.042,BC_1YEAR
2024-12-27,2.0,0.0431,BC_2YEAR
2024-12-27,3.0,0.0436,BC_3YEAR
2024-12-27,5.0,0.044500000000000005,BC_5YEAR
2024-12-27,7.0,0.0453,BC_7YEAR
2024-12-27,10.0,0.0462,BC_10YEAR
2024-12-27,20.0,0.0489,BC_20YEAR
2024-12-27,30.0,0.0482,BC_30YEAR
2024-12-30,0.08333333333333333,0.0443,BC_1MONTH
2024-12-30,0.16666666666666666,0.044199999999999996,BC_2MONTH
2024-12-30,0.25,0.0437,BC_3MONTH
2024-12-30,0.3333333333333333,0.0433,BC_4MONTH
2024-12-30,0.5,0.0425,BC_6MONTH
2024-12-30,1.0,0.0417,BC_1YEAR
2024-12-30,2.0,0.0424,BC_2YEAR
2024-12-30,3.0,0.0429,BC_3YEAR
2024-12-30,5.0,0.0437,BC_5YEAR
2024-12-30,7.0,0.0446,BC_7YEAR
2024-12-30,10.0,0.0455,BC_10YEAR
2024-12-30,20.0,0.0484,BC_20YEAR
2024-12-30,30.0,0.04769999999999999,BC_30YEAR
2024-12-31,0.08333333333333333,0.044000000000000004,BC_1MONTH
2024-12-31,0.16666666666666666,0.043899999999999995,BC_2MONTH
2024-12-31,0.25,0.0437,BC_3MONTH
2024-12-31,0.3333333333333333,0.0432,BC_4MONTH
2024-12-31,0.5,0.0424,BC_6MONTH
2024-12-31,1.0,0.0416,BC_1YEAR
2024-12-31,2.0,0.0425,BC_2YEAR
2024-12-31,3.0,0.042699999999999995,BC_3YEAR
2024-12-31,5.0,0.0438,BC_5YEAR
2024-12-31,7.0,0.044800000000000006,BC_7YEAR
2024-12-31,10.0,0.0458,BC_10YEAR
2024-12-31,20.0,0.048600000000000004,BC_20YEAR
2024-12-31,30.0,0.0478,BC_30YEAR
2025-01-02,0.08333333333333333,0.044500000000000005,BC_1MONTH
2025-01-02,0.16666666666666666,0.0436,BC_2MONTH
2025-01-02,0.25,0.0436,BC_3MONTH
2025-01-02,0.3333333333333333,0.0431,BC_4MONTH
2025-01-02,0.5,0.0425,BC_6MONTH
2025-01-02,1.0,0.0417,BC_1YEAR
2025-01-02,2.0,0.0425,BC_2YEAR
2025-01-02,3.0,0.0429,BC_3YEAR
2025-01-02,5.0,0.0438,BC_5YEAR
2025-01-02,7.0,0.0447,BC_7YEAR
2025-01-02,10.0,0.045700000000000005,BC_10YEAR
2025-01-02,20.0,0.048600000000000004,BC_20YEAR
2025-01-02,30.0,0.0479,BC_30YEAR
2025-01-03,0.08333333333333333,0.0444,BC_1MONTH
2025-01-03,0.16666666666666666,0.0435,BC_2MONTH
2025-01-03,0.25,0.0434,BC_3MONTH
2025-01-03,0.3333333333333333,0.0431,BC_4MONTH
2025-01-03,0.5,0.0425,BC_6MONTH
2025-01-03,1.0,0.0418,BC_1YEAR
2025-01-03,2.0,0.042800000000000005,BC_2YEAR
2025-01-03,3.0,0.0432,BC_3YEAR
2025-01-03,5.0,0.0441,BC_5YEAR
2025-01-03,7.0,0.0451,BC_7YEAR
2025-01-03,10.0,0.046,BC_10YEAR
2025-01-03,20.0,0.048799999999999996,BC_20YEAR
2025-01-03,30.0,0.0482,BC_30YEAR
2025-01-06,0.08333333333333333,0.0443,BC_1MONTH
2025-01-06,0.16666666666666666,0.0436,BC_2MONTH
2025-01-06,0.25,0.0435,BC_3MONTH
2025-01-06,0.3333333333333333,0.0431,BC_4MONTH
2025-01-06,0.5,0.0424,BC_6MONTH
2025-01-06,1.0,0.0417,BC_1YEAR
2025-01-06,2.0,0.042800000000000005,BC_2YEAR
2025-01-06,3.0,0.043,BC_3YEAR
2025-01-06,5.0,0.044199999999999996,BC_5YEAR
2025-01-06,7.0,0.0452,BC_7YEAR
2025-01-06,10.0,0.0462,BC_10YEAR
2025-01-06,20.0,0.049100000000000005,BC_20YEAR
2025-01-06,30.0,0.048499999999999995,BC_30YEAR
2025-01-07,0.08333333333333333,0.044199999999999996,BC_1MONTH
2025-01-07,0.16666666666666666,0.0435,BC_2MONTH
2025-01-07,0.25,0.0435,BC_3MONTH
2025-01-07,0.3333333333333333,0.0431,BC_4MONTH
2025-01-07,0.5,0.0424,BC_6MONTH
2025-01-07,1.0,0.04190000000000001,BC_1YEAR
2025-01-07,2.0,0.043,BC_2YEAR
2025-01-07,3.0,0.0433,BC_3YEAR
2025-01-07,5.0,0.0446,BC_5YEAR
2025-01-07,7.0,0.045700000000000005,BC_7YEAR
2025-01-07,10.0,0.0467,BC_10YEAR
2025-01-07,20.0,0.049699999999999994,BC_20YEAR
2025-01-07,30.0,0.049100000000000005,BC_30YEAR
2025-01-08,0.08333333333333333,0.0441,BC_1MONTH
2025-01-08,0.16666666666666666,0.0434,BC_2MONTH
2025-01-08,0.25,0.0435,BC_3MONTH
2025-01-08,0.3333333333333333,0.0431,BC_4MONTH
2025-01-08,0.5,0.0425,BC_6MONTH
2025-01-08,1.0,0.04190000000000001,BC_1YEAR
2025-01-08,2.0,0.042800000000000005,BC_2YEAR
2025-01-08,3.0,0.0431,BC_3YEAR
2025-01-08,5.0,0.044500000000000005,BC_5YEAR
2025-01-08,7.0,0.045599999999999995,BC_7YEAR
2025-01-08,10.0,0.0467,BC_10YEAR
2025-01-08,20.0,0.049699999999999994,BC_20YEAR
2025-01-08,30.0,0.049100000000000005,BC_30YEAR
2025-01-09,0.08333333333333333,0.0444,BC_1MONTH
2025-01-09,0.16666666666666666,0.0436,BC_2MONTH
2025-01-09,0.25,0.0435,BC_3MONTH
2025-01-09,0.3333333333333333,0.0431,BC_4MONTH
2025-01-09,0.5,0.0424,BC_6MONTH
2025-01-09,1.0,0.0416,BC_1YEAR
2025-01-09,2.0,0.042699999999999995,BC_2YEAR
2025-01-09,3.0,0.0431,BC_3YEAR
2025-01-09,5.0,0.0446,BC_5YEAR
2025-01-09,7.0,0.045700000000000005,BC_7YEAR
2025-01-09,10.0,0.046799999999999994,BC_10YEAR
2025-01-09,20.0,0.049800000000000004,BC_20YEAR
2025-01-09,30.0,0.0492,BC_30YEAR
2025-01-10,0.08333333333333333,0.044199999999999996,BC_1MONTH
2025-01-10,0.16666666666666666,0.0435,BC_2MONTH
2025-01-10,0.25,0.0436,BC_3MONTH
2025-01-10,0.3333333333333333,0.0433,BC_4MONTH
2025-01-10,0.5,0.042699999999999995,BC_6MONTH
2025-01-10,1.0,0.0425,BC_1YEAR
2025-01-10,2.0,0.044000000000000004,BC_2YEAR
2025-01-10,3.0,0.0446,BC_3YEAR
2025-01-10,5.0,0.045899999999999996,BC_5YEAR
2025-01-10,7.0,0.047,BC_7YEAR
2025-01-10,10.0,0.04769999999999999,BC_10YEAR
2025-01-10,20.0,0.0504,BC_20YEAR
2025-01-10,30.0,0.0496,BC_30YEAR
2025-01-13,0.08333333333333333,0.044199999999999996,BC_1MONTH
2025-01-13,0.16666666666666666,0.0436,BC_2MONTH
2025-01-13,0.25,0.0437,BC_3MONTH
2025-01-13,0.3333333333333333,0.0434,BC_4MONTH
2025-01-13,0.5,0.043,BC_6MONTH
2025-01-13,1.0,0.0424,BC_1YEAR
2025-01-13,2.0,0.044000000000000004,BC_2YEAR
2025-01-13,3.0,0.0449,BC_3YEAR
2025-01-13,5.0,0.0461,BC_5YEAR
2025-01-13,7.0,0.0471,BC_7YEAR
2025-01-13,10.0,0.0479,BC_10YEAR
2025-01-13,20.0,0.050499999999999996,BC_20YEAR
2025-01-13,30.0,0.049699999999999994,BC_30YEAR
2025-01-14,0.08333333333333333,0.044199999999999996,BC_1MONTH
2025-01-14,0.16666666666666666,0.0435,BC_2MONTH
2025-01-14,0.25,0.0436,BC_3MONTH
2025-01-14,0.3333333333333333,0.0433,BC_4MONTH
2025-01-14,0.5,0.0429,BC_6MONTH
2025-01-14,1.0,0.042199999999999994,BC_1YEAR
2025-01-14,2.0,0.0437,BC_2YEAR
2025-01-14,3.0,0.0446,BC_3YEAR
2025-01-14,5.0,0.045899999999999996,BC_5YEAR
2025-01-14,7.0,0.047,BC_7YEAR
2025-01-14,10.0,0.0478,BC_10YEAR
2025-01-14,20.0,0.0506,BC_20YEAR
2025-01-14,30.0,0.049800000000000004,BC_30YEAR
2025-01-15,0.08333333333333333,0.044000000000000004,BC_1MONTH
2025-01-15,0.16666666666666666,0.0434,BC_2MONTH
2025-01-15,0.25,0.0435,BC_3MONTH
2025-01-15,0.3333333333333333,0.0432,BC_4MONTH
2025-01-15,0.5,0.0426,BC_6MONTH
2025-01-15,1.0,0.04190000000000001,BC_1YEAR
2025-01-15,2.0,0.042699999999999995,BC_2YEAR
2025-01-15,3.0,0.0434,BC_3YEAR
2025-01-15,5.0,0.044500000000000005,BC_5YEAR
2025-01-15,7.0,0.0455,BC_7YEAR
2025-01-15,10.0,0.0466,BC_10YEAR
2025-01-15,20.0,0.0495,BC_20YEAR
2025-01-15,30.0,0.048799999999999996,BC_30YEAR
2025-01-16,0.08333333333333333,0.0443,BC_1MONTH
2025-01-16,0.16666666666666666,0.0436,BC_2MONTH
2025-01-16,0.25,0.0434,BC_3MONTH
2025-01-16,0.3333333333333333,0.0432,BC_4MONTH
2025-01-16,0.5,0.0426,BC_6MONTH
2025-01-16,1.0,0.0418,BC_1YEAR
2025-01-16,2.0,0.042300000000000004,BC_2YEAR
2025-01-16,3.0,0.0429,BC_3YEAR
2025-01-16,5.0,0.043899999999999995,BC_5YEAR
2025-01-16,7.0,0.045,BC_7YEAR
2025-01-16,10.0,0.0461,BC_10YEAR
2025-01-16,20.0,0.049100000000000005,BC_20YEAR
2025-01-16,30.0,0.0484,BC_30YEAR
2025-01-17,0.08333333333333333,0.0443,BC_1MONTH
2025-01-17,0.16666666666666666,0.0435,BC_2MONTH
2025-01-17,0.25,0.0434,BC_3MONTH
2025-01-17,0.3333333333333333,0.0432,BC_4MONTH
2025-01-17,0.5,0.042800000000000005,BC_6MONTH
2025-01-17,1.0,0.0421,BC_1YEAR
2025-01-17,2.0,0.042699999999999995,BC_2YEAR
2025-01-17,3.0,0.0433,BC_3YEAR
2025-01-17,5.0,0.044199999999999996,BC_5YEAR
2025-01-17,7.0,0.0452,BC_7YEAR
2025-01-17,10.0,0.0461,BC_10YEAR
2025-01-17,20.0,0.049100000000000005,BC_20YEAR
2025-01-17,30.0,0.0484,BC_30YEAR
2025-01-21,0.08333333333333333,0.044199999999999996,BC_1MONTH
2025-01-21,0.16666666666666666,0.0435,BC_2MONTH
2025-01-21,0.25,0.0436,BC_3MONTH
2025-01-21,0.3333333333333333,0.0433,BC_4MONTH
2025-01-21,0.5,0.042800000000000005,BC_6MONTH
2025-01-21,1.0,0.0421,BC_1YEAR
2025-01-21,2.0,0.0429,BC_2YEAR
2025-01-21,3.0,0.0433,BC_3YEAR
2025-01-21,5.0,0.044000000000000004,BC_5YEAR
2025-01-21,7.0,0.0449,BC_7YEAR
2025-01-21,10.0,0.045700000000000005,BC_10YEAR
2025-01-21,20.0,0.0487,BC_20YEAR
2025-01-21,30.0,0.048,BC_30YEAR
2025-01-22,0.08333333333333333,0.044199999999999996,BC_1MONTH
2025-01-22,0.16666666666666666,0.0435,BC_2MONTH
2025-01-22,0.25,0.0436,BC_3MONTH
2025-01-22,0.3333333333333333,0.0432,BC_4MONTH
2025-01-22,0.5,0.042800000000000005,BC_6MONTH
2025-01-22,1.0,0.042,BC_1YEAR
2025-01-22,2.0,0.0429,BC_2YEAR
2025-01-22,3.0,0.0434,BC_3YEAR
2025-01-22,5.0,0.0443,BC_5YEAR
2025-01-22,7.0,0.0451,BC_7YEAR
2025-01-22,10.0,0.046,BC_10YEAR
2025-01-22,20.0,0.0489,BC_20YEAR
2025-01-22,30.0,0.0482,BC_30YEAR
2025-01-23,0.08333333333333333,0.044500000000000005,BC_1MONTH
2025-01-23,0.16666666666666666,0.0436,BC_2MONTH
2025-01-23,0.25,0.0436,BC_3MONTH
2025-01-23,0.3333333333333333,0.0432,BC_4MONTH
2025-01-23,0.5,0.042699999999999995,BC_6MONTH
2025-01-23,1.0,0.0418,BC_1YEAR
2025-01-23,2.0,0.0429,BC_2YEAR
2025-01-23,3.0,0.0435,BC_3YEAR
2025-01-23,5.0,0.044500000000000005,BC_5YEAR
2025-01-23,7.0,0.0455,BC_7YEAR
2025-01-23,10.0,0.04650000000000001,BC_10YEAR
2025-01-23,20.0,0.0492,BC_20YEAR
2025-01-23,30.0,0.0487,BC_30YEAR
2025-01-24,0.08333333333333333,0.044500000000000005,BC_1MONTH
2025-01-24,0.16666666666666666,0.0436,BC_2MONTH
2025-01-24,0.25,0.0435,BC_3MONTH
2025-01-24,0.3333333333333333,0.0432,BC_4MONTH
2025-01-24,0.5,0.0425,BC_6MONTH
2025-01-24,1.0,0.0417,BC_1YEAR
2025-01-24,2.0,0.042699999999999995,BC_2YEAR
2025-01-24,3.0,0.0433,BC_3YEAR
2025-01-24,5.0,0.0443,BC_5YEAR
2025-01-24,7.0,0.0453,BC_7YEAR
2025-01-24,10.0,0.0463,BC_10YEAR
2025-01-24,20.0,0.049100000000000005,BC_20YEAR
2025-01-24,30.0,0.048499999999999995,BC_30YEAR
2025-01-27,0.08333333333333333,0.0444,BC_1MONTH
2025-01-27,0.16666666666666666,0.0436,BC_2MONTH
2025-01-27,0.25,0.0432,BC_3MONTH
2025-01-27,0.3333333333333333,0.043,BC_4MONTH
2025-01-27,0.5,0.0425,BC_6MONTH
2025-01-27,1.0,0.041299999999999996,BC_1YEAR
2025-01-27,2.0,0.0417,BC_2YEAR
2025-01-27,3.0,0.0424,BC_3YEAR
2025-01-27,5.0,0.0432,BC_5YEAR
2025-01-27,7.0,0.0443,BC_7YEAR
2025-01-27,10.0,0.0453,BC_10YEAR
2025-01-27,20.0,0.0482,BC_20YEAR
2025-01-27,30.0,0.047599999999999996,BC_30YEAR
2025-01-28,0.08333333333333333,0.0444,BC_1MONTH
2025-01-28,0.16666666666666666,0.0435,BC_2MONTH
2025-01-28,0.25,0.0431,BC_3MONTH
2025-01-28,0.3333333333333333,0.043,BC_4MONTH
2025-01-28,0.5,0.0426,BC_6MONTH
2025-01-28,1.0,0.0414,BC_1YEAR
2025-01-28,2.0,0.04190000000000001,BC_2YEAR
2025-01-28,3.0,0.0425,BC_3YEAR
2025-01-28,5.0,0.0433,BC_5YEAR
2025-01-28,7.0,0.0443,BC_7YEAR
2025-01-28,10.0,0.0455,BC_10YEAR
2025-01-28,20.0,0.0484,BC_20YEAR
2025-01-28,30.0,0.0478,BC_30YEAR
2025-01-29,0.08333333333333333,0.0443,BC_1MONTH
2025-01-29,0.16666666666666666,0.0434,BC_2MONTH
2025-01-29,0.25,0.0431,BC_3MONTH
2025-01-29,0.3333333333333333,0.0434,BC_4MONTH
2025-01-29,0.5,0.042699999999999995,BC_6MONTH
2025-01-29,1.0,0.0417,BC_1YEAR
2025-01-29,2.0,0.0421,BC_2YEAR
2025-01-29,3.0,0.042699999999999995,BC_3YEAR
2025-01-29,5.0,0.0435,BC_5YEAR
2025-01-29,7.0,0.0444,BC_7YEAR
2025-01-29,10.0,0.0455,BC_10YEAR
2025-01-29,20.0,0.048499999999999995,BC_20YEAR
2025-01-29,30.0,0.0479,BC_30YEAR
2025-01-30,0.08333333333333333,0.0437,BC_1MONTH
2025-01-30,0.16666666666666666,0.0438,BC_2MONTH
2025-01-30,0.25,0.043,BC_3MONTH
2025-01-30,0.3333333333333333,0.0433,BC_4MONTH
2025-01-30,0.5,0.042699999999999995,BC_6MONTH
2025-01-30,1.0,0.0416,BC_1YEAR
2025-01-30,2.0,0.0418,BC_2YEAR
2025-01-30,3.0,0.0424,BC_3YEAR
2025-01-30,5.0,0.0431,BC_5YEAR
2025-01-30,7.0,0.0441,BC_7YEAR
2025-01-30,10.0,0.0452,BC_10YEAR
2025-01-30,20.0,0.0481,BC_20YEAR
2025-01-30,30.0,0.047599999999999996,BC_30YEAR
2025-01-31,0.08333333333333333,0.0437,BC_1MONTH
2025-01-31,0.16666666666666666,0.0437,BC_2MONTH
2025-01-31,0.25,0.0431,BC_3MONTH
2025-01-31,0.3333333333333333,0.0433,BC_4MONTH
2025-01-31,0.5,0.042800000000000005,BC_6MONTH
2025-01-31,1.0,0.0417,BC_1YEAR
2025-01-31,2.0,0.042199999999999994,BC_2YEAR
2025-01-31,3.0,0.042699999999999995,BC_3YEAR
2025-01-31,5.0,0.0436,BC_5YEAR
2025-01-31,7.0,0.0447,BC_7YEAR
2025-01-31,10.0,0.0458,BC_10YEAR
2025-01-31,20.0,0.048799999999999996,BC_20YEAR
2025-01-31,30.0,0.0483,BC_30YEAR
2025-02-03,0.08333333333333333,0.0437,BC_1MONTH
2025-02-03,0.16666666666666666,0.0438,BC_2MONTH
2025-02-03,0.25,0.0434,BC_3MONTH
2025-02-03,0.3333333333333333,0.0435,BC_4MONTH
2025-02-03,0.5,0.042800000000000005,BC_6MONTH
2025-02-03,1.0,0.042,BC_1YEAR
2025-02-03,2.0,0.0426,BC_2YEAR
2025-02-03,3.0,0.042800000000000005,BC_3YEAR
2025-02-03,5.0,0.0435,BC_5YEAR
2025-02-03,7.0,0.044500000000000005,BC_7YEAR
2025-02-03,10.0,0.0454,BC_10YEAR
2025-02-03,20.0,0.0482,BC_20YEAR
2025-02-03,30.0,0.04769999999999999,BC_30YEAR
2025-02-04,0.08333333333333333,0.0436,BC_1MONTH
2025-02-04,0.16666666666666666,0.0438,BC_2MONTH
2025-02-04,0.25,0.0433,BC_3MONTH
2025-02-04,0.3333333333333333,0.0435,BC_4MONTH
2025-02-04,0.5,0.042699999999999995,BC_6MONTH
2025-02-04,1.0,0.0418,BC_1YEAR
2025-02-04,2.0,0.0421,BC_2YEAR
2025-02-04,3.0,0.0425,BC_3YEAR
2025-02-04,5.0,0.0431,BC_5YEAR
2025-02-04,7.0,0.044199999999999996,BC_7YEAR
2025-02-04,10.0,0.0452,BC_10YEAR
2025-02-04,20.0,0.0481,BC_20YEAR
2025-02-04,30.0,0.0475,BC_30YEAR
2025-02-05,0.08333333333333333,0.0435,BC_1MONTH
2025-02-05,0.16666666666666666,0.0437,BC_2MONTH
2025-02-05,0.25,0.0433,BC_3MONTH
2025-02-05,0.3333333333333333,0.0435,BC_4MONTH
2025-02-05,0.5,0.042699999999999995,BC_6MONTH
2025-02-05,1.0,0.0417,BC_1YEAR
2025-02-05,2.0,0.0417,BC_2YEAR
2025-02-05,3.0,0.04190000000000001,BC_3YEAR
2025-02-05,5.0,0.0424,BC_5YEAR
2025-02-05,7.0,0.0433,BC_7YEAR
2025-02-05,10.0,0.0443,BC_10YEAR
2025-02-05,20.0,0.046900000000000004,BC_20YEAR
2025-02-05,30.0,0.0464,BC_30YEAR
2025-02-06,0.08333333333333333,0.0437,BC_1MONTH
2025-02-06,0.16666666666666666,0.0438,BC_2MONTH
2025-02-06,0.25,0.0434,BC_3MONTH
2025-02-06,0.3333333333333333,0.0436,BC_4MONTH
2025-02-06,0.5,0.042800000000000005,BC_6MONTH
2025-02-06,1.0,0.04190000000000001,BC_1YEAR
2025-02-06,2.0,0.0421,BC_2YEAR
2025-02-06,3.0,0.042300000000000004,BC_3YEAR
2025-02-06,5.0,0.042800000000000005,BC_5YEAR
2025-02-06,7.0,0.0436,BC_7YEAR
2025-02-06,10.0,0.044500000000000005,BC_10YEAR
2025-02-06,20.0,0.047,BC_20YEAR
2025-02-06,30.0,0.04650000000000001,BC_30YEAR
2025-02-07,0.08333333333333333,0.0437,BC_1MONTH
2025-02-07,0.16666666666666666,0.0438,BC_2MONTH
2025-02-07,0.25,0.0435,BC_3MONTH
2025-02-07,0.3333333333333333,0.0437,BC_4MONTH
2025-02-07,0.5,0.043,BC_6MONTH
2025-02-07,1.0,0.0425,BC_1YEAR
2025-02-07,2.0,0.0429,BC_2YEAR
2025-02-07,3.0,0.0431,BC_3YEAR
2025-02-07,5.0,0.0434,BC_5YEAR
2025-02-07,7.0,0.044199999999999996,BC_7YEAR
2025-02-07,10.0,0.0449,BC_10YEAR
2025-02-07,20.0,0.0475,BC_20YEAR
2025-02-07,30.0,0.046900000000000004,BC_30YEAR
2025-02-10,0.08333333333333333,0.0438,BC_1MONTH
2025-02-10,0.16666666666666666,0.044000000000000004,BC_2MONTH
2025-02-10,0.25,0.0435,BC_3MONTH
2025-02-10,0.3333333333333333,0.0437,BC_4MONTH
2025-02-10,0.5,0.0431,BC_6MONTH
2025-02-10,1.0,0.0424,BC_1YEAR
2025-02-10,2.0,0.042800000000000005,BC_2YEAR
2025-02-10,3.0,0.043,BC_3YEAR
2025-02-10,5.0,0.0434,BC_5YEAR
2025-02-10,7.0,0.044199999999999996,BC_7YEAR
2025-02-10,10.0,0.0451,BC_10YEAR
2025-02-10,20.0,0.047599999999999996,BC_20YEAR
2025-02-10,30.0,0.0471,BC_30YEAR
2025-02-11,0.08333333333333333,0.0438,BC_1MONTH
2025-02-11,0.16666666666666666,0.044000000000000004,BC_2MONTH
2025-02-11,0.25,0.0435,BC_3MONTH
2025-02-11,0.3333333333333333,0.0437,BC_4MONTH
2025-02-11,0.5,0.0431,BC_6MONTH
2025-02-11,1.0,0.0425,BC_1YEAR
2025-02-11,2.0,0.0429,BC_2YEAR
2025-02-11,3.0,0.042800000000000005,BC_3YEAR
2025-02-11,5.0,0.0437,BC_5YEAR
2025-02-11,7.0,0.044500000000000005,BC_7YEAR
2025-02-11,10.0,0.0454,BC_10YEAR
2025-02-11,20.0,0.048,BC_20YEAR
2025-02-11,30.0,0.0475,BC_30YEAR
2025-02-12,0.08333333333333333,0.0438,BC_1MONTH
2025-02-12,0.16666666666666666,0.043899999999999995,BC_2MONTH
2025-02-12,0.25,0.0435,BC_3MONTH
2025-02-12,0.3333333333333333,0.0436,BC_4MONTH
2025-02-12,0.5,0.0433,BC_6MONTH
2025-02-12,1.0,0.043,BC_1YEAR
2025-02-12,2.0,0.0436,BC_2YEAR
2025-02-12,3.0,0.0437,BC_3YEAR
2025-02-12,5.0,0.044800000000000006,BC_5YEAR
2025-02-12,7.0,0.045599999999999995,BC_7YEAR
2025-02-12,10.0,0.0462,BC_10YEAR
2025-02-12,20.0,0.049,BC_20YEAR
2025-02-12,30.0,0.0483,BC_30YEAR
2025-02-13,0.08333333333333333,0.0437,BC_1MONTH
2025-02-13,0.16666666666666666,0.043899999999999995,BC_2MONTH
2025-02-13,0.25,0.0434,BC_3MONTH
2025-02-13,0.3333333333333333,0.0435,BC_4MONTH
2025-02-13,0.5,0.0433,BC_6MONTH
2025-02-13,1.0,0.042699999999999995,BC_1YEAR
2025-02-13,2.0,0.0431,BC_2YEAR
2025-02-13,3.0,0.0431,BC_3YEAR
2025-02-13,5.0,0.043899999999999995,BC_5YEAR
2025-02-13,7.0,0.0446,BC_7YEAR
2025-02-13,10.0,0.0452,BC_10YEAR
2025-02-13,20.0,0.0479,BC_20YEAR
2025-02-13,30.0,0.0472,BC_30YEAR
2025-02-14,0.08333333333333333,0.0437,BC_1MONTH
2025-02-14,0.16666666666666666,0.0438,BC_2MONTH
2025-02-14,0.25,0.0434,BC_3MONTH
2025-02-14,0.3333333333333333,0.0435,BC_4MONTH
2025-02-14,0.5,0.0432,BC_6MONTH
2025-02-14,1.0,0.042300000000000004,BC_1YEAR
2025-02-14,2.0,0.0426,BC_2YEAR
2025-02-14,3.0,0.0426,BC_3YEAR
2025-02-14,5.0,0.0433,BC_5YEAR
2025-02-14,7.0,0.0441,BC_7YEAR
2025-02-14,10.0,0.0447,BC_10YEAR
2025-02-14,20.0,0.0475,BC_20YEAR
2025-02-14,30.0,0.046900000000000004,BC_30YEAR
2025-02-18,0.08333333333333333,0.0438,BC_1MONTH
2025-02-18,0.16666666666666666,0.0438,BC_2MONTH
2025-02-18,0.25,0.0434,BC_3MONTH
2025-02-18,0.3333333333333333,0.0437,BC_4MONTH
2025-02-18,0.5,0.0434,BC_6MONTH
2025-02-18,1.0,0.0424,BC_1YEAR
2025-02-18,2.0,0.0429,BC_2YEAR
2025-02-18,3.0,0.0433,BC_3YEAR
2025-02-18,5.0,0.044000000000000004,BC_5YEAR
2025-02-18,7.0,0.044800000000000006,BC_7YEAR
2025-02-18,10.0,0.0455,BC_10YEAR
2025-02-18,20.0,0.0483,BC_20YEAR
2025-02-18,30.0,0.04769999999999999,BC_30YEAR
2025-02-19,0.08333333333333333,0.0438,BC_1MONTH
2025-02-19,0.16666666666666666,0.0438,BC_2MONTH
2025-02-19,0.25,0.0434,BC_3MONTH
2025-02-19,0.3333333333333333,0.0435,BC_4MONTH
2025-02-19,0.5,0.0434,BC_6MONTH
2025-02-19,1.0,0.042199999999999994,BC_1YEAR
2025-02-19,2.0,0.042800000000000005,BC_2YEAR
2025-02-19,3.0,0.043,BC_3YEAR
2025-02-19,5.0,0.0437,BC_5YEAR
2025-02-19,7.0,0.0446,BC_7YEAR
2025-02-19,10.0,0.0453,BC_10YEAR
2025-02-19,20.0,0.0479,BC_20YEAR
2025-02-19,30.0,0.047599999999999996,BC_30YEAR
2025-02-20,0.08333333333333333,0.0437,BC_1MONTH
2025-02-20,0.16666666666666666,0.0438,BC_2MONTH
2025-02-20,0.25,0.0433,BC_3MONTH
2025-02-20,0.3333333333333333,0.0435,BC_4MONTH
2025-02-20,0.5,0.0433,BC_6MONTH
2025-02-20,1.0,0.042,BC_1YEAR
2025-02-20,2.0,0.042800000000000005,BC_2YEAR
2025-02-20,3.0,0.042699999999999995,BC_3YEAR
2025-02-20,5.0,0.0434,BC_5YEAR
2025-02-20,7.0,0.0443,BC_7YEAR
2025-02-20,10.0,0.045,BC_10YEAR
2025-02-20,20.0,0.04769999999999999,BC_20YEAR
2025-02-20,30.0,0.047400000000000005,BC_30YEAR
2025-02-21,0.08333333333333333,0.0436,BC_1MONTH
2025-02-21,0.16666666666666666,0.0438,BC_2MONTH
2025-02-21,0.25,0.0432,BC_3MONTH
2025-02-21,0.3333333333333333,0.0434,BC_4MONTH
2025-02-21,0.5,0.043,BC_6MONTH
2025-02-21,1.0,0.0415,BC_1YEAR
2025-02-21,2.0,0.04190000000000001,BC_2YEAR
2025-02-21,3.0,0.04190000000000001,BC_3YEAR
2025-02-21,5.0,0.0426,BC_5YEAR
2025-02-21,7.0,0.0435,BC_7YEAR
2025-02-21,10.0,0.044199999999999996,BC_10YEAR
2025-02-21,20.0,0.046900000000000004,BC_20YEAR
2025-02-21,30.0,0.0467,BC_30YEAR
2025-02-24,0.08333333333333333,0.0436,BC_1MONTH
2025-02-24,0.16666666666666666,0.0437,BC_2MONTH
2025-02-24,0.25,0.0431,BC_3MONTH
2025-02-24,0.3333333333333333,0.0434,BC_4MONTH
2025-02-24,0.5,0.043,BC_6MONTH
2025-02-24,1.0,0.0415,BC_1YEAR
2025-02-24,2.0,0.041299999999999996,BC_2YEAR
2025-02-24,3.0,0.0417,BC_3YEAR
2025-02-24,5.0,0.042300000000000004,BC_5YEAR
2025-02-24,7.0,0.0432,BC_7YEAR
2025-02-24,10.0,0.044000000000000004,BC_10YEAR
2025-02-24,20.0,0.046900000000000004,BC_20YEAR
2025-02-24,30.0,0.0466,BC_30YEAR
2025-02-25,0.08333333333333333,0.0434,BC_1MONTH
2025-02-25,0.16666666666666666,0.0437,BC_2MONTH
2025-02-25,0.25,0.043,BC_3MONTH
2025-02-25,0.3333333333333333,0.0433,BC_4MONTH
2025-02-25,0.5,0.042800000000000005,BC_6MONTH
2025-02-25,1.0,0.0412,BC_1YEAR
2025-02-25,2.0,0.0407,BC_2YEAR
2025-02-25,3.0,0.0408,BC_3YEAR
2025-02-25,5.0,0.0412,BC_5YEAR
2025-02-25,7.0,0.0421,BC_7YEAR
2025-02-25,10.0,0.043,BC_10YEAR
2025-02-25,20.0,0.045899999999999996,BC_20YEAR
2025-02-25,30.0,0.0455,BC_30YEAR
2025-02-26,0.08333333333333333,0.0435,BC_1MONTH
2025-02-26,0.16666666666666666,0.0437,BC_2MONTH
2025-02-26,0.25,0.0431,BC_3MONTH
2025-02-26,0.3333333333333333,0.0432,BC_4MONTH
2025-02-26,0.5,0.042800000000000005,BC_6MONTH
2025-02-26,1.0,0.0412,BC_1YEAR
2025-02-26,2.0,0.0405,BC_2YEAR
2025-02-26,3.0,0.0404,BC_3YEAR
2025-02-26,5.0,0.0406,BC_5YEAR
2025-02-26,7.0,0.0416,BC_7YEAR
2025-02-26,10.0,0.0425,BC_10YEAR
2025-02-26,20.0,0.0455,BC_20YEAR
2025-02-26,30.0,0.0451,BC_30YEAR
2025-02-27,0.08333333333333333,0.0438,BC_1MONTH
2025-02-27,0.16666666666666666,0.0438,BC_2MONTH
2025-02-27,0.25,0.0432,BC_3MONTH
2025-02-27,0.3333333333333333,0.0432,BC_4MONTH
2025-02-27,0.5,0.042800000000000005,BC_6MONTH
2025-02-27,1.0,0.041299999999999996,BC_1YEAR
2025-02-27,2.0,0.0407,BC_2YEAR
2025-02-27,3.0,0.0405,BC_3YEAR
2025-02-27,5.0,0.0409,BC_5YEAR
2025-02-27,7.0,0.04190000000000001,BC_7YEAR
2025-02-27,10.0,0.0429,BC_10YEAR
2025-02-27,20.0,0.045899999999999996,BC_20YEAR
2025-02-27,30.0,0.045599999999999995,BC_30YEAR
2025-02-28,0.08333333333333333,0.0438,BC_1MONTH
2025-02-28,0.16666666666666666,0.0438,BC_2MONTH
2025-02-28,0.25,0.0432,BC_3MONTH
2025-02-28,0.3333333333333333,0.0432,BC_4MONTH
2025-02-28,0.5,0.0425,BC_6MONTH
2025-02-28,1.0,0.0408,BC_1YEAR
2025-02-28,2.0,0.039900000000000005,BC_2YEAR
2025-02-28,3.0,0.039900000000000005,BC_3YEAR
2025-02-28,5.0,0.0403,BC_5YEAR
2025-02-28,7.0,0.0414,BC_7YEAR
2025-02-28,10.0,0.0424,BC_10YEAR
2025-02-28,20.0,0.0455,BC_20YEAR
2025-02-28,30.0,0.0451,BC_30YEAR
2025-03-03,0.08333333333333333,0.0438,BC_1MONTH
2025-03-03,0.16666666666666666,0.0437,BC_2MONTH
2025-03-03,0.25,0.0435,BC_3MONTH
2025-03-03,0.3333333333333333,0.0431,BC_4MONTH
2025-03-03,0.5,0.0431,BC_6MONTH
2025-03-03,1.0,0.0406,BC_1YEAR
2025-03-03,2.0,0.039599999999999996,BC_2YEAR
2025-03-03,3.0,0.0393,BC_3YEAR
2025-03-03,5.0,0.0397,BC_5YEAR
2025-03-03,7.0,0.0406,BC_7YEAR
2025-03-03,10.0,0.0416,BC_10YEAR
2025-03-03,20.0,0.0449,BC_20YEAR
2025-03-03,30.0,0.044500000000000005,BC_30YEAR
2025-03-04,0.08333333333333333,0.043899999999999995,BC_1MONTH
2025-03-04,0.16666666666666666,0.0437,BC_2MONTH
2025-03-04,0.25,0.0434,BC_3MONTH
2025-03-04,0.3333333333333333,0.0431,BC_4MONTH
2025-03-04,0.5,0.042800000000000005,BC_6MONTH
2025-03-04,1.0,0.0404,BC_1YEAR
2025-03-04,2.0,0.039599999999999996,BC_2YEAR
2025-03-04,3.0,0.0394,BC_3YEAR
2025-03-04,5.0,0.0401,BC_5YEAR
2025-03-04,7.0,0.041100000000000005,BC_7YEAR
2025-03-04,10.0,0.042199999999999994,BC_10YEAR
2025-03-04,20.0,0.045599999999999995,BC_20YEAR
2025-03-04,30.0,0.0453,BC_30YEAR
2025-03-05,0.08333333333333333,0.0438,BC_1MONTH
2025-03-05,0.16666666666666666,0.0436,BC_2MONTH
2025-03-05,0.25,0.0435,BC_3MONTH
2025-03-05,0.3333333333333333,0.043,BC_4MONTH
2025-03-05,0.5,0.043,BC_6MONTH
2025-03-05,1.0,0.0406,BC_1YEAR
2025-03-05,2.0,0.039900000000000005,BC_2YEAR
2025-03-05,3.0,0.0401,BC_3YEAR
2025-03-05,5.0,0.0408,BC_5YEAR
2025-03-05,7.0,0.0418,BC_7YEAR
2025-03-05,10.0,0.042800000000000005,BC_10YEAR
2025-03-05,20.0,0.0461,BC_20YEAR
2025-03-05,30.0,0.045700000000000005,BC_30YEAR
2025-03-06,0.08333333333333333,0.0438,BC_1MONTH
2025-03-06,0.16666666666666666,0.0434,BC_2MONTH
2025-03-06,0.25,0.0434,BC_3MONTH
2025-03-06,0.3333333333333333,0.042800000000000005,BC_4MONTH
2025-03-06,0.5,0.042699999999999995,BC_6MONTH
2025-03-06,1.0,0.04019999999999999,BC_1YEAR
2025-03-06,2.0,0.039599999999999996,BC_2YEAR
2025-03-06,3.0,0.0398,BC_3YEAR
2025-03-06,5.0,0.0406,BC_5YEAR
2025-03-06,7.0,0.0418,BC_7YEAR
2025-03-06,10.0,0.0429,BC_10YEAR
2025-03-06,20.0,0.0463,BC_20YEAR
2025-03-06,30.0,0.0458,BC_30YEAR
2025-03-07,0.08333333333333333,0.0438,BC_1MONTH
2025-03-07,0.16666666666666666,0.0433,BC_2MONTH
2025-03-07,0.25,0.0434,BC_3MONTH
2025-03-07,0.3333333333333333,0.0429,BC_4MONTH
2025-03-07,0.5,0.0429,BC_6MONTH
2025-03-07,1.0,0.0405,BC_1YEAR
2025-03-07,2.0,0.039900000000000005,BC_2YEAR
2025-03-07,3.0,0.0401,BC_3YEAR
2025-03-07,5.0,0.0409,BC_5YEAR
2025-03-07,7.0,0.0421,BC_7YEAR
2025-03-07,10.0,0.0432,BC_10YEAR
2025-03-07,20.0,0.0466,BC_20YEAR
2025-03-07,30.0,0.0462,BC_30YEAR
2025-03-10,0.08333333333333333,0.0437,BC_1MONTH
2025-03-10,0.16666666666666666,0.0434,BC_2MONTH
2025-03-10,0.25,0.0433,BC_3MONTH
2025-03-10,0.3333333333333333,0.042800000000000005,BC_4MONTH
2025-03-10,0.5,0.0425,BC_6MONTH
2025-03-10,1.0,0.0398,BC_1YEAR
2025-03-10,2.0,0.038900000000000004,BC_2YEAR
2025-03-10,3.0,0.0391,BC_3YEAR
2025-03-10,5.0,0.0398,BC_5YEAR
2025-03-10,7.0,0.040999999999999995,BC_7YEAR
2025-03-10,10.0,0.042199999999999994,BC_10YEAR
2025-03-10,20.0,0.0458,BC_20YEAR
2025-03-10,30.0,0.0454,BC_30YEAR
2025-03-11,0.08333333333333333,0.0437,BC_1MONTH
2025-03-11,0.16666666666666666,0.0433,BC_2MONTH
2025-03-11,0.25,0.0434,BC_3MONTH
2025-03-11,0.3333333333333333,0.042800000000000005,BC_4MONTH
2025-03-11,0.5,0.0426,BC_6MONTH
2025-03-11,1.0,0.0403,BC_1YEAR
2025-03-11,2.0,0.0394,BC_2YEAR
2025-03-11,3.0,0.0392,BC_3YEAR
2025-03-11,5.0,0.0403,BC_5YEAR
2025-03-11,7.0,0.0416,BC_7YEAR
2025-03-11,10.0,0.042800000000000005,BC_10YEAR
2025-03-11,20.0,0.0463,BC_20YEAR
2025-03-11,30.0,0.045899999999999996,BC_30YEAR
2025-03-12,0.08333333333333333,0.0436,BC_1MONTH
2025-03-12,0.16666666666666666,0.0434,BC_2MONTH
2025-03-12,0.25,0.0435,BC_3MONTH
2025-03-12,0.3333333333333333,0.043,BC_4MONTH
2025-03-12,0.5,0.042699999999999995,BC_6MONTH
2025-03-12,1.0,0.0407,BC_1YEAR
2025-03-12,2.0,0.0401,BC_2YEAR
2025-03-12,3.0,0.0398,BC_3YEAR
2025-03-12,5.0,0.0409,BC_5YEAR
2025-03-12,7.0,0.042,BC_7YEAR
2025-03-12,10.0,0.0432,BC_10YEAR
2025-03-12,20.0,0.0467,BC_20YEAR
2025-03-12,30.0,0.0463,BC_30YEAR
2025-03-13,0.08333333333333333,0.0437,BC_1MONTH
2025-03-13,0.16666666666666666,0.0434,BC_2MONTH
2025-03-13,0.25,0.0434,BC_3MONTH
2025-03-13,0.3333333333333333,0.042800000000000005,BC_4MONTH
2025-03-13,0.5,0.042699999999999995,BC_6MONTH
2025-03-13,1.0,0.0403,BC_1YEAR
2025-03-13,2.0,0.0394,BC_2YEAR
2025-03-13,3.0,0.0393,BC_3YEAR
2025-03-13,5.0,0.04019999999999999,BC_5YEAR
2025-03-13,7.0,0.0415,BC_7YEAR
2025-03-13,10.0,0.042699999999999995,BC_10YEAR
2025-03-13,20.0,0.0463,BC_20YEAR
2025-03-13,30.0,0.045899999999999996,BC_30YEAR
2025-03-14,0.08333333333333333,0.0437,BC_1MONTH
2025-03-14,0.16666666666666666,0.0433,BC_2MONTH
2025-03-14,0.25,0.0433,BC_3MONTH
2025-03-14,0.3333333333333333,0.043,BC_4MONTH
2025-03-14,0.5,0.0429,BC_6MONTH
2025-03-14,1.0,0.0409,BC_1YEAR
2025-03-14,2.0,0.04019999999999999,BC_2YEAR
2025-03-14,3.0,0.04,BC_3YEAR
2025-03-14,5.0,0.0409,BC_5YEAR
2025-03-14,7.0,0.042,BC_7YEAR
2025-03-14,10.0,0.0431,BC_10YEAR
2025-03-14,20.0,0.04650000000000001,BC_20YEAR
2025-03-14,30.0,0.0462,BC_30YEAR
2025-03-17,0.08333333333333333,0.0437,BC_1MONTH
2025-03-17,0.16666666666666666,0.0433,BC_2MONTH
2025-03-17,0.25,0.0434,BC_3MONTH
2025-03-17,0.3333333333333333,0.043,BC_4MONTH
2025-03-17,0.5,0.0429,BC_6MONTH
2025-03-17,1.0,0.041100000000000005,BC_1YEAR
2025-03-17,2.0,0.0406,BC_2YEAR
2025-03-17,3.0,0.0403,BC_3YEAR
2025-03-17,5.0,0.041100000000000005,BC_5YEAR
2025-03-17,7.0,0.0421,BC_7YEAR
2025-03-17,10.0,0.0431,BC_10YEAR
2025-03-17,20.0,0.0464,BC_20YEAR
2025-03-17,30.0,0.046,BC_30YEAR
2025-03-18,0.08333333333333333,0.0437,BC_1MONTH
2025-03-18,0.16666666666666666,0.0433,BC_2MONTH
2025-03-18,0.25,0.0434,BC_3MONTH
2025-03-18,0.3333333333333333,0.0429,BC_4MONTH
2025-03-18,0.5,0.0429,BC_6MONTH
2025-03-18,1.0,0.041299999999999996,BC_1YEAR
2025-03-18,2.0,0.0404,BC_2YEAR
2025-03-18,3.0,0.0401,BC_3YEAR
2025-03-18,5.0,0.0407,BC_5YEAR
2025-03-18,7.0,0.0418,BC_7YEAR
2025-03-18,10.0,0.0429,BC_10YEAR
2025-03-18,20.0,0.0461,BC_20YEAR
2025-03-18,30.0,0.0458,BC_30YEAR
2025-03-19,0.08333333333333333,0.0437,BC_1MONTH
2025-03-19,0.16666666666666666,0.0432,BC_2MONTH
2025-03-19,0.25,0.0433,BC_3MONTH
2025-03-19,0.3333333333333333,0.043,BC_4MONTH
2025-03-19,0.5,0.0429,BC_6MONTH
2025-03-19,1.0,0.040999999999999995,BC_1YEAR
2025-03-19,2.0,0.039900000000000005,BC_2YEAR
2025-03-19,3.0,0.0395,BC_3YEAR
2025-03-19,5.0,0.0403,BC_5YEAR
2025-03-19,7.0,0.0414,BC_7YEAR
2025-03-19,10.0,0.0425,BC_10YEAR
2025-03-19,20.0,0.0458,BC_20YEAR
2025-03-19,30.0,0.045599999999999995,BC_30YEAR
2025-03-20,0.08333333333333333,0.0436,BC_1MONTH
2025-03-20,0.16666666666666666,0.0434,BC_2MONTH
2025-03-20,0.25,0.0433,BC_3MONTH
2025-03-20,0.3333333333333333,0.0429,BC_4MONTH
2025-03-20,0.5,0.042699999999999995,BC_6MONTH
2025-03-20,1.0,0.0406,BC_1YEAR
2025-03-20,2.0,0.0395,BC_2YEAR
2025-03-20,3.0,0.0393,BC_3YEAR
2025-03-20,5.0,0.0401,BC_5YEAR
2025-03-20,7.0,0.0412,BC_7YEAR
2025-03-20,10.0,0.0424,BC_10YEAR
2025-03-20,20.0,0.045700000000000005,BC_20YEAR
2025-03-20,30.0,0.0455,BC_30YEAR
2025-03-21,0.08333333333333333,0.0436,BC_1MONTH
2025-03-21,0.16666666666666666,0.0433,BC_2MONTH
2025-03-21,0.25,0.0433,BC_3MONTH
2025-03-21,0.3333333333333333,0.0429,BC_4MONTH
2025-03-21,0.5,0.0426,BC_6MONTH
2025-03-21,1.0,0.0404,BC_1YEAR
2025-03-21,2.0,0.0394,BC_2YEAR
2025-03-21,3.0,0.0392,BC_3YEAR
2025-03-21,5.0,0.04,BC_5YEAR
2025-03-21,7.0,0.0412,BC_7YEAR
2025-03-21,10.0,0.0425,BC_10YEAR
2025-03-21,20.0,0.046,BC_20YEAR
2025-03-21,30.0,0.045899999999999996,BC_30YEAR
2025-03-24,0.08333333333333333,0.0435,BC_1MONTH
2025-03-24,0.16666666666666666,0.0434,BC_2MONTH
2025-03-24,0.25,0.0433,BC_3MONTH
2025-03-24,0.3333333333333333,0.043,BC_4MONTH
2025-03-24,0.5,0.042699999999999995,BC_6MONTH
2025-03-24,1.0,0.041100000000000005,BC_1YEAR
2025-03-24,2.0,0.0404,BC_2YEAR
2025-03-24,3.0,0.0401,BC_3YEAR
2025-03-24,5.0,0.0409,BC_5YEAR
2025-03-24,7.0,0.042199999999999994,BC_7YEAR
2025-03-24,10.0,0.0434,BC_10YEAR
2025-03-24,20.0,0.046799999999999994,BC_20YEAR
2025-03-24,30.0,0.0466,BC_30YEAR
2025-03-25,0.08333333333333333,0.0436,BC_1MONTH
2025-03-25,0.16666666666666666,0.0433,BC_2MONTH
2025-03-25,0.25,0.0433,BC_3MONTH
2025-03-25,0.3333333333333333,0.043,BC_4MONTH
2025-03-25,0.5,0.0426,BC_6MONTH
2025-03-25,1.0,0.0409,BC_1YEAR
2025-03-25,2.0,0.039599999999999996,BC_2YEAR
2025-03-25,3.0,0.0398,BC_3YEAR
2025-03-25,5.0,0.0407,BC_5YEAR
2025-03-25,7.0,0.04190000000000001,BC_7YEAR
2025-03-25,10.0,0.0431,BC_10YEAR
2025-03-25,20.0,0.0467,BC_20YEAR
2025-03-25,30.0,0.04650000000000001,BC_30YEAR
2025-03-26,0.08333333333333333,0.0436,BC_1MONTH
2025-03-26,0.16666666666666666,0.0433,BC_2MONTH
2025-03-26,0.25,0.0433,BC_3MONTH
2025-03-26,0.3333333333333333,0.0431,BC_4MONTH
2025-03-26,0.5,0.0426,BC_6MONTH
2025-03-26,1.0,0.040999999999999995,BC_1YEAR
2025-03-26,2.0,0.0398,BC_2YEAR
2025-03-26,3.0,0.0401,BC_3YEAR
2025-03-26,5.0,0.0408,BC_5YEAR
2025-03-26,7.0,0.042199999999999994,BC_7YEAR
2025-03-26,10.0,0.0435,BC_10YEAR
2025-03-26,20.0,0.0471,BC_20YEAR
2025-03-26,30.0,0.046900000000000004,BC_30YEAR
2025-03-27,0.08333333333333333,0.0437,BC_1MONTH
2025-03-27,0.16666666666666666,0.0436,BC_2MONTH
2025-03-27,0.25,0.0433,BC_3MONTH
2025-03-27,0.3333333333333333,0.0431,BC_4MONTH
2025-03-27,0.5,0.042699999999999995,BC_6MONTH
2025-03-27,1.0,0.040999999999999995,BC_1YEAR
2025-03-27,2.0,0.0397,BC_2YEAR
2025-03-27,3.0,0.04,BC_3YEAR
2025-03-27,5.0,0.0409,BC_5YEAR
2025-03-27,7.0,0.042300000000000004,BC_7YEAR
2025-03-27,10.0,0.0438,BC_10YEAR
2025-03-27,20.0,0.0475,BC_20YEAR
2025-03-27,30.0,0.0473,BC_30YEAR
2025-03-28,0.08333333333333333,0.0438,BC_1MONTH
2025-03-28,0.16666666666666666,0.0435,BC_2MONTH
2025-03-28,0.25,0.0433,BC_3MONTH
2025-03-28,0.3333333333333333,0.043,BC_4MONTH
2025-03-28,0.5,0.0426,BC_6MONTH
2025-03-28,1.0,0.0404,BC_1YEAR
2025-03-28,2.0,0.038900000000000004,BC_2YEAR
2025-03-28,3.0,0.0391,BC_3YEAR
2025-03-28,5.0,0.0398,BC_5YEAR
2025-03-28,7.0,0.041100000000000005,BC_7YEAR
2025-03-28,10.0,0.042699999999999995,BC_10YEAR
2025-03-28,20.0,0.04650000000000001,BC_20YEAR
2025-03-28,30.0,0.0464,BC_30YEAR
2025-03-31,0.08333333333333333,0.0438,BC_1MONTH
2025-03-31,0.16666666666666666,0.0435,BC_2MONTH
2025-03-31,0.25,0.0432,BC_3MONTH
2025-03-31,0.3333333333333333,0.0431,BC_4MONTH
2025-03-31,0.5,0.042300000000000004,BC_6MONTH
2025-03-31,1.0,0.0403,BC_1YEAR
2025-03-31,2.0,0.038900000000000004,BC_2YEAR
2025-03-31,3.0,0.038900000000000004,BC_3YEAR
2025-03-31,5.0,0.039599999999999996,BC_5YEAR
2025-03-31,7.0,0.0409,BC_7YEAR
2025-03-31,10.0,0.042300000000000004,BC_10YEAR
2025-03-31,20.0,0.0462,BC_20YEAR
2025-03-31,30.0,0.045899999999999996,BC_30YEAR
2025-04-01,0.08333333333333333,0.0438,BC_1MONTH
2025-04-01,0.16666666666666666,0.0435,BC_2MONTH
2025-04-01,0.25,0.0432,BC_3MONTH
2025-04-01,0.3333333333333333,0.043,BC_4MONTH
2025-04-01,0.5,0.042300000000000004,BC_6MONTH
2025-04-01,1.0,0.0401,BC_1YEAR
2025-04-01,2.0,0.0387,BC_2YEAR
2025-04-01,3.0,0.0385,BC_3YEAR
2025-04-01,5.0,0.0391,BC_5YEAR
2025-04-01,7.0,0.0403,BC_7YEAR
2025-04-01,10.0,0.0417,BC_10YEAR
2025-04-01,20.0,0.045599999999999995,BC_20YEAR
2025-04-01,30.0,0.0452,BC_30YEAR
2025-04-02,0.08333333333333333,0.0438,BC_1MONTH
2025-04-02,0.16666666666666666,0.0434,BC_2MONTH
2025-04-02,0.25,0.0432,BC_3MONTH
2025-04-02,0.3333333333333333,0.0432,BC_4MONTH
2025-04-02,0.5,0.0424,BC_6MONTH
2025-04-02,1.0,0.0404,BC_1YEAR
2025-04-02,2.0,0.0391,BC_2YEAR
2025-04-02,3.0,0.038900000000000004,BC_3YEAR
2025-04-02,5.0,0.0395,BC_5YEAR
2025-04-02,7.0,0.0407,BC_7YEAR
2025-04-02,10.0,0.042,BC_10YEAR
2025-04-02,20.0,0.0458,BC_20YEAR
2025-04-02,30.0,0.0454,BC_30YEAR
2025-04-03,0.08333333333333333,0.0436,BC_1MONTH
2025-04-03,0.16666666666666666,0.0438,BC_2MONTH
2025-04-03,0.25,0.0431,BC_3MONTH
2025-04-03,0.3333333333333333,0.0429,BC_4MONTH
2025-04-03,0.5,0.042,BC_6MONTH
2025-04-03,1.0,0.0392,BC_1YEAR
2025-04-03,2.0,0.0371,BC_2YEAR
2025-04-03,3.0,0.0368,BC_3YEAR
2025-04-03,5.0,0.0375,BC_5YEAR
2025-04-03,7.0,0.0388,BC_7YEAR
2025-04-03,10.0,0.0406,BC_10YEAR
2025-04-03,20.0,0.0451,BC_20YEAR
2025-04-03,30.0,0.0449,BC_30YEAR
2025-04-04,0.08333333333333333,0.0436,BC_1MONTH
2025-04-04,0.16666666666666666,0.0436,BC_2MONTH
2025-04-04,0.25,0.042800000000000005,BC_3MONTH
2025-04-04,0.3333333333333333,0.0425,BC_4MONTH
2025-04-04,0.5,0.0414,BC_6MONTH
2025-04-04,1.0,0.038599999999999995,BC_1YEAR
2025-04-04,2.0,0.0368,BC_2YEAR
2025-04-04,3.0,0.0366,BC_3YEAR
2025-04-04,5.0,0.037200000000000004,BC_5YEAR
2025-04-04,7.0,0.0384,BC_7YEAR
2025-04-04,10.0,0.0401,BC_10YEAR
2025-04-04,20.0,0.0444,BC_20YEAR
2025-04-04,30.0,0.0441,BC_30YEAR
2025-04-07,0.08333333333333333,0.0436,BC_1MONTH
2025-04-07,0.16666666666666666,0.0436,BC_2MONTH
2025-04-07,0.25,0.0429,BC_3MONTH
2025-04-07,0.3333333333333333,0.042800000000000005,BC_4MONTH
2025-04-07,0.5,0.0414,BC_6MONTH
2025-04-07,1.0,0.038599999999999995,BC_1YEAR
2025-04-07,2.0,0.0373,BC_2YEAR
2025-04-07,3.0,0.037200000000000004,BC_3YEAR
2025-04-07,5.0,0.0382,BC_5YEAR
2025-04-07,7.0,0.0397,BC_7YEAR
2025-04-07,10.0,0.0415,BC_10YEAR
2025-04-07,20.0,0.0461,BC_20YEAR
2025-04-07,30.0,0.0458,BC_30YEAR
2025-04-08,0.08333333333333333,0.0436,BC_1MONTH
2025-04-08,0.16666666666666666,0.0437,BC_2MONTH
2025-04-08,0.25,0.0431,BC_3MONTH
2025-04-08,0.3333333333333333,0.043,BC_4MONTH
2025-04-08,0.5,0.0414,BC_6MONTH
2025-04-08,1.0,0.0383,BC_1YEAR
2025-04-08,2.0,0.0371,BC_2YEAR
2025-04-08,3.0,0.0371,BC_3YEAR
2025-04-08,5.0,0.0388,BC_5YEAR
2025-04-08,7.0,0.0405,BC_7YEAR
2025-04-08,10.0,0.0426,BC_10YEAR
2025-04-08,20.0,0.047599999999999996,BC_20YEAR
2025-04-08,30.0,0.0471,BC_30YEAR
2025-04-09,0.08333333333333333,0.0436,BC_1MONTH
2025-04-09,0.16666666666666666,0.0437,BC_2MONTH
2025-04-09,0.25,0.0435,BC_3MONTH
2025-04-09,0.3333333333333333,0.0436,BC_4MONTH
2025-04-09,0.5,0.042300000000000004,BC_6MONTH
2025-04-09,1.0,0.0403,BC_1YEAR
2025-04-09,2.0,0.0391,BC_2YEAR
2025-04-09,3.0,0.0391,BC_3YEAR
2025-04-09,5.0,0.0406,BC_5YEAR
2025-04-09,7.0,0.042,BC_7YEAR
2025-04-09,10.0,0.0434,BC_10YEAR
2025-04-09,20.0,0.0478,BC_20YEAR
2025-04-09,30.0,0.0472,BC_30YEAR
2025-04-10,0.08333333333333333,0.0436,BC_1MONTH
2025-04-10,0.16666666666666666,0.043899999999999995,BC_2MONTH
2025-04-10,0.25,0.0434,BC_3MONTH
2025-04-10,0.3333333333333333,0.0433,BC_4MONTH
2025-04-10,0.5,0.0417,BC_6MONTH
2025-04-10,1.0,0.0397,BC_1YEAR
2025-04-10,2.0,0.0384,BC_2YEAR
2025-04-10,3.0,0.0385,BC_3YEAR
2025-04-10,5.0,0.0404,BC_5YEAR
2025-04-10,7.0,0.0421,BC_7YEAR
2025-04-10,10.0,0.044000000000000004,BC_10YEAR
2025-04-10,20.0,0.049,BC_20YEAR
2025-04-10,30.0,0.048600000000000004,BC_30YEAR
2025-04-11,0.08333333333333333,0.0437,BC_1MONTH
2025-04-11,0.16666666666666666,0.0438,BC_2MONTH
2025-04-11,0.25,0.0434,BC_3MONTH
2025-04-11,0.3333333333333333,0.0435,BC_4MONTH
2025-04-11,0.5,0.0421,BC_6MONTH
2025-04-11,1.0,0.0404,BC_1YEAR
2025-04-11,2.0,0.039599999999999996,BC_2YEAR
2025-04-11,3.0,0.0398,BC_3YEAR
2025-04-11,5.0,0.0415,BC_5YEAR
2025-04-11,7.0,0.0432,BC_7YEAR
2025-04-11,10.0,0.044800000000000006,BC_10YEAR
2025-04-11,20.0,0.049100000000000005,BC_20YEAR
2025-04-11,30.0,0.048499999999999995,BC_30YEAR
2025-04-14,0.08333333333333333,0.0434,BC_1MONTH
2025-04-14,0.16666666666666666,0.0437,BC_2MONTH
2025-04-14,0.25,0.0433,BC_3MONTH
2025-04-14,0.3333333333333333,0.0434,BC_4MONTH
2025-04-14,0.5,0.0421,BC_6MONTH
2025-04-14,1.0,0.039900000000000005,BC_1YEAR
2025-04-14,2.0,0.0384,BC_2YEAR
2025-04-14,3.0,0.0387,BC_3YEAR
2025-04-14,5.0,0.04019999999999999,BC_5YEAR
2025-04-14,7.0,0.042,BC_7YEAR
2025-04-14,10.0,0.0438,BC_10YEAR
2025-04-14,20.0,0.0484,BC_20YEAR
2025-04-14,30.0,0.048,BC_30YEAR
2025-04-15,0.08333333333333333,0.0435,BC_1MONTH
2025-04-15,0.16666666666666666,0.0436,BC_2MONTH
2025-04-15,0.25,0.0433,BC_3MONTH
2025-04-15,0.3333333333333333,0.0432,BC_4MONTH
2025-04-15,0.5,0.0421,BC_6MONTH
2025-04-15,1.0,0.039900000000000005,BC_1YEAR
2025-04-15,2.0,0.0384,BC_2YEAR
2025-04-15,3.0,0.0385,BC_3YEAR
2025-04-15,5.0,0.0398,BC_5YEAR
2025-04-15,7.0,0.0415,BC_7YEAR
2025-04-15,10.0,0.0435,BC_10YEAR
2025-04-15,20.0,0.0482,BC_20YEAR
2025-04-15,30.0,0.0479,BC_30YEAR
2025-04-16,0.08333333333333333,0.0435,BC_1MONTH
2025-04-16,0.16666666666666666,0.0435,BC_2MONTH
2025-04-16,0.25,0.0433,BC_3MONTH
2025-04-16,0.3333333333333333,0.0434,BC_4MONTH
2025-04-16,0.5,0.042,BC_6MONTH
2025-04-16,1.0,0.039599999999999996,BC_1YEAR
2025-04-16,2.0,0.0377,BC_2YEAR
2025-04-16,3.0,0.0377,BC_3YEAR
2025-04-16,5.0,0.0391,BC_5YEAR
2025-04-16,7.0,0.0408,BC_7YEAR
2025-04-16,10.0,0.0429,BC_10YEAR
2025-04-16,20.0,0.04769999999999999,BC_20YEAR
2025-04-16,30.0,0.047400000000000005,BC_30YEAR
2025-04-17,0.08333333333333333,0.0436,BC_1MONTH
2025-04-17,0.16666666666666666,0.0438,BC_2MONTH
2025-04-17,0.25,0.0434,BC_3MONTH
2025-04-17,0.3333333333333333,0.0435,BC_4MONTH
2025-04-17,0.5,0.042199999999999994,BC_6MONTH
2025-04-17,1.0,0.039900000000000005,BC_1YEAR
2025-04-17,2.0,0.0381,BC_2YEAR
2025-04-17,3.0,0.0382,BC_3YEAR
2025-04-17,5.0,0.0395,BC_5YEAR
2025-04-17,7.0,0.041299999999999996,BC_7YEAR
2025-04-17,10.0,0.0434,BC_10YEAR
2025-04-17,20.0,0.0482,BC_20YEAR
2025-04-17,30.0,0.048,BC_30YEAR
2025-04-21,0.08333333333333333,0.0435,BC_1MONTH
2025-04-21,0.16666666666666666,0.0437,BC_2MONTH
2025-04-21,0.25,0.0434,BC_3MONTH
2025-04-21,0.3333333333333333,0.0433,BC_4MONTH
2025-04-21,0.5,0.0421,BC_6MONTH
2025-04-21,1.0,0.0395,BC_1YEAR
2025-04-21,2.0,0.0375,BC_2YEAR
2025-04-21,3.0,0.0377,BC_3YEAR
2025-04-21,5.0,0.0397,BC_5YEAR
2025-04-21,7.0,0.04190000000000001,BC_7YEAR
2025-04-21,10.0,0.044199999999999996,BC_10YEAR
2025-04-21,20.0,0.049400000000000006,BC_20YEAR
2025-04-21,30.0,0.049100000000000005,BC_30YEAR
2025-04-22,0.08333333333333333,0.0433,BC_1MONTH
2025-04-22,0.16666666666666666,0.0435,BC_2MONTH
2025-04-22,0.25,0.0433,BC_3MONTH
2025-04-22,0.3333333333333333,0.0433,BC_4MONTH
2025-04-22,0.5,0.0421,BC_6MONTH
2025-04-22,1.0,0.0398,BC_1YEAR
2025-04-22,2.0,0.037599999999999995,BC_2YEAR
2025-04-22,3.0,0.0382,BC_3YEAR
2025-04-22,5.0,0.0398,BC_5YEAR
2025-04-22,7.0,0.04190000000000001,BC_7YEAR
2025-04-22,10.0,0.0441,BC_10YEAR
2025-04-22,20.0,0.049,BC_20YEAR
2025-04-22,30.0,0.048799999999999996,BC_30YEAR
2025-04-23,0.08333333333333333,0.0433,BC_1MONTH
2025-04-23,0.16666666666666666,0.0434,BC_2MONTH
2025-04-23,0.25,0.0433,BC_3MONTH
2025-04-23,0.3333333333333333,0.0433,BC_4MONTH
2025-04-23,0.5,0.042199999999999994,BC_6MONTH
2025-04-23,1.0,0.0401,BC_1YEAR
2025-04-23,2.0,0.0381,BC_2YEAR
2025-04-23,3.0,0.0387,BC_3YEAR
2025-04-23,5.0,0.04,BC_5YEAR
2025-04-23,7.0,0.042,BC_7YEAR
2025-04-23,10.0,0.044000000000000004,BC_10YEAR
2025-04-23,20.0,0.048600000000000004,BC_20YEAR
2025-04-23,30.0,0.0483,BC_30YEAR
2025-04-24,0.08333333333333333,0.0434,BC_1MONTH
2025-04-24,0.16666666666666666,0.0437,BC_2MONTH
2025-04-24,0.25,0.0432,BC_3MONTH
2025-04-24,0.3333333333333333,0.0432,BC_4MONTH
2025-04-24,0.5,0.042199999999999994,BC_6MONTH
2025-04-24,1.0,0.0397,BC_1YEAR
2025-04-24,2.0,0.0377,BC_2YEAR
2025-04-24,3.0,0.038,BC_3YEAR
2025-04-24,5.0,0.0391,BC_5YEAR
2025-04-24,7.0,0.041100000000000005,BC_7YEAR
2025-04-24,10.0,0.0432,BC_10YEAR
2025-04-24,20.0,0.0479,BC_20YEAR
2025-04-24,30.0,0.04769999999999999,BC_30YEAR
2025-04-25,0.08333333333333333,0.0434,BC_1MONTH
2025-04-25,0.16666666666666666,0.0436,BC_2MONTH
2025-04-25,0.25,0.0432,BC_3MONTH
2025-04-25,0.3333333333333333,0.0432,BC_4MONTH
2025-04-25,0.5,0.042199999999999994,BC_6MONTH
2025-04-25,1.0,0.0395,BC_1YEAR
2025-04-25,2.0,0.0374,BC_2YEAR
2025-04-25,3.0,0.037599999999999995,BC_3YEAR
2025-04-25,5.0,0.0388,BC_5YEAR
2025-04-25,7.0,0.0406,BC_7YEAR
2025-04-25,10.0,0.0429,BC_10YEAR
2025-04-25,20.0,0.0475,BC_20YEAR
2025-04-25,30.0,0.047400000000000005,BC_30YEAR
2025-04-28,0.08333333333333333,0.0435,BC_1MONTH
2025-04-28,0.16666666666666666,0.0437,BC_2MONTH
2025-04-28,0.25,0.0432,BC_3MONTH
2025-04-28,0.3333333333333333,0.0432,BC_4MONTH
2025-04-28,0.5,0.042199999999999994,BC_6MONTH
2025-04-28,1.0,0.0392,BC_1YEAR
2025-04-28,2.0,0.036699999999999997,BC_2YEAR
2025-04-28,3.0,0.036699999999999997,BC_3YEAR
2025-04-28,5.0,0.0381,BC_5YEAR
2025-04-28,7.0,0.0401,BC_7YEAR
2025-04-28,10.0,0.042300000000000004,BC_10YEAR
2025-04-28,20.0,0.0471,BC_20YEAR
2025-04-28,30.0,0.046900000000000004,BC_30YEAR
2025-04-29,0.08333333333333333,0.0435,BC_1MONTH
2025-04-29,0.16666666666666666,0.0436,BC_2MONTH
2025-04-29,0.25,0.0431,BC_3MONTH
2025-04-29,0.3333333333333333,0.043,BC_4MONTH
2025-04-29,0.5,0.042,BC_6MONTH
2025-04-29,1.0,0.038900000000000004,BC_1YEAR
2025-04-29,2.0,0.0365,BC_2YEAR
2025-04-29,3.0,0.0365,BC_3YEAR
2025-04-29,5.0,0.0377,BC_5YEAR
2025-04-29,7.0,0.039599999999999996,BC_7YEAR
2025-04-29,10.0,0.04190000000000001,BC_10YEAR
2025-04-29,20.0,0.0466,BC_20YEAR
2025-04-29,30.0,0.0464,BC_30YEAR
2025-04-30,0.08333333333333333,0.0435,BC_1MONTH
2025-04-30,0.16666666666666666,0.0436,BC_2MONTH
2025-04-30,0.25,0.0431,BC_3MONTH
2025-04-30,0.3333333333333333,0.0437,BC_4MONTH
2025-04-30,0.5,0.04190000000000001,BC_6MONTH
2025-04-30,1.0,0.0385,BC_1YEAR
2025-04-30,2.0,0.036000000000000004,BC_2YEAR
2025-04-30,3.0,0.0358,BC_3YEAR
2025-04-30,5.0,0.037200000000000004,BC_5YEAR
2025-04-30,7.0,0.0393,BC_7YEAR
2025-04-30,10.0,0.0417,BC_10YEAR
2025-04-30,20.0,0.046799999999999994,BC_20YEAR
2025-04-30,30.0,0.0466,BC_30YEAR
2025-05-01,0.08333333333333333,0.0438,BC_1MONTH
2025-05-01,0.16666666666666666,0.0434,BC_2MONTH
2025-05-01,0.25,0.0431,BC_3MONTH
2025-05-01,0.3333333333333333,0.0438,BC_4MONTH
2025-05-01,0.5,0.042199999999999994,BC_6MONTH
2025-05-01,1.0,0.0392,BC_1YEAR
2025-05-01,2.0,0.037000000000000005,BC_2YEAR
2025-05-01,3.0,0.0369,BC_3YEAR
2025-05-01,5.0,0.0381,BC_5YEAR
2025-05-01,7.0,0.04019999999999999,BC_7YEAR
2025-05-01,10.0,0.0425,BC_10YEAR
2025-05-01,20.0,0.0475,BC_20YEAR
2025-05-01,30.0,0.047400000000000005,BC_30YEAR
2025-05-02,0.08333333333333333,0.0438,BC_1MONTH
2025-05-02,0.16666666666666666,0.0434,BC_2MONTH
2025-05-02,0.25,0.0433,BC_3MONTH
2025-05-02,0.3333333333333333,0.0441,BC_4MONTH
2025-05-02,0.5,0.0426,BC_6MONTH
2025-05-02,1.0,0.04,BC_1YEAR
2025-05-02,2.0,0.0383,BC_2YEAR
2025-05-02,3.0,0.0382,BC_3YEAR
2025-05-02,5.0,0.0392,BC_5YEAR
2025-05-02,7.0,0.041100000000000005,BC_7YEAR
2025-05-02,10.0,0.0433,BC_10YEAR
2025-05-02,20.0,0.0481,BC_20YEAR
2025-05-02,30.0,0.0479,BC_30YEAR
2025-05-05,0.08333333333333333,0.0438,BC_1MONTH
2025-05-05,0.16666666666666666,0.0434,BC_2MONTH
2025-05-05,0.25,0.0433,BC_3MONTH
2025-05-05,0.3333333333333333,0.044000000000000004,BC_4MONTH
2025-05-05,0.5,0.042699999999999995,BC_6MONTH
2025-05-05,1.0,0.04019999999999999,BC_1YEAR
2025-05-05,2.0,0.0383,BC_2YEAR
2025-05-05,3.0,0.0378,BC_3YEAR
2025-05-05,5.0,0.0395,BC_5YEAR
2025-05-05,7.0,0.0414,BC_7YEAR
2025-05-05,10.0,0.0436,BC_10YEAR
2025-05-05,20.0,0.0484,BC_20YEAR
2025-05-05,30.0,0.0483,BC_30YEAR
2025-05-06,0.08333333333333333,0.0437,BC_1MONTH
2025-05-06,0.16666666666666666,0.0433,BC_2MONTH
2025-05-06,0.25,0.0433,BC_3MONTH
2025-05-06,0.3333333333333333,0.0438,BC_4MONTH
2025-05-06,0.5,0.0425,BC_6MONTH
2025-05-06,1.0,0.0398,BC_1YEAR
2025-05-06,2.0,0.0378,BC_2YEAR
2025-05-06,3.0,0.0373,BC_3YEAR
2025-05-06,5.0,0.039,BC_5YEAR
2025-05-06,7.0,0.040999999999999995,BC_7YEAR
2025-05-06,10.0,0.043,BC_10YEAR
2025-05-06,20.0,0.0482,BC_20YEAR
2025-05-06,30.0,0.0481,BC_30YEAR
2025-05-07,0.08333333333333333,0.0437,BC_1MONTH
2025-05-07,0.16666666666666666,0.0433,BC_2MONTH
2025-05-07,0.25,0.0434,BC_3MONTH
2025-05-07,0.3333333333333333,0.043899999999999995,BC_4MONTH
2025-05-07,0.5,0.042699999999999995,BC_6MONTH
2025-05-07,1.0,0.04,BC_1YEAR
2025-05-07,2.0,0.0378,BC_2YEAR
2025-05-07,3.0,0.037200000000000004,BC_3YEAR
2025-05-07,5.0,0.0387,BC_5YEAR
2025-05-07,7.0,0.0406,BC_7YEAR
2025-05-07,10.0,0.0426,BC_10YEAR
2025-05-07,20.0,0.0478,BC_20YEAR
2025-05-07,30.0,0.04769999999999999,BC_30YEAR
2025-05-08,0.08333333333333333,0.0437,BC_1MONTH
2025-05-08,0.16666666666666666,0.0435,BC_2MONTH
2025-05-08,0.25,0.0434,BC_3MONTH
2025-05-08,0.3333333333333333,0.044000000000000004,BC_4MONTH
2025-05-08,0.5,0.042800000000000005,BC_6MONTH
2025-05-08,1.0,0.0405,BC_1YEAR
2025-05-08,2.0,0.039,BC_2YEAR
2025-05-08,3.0,0.0385,BC_3YEAR
2025-05-08,5.0,0.04,BC_5YEAR
2025-05-08,7.0,0.0418,BC_7YEAR
2025-05-08,10.0,0.0437,BC_10YEAR
2025-05-08,20.0,0.048600000000000004,BC_20YEAR
2025-05-08,30.0,0.0483,BC_30YEAR
2025-05-09,0.08333333333333333,0.0437,BC_1MONTH
2025-05-09,0.16666666666666666,0.0434,BC_2MONTH
2025-05-09,0.25,0.0434,BC_3MONTH
2025-05-09,0.3333333333333333,0.044000000000000004,BC_4MONTH
2025-05-09,0.5,0.042800000000000005,BC_6MONTH
2025-05-09,1.0,0.0405,BC_1YEAR
2025-05-09,2.0,0.0388,BC_2YEAR
2025-05-09,3.0,0.0385,BC_3YEAR
2025-05-09,5.0,0.04,BC_5YEAR
2025-05-09,7.0,0.0418,BC_7YEAR
2025-05-09,10.0,0.0437,BC_10YEAR
2025-05-09,20.0,0.048600000000000004,BC_20YEAR
2025-05-09,30.0,0.0483,BC_30YEAR
2025-05-12,0.08333333333333333,0.0438,BC_1MONTH
2025-05-12,0.16666666666666666,0.0436,BC_2MONTH
2025-05-12,0.25,0.044199999999999996,BC_3MONTH
2025-05-12,0.3333333333333333,0.044500000000000005,BC_4MONTH
2025-05-12,0.5,0.0429,BC_6MONTH
2025-05-12,1.0,0.041100000000000005,BC_1YEAR
2025-05-12,2.0,0.0398,BC_2YEAR
2025-05-12,3.0,0.0397,BC_3YEAR
2025-05-12,5.0,0.0409,BC_5YEAR
2025-05-12,7.0,0.042699999999999995,BC_7YEAR
2025-05-12,10.0,0.044500000000000005,BC_10YEAR
2025-05-12,20.0,0.0492,BC_20YEAR
2025-05-12,30.0,0.0489,BC_30YEAR
2025-05-13,0.08333333333333333,0.043899999999999995,BC_1MONTH
2025-05-13,0.16666666666666666,0.0435,BC_2MONTH
2025-05-13,0.25,0.0441,BC_3MONTH
2025-05-13,0.3333333333333333,0.044500000000000005,BC_4MONTH
2025-05-13,0.5,0.0429,BC_6MONTH
2025-05-13,1.0,0.041100000000000005,BC_1YEAR
2025-05-13,2.0,0.04019999999999999,BC_2YEAR
2025-05-13,3.0,0.04,BC_3YEAR
2025-05-13,5.0,0.0412,BC_5YEAR
2025-05-13,7.0,0.043,BC_7YEAR
2025-05-13,10.0,0.0449,BC_10YEAR
2025-05-13,20.0,0.049699999999999994,BC_20YEAR
2025-05-13,30.0,0.049400000000000006,BC_30YEAR
2025-05-14,0.08333333333333333,0.043899999999999995,BC_1MONTH
2025-05-14,0.16666666666666666,0.0436,BC_2MONTH
2025-05-14,0.25,0.0441,BC_3MONTH
2025-05-14,0.3333333333333333,0.0444,BC_4MONTH
2025-05-14,0.5,0.043,BC_6MONTH
2025-05-14,1.0,0.0414,BC_1YEAR
2025-05-14,2.0,0.0405,BC_2YEAR
2025-05-14,3.0,0.0405,BC_3YEAR
2025-05-14,5.0,0.0417,BC_5YEAR
2025-05-14,7.0,0.0435,BC_7YEAR
2025-05-14,10.0,0.0453,BC_10YEAR
2025-05-14,20.0,0.05,BC_20YEAR
2025-05-14,30.0,0.049699999999999994,BC_30YEAR
2025-05-15,0.08333333333333333,0.0437,BC_1MONTH
2025-05-15,0.16666666666666666,0.0435,BC_2MONTH
2025-05-15,0.25,0.0438,BC_3MONTH
2025-05-15,0.3333333333333333,0.0443,BC_4MONTH
2025-05-15,0.5,0.0429,BC_6MONTH
2025-05-15,1.0,0.040999999999999995,BC_1YEAR
2025-05-15,2.0,0.039599999999999996,BC_2YEAR
2025-05-15,3.0,0.0395,BC_3YEAR
2025-05-15,5.0,0.0407,BC_5YEAR
2025-05-15,7.0,0.0425,BC_7YEAR
2025-05-15,10.0,0.044500000000000005,BC_10YEAR
2025-05-15,20.0,0.0493,BC_20YEAR
2025-05-15,30.0,0.049100000000000005,BC_30YEAR
2025-05-16,0.08333333333333333,0.0437,BC_1MONTH
2025-05-16,0.16666666666666666,0.0434,BC_2MONTH
2025-05-16,0.25,0.0437,BC_3MONTH
2025-05-16,0.3333333333333333,0.044199999999999996,BC_4MONTH
2025-05-16,0.5,0.043,BC_6MONTH
2025-05-16,1.0,0.041299999999999996,BC_1YEAR
2025-05-16,2.0,0.0398,BC_2YEAR
2025-05-16,3.0,0.0395,BC_3YEAR
2025-05-16,5.0,0.0406,BC_5YEAR
2025-05-16,7.0,0.0424,BC_7YEAR
2025-05-16,10.0,0.0443,BC_10YEAR
2025-05-16,20.0,0.0492,BC_20YEAR
2025-05-16,30.0,0.0489,BC_30YEAR
2025-05-19,0.08333333333333333,0.0437,BC_1MONTH
2025-05-19,0.16666666666666666,0.0435,BC_2MONTH
2025-05-19,0.25,0.043899999999999995,BC_3MONTH
2025-05-19,0.3333333333333333,0.044199999999999996,BC_4MONTH
2025-05-19,0.5,0.0432,BC_6MONTH
2025-05-19,1.0,0.0412,BC_1YEAR
2025-05-19,2.0,0.0397,BC_2YEAR
2025-05-19,3.0,0.0395,BC_3YEAR
2025-05-19,5.0,0.0407,BC_5YEAR
2025-05-19,7.0,0.0426,BC_7YEAR
2025-05-19,10.0,0.0446,BC_10YEAR
2025-05-19,20.0,0.0495,BC_20YEAR
2025-05-19,30.0,0.0492,BC_30YEAR
2025-05-20,0.08333333333333333,0.0436,BC_1MONTH
2025-05-20,0.16666666666666666,0.0434,BC_2MONTH
2025-05-20,0.25,0.0438,BC_3MONTH
2025-05-20,0.3333333333333333,0.044199999999999996,BC_4MONTH
2025-05-20,0.5,0.0432,BC_6MONTH
2025-05-20,1.0,0.0412,BC_1YEAR
2025-05-20,2.0,0.0397,BC_2YEAR
2025-05-20,3.0,0.0395,BC_3YEAR
2025-05-20,5.0,0.0407,BC_5YEAR
2025-05-20,7.0,0.042699999999999995,BC_7YEAR
2025-05-20,10.0,0.044800000000000006,BC_10YEAR
2025-05-20,20.0,0.0499,BC_20YEAR
2025-05-20,30.0,0.0496,BC_30YEAR
2025-05-21,0.08333333333333333,0.0435,BC_1MONTH
2025-05-21,0.16666666666666666,0.0434,BC_2MONTH
2025-05-21,0.25,0.0436,BC_3MONTH
2025-05-21,0.3333333333333333,0.044199999999999996,BC_4MONTH
2025-05-21,0.5,0.0433,BC_6MONTH
2025-05-21,1.0,0.041299999999999996,BC_1YEAR
2025-05-21,2.0,0.04,BC_2YEAR
2025-05-21,3.0,0.04,BC_3YEAR
2025-05-21,5.0,0.0415,BC_5YEAR
2025-05-21,7.0,0.0437,BC_7YEAR
2025-05-21,10.0,0.0458,BC_10YEAR
2025-05-21,20.0,0.0508,BC_20YEAR
2025-05-21,30.0,0.0508,BC_30YEAR
2025-05-22,0.08333333333333333,0.0437,BC_1MONTH
2025-05-22,0.16666666666666666,0.0435,BC_2MONTH
2025-05-22,0.25,0.0437,BC_3MONTH
2025-05-22,0.3333333333333333,0.044199999999999996,BC_4MONTH
2025-05-22,0.5,0.0434,BC_6MONTH
2025-05-22,1.0,0.041299999999999996,BC_1YEAR
2025-05-22,2.0,0.04,BC_2YEAR
2025-05-22,3.0,0.039900000000000005,BC_3YEAR
2025-05-22,5.0,0.041100000000000005,BC_5YEAR
2025-05-22,7.0,0.0432,BC_7YEAR
2025-05-22,10.0,0.0454,BC_10YEAR
2025-05-22,20.0,0.050499999999999996,BC_20YEAR
2025-05-22,30.0,0.050499999999999996,BC_30YEAR
2025-05-23,0.08333333333333333,0.0436,BC_1MONTH
2025-05-23,0.16666666666666666,0.0435,BC_2MONTH
2025-05-23,0.25,0.0436,BC_3MONTH
2025-05-23,0.3333333333333333,0.0443,BC_4MONTH
2025-05-23,0.5,0.0435,BC_6MONTH
2025-05-23,1.0,0.0415,BC_1YEAR
2025-05-23,2.0,0.04,BC_2YEAR
2025-05-23,3.0,0.039599999999999996,BC_3YEAR
2025-05-23,5.0,0.0408,BC_5YEAR
2025-05-23,7.0,0.0429,BC_7YEAR
2025-05-23,10.0,0.0451,BC_10YEAR
2025-05-23,20.0,0.050300000000000004,BC_20YEAR
2025-05-23,30.0,0.0504,BC_30YEAR
2025-05-27,0.08333333333333333,0.0435,BC_1MONTH
2025-05-27,0.16666666666666666,0.0435,BC_2MONTH
2025-05-27,0.25,0.0435,BC_3MONTH
2025-05-27,0.3333333333333333,0.0443,BC_4MONTH
2025-05-27,0.5,0.0435,BC_6MONTH
2025-05-27,1.0,0.0414,BC_1YEAR
2025-05-27,2.0,0.0392,BC_2YEAR
2025-05-27,3.0,0.0393,BC_3YEAR
2025-05-27,5.0,0.0404,BC_5YEAR
2025-05-27,7.0,0.042199999999999994,BC_7YEAR
2025-05-27,10.0,0.0443,BC_10YEAR
2025-05-27,20.0,0.0495,BC_20YEAR
2025-05-27,30.0,0.049400000000000006,BC_30YEAR
2025-05-28,0.08333333333333333,0.0435,BC_1MONTH
2025-05-28,0.16666666666666666,0.0435,BC_2MONTH
2025-05-28,0.25,0.0435,BC_3MONTH
2025-05-28,0.3333333333333333,0.0438,BC_4MONTH
2025-05-28,0.5,0.0436,BC_6MONTH
2025-05-28,1.0,0.0416,BC_1YEAR
2025-05-28,2.0,0.039599999999999996,BC_2YEAR
2025-05-28,3.0,0.0395,BC_3YEAR
2025-05-28,5.0,0.0405,BC_5YEAR
2025-05-28,7.0,0.042699999999999995,BC_7YEAR
2025-05-28,10.0,0.0447,BC_10YEAR
2025-05-28,20.0,0.0499,BC_20YEAR
2025-05-28,30.0,0.049699999999999994,BC_30YEAR
2025-05-29,0.08333333333333333,0.0434,BC_1MONTH
2025-05-29,0.16666666666666666,0.0435,BC_2MONTH
2025-05-29,0.25,0.0436,BC_3MONTH
2025-05-29,0.3333333333333333,0.043899999999999995,BC_4MONTH
2025-05-29,0.5,0.0436,BC_6MONTH
2025-05-29,1.0,0.041299999999999996,BC_1YEAR
2025-05-29,2.0,0.0392,BC_2YEAR
2025-05-29,3.0,0.0391,BC_3YEAR
2025-05-29,5.0,0.04,BC_5YEAR
2025-05-29,7.0,0.042,BC_7YEAR
2025-05-29,10.0,0.0443,BC_10YEAR
2025-05-29,20.0,0.049400000000000006,BC_20YEAR
2025-05-29,30.0,0.0492,BC_30YEAR
2025-05-30,0.08333333333333333,0.0433,BC_1MONTH
2025-05-30,0.16666666666666666,0.0435,BC_2MONTH
2025-05-30,0.25,0.0436,BC_3MONTH
2025-05-30,0.3333333333333333,0.043899999999999995,BC_4MONTH
2025-05-30,0.5,0.0436,BC_6MONTH
2025-05-30,1.0,0.041100000000000005,BC_1YEAR
2025-05-30,2.0,0.038900000000000004,BC_2YEAR
2025-05-30,3.0,0.0387,BC_3YEAR
2025-05-30,5.0,0.039599999999999996,BC_5YEAR
2025-05-30,7.0,0.0418,BC_7YEAR
2025-05-30,10.0,0.0441,BC_10YEAR
2025-05-30,20.0,0.0493,BC_20YEAR
2025-05-30,30.0,0.0492,BC_30YEAR
2025-06-02,0.08333333333333333,0.0433,BC_1MONTH
2025-06-02,0.16666666666666666,0.0436,BC_2MONTH
2025-06-02,0.25,0.0444,BC_3MONTH
2025-06-02,0.3333333333333333,0.0438,BC_4MONTH
2025-06-02,0.5,0.0431,BC_6MONTH
2025-06-02,1.0,0.0412,BC_1YEAR
2025-06-02,2.0,0.0394,BC_2YEAR
2025-06-02,3.0,0.0391,BC_3YEAR
2025-06-02,5.0,0.0401,BC_5YEAR
2025-06-02,7.0,0.042199999999999994,BC_7YEAR
2025-06-02,10.0,0.0446,BC_10YEAR
2025-06-02,20.0,0.05,BC_20YEAR
2025-06-02,30.0,0.0499,BC_30YEAR
2025-06-03,0.08333333333333333,0.0433,BC_1MONTH
2025-06-03,0.16666666666666666,0.0435,BC_2MONTH
2025-06-03,0.25,0.0443,BC_3MONTH
2025-06-03,0.3333333333333333,0.0438,BC_4MONTH
2025-06-03,0.5,0.0431,BC_6MONTH
2025-06-03,1.0,0.0412,BC_1YEAR
2025-06-03,2.0,0.039599999999999996,BC_2YEAR
2025-06-03,3.0,0.0393,BC_3YEAR
2025-06-03,5.0,0.0404,BC_5YEAR
2025-06-03,7.0,0.042300000000000004,BC_7YEAR
2025-06-03,10.0,0.0446,BC_10YEAR
2025-06-03,20.0,0.05,BC_20YEAR
2025-06-03,30.0,0.049800000000000004,BC_30YEAR
2025-06-04,0.08333333333333333,0.0432,BC_1MONTH
2025-06-04,0.16666666666666666,0.0435,BC_2MONTH
2025-06-04,0.25,0.0444,BC_3MONTH
2025-06-04,0.3333333333333333,0.0437,BC_4MONTH
2025-06-04,0.5,0.0429,BC_6MONTH
2025-06-04,1.0,0.0406,BC_1YEAR
2025-06-04,2.0,0.0387,BC_2YEAR
2025-06-04,3.0,0.0384,BC_3YEAR
2025-06-04,5.0,0.0393,BC_5YEAR
2025-06-04,7.0,0.0414,BC_7YEAR
2025-06-04,10.0,0.0437,BC_10YEAR
2025-06-04,20.0,0.049,BC_20YEAR
2025-06-04,30.0,0.0489,BC_30YEAR
2025-06-05,0.08333333333333333,0.0426,BC_1MONTH
2025-06-05,0.16666666666666666,0.0435,BC_2MONTH
2025-06-05,0.25,0.0444,BC_3MONTH
2025-06-05,0.3333333333333333,0.0437,BC_4MONTH
2025-06-05,0.5,0.0429,BC_6MONTH
2025-06-05,1.0,0.0408,BC_1YEAR
2025-06-05,2.0,0.0392,BC_2YEAR
2025-06-05,3.0,0.039,BC_3YEAR
2025-06-05,5.0,0.039900000000000005,BC_5YEAR
2025-06-05,7.0,0.0418,BC_7YEAR
2025-06-05,10.0,0.044000000000000004,BC_10YEAR
2025-06-05,20.0,0.049,BC_20YEAR
2025-06-05,30.0,0.048799999999999996,BC_30YEAR
2025-06-06,0.08333333333333333,0.042800000000000005,BC_1MONTH
2025-06-06,0.16666666666666666,0.0435,BC_2MONTH
2025-06-06,0.25,0.0443,BC_3MONTH
2025-06-06,0.3333333333333333,0.0438,BC_4MONTH
2025-06-06,0.5,0.0431,BC_6MONTH
2025-06-06,1.0,0.0414,BC_1YEAR
2025-06-06,2.0,0.0404,BC_2YEAR
2025-06-06,3.0,0.04019999999999999,BC_3YEAR
2025-06-06,5.0,0.041299999999999996,BC_5YEAR
2025-06-06,7.0,0.0431,BC_7YEAR
2025-06-06,10.0,0.0451,BC_10YEAR
2025-06-06,20.0,0.0499,BC_20YEAR
2025-06-06,30.0,0.049699999999999994,BC_30YEAR
2025-06-09,0.08333333333333333,0.0429,BC_1MONTH
2025-06-09,0.16666666666666666,0.0436,BC_2MONTH
2025-06-09,0.25,0.0444,BC_3MONTH
2025-06-09,0.3333333333333333,0.0438,BC_4MONTH
2025-06-09,0.5,0.0432,BC_6MONTH
2025-06-09,1.0,0.041299999999999996,BC_1YEAR
2025-06-09,2.0,0.0401,BC_2YEAR
2025-06-09,3.0,0.039900000000000005,BC_3YEAR
2025-06-09,5.0,0.0409,BC_5YEAR
2025-06-09,7.0,0.042800000000000005,BC_7YEAR
2025-06-09,10.0,0.0449,BC_10YEAR
2025-06-09,20.0,0.049800000000000004,BC_20YEAR
2025-06-09,30.0,0.0495,BC_30YEAR
2025-06-10,0.08333333333333333,0.0429,BC_1MONTH
2025-06-10,0.16666666666666666,0.0437,BC_2MONTH
2025-06-10,0.25,0.044500000000000005,BC_3MONTH
2025-06-10,0.3333333333333333,0.0438,BC_4MONTH
2025-06-10,0.5,0.0432,BC_6MONTH
2025-06-10,1.0,0.0412,BC_1YEAR
2025-06-10,2.0,0.0401,BC_2YEAR
2025-06-10,3.0,0.0395,BC_3YEAR
2025-06-10,5.0,0.0408,BC_5YEAR
2025-06-10,7.0,0.042699999999999995,BC_7YEAR
2025-06-10,10.0,0.0447,BC_10YEAR
2025-06-10,20.0,0.0496,BC_20YEAR
2025-06-10,30.0,0.0493,BC_30YEAR
2025-06-11,0.08333333333333333,0.043,BC_1MONTH
2025-06-11,0.16666666666666666,0.043899999999999995,BC_2MONTH
2025-06-11,0.25,0.044500000000000005,BC_3MONTH
2025-06-11,0.3333333333333333,0.043899999999999995,BC_4MONTH
2025-06-11,0.5,0.0431,BC_6MONTH
2025-06-11,1.0,0.0408,BC_1YEAR
2025-06-11,2.0,0.0394,BC_2YEAR
2025-06-11,3.0,0.038900000000000004,BC_3YEAR
2025-06-11,5.0,0.04019999999999999,BC_5YEAR
2025-06-11,7.0,0.0421,BC_7YEAR
2025-06-11,10.0,0.0441,BC_10YEAR
2025-06-11,20.0,0.0493,BC_20YEAR
2025-06-11,30.0,0.049100000000000005,BC_30YEAR
2025-06-12,0.08333333333333333,0.0418,BC_1MONTH
2025-06-12,0.16666666666666666,0.0449,BC_2MONTH
2025-06-12,0.25,0.0446,BC_3MONTH
2025-06-12,0.3333333333333333,0.044000000000000004,BC_4MONTH
2025-06-12,0.5,0.0429,BC_6MONTH
2025-06-12,1.0,0.0406,BC_1YEAR
2025-06-12,2.0,0.039,BC_2YEAR
2025-06-12,3.0,0.0385,BC_3YEAR
2025-06-12,5.0,0.0397,BC_5YEAR
2025-06-12,7.0,0.0415,BC_7YEAR
2025-06-12,10.0,0.0436,BC_10YEAR
2025-06-12,20.0,0.048600000000000004,BC_20YEAR
2025-06-12,30.0,0.0484,BC_30YEAR
2025-06-13,0.08333333333333333,0.042300000000000004,BC_1MONTH
2025-06-13,0.16666666666666666,0.044800000000000006,BC_2MONTH
2025-06-13,0.25,0.044500000000000005,BC_3MONTH
2025-06-13,0.3333333333333333,0.044000000000000004,BC_4MONTH
2025-06-13,0.5,0.043,BC_6MONTH
2025-06-13,1.0,0.0409,BC_1YEAR
2025-06-13,2.0,0.039599999999999996,BC_2YEAR
2025-06-13,3.0,0.039,BC_3YEAR
2025-06-13,5.0,0.04019999999999999,BC_5YEAR
2025-06-13,7.0,0.042,BC_7YEAR
2025-06-13,10.0,0.0441,BC_10YEAR
2025-06-13,20.0,0.0493,BC_20YEAR
2025-06-13,30.0,0.049,BC_30YEAR
2025-06-16,0.08333333333333333,0.0424,BC_1MONTH
2025-06-16,0.16666666666666666,0.0447,BC_2MONTH
2025-06-16,0.25,0.0443,BC_3MONTH
2025-06-16,0.3333333333333333,0.044000000000000004,BC_4MONTH
2025-06-16,0.5,0.0432,BC_6MONTH
2025-06-16,1.0,0.040999999999999995,BC_1YEAR
2025-06-16,2.0,0.0397,BC_2YEAR
2025-06-16,3.0,0.0393,BC_3YEAR
2025-06-16,5.0,0.0404,BC_5YEAR
2025-06-16,7.0,0.042300000000000004,BC_7YEAR
2025-06-16,10.0,0.0446,BC_10YEAR
2025-06-16,20.0,0.049699999999999994,BC_20YEAR
2025-06-16,30.0,0.0496,BC_30YEAR
2025-06-17,0.08333333333333333,0.042300000000000004,BC_1MONTH
2025-06-17,0.16666666666666666,0.0446,BC_2MONTH
2025-06-17,0.25,0.044199999999999996,BC_3MONTH
2025-06-17,0.3333333333333333,0.043899999999999995,BC_4MONTH
2025-06-17,0.5,0.0431,BC_6MONTH
2025-06-17,1.0,0.040999999999999995,BC_1YEAR
2025-06-17,2.0,0.0394,BC_2YEAR
2025-06-17,3.0,0.039,BC_3YEAR
2025-06-17,5.0,0.039900000000000005,BC_5YEAR
2025-06-17,7.0,0.0417,BC_7YEAR
2025-06-17,10.0,0.043899999999999995,BC_10YEAR
2025-06-17,20.0,0.0489,BC_20YEAR
2025-06-17,30.0,0.048799999999999996,BC_30YEAR
2025-06-18,0.08333333333333333,0.042,BC_1MONTH
2025-06-18,0.16666666666666666,0.0458,BC_2MONTH
2025-06-18,0.25,0.044199999999999996,BC_3MONTH
2025-06-18,0.3333333333333333,0.0441,BC_4MONTH
2025-06-18,0.5,0.0433,BC_6MONTH
2025-06-18,1.0,0.040999999999999995,BC_1YEAR
2025-06-18,2.0,0.0394,BC_2YEAR
2025-06-18,3.0,0.038900000000000004,BC_3YEAR
2025-06-18,5.0,0.0398,BC_5YEAR
2025-06-18,7.0,0.0417,BC_7YEAR
2025-06-18,10.0,0.0438,BC_10YEAR
2025-06-18,20.0,0.0489,BC_20YEAR
2025-06-18,30.0,0.048799999999999996,BC_30YEAR
2025-06-20,0.08333333333333333,0.042,BC_1MONTH
2025-06-20,0.16666666666666666,0.0455,BC_2MONTH
2025-06-20,0.25,0.043899999999999995,BC_3MONTH
2025-06-20,0.3333333333333333,0.044000000000000004,BC_4MONTH
2025-06-20,0.5,0.0429,BC_6MONTH
2025-06-20,1.0,0.0407,BC_1YEAR
2025-06-20,2.0,0.039,BC_2YEAR
2025-06-20,3.0,0.038599999999999995,BC_3YEAR
2025-06-20,5.0,0.039599999999999996,BC_5YEAR
2025-06-20,7.0,0.0416,BC_7YEAR
2025-06-20,10.0,0.0438,BC_10YEAR
2025-06-20,20.0,0.049,BC_20YEAR
2025-06-20,30.0,0.0489,BC_30YEAR
2025-06-23,0.08333333333333333,0.042,BC_1MONTH
2025-06-23,0.16666666666666666,0.0452,BC_2MONTH
2025-06-23,0.25,0.0438,BC_3MONTH
2025-06-23,0.3333333333333333,0.0437,BC_4MONTH
2025-06-23,0.5,0.042800000000000005,BC_6MONTH
2025-06-23,1.0,0.04,BC_1YEAR
2025-06-23,2.0,0.0384,BC_2YEAR
2025-06-23,3.0,0.038,BC_3YEAR
2025-06-23,5.0,0.0391,BC_5YEAR
2025-06-23,7.0,0.040999999999999995,BC_7YEAR
2025-06-23,10.0,0.0434,BC_10YEAR
2025-06-23,20.0,0.0487,BC_20YEAR
2025-06-23,30.0,0.0487,BC_30YEAR
2025-06-24,0.08333333333333333,0.0421,BC_1MONTH
2025-06-24,0.16666666666666666,0.0444,BC_2MONTH
2025-06-24,0.25,0.0438,BC_3MONTH
2025-06-24,0.3333333333333333,0.0437,BC_4MONTH
2025-06-24,0.5,0.042699999999999995,BC_6MONTH
2025-06-24,1.0,0.039900000000000005,BC_1YEAR
2025-06-24,2.0,0.0375,BC_2YEAR
2025-06-24,3.0,0.0375,BC_3YEAR
2025-06-24,5.0,0.038599999999999995,BC_5YEAR
2025-06-24,7.0,0.0406,BC_7YEAR
2025-06-24,10.0,0.043,BC_10YEAR
2025-06-24,20.0,0.0483,BC_20YEAR
2025-06-24,30.0,0.0483,BC_30YEAR
2025-06-25,0.08333333333333333,0.0421,BC_1MONTH
2025-06-25,0.16666666666666666,0.0443,BC_2MONTH
2025-06-25,0.25,0.0438,BC_3MONTH
2025-06-25,0.3333333333333333,0.0436,BC_4MONTH
2025-06-25,0.5,0.0426,BC_6MONTH
2025-06-25,1.0,0.039900000000000005,BC_1YEAR
2025-06-25,2.0,0.0374,BC_2YEAR
2025-06-25,3.0,0.0374,BC_3YEAR
2025-06-25,5.0,0.0383,BC_5YEAR
2025-06-25,7.0,0.0405,BC_7YEAR
2025-06-25,10.0,0.0429,BC_10YEAR
2025-06-25,20.0,0.0483,BC_20YEAR
2025-06-25,30.0,0.0483,BC_30YEAR
2025-06-26,0.08333333333333333,0.041100000000000005,BC_1MONTH
2025-06-26,0.16666666666666666,0.0449,BC_2MONTH
2025-06-26,0.25,0.043899999999999995,BC_3MONTH
2025-06-26,0.3333333333333333,0.0436,BC_4MONTH
2025-06-26,0.5,0.0426,BC_6MONTH
2025-06-26,1.0,0.039599999999999996,BC_1YEAR
2025-06-26,2.0,0.037000000000000005,BC_2YEAR
2025-06-26,3.0,0.0368,BC_3YEAR
2025-06-26,5.0,0.0379,BC_5YEAR
2025-06-26,7.0,0.04,BC_7YEAR
2025-06-26,10.0,0.0426,BC_10YEAR
2025-06-26,20.0,0.0481,BC_20YEAR
2025-06-26,30.0,0.0481,BC_30YEAR
2025-06-27,0.08333333333333333,0.04190000000000001,BC_1MONTH
2025-06-27,0.16666666666666666,0.0449,BC_2MONTH
2025-06-27,0.25,0.043899999999999995,BC_3MONTH
2025-06-27,0.3333333333333333,0.0436,BC_4MONTH
2025-06-27,0.5,0.0426,BC_6MONTH
2025-06-27,1.0,0.0397,BC_1YEAR
2025-06-27,2.0,0.0373,BC_2YEAR
2025-06-27,3.0,0.037200000000000004,BC_3YEAR
2025-06-27,5.0,0.0383,BC_5YEAR
2025-06-27,7.0,0.0403,BC_7YEAR
2025-06-27,10.0,0.0429,BC_10YEAR
2025-06-27,20.0,0.048499999999999995,BC_20YEAR
2025-06-27,30.0,0.048499999999999995,BC_30YEAR
2025-06-30,0.08333333333333333,0.042800000000000005,BC_1MONTH
2025-06-30,0.16666666666666666,0.044500000000000005,BC_2MONTH
2025-06-30,0.25,0.0441,BC_3MONTH
2025-06-30,0.3333333333333333,0.0436,BC_4MONTH
2025-06-30,0.5,0.0429,BC_6MONTH
2025-06-30,1.0,0.039599999999999996,BC_1YEAR
2025-06-30,2.0,0.037200000000000004,BC_2YEAR
2025-06-30,3.0,0.0368,BC_3YEAR
2025-06-30,5.0,0.0379,BC_5YEAR
2025-06-30,7.0,0.0398,BC_7YEAR
2025-06-30,10.0,0.0424,BC_10YEAR
2025-06-30,20.0,0.0479,BC_20YEAR
2025-06-30,30.0,0.0478,BC_30YEAR
2025-07-01,0.08333333333333333,0.0432,BC_1MONTH
2025-07-01,0.16666666666666666,0.044199999999999996,BC_2MONTH
2025-07-01,0.25,0.044000000000000004,BC_3MONTH
2025-07-01,0.3333333333333333,0.0435,BC_4MONTH
2025-07-01,0.5,0.0429,BC_6MONTH
2025-07-01,1.0,0.0398,BC_1YEAR
2025-07-01,2.0,0.0378,BC_2YEAR
2025-07-01,3.0,0.0375,BC_3YEAR
2025-07-01,5.0,0.0384,BC_5YEAR
2025-07-01,7.0,0.0403,BC_7YEAR
2025-07-01,10.0,0.0426,BC_10YEAR
2025-07-01,20.0,0.0479,BC_20YEAR
2025-07-01,30.0,0.0478,BC_30YEAR
2025-07-02,0.08333333333333333,0.0433,BC_1MONTH
2025-07-02,0.16666666666666666,0.0443,BC_2MONTH
2025-07-02,0.25,0.0441,BC_3MONTH
2025-07-02,0.3333333333333333,0.0437,BC_4MONTH
2025-07-02,0.5,0.042800000000000005,BC_6MONTH
2025-07-02,1.0,0.039900000000000005,BC_1YEAR
2025-07-02,2.0,0.0378,BC_2YEAR
2025-07-02,3.0,0.0377,BC_3YEAR
2025-07-02,5.0,0.0387,BC_5YEAR
2025-07-02,7.0,0.0406,BC_7YEAR
2025-07-02,10.0,0.043,BC_10YEAR
2025-07-02,20.0,0.0484,BC_20YEAR
2025-07-02,30.0,0.0482,BC_30YEAR
2025-07-03,0.08333333333333333,0.0435,BC_1MONTH
2025-07-03,0.16666666666666666,0.045,BC_2MONTH
2025-07-03,0.25,0.044199999999999996,BC_3MONTH
2025-07-03,0.3333333333333333,0.0441,BC_4MONTH
2025-07-03,0.5,0.0434,BC_6MONTH
2025-07-03,1.0,0.0407,BC_1YEAR
2025-07-03,2.0,0.0388,BC_2YEAR
2025-07-03,3.0,0.0384,BC_3YEAR
2025-07-03,5.0,0.0394,BC_5YEAR
2025-07-03,7.0,0.0412,BC_7YEAR
2025-07-03,10.0,0.0435,BC_10YEAR
2025-07-03,20.0,0.0487,BC_20YEAR
2025-07-03,30.0,0.048600000000000004,BC_30YEAR
2025-07-07,0.08333333333333333,0.0437,BC_1MONTH
2025-07-07,0.16666666666666666,0.044500000000000005,BC_2MONTH
2025-07-07,0.25,0.044199999999999996,BC_3MONTH
2025-07-07,0.3333333333333333,0.0441,BC_4MONTH
2025-07-07,0.5,0.0433,BC_6MONTH
2025-07-07,1.0,0.0408,BC_1YEAR
2025-07-07,2.0,0.039,BC_2YEAR
2025-07-07,3.0,0.0385,BC_3YEAR
2025-07-07,5.0,0.039599999999999996,BC_5YEAR
2025-07-07,7.0,0.0416,BC_7YEAR
2025-07-07,10.0,0.044000000000000004,BC_10YEAR
2025-07-07,20.0,0.0493,BC_20YEAR
2025-07-07,30.0,0.0492,BC_30YEAR
2025-07-08,0.08333333333333333,0.0436,BC_1MONTH
2025-07-08,0.16666666666666666,0.0446,BC_2MONTH
2025-07-08,0.25,0.044199999999999996,BC_3MONTH
2025-07-08,0.3333333333333333,0.044199999999999996,BC_4MONTH
2025-07-08,0.5,0.0434,BC_6MONTH
2025-07-08,1.0,0.041100000000000005,BC_1YEAR
2025-07-08,2.0,0.039,BC_2YEAR
2025-07-08,3.0,0.038599999999999995,BC_3YEAR
2025-07-08,5.0,0.039900000000000005,BC_5YEAR
2025-07-08,7.0,0.0418,BC_7YEAR
2025-07-08,10.0,0.044199999999999996,BC_10YEAR
2025-07-08,20.0,0.0495,BC_20YEAR
2025-07-08,30.0,0.049400000000000006,BC_30YEAR
2025-07-09,0.08333333333333333,0.0436,BC_1MONTH
2025-07-09,0.16666666666666666,0.044500000000000005,BC_2MONTH
2025-07-09,0.25,0.044199999999999996,BC_3MONTH
2025-07-09,0.3333333333333333,0.044199999999999996,BC_4MONTH
2025-07-09,0.5,0.0431,BC_6MONTH
2025-07-09,1.0,0.0407,BC_1YEAR
2025-07-09,2.0,0.038599999999999995,BC_2YEAR
2025-07-09,3.0,0.038,BC_3YEAR
2025-07-09,5.0,0.0392,BC_5YEAR
2025-07-09,7.0,0.041100000000000005,BC_7YEAR
2025-07-09,10.0,0.0434,BC_10YEAR
2025-07-09,20.0,0.0487,BC_20YEAR
2025-07-09,30.0,0.0487,BC_30YEAR
2025-07-10,0.08333333333333333,0.0436,BC_1MONTH
2025-07-10,0.16666666666666666,0.0447,BC_2MONTH
2025-07-10,0.25,0.044199999999999996,BC_3MONTH
2025-07-10,0.3333333333333333,0.044199999999999996,BC_4MONTH
2025-07-10,0.5,0.0431,BC_6MONTH
2025-07-10,1.0,0.0407,BC_1YEAR
2025-07-10,2.0,0.038599999999999995,BC_2YEAR
2025-07-10,3.0,0.0382,BC_3YEAR
2025-07-10,5.0,0.0393,BC_5YEAR
2025-07-10,7.0,0.0412,BC_7YEAR
2025-07-10,10.0,0.0435,BC_10YEAR
2025-07-10,20.0,0.0487,BC_20YEAR
2025-07-10,30.0,0.048600000000000004,BC_30YEAR
2025-07-11,0.08333333333333333,0.0437,BC_1MONTH
2025-07-11,0.16666666666666666,0.0447,BC_2MONTH
2025-07-11,0.25,0.0441,BC_3MONTH
2025-07-11,0.3333333333333333,0.044199999999999996,BC_4MONTH
2025-07-11,0.5,0.0431,BC_6MONTH
2025-07-11,1.0,0.0409,BC_1YEAR
2025-07-11,2.0,0.039,BC_2YEAR
2025-07-11,3.0,0.038599999999999995,BC_3YEAR
2025-07-11,5.0,0.039900000000000005,BC_5YEAR
2025-07-11,7.0,0.04190000000000001,BC_7YEAR
2025-07-11,10.0,0.0443,BC_10YEAR
2025-07-11,20.0,0.0496,BC_20YEAR
2025-07-11,30.0,0.0496,BC_30YEAR
2025-07-14,0.08333333333333333,0.0437,BC_1MONTH
2025-07-14,0.16666666666666666,0.0446,BC_2MONTH
2025-07-14,0.25,0.044199999999999996,BC_3MONTH
2025-07-14,0.3333333333333333,0.044199999999999996,BC_4MONTH
2025-07-14,0.5,0.0431,BC_6MONTH
2025-07-14,1.0,0.0408,BC_1YEAR
2025-07-14,2.0,0.039,BC_2YEAR
2025-07-14,3.0,0.038599999999999995,BC_3YEAR
2025-07-14,5.0,0.0398,BC_5YEAR
2025-07-14,7.0,0.04190000000000001,BC_7YEAR
2025-07-14,10.0,0.0443,BC_10YEAR
2025-07-14,20.0,0.049699999999999994,BC_20YEAR
2025-07-14,30.0,0.049699999999999994,BC_30YEAR
2025-07-15,0.08333333333333333,0.0436,BC_1MONTH
2025-07-15,0.16666666666666666,0.0446,BC_2MONTH
2025-07-15,0.25,0.044199999999999996,BC_3MONTH
2025-07-15,0.3333333333333333,0.0443,BC_4MONTH
2025-07-15,0.5,0.0433,BC_6MONTH
2025-07-15,1.0,0.0412,BC_1YEAR
2025-07-15,2.0,0.0395,BC_2YEAR
2025-07-15,3.0,0.0393,BC_3YEAR
2025-07-15,5.0,0.0405,BC_5YEAR
2025-07-15,7.0,0.0426,BC_7YEAR
2025-07-15,10.0,0.045,BC_10YEAR
2025-07-15,20.0,0.050199999999999995,BC_20YEAR
2025-07-15,30.0,0.0501,BC_30YEAR
2025-07-16,0.08333333333333333,0.0436,BC_1MONTH
2025-07-16,0.16666666666666666,0.044500000000000005,BC_2MONTH
2025-07-16,0.25,0.0441,BC_3MONTH
2025-07-16,0.3333333333333333,0.044199999999999996,BC_4MONTH
2025-07-16,0.5,0.0431,BC_6MONTH
2025-07-16,1.0,0.0408,BC_1YEAR
2025-07-16,2.0,0.0388,BC_2YEAR
2025-07-16,3.0,0.038599999999999995,BC_3YEAR
2025-07-16,5.0,0.039900000000000005,BC_5YEAR
2025-07-16,7.0,0.0421,BC_7YEAR
2025-07-16,10.0,0.0446,BC_10YEAR
2025-07-16,20.0,0.0501,BC_20YEAR
2025-07-16,30.0,0.0501,BC_30YEAR
2025-07-17,0.08333333333333333,0.0436,BC_1MONTH
2025-07-17,0.16666666666666666,0.0447,BC_2MONTH
2025-07-17,0.25,0.0441,BC_3MONTH
2025-07-17,0.3333333333333333,0.044199999999999996,BC_4MONTH
2025-07-17,0.5,0.0431,BC_6MONTH
2025-07-17,1.0,0.040999999999999995,BC_1YEAR
2025-07-17,2.0,0.0391,BC_2YEAR
2025-07-17,3.0,0.038900000000000004,BC_3YEAR
2025-07-17,5.0,0.0401,BC_5YEAR
2025-07-17,7.0,0.042199999999999994,BC_7YEAR
2025-07-17,10.0,0.0447,BC_10YEAR
2025-07-17,20.0,0.0501,BC_20YEAR
2025-07-17,30.0,0.0501,BC_30YEAR
2025-07-18,0.08333333333333333,0.0435,BC_1MONTH
2025-07-18,0.16666666666666666,0.0446,BC_2MONTH
2025-07-18,0.25,0.044000000000000004,BC_3MONTH
2025-07-18,0.3333333333333333,0.044199999999999996,BC_4MONTH
2025-07-18,0.5,0.043,BC_6MONTH
2025-07-18,1.0,0.0408,BC_1YEAR
2025-07-18,2.0,0.0388,BC_2YEAR
2025-07-18,3.0,0.0384,BC_3YEAR
2025-07-18,5.0,0.039599999999999996,BC_5YEAR
2025-07-18,7.0,0.0418,BC_7YEAR
2025-07-18,10.0,0.0444,BC_10YEAR
2025-07-18,20.0,0.0499,BC_20YEAR
2025-07-18,30.0,0.05,BC_30YEAR
2025-07-21,0.08333333333333333,0.0435,BC_1MONTH
2025-07-21,0.16666666666666666,0.0446,BC_2MONTH
2025-07-21,0.25,0.0441,BC_3MONTH
2025-07-21,0.3333333333333333,0.044199999999999996,BC_4MONTH
2025-07-21,0.5,0.043,BC_6MONTH
2025-07-21,1.0,0.0406,BC_1YEAR
2025-07-21,2.0,0.0385,BC_2YEAR
2025-07-21,3.0,0.0381,BC_3YEAR
2025-07-21,5.0,0.0391,BC_5YEAR
2025-07-21,7.0,0.041299999999999996,BC_7YEAR
2025-07-21,10.0,0.0438,BC_10YEAR
2025-07-21,20.0,0.0493,BC_20YEAR
2025-07-21,30.0,0.049400000000000006,BC_30YEAR
2025-07-22,0.08333333333333333,0.0437,BC_1MONTH
2025-07-22,0.16666666666666666,0.044500000000000005,BC_2MONTH
2025-07-22,0.25,0.0441,BC_3MONTH
2025-07-22,0.3333333333333333,0.044199999999999996,BC_4MONTH
2025-07-22,0.5,0.043,BC_6MONTH
2025-07-22,1.0,0.0405,BC_1YEAR
2025-07-22,2.0,0.0383,BC_2YEAR
2025-07-22,3.0,0.0377,BC_3YEAR
2025-07-22,5.0,0.0388,BC_5YEAR
2025-07-22,7.0,0.0409,BC_7YEAR
2025-07-22,10.0,0.0435,BC_10YEAR
2025-07-22,20.0,0.049,BC_20YEAR
2025-07-22,30.0,0.049,BC_30YEAR
2025-07-23,0.08333333333333333,0.0437,BC_1MONTH
2025-07-23,0.16666666666666666,0.044500000000000005,BC_2MONTH
2025-07-23,0.25,0.0441,BC_3MONTH
2025-07-23,0.3333333333333333,0.044199999999999996,BC_4MONTH
2025-07-23,0.5,0.0431,BC_6MONTH
2025-07-23,1.0,0.0408,BC_1YEAR
2025-07-23,2.0,0.0388,BC_2YEAR
2025-07-23,3.0,0.0384,BC_3YEAR
2025-07-23,5.0,0.0394,BC_5YEAR
2025-07-23,7.0,0.0415,BC_7YEAR
2025-07-23,10.0,0.044000000000000004,BC_10YEAR
2025-07-23,20.0,0.0493,BC_20YEAR
2025-07-23,30.0,0.0495,BC_30YEAR
2025-07-24,0.08333333333333333,0.0437,BC_1MONTH
2025-07-24,0.16666666666666666,0.0446,BC_2MONTH
2025-07-24,0.25,0.044199999999999996,BC_3MONTH
2025-07-24,0.3333333333333333,0.044199999999999996,BC_4MONTH
2025-07-24,0.5,0.0432,BC_6MONTH
2025-07-24,1.0,0.040999999999999995,BC_1YEAR
2025-07-24,2.0,0.0391,BC_2YEAR
2025-07-24,3.0,0.0387,BC_3YEAR
2025-07-24,5.0,0.0398,BC_5YEAR
2025-07-24,7.0,0.0418,BC_7YEAR
2025-07-24,10.0,0.0443,BC_10YEAR
2025-07-24,20.0,0.0495,BC_20YEAR
2025-07-24,30.0,0.0496,BC_30YEAR
2025-07-25,0.08333333333333333,0.0437,BC_1MONTH
2025-07-25,0.16666666666666666,0.0446,BC_2MONTH
2025-07-25,0.25,0.044199999999999996,BC_3MONTH
2025-07-25,0.3333333333333333,0.044199999999999996,BC_4MONTH
2025-07-25,0.5,0.0431,BC_6MONTH
2025-07-25,1.0,0.0409,BC_1YEAR
2025-07-25,2.0,0.0391,BC_2YEAR
2025-07-25,3.0,0.038599999999999995,BC_3YEAR
2025-07-25,5.0,0.0395,BC_5YEAR
2025-07-25,7.0,0.0415,BC_7YEAR
2025-07-25,10.0,0.044000000000000004,BC_10YEAR
2025-07-25,20.0,0.0492,BC_20YEAR
2025-07-25,30.0,0.0492,BC_30YEAR
2025-07-28,0.08333333333333333,0.044000000000000004,BC_1MONTH
2025-07-28,0.16666666666666666,0.044500000000000005,BC_2MONTH
2025-07-28,0.25,0.044000000000000004,BC_3MONTH
2025-07-28,0.3333333333333333,0.044199999999999996,BC_4MONTH
2025-07-28,0.5,0.043,BC_6MONTH
2025-07-28,1.0,0.0409,BC_1YEAR
2025-07-28,2.0,0.0391,BC_2YEAR
2025-07-28,3.0,0.0387,BC_3YEAR
2025-07-28,5.0,0.039599999999999996,BC_5YEAR
2025-07-28,7.0,0.0418,BC_7YEAR
2025-07-28,10.0,0.044199999999999996,BC_10YEAR
2025-07-28,20.0,0.0495,BC_20YEAR
2025-07-28,30.0,0.0496,BC_30YEAR
2025-07-29,0.08333333333333333,0.044000000000000004,BC_1MONTH
2025-07-29,0.16666666666666666,0.044500000000000005,BC_2MONTH
2025-07-29,0.25,0.044000000000000004,BC_3MONTH
2025-07-29,0.3333333333333333,0.0441,BC_4MONTH
2025-07-29,0.5,0.042800000000000005,BC_6MONTH
2025-07-29,1.0,0.0407,BC_1YEAR
2025-07-29,2.0,0.038599999999999995,BC_2YEAR
2025-07-29,3.0,0.0382,BC_3YEAR
2025-07-29,5.0,0.039,BC_5YEAR
2025-07-29,7.0,0.040999999999999995,BC_7YEAR
2025-07-29,10.0,0.0434,BC_10YEAR
2025-07-29,20.0,0.048600000000000004,BC_20YEAR
2025-07-29,30.0,0.048600000000000004,BC_30YEAR
2025-07-30,0.08333333333333333,0.0441,BC_1MONTH
2025-07-30,0.16666666666666666,0.044500000000000005,BC_2MONTH
2025-07-30,0.25,0.0441,BC_3MONTH
2025-07-30,0.3333333333333333,0.043899999999999995,BC_4MONTH
2025-07-30,0.5,0.0431,BC_6MONTH
2025-07-30,1.0,0.0412,BC_1YEAR
2025-07-30,2.0,0.0394,BC_2YEAR
2025-07-30,3.0,0.038900000000000004,BC_3YEAR
2025-07-30,5.0,0.039599999999999996,BC_5YEAR
2025-07-30,7.0,0.0415,BC_7YEAR
2025-07-30,10.0,0.0438,BC_10YEAR
2025-07-30,20.0,0.049,BC_20YEAR
2025-07-30,30.0,0.0489,BC_30YEAR
2025-07-31,0.08333333333333333,0.0449,BC_1MONTH
2025-07-31,0.16666666666666666,0.0446,BC_2MONTH
2025-07-31,0.25,0.0441,BC_3MONTH
2025-07-31,0.3333333333333333,0.044000000000000004,BC_4MONTH
2025-07-31,0.5,0.0431,BC_6MONTH
2025-07-31,1.0,0.040999999999999995,BC_1YEAR
2025-07-31,2.0,0.0394,BC_2YEAR
2025-07-31,3.0,0.038900000000000004,BC_3YEAR
2025-07-31,5.0,0.039599999999999996,BC_5YEAR
2025-07-31,7.0,0.0414,BC_7YEAR
2025-07-31,10.0,0.0437,BC_10YEAR
2025-07-31,20.0,0.0489,BC_20YEAR
2025-07-31,30.0,0.0489,BC_30YEAR
2025-08-01,0.08333333333333333,0.0449,BC_1MONTH
2025-08-01,0.16666666666666666,0.0444,BC_2MONTH
2025-08-01,0.25,0.0435,BC_3MONTH
2025-08-01,0.3333333333333333,0.043,BC_4MONTH
2025-08-01,0.5,0.0416,BC_6MONTH
2025-08-01,1.0,0.0387,BC_1YEAR
2025-08-01,2.0,0.0369,BC_2YEAR
2025-08-01,3.0,0.036699999999999997,BC_3YEAR
2025-08-01,5.0,0.0377,BC_5YEAR
2025-08-01,7.0,0.0397,BC_7YEAR
2025-08-01,10.0,0.042300000000000004,BC_10YEAR
2025-08-01,20.0,0.0479,BC_20YEAR
2025-08-01,30.0,0.0481,BC_30YEAR
2025-08-04,0.08333333333333333,0.044800000000000006,BC_1MONTH
2025-08-04,0.16666666666666666,0.0443,BC_2MONTH
2025-08-04,0.25,0.0435,BC_3MONTH
2025-08-04,0.3333333333333333,0.042800000000000005,BC_4MONTH
2025-08-04,0.5,0.0415,BC_6MONTH
2025-08-04,1.0,0.0382,BC_1YEAR
2025-08-04,2.0,0.0369,BC_2YEAR
2025-08-04,3.0,0.0366,BC_3YEAR
2025-08-04,5.0,0.0375,BC_5YEAR
2025-08-04,7.0,0.0395,BC_7YEAR
2025-08-04,10.0,0.042199999999999994,BC_10YEAR
2025-08-04,20.0,0.0478,BC_20YEAR
2025-08-04,30.0,0.048,BC_30YEAR
2025-08-05,0.08333333333333333,0.0449,BC_1MONTH
2025-08-05,0.16666666666666666,0.0441,BC_2MONTH
2025-08-05,0.25,0.0434,BC_3MONTH
2025-08-05,0.3333333333333333,0.0429,BC_4MONTH
2025-08-05,0.5,0.0416,BC_6MONTH
2025-08-05,1.0,0.0392,BC_1YEAR
2025-08-05,2.0,0.037200000000000004,BC_2YEAR
2025-08-05,3.0,0.0363,BC_3YEAR
2025-08-05,5.0,0.0377,BC_5YEAR
2025-08-05,7.0,0.0397,BC_7YEAR
2025-08-05,10.0,0.042199999999999994,BC_10YEAR
2025-08-05,20.0,0.04769999999999999,BC_20YEAR
2025-08-05,30.0,0.0478,BC_30YEAR
2025-08-06,0.08333333333333333,0.044800000000000006,BC_1MONTH
2025-08-06,0.16666666666666666,0.044000000000000004,BC_2MONTH
2025-08-06,0.25,0.0432,BC_3MONTH
2025-08-06,0.3333333333333333,0.042699999999999995,BC_4MONTH
2025-08-06,0.5,0.0415,BC_6MONTH
2025-08-06,1.0,0.039,BC_1YEAR
2025-08-06,2.0,0.0369,BC_2YEAR
2025-08-06,3.0,0.0363,BC_3YEAR
2025-08-06,5.0,0.0377,BC_5YEAR
2025-08-06,7.0,0.0397,BC_7YEAR
2025-08-06,10.0,0.042199999999999994,BC_10YEAR
2025-08-06,20.0,0.048,BC_20YEAR
2025-08-06,30.0,0.0481,BC_30YEAR
2025-08-07,0.08333333333333333,0.0449,BC_1MONTH
2025-08-07,0.16666666666666666,0.0441,BC_2MONTH
2025-08-07,0.25,0.0432,BC_3MONTH
2025-08-07,0.3333333333333333,0.042699999999999995,BC_4MONTH
2025-08-07,0.5,0.0415,BC_6MONTH
2025-08-07,1.0,0.0392,BC_1YEAR
2025-08-07,2.0,0.037200000000000004,BC_2YEAR
2025-08-07,3.0,0.0366,BC_3YEAR
2025-08-07,5.0,0.0379,BC_5YEAR
2025-08-07,7.0,0.039900000000000005,BC_7YEAR
2025-08-07,10.0,0.042300000000000004,BC_10YEAR
2025-08-07,20.0,0.0481,BC_20YEAR
2025-08-07,30.0,0.0481,BC_30YEAR
2025-08-08,0.08333333333333333,0.044800000000000006,BC_1MONTH
2025-08-08,0.16666666666666666,0.043899999999999995,BC_2MONTH
2025-08-08,0.25,0.0432,BC_3MONTH
2025-08-08,0.3333333333333333,0.042699999999999995,BC_4MONTH
2025-08-08,0.5,0.0415,BC_6MONTH
2025-08-08,1.0,0.0393,BC_1YEAR
2025-08-08,2.0,0.037599999999999995,BC_2YEAR
2025-08-08,3.0,0.037000000000000005,BC_3YEAR
2025-08-08,5.0,0.0384,BC_5YEAR
2025-08-08,7.0,0.0403,BC_7YEAR
2025-08-08,10.0,0.042699999999999995,BC_10YEAR
2025-08-08,20.0,0.0484,BC_20YEAR
2025-08-08,30.0,0.048499999999999995,BC_30YEAR
2025-08-11,0.08333333333333333,0.0446,BC_1MONTH
2025-08-11,0.16666666666666666,0.0438,BC_2MONTH
2025-08-11,0.25,0.0434,BC_3MONTH
2025-08-11,0.3333333333333333,0.042699999999999995,BC_4MONTH
2025-08-11,0.5,0.0415,BC_6MONTH
2025-08-11,1.0,0.0393,BC_1YEAR
2025-08-11,2.0,0.037599999999999995,BC_2YEAR
2025-08-11,3.0,0.0371,BC_3YEAR
2025-08-11,5.0,0.0383,BC_5YEAR
2025-08-11,7.0,0.0403,BC_7YEAR
2025-08-11,10.0,0.042699999999999995,BC_10YEAR
2025-08-11,20.0,0.0483,BC_20YEAR
2025-08-11,30.0,0.0484,BC_30YEAR
2025-08-12,0.08333333333333333,0.0444,BC_1MONTH
2025-08-12,0.16666666666666666,0.0435,BC_2MONTH
2025-08-12,0.25,0.0433,BC_3MONTH
2025-08-12,0.3333333333333333,0.0425,BC_4MONTH
2025-08-12,0.5,0.0412,BC_6MONTH
2025-08-12,1.0,0.039,BC_1YEAR
2025-08-12,2.0,0.037200000000000004,BC_2YEAR
2025-08-12,3.0,0.0369,BC_3YEAR
2025-08-12,5.0,0.0383,BC_5YEAR
2025-08-12,7.0,0.0403,BC_7YEAR
2025-08-12,10.0,0.0429,BC_10YEAR
2025-08-12,20.0,0.0487,BC_20YEAR
2025-08-12,30.0,0.048799999999999996,BC_30YEAR
2025-08-13,0.08333333333333333,0.0444,BC_1MONTH
2025-08-13,0.16666666666666666,0.0432,BC_2MONTH
2025-08-13,0.25,0.0429,BC_3MONTH
2025-08-13,0.3333333333333333,0.0421,BC_4MONTH
2025-08-13,0.5,0.0409,BC_6MONTH
2025-08-13,1.0,0.038599999999999995,BC_1YEAR
2025-08-13,2.0,0.036699999999999997,BC_2YEAR
2025-08-13,3.0,0.0364,BC_3YEAR
2025-08-13,5.0,0.0377,BC_5YEAR
2025-08-13,7.0,0.0398,BC_7YEAR
2025-08-13,10.0,0.0424,BC_10YEAR
2025-08-13,20.0,0.0481,BC_20YEAR
2025-08-13,30.0,0.0483,BC_30YEAR
2025-08-14,0.08333333333333333,0.044800000000000006,BC_1MONTH
2025-08-14,0.16666666666666666,0.0436,BC_2MONTH
2025-08-14,0.25,0.043,BC_3MONTH
2025-08-14,0.3333333333333333,0.042199999999999994,BC_4MONTH
2025-08-14,0.5,0.0412,BC_6MONTH
2025-08-14,1.0,0.0391,BC_1YEAR
2025-08-14,2.0,0.0374,BC_2YEAR
2025-08-14,3.0,0.037000000000000005,BC_3YEAR
2025-08-14,5.0,0.0382,BC_5YEAR
2025-08-14,7.0,0.0403,BC_7YEAR
2025-08-14,10.0,0.0429,BC_10YEAR
2025-08-14,20.0,0.048600000000000004,BC_20YEAR
2025-08-14,30.0,0.048799999999999996,BC_30YEAR
2025-08-15,0.08333333333333333,0.044800000000000006,BC_1MONTH
2025-08-15,0.16666666666666666,0.0435,BC_2MONTH
2025-08-15,0.25,0.043,BC_3MONTH
2025-08-15,0.3333333333333333,0.042199999999999994,BC_4MONTH
2025-08-15,0.5,0.0412,BC_6MONTH
2025-08-15,1.0,0.0393,BC_1YEAR
2025-08-15,2.0,0.0375,BC_2YEAR
2025-08-15,3.0,0.0373,BC_3YEAR
2025-08-15,5.0,0.0385,BC_5YEAR
2025-08-15,7.0,0.0407,BC_7YEAR
2025-08-15,10.0,0.0433,BC_10YEAR
2025-08-15,20.0,0.049100000000000005,BC_20YEAR
2025-08-15,30.0,0.0492,BC_30YEAR
2025-08-18,0.08333333333333333,0.0447,BC_1MONTH
2025-08-18,0.16666666666666666,0.0435,BC_2MONTH
2025-08-18,0.25,0.0433,BC_3MONTH
2025-08-18,0.3333333333333333,0.042199999999999994,BC_4MONTH
2025-08-18,0.5,0.041299999999999996,BC_6MONTH
2025-08-18,1.0,0.0393,BC_1YEAR
2025-08-18,2.0,0.0377,BC_2YEAR
2025-08-18,3.0,0.0373,BC_3YEAR
2025-08-18,5.0,0.038599999999999995,BC_5YEAR
2025-08-18,7.0,0.0407,BC_7YEAR
2025-08-18,10.0,0.0434,BC_10YEAR
2025-08-18,20.0,0.0492,BC_20YEAR
2025-08-18,30.0,0.049400000000000006,BC_30YEAR
2025-08-19,0.08333333333333333,0.0446,BC_1MONTH
2025-08-19,0.16666666666666666,0.0435,BC_2MONTH
2025-08-19,0.25,0.043,BC_3MONTH
2025-08-19,0.3333333333333333,0.0421,BC_4MONTH
2025-08-19,0.5,0.041100000000000005,BC_6MONTH
2025-08-19,1.0,0.0391,BC_1YEAR
2025-08-19,2.0,0.0375,BC_2YEAR
2025-08-19,3.0,0.037000000000000005,BC_3YEAR
2025-08-19,5.0,0.0382,BC_5YEAR
2025-08-19,7.0,0.0404,BC_7YEAR
2025-08-19,10.0,0.043,BC_10YEAR
2025-08-19,20.0,0.0489,BC_20YEAR
2025-08-19,30.0,0.049,BC_30YEAR
2025-08-20,0.08333333333333333,0.044500000000000005,BC_1MONTH
2025-08-20,0.16666666666666666,0.0435,BC_2MONTH
2025-08-20,0.25,0.043,BC_3MONTH
2025-08-20,0.3333333333333333,0.042199999999999994,BC_4MONTH
2025-08-20,0.5,0.041100000000000005,BC_6MONTH
2025-08-20,1.0,0.039,BC_1YEAR
2025-08-20,2.0,0.0374,BC_2YEAR
2025-08-20,3.0,0.0369,BC_3YEAR
2025-08-20,5.0,0.0381,BC_5YEAR
2025-08-20,7.0,0.04019999999999999,BC_7YEAR
2025-08-20,10.0,0.0429,BC_10YEAR
2025-08-20,20.0,0.048600000000000004,BC_20YEAR
2025-08-20,30.0,0.0489,BC_30YEAR
2025-08-21,0.08333333333333333,0.0449,BC_1MONTH
2025-08-21,0.16666666666666666,0.043899999999999995,BC_2MONTH
2025-08-21,0.25,0.0432,BC_3MONTH
2025-08-21,0.3333333333333333,0.0424,BC_4MONTH
2025-08-21,0.5,0.0414,BC_6MONTH
2025-08-21,1.0,0.0395,BC_1YEAR
2025-08-21,2.0,0.0379,BC_2YEAR
2025-08-21,3.0,0.0375,BC_3YEAR
2025-08-21,5.0,0.038599999999999995,BC_5YEAR
2025-08-21,7.0,0.0407,BC_7YEAR
2025-08-21,10.0,0.0433,BC_10YEAR
2025-08-21,20.0,0.0489,BC_20YEAR
2025-08-21,30.0,0.0492,BC_30YEAR
2025-08-22,0.08333333333333333,0.0447,BC_1MONTH
2025-08-22,0.16666666666666666,0.0436,BC_2MONTH
2025-08-22,0.25,0.042699999999999995,BC_3MONTH
2025-08-22,0.3333333333333333,0.0421,BC_4MONTH
2025-08-22,0.5,0.0408,BC_6MONTH
2025-08-22,1.0,0.0387,BC_1YEAR
2025-08-22,2.0,0.0368,BC_2YEAR
2025-08-22,3.0,0.0364,BC_3YEAR
2025-08-22,5.0,0.037599999999999995,BC_5YEAR
2025-08-22,7.0,0.0398,BC_7YEAR
2025-08-22,10.0,0.0426,BC_10YEAR
2025-08-22,20.0,0.0484,BC_20YEAR
2025-08-22,30.0,0.048799999999999996,BC_30YEAR
2025-08-25,0.08333333333333333,0.044500000000000005,BC_1MONTH
2025-08-25,0.16666666666666666,0.0435,BC_2MONTH
2025-08-25,0.25,0.0429,BC_3MONTH
2025-08-25,0.3333333333333333,0.0421,BC_4MONTH
2025-08-25,0.5,0.0408,BC_6MONTH
2025-08-25,1.0,0.0388,BC_1YEAR
2025-08-25,2.0,0.0373,BC_2YEAR
2025-08-25,3.0,0.0368,BC_3YEAR
2025-08-25,5.0,0.038,BC_5YEAR
2025-08-25,7.0,0.0401,BC_7YEAR
2025-08-25,10.0,0.042800000000000005,BC_10YEAR
2025-08-25,20.0,0.048600000000000004,BC_20YEAR
2025-08-25,30.0,0.0489,BC_30YEAR
2025-08-26,0.08333333333333333,0.044199999999999996,BC_1MONTH
2025-08-26,0.16666666666666666,0.0434,BC_2MONTH
2025-08-26,0.25,0.042800000000000005,BC_3MONTH
2025-08-26,0.3333333333333333,0.042,BC_4MONTH
2025-08-26,0.5,0.0406,BC_6MONTH
2025-08-26,1.0,0.0385,BC_1YEAR
2025-08-26,2.0,0.0361,BC_2YEAR
2025-08-26,3.0,0.0363,BC_3YEAR
2025-08-26,5.0,0.0375,BC_5YEAR
2025-08-26,7.0,0.0398,BC_7YEAR
2025-08-26,10.0,0.0426,BC_10YEAR
2025-08-26,20.0,0.048600000000000004,BC_20YEAR
2025-08-26,30.0,0.049,BC_30YEAR
2025-08-27,0.08333333333333333,0.044199999999999996,BC_1MONTH
2025-08-27,0.16666666666666666,0.043,BC_2MONTH
2025-08-27,0.25,0.0426,BC_3MONTH
2025-08-27,0.3333333333333333,0.0418,BC_4MONTH
2025-08-27,0.5,0.0404,BC_6MONTH
2025-08-27,1.0,0.0383,BC_1YEAR
2025-08-27,2.0,0.0359,BC_2YEAR
2025-08-27,3.0,0.0359,BC_3YEAR
2025-08-27,5.0,0.0369,BC_5YEAR
2025-08-27,7.0,0.0395,BC_7YEAR
2025-08-27,10.0,0.0424,BC_10YEAR
2025-08-27,20.0,0.0487,BC_20YEAR
2025-08-27,30.0,0.049100000000000005,BC_30YEAR
2025-08-28,0.08333333333333333,0.044199999999999996,BC_1MONTH
2025-08-28,0.16666666666666666,0.0431,BC_2MONTH
2025-08-28,0.25,0.0426,BC_3MONTH
2025-08-28,0.3333333333333333,0.0417,BC_4MONTH
2025-08-28,0.5,0.0404,BC_6MONTH
2025-08-28,1.0,0.0385,BC_1YEAR
2025-08-28,2.0,0.0362,BC_2YEAR
2025-08-28,3.0,0.036000000000000004,BC_3YEAR
2025-08-28,5.0,0.0369,BC_5YEAR
2025-08-28,7.0,0.0392,BC_7YEAR
2025-08-28,10.0,0.042199999999999994,BC_10YEAR
2025-08-28,20.0,0.0483,BC_20YEAR
2025-08-28,30.0,0.048799999999999996,BC_30YEAR
2025-08-29,0.08333333333333333,0.0441,BC_1MONTH
2025-08-29,0.16666666666666666,0.043,BC_2MONTH
2025-08-29,0.25,0.042300000000000004,BC_3MONTH
2025-08-29,0.3333333333333333,0.0417,BC_4MONTH
2025-08-29,0.5,0.0401,BC_6MONTH
2025-08-29,1.0,0.0383,BC_1YEAR
2025-08-29,2.0,0.0359,BC_2YEAR
2025-08-29,3.0,0.0358,BC_3YEAR
2025-08-29,5.0,0.0368,BC_5YEAR
2025-08-29,7.0,0.0392,BC_7YEAR
2025-08-29,10.0,0.042300000000000004,BC_10YEAR
2025-08-29,20.0,0.048600000000000004,BC_20YEAR
2025-08-29,30.0,0.0492,BC_30YEAR
2025-09-02,0.08333333333333333,0.044000000000000004,BC_1MONTH
2025-09-02,0.16666666666666666,0.0429,BC_2MONTH
2025-09-02,0.25,0.042,BC_3MONTH
2025-09-02,0.3333333333333333,0.0415,BC_4MONTH
2025-09-02,0.5,0.039900000000000005,BC_6MONTH
2025-09-02,1.0,0.0382,BC_1YEAR
2025-09-02,2.0,0.0366,BC_2YEAR
2025-09-02,3.0,0.0363,BC_3YEAR
2025-09-02,5.0,0.0374,BC_5YEAR
2025-09-02,7.0,0.0398,BC_7YEAR
2025-09-02,10.0,0.042800000000000005,BC_10YEAR
2025-09-02,20.0,0.0492,BC_20YEAR
2025-09-02,30.0,0.049699999999999994,BC_30YEAR
2025-09-03,0.08333333333333333,0.0435,BC_1MONTH
2025-09-03,0.16666666666666666,0.0426,BC_2MONTH
2025-09-03,0.25,0.0418,BC_3MONTH
2025-09-03,0.3333333333333333,0.0414,BC_4MONTH
2025-09-03,0.5,0.039599999999999996,BC_6MONTH
2025-09-03,1.0,0.0377,BC_1YEAR
2025-09-03,2.0,0.0361,BC_2YEAR
2025-09-03,3.0,0.0358,BC_3YEAR
2025-09-03,5.0,0.0369,BC_5YEAR
2025-09-03,7.0,0.0392,BC_7YEAR
2025-09-03,10.0,0.042199999999999994,BC_10YEAR
2025-09-03,20.0,0.048499999999999995,BC_20YEAR
2025-09-03,30.0,0.049,BC_30YEAR
2025-09-04,0.08333333333333333,0.0433,BC_1MONTH
2025-09-04,0.16666666666666666,0.042800000000000005,BC_2MONTH
2025-09-04,0.25,0.0416,BC_3MONTH
2025-09-04,0.3333333333333333,0.0412,BC_4MONTH
2025-09-04,0.5,0.0394,BC_6MONTH
2025-09-04,1.0,0.037599999999999995,BC_1YEAR
2025-09-04,2.0,0.0359,BC_2YEAR
2025-09-04,3.0,0.0355,BC_3YEAR
2025-09-04,5.0,0.0365,BC_5YEAR
2025-09-04,7.0,0.0387,BC_7YEAR
2025-09-04,10.0,0.0417,BC_10YEAR
2025-09-04,20.0,0.0481,BC_20YEAR
2025-09-04,30.0,0.048600000000000004,BC_30YEAR
2025-09-05,0.08333333333333333,0.0429,BC_1MONTH
2025-09-05,0.16666666666666666,0.0424,BC_2MONTH
2025-09-05,0.25,0.0407,BC_3MONTH
2025-09-05,0.3333333333333333,0.0405,BC_4MONTH
2025-09-05,0.5,0.0385,BC_6MONTH
2025-09-05,1.0,0.0365,BC_1YEAR
2025-09-05,2.0,0.0351,BC_2YEAR
2025-09-05,3.0,0.0348,BC_3YEAR
2025-09-05,5.0,0.0359,BC_5YEAR
2025-09-05,7.0,0.038,BC_7YEAR
2025-09-05,10.0,0.040999999999999995,BC_10YEAR
2025-09-05,20.0,0.0472,BC_20YEAR
2025-09-05,30.0,0.0478,BC_30YEAR
2025-09-08,0.08333333333333333,0.0426,BC_1MONTH
2025-09-08,0.16666666666666666,0.0421,BC_2MONTH
2025-09-08,0.25,0.040999999999999995,BC_3MONTH
2025-09-08,0.3333333333333333,0.0404,BC_4MONTH
2025-09-08,0.5,0.0384,BC_6MONTH
2025-09-08,1.0,0.0364,BC_1YEAR
2025-09-08,2.0,0.0349,BC_2YEAR
2025-09-08,3.0,0.0347,BC_3YEAR
2025-09-08,5.0,0.035699999999999996,BC_5YEAR
2025-09-08,7.0,0.0377,BC_7YEAR
2025-09-08,10.0,0.0405,BC_10YEAR
2025-09-08,20.0,0.04650000000000001,BC_20YEAR
2025-09-08,30.0,0.046900000000000004,BC_30YEAR
2025-09-09,0.08333333333333333,0.0425,BC_1MONTH
2025-09-09,0.16666666666666666,0.042199999999999994,BC_2MONTH
2025-09-09,0.25,0.040999999999999995,BC_3MONTH
2025-09-09,0.3333333333333333,0.0405,BC_4MONTH
2025-09-09,0.5,0.0385,BC_6MONTH
2025-09-09,1.0,0.0368,BC_1YEAR
2025-09-09,2.0,0.0354,BC_2YEAR
2025-09-09,3.0,0.0348,BC_3YEAR
2025-09-09,5.0,0.0361,BC_5YEAR
2025-09-09,7.0,0.0381,BC_7YEAR
2025-09-09,10.0,0.0408,BC_10YEAR
2025-09-09,20.0,0.046799999999999994,BC_20YEAR
2025-09-09,30.0,0.0472,BC_30YEAR
2025-09-10,0.08333333333333333,0.042300000000000004,BC_1MONTH
2025-09-10,0.16666666666666666,0.042,BC_2MONTH
2025-09-10,0.25,0.0409,BC_3MONTH
2025-09-10,0.3333333333333333,0.04019999999999999,BC_4MONTH
2025-09-10,0.5,0.0383,BC_6MONTH
2025-09-10,1.0,0.0366,BC_1YEAR
2025-09-10,2.0,0.0354,BC_2YEAR
2025-09-10,3.0,0.0347,BC_3YEAR
2025-09-10,5.0,0.0359,BC_5YEAR
2025-09-10,7.0,0.0378,BC_7YEAR
2025-09-10,10.0,0.0404,BC_10YEAR
2025-09-10,20.0,0.04650000000000001,BC_20YEAR
2025-09-10,30.0,0.046900000000000004,BC_30YEAR
2025-09-11,0.08333333333333333,0.042199999999999994,BC_1MONTH
2025-09-11,0.16666666666666666,0.0418,BC_2MONTH
2025-09-11,0.25,0.0408,BC_3MONTH
2025-09-11,0.3333333333333333,0.04,BC_4MONTH
2025-09-11,0.5,0.0382,BC_6MONTH
2025-09-11,1.0,0.0363,BC_1YEAR
2025-09-11,2.0,0.0352,BC_2YEAR
2025-09-11,3.0,0.0347,BC_3YEAR
2025-09-11,5.0,0.0359,BC_5YEAR
2025-09-11,7.0,0.037599999999999995,BC_7YEAR
2025-09-11,10.0,0.0401,BC_10YEAR
2025-09-11,20.0,0.0461,BC_20YEAR
2025-09-11,30.0,0.04650000000000001,BC_30YEAR
2025-09-12,0.08333333333333333,0.0424,BC_1MONTH
2025-09-12,0.16666666666666666,0.042,BC_2MONTH
2025-09-12,0.25,0.0408,BC_3MONTH
2025-09-12,0.3333333333333333,0.04019999999999999,BC_4MONTH
2025-09-12,0.5,0.0383,BC_6MONTH
2025-09-12,1.0,0.0366,BC_1YEAR
2025-09-12,2.0,0.0356,BC_2YEAR
2025-09-12,3.0,0.0352,BC_3YEAR
2025-09-12,5.0,0.0363,BC_5YEAR
2025-09-12,7.0,0.0381,BC_7YEAR
2025-09-12,10.0,0.0406,BC_10YEAR
2025-09-12,20.0,0.04650000000000001,BC_20YEAR
2025-09-12,30.0,0.046799999999999994,BC_30YEAR
2025-09-15,0.08333333333333333,0.042199999999999994,BC_1MONTH
2025-09-15,0.16666666666666666,0.0417,BC_2MONTH
2025-09-15,0.25,0.0406,BC_3MONTH
2025-09-15,0.3333333333333333,0.04,BC_4MONTH
2025-09-15,0.5,0.0381,BC_6MONTH
2025-09-15,1.0,0.0364,BC_1YEAR
2025-09-15,2.0,0.0354,BC_2YEAR
2025-09-15,3.0,0.035,BC_3YEAR
2025-09-15,5.0,0.0361,BC_5YEAR
2025-09-15,7.0,0.0379,BC_7YEAR
2025-09-15,10.0,0.0405,BC_10YEAR
2025-09-15,20.0,0.0463,BC_20YEAR
2025-09-15,30.0,0.0466,BC_30YEAR
2025-09-16,0.08333333333333333,0.042,BC_1MONTH
2025-09-16,0.16666666666666666,0.0415,BC_2MONTH
2025-09-16,0.25,0.0404,BC_3MONTH
2025-09-16,0.3333333333333333,0.04,BC_4MONTH
2025-09-16,0.5,0.0381,BC_6MONTH
2025-09-16,1.0,0.0362,BC_1YEAR
2025-09-16,2.0,0.0351,BC_2YEAR
2025-09-16,3.0,0.0347,BC_3YEAR
2025-09-16,5.0,0.0359,BC_5YEAR
2025-09-16,7.0,0.0378,BC_7YEAR
2025-09-16,10.0,0.0404,BC_10YEAR
2025-09-16,20.0,0.0461,BC_20YEAR
2025-09-16,30.0,0.04650000000000001,BC_30YEAR
2025-09-17,0.08333333333333333,0.0417,BC_1MONTH
2025-09-17,0.16666666666666666,0.041100000000000005,BC_2MONTH
2025-09-17,0.25,0.04019999999999999,BC_3MONTH
2025-09-17,0.3333333333333333,0.0397,BC_4MONTH
2025-09-17,0.5,0.038,BC_6MONTH
2025-09-17,1.0,0.036000000000000004,BC_1YEAR
2025-09-17,2.0,0.0352,BC_2YEAR
2025-09-17,3.0,0.0351,BC_3YEAR
2025-09-17,5.0,0.0362,BC_5YEAR
2025-09-17,7.0,0.0381,BC_7YEAR
2025-09-17,10.0,0.0406,BC_10YEAR
2025-09-17,20.0,0.0462,BC_20YEAR
2025-09-17,30.0,0.0466,BC_30YEAR
2025-09-18,0.08333333333333333,0.042,BC_1MONTH
2025-09-18,0.16666666666666666,0.0414,BC_2MONTH
2025-09-18,0.25,0.0403,BC_3MONTH
2025-09-18,0.3333333333333333,0.0398,BC_4MONTH
2025-09-18,0.5,0.0381,BC_6MONTH
2025-09-18,1.0,0.0361,BC_1YEAR
2025-09-18,2.0,0.035699999999999996,BC_2YEAR
2025-09-18,3.0,0.0355,BC_3YEAR
2025-09-18,5.0,0.036699999999999997,BC_5YEAR
2025-09-18,7.0,0.038599999999999995,BC_7YEAR
2025-09-18,10.0,0.041100000000000005,BC_10YEAR
2025-09-18,20.0,0.046799999999999994,BC_20YEAR
2025-09-18,30.0,0.0472,BC_30YEAR
2025-09-19,0.08333333333333333,0.04190000000000001,BC_1MONTH
2025-09-19,0.16666666666666666,0.0414,BC_2MONTH
2025-09-19,0.25,0.0403,BC_3MONTH
2025-09-19,0.3333333333333333,0.0398,BC_4MONTH
2025-09-19,0.5,0.0381,BC_6MONTH
2025-09-19,1.0,0.036000000000000004,BC_1YEAR
2025-09-19,2.0,0.035699999999999996,BC_2YEAR
2025-09-19,3.0,0.0356,BC_3YEAR
2025-09-19,5.0,0.0368,BC_5YEAR
2025-09-19,7.0,0.0388,BC_7YEAR
2025-09-19,10.0,0.0414,BC_10YEAR
2025-09-19,20.0,0.0471,BC_20YEAR
2025-09-19,30.0,0.0475,BC_30YEAR
2025-09-22,0.08333333333333333,0.0417,BC_1MONTH
2025-09-22,0.16666666666666666,0.041299999999999996,BC_2MONTH
2025-09-22,0.25,0.04,BC_3MONTH
2025-09-22,0.3333333333333333,0.0398,BC_4MONTH
2025-09-22,0.5,0.0381,BC_6MONTH
2025-09-22,1.0,0.0361,BC_1YEAR
2025-09-22,2.0,0.0361,BC_2YEAR
2025-09-22,3.0,0.0359,BC_3YEAR
2025-09-22,5.0,0.0371,BC_5YEAR
2025-09-22,7.0,0.039,BC_7YEAR
2025-09-22,10.0,0.0415,BC_10YEAR
2025-09-22,20.0,0.0473,BC_20YEAR
2025-09-22,30.0,0.04769999999999999,BC_30YEAR
2025-09-23,0.08333333333333333,0.0416,BC_1MONTH
2025-09-23,0.16666666666666666,0.0412,BC_2MONTH
2025-09-23,0.25,0.04,BC_3MONTH
2025-09-23,0.3333333333333333,0.0397,BC_4MONTH
2025-09-23,0.5,0.0381,BC_6MONTH
2025-09-23,1.0,0.0361,BC_1YEAR
2025-09-23,2.0,0.0353,BC_2YEAR
2025-09-23,3.0,0.035699999999999996,BC_3YEAR
2025-09-23,5.0,0.0368,BC_5YEAR
2025-09-23,7.0,0.0387,BC_7YEAR
2025-09-23,10.0,0.0412,BC_10YEAR
2025-09-23,20.0,0.047,BC_20YEAR
2025-09-23,30.0,0.0473,BC_30YEAR
2025-09-24,0.08333333333333333,0.0418,BC_1MONTH
2025-09-24,0.16666666666666666,0.041299999999999996,BC_2MONTH
2025-09-24,0.25,0.04019999999999999,BC_3MONTH
2025-09-24,0.3333333333333333,0.0398,BC_4MONTH
2025-09-24,0.5,0.0382,BC_6MONTH
2025-09-24,1.0,0.0363,BC_1YEAR
2025-09-24,2.0,0.035699999999999996,BC_2YEAR
2025-09-24,3.0,0.036000000000000004,BC_3YEAR
2025-09-24,5.0,0.037000000000000005,BC_5YEAR
2025-09-24,7.0,0.0391,BC_7YEAR
2025-09-24,10.0,0.0416,BC_10YEAR
2025-09-24,20.0,0.0473,BC_20YEAR
2025-09-24,30.0,0.047599999999999996,BC_30YEAR
2025-09-25,0.08333333333333333,0.0424,BC_1MONTH
2025-09-25,0.16666666666666666,0.0418,BC_2MONTH
2025-09-25,0.25,0.0404,BC_3MONTH
2025-09-25,0.3333333333333333,0.0401,BC_4MONTH
2025-09-25,0.5,0.0385,BC_6MONTH
2025-09-25,1.0,0.0368,BC_1YEAR
2025-09-25,2.0,0.0364,BC_2YEAR
2025-09-25,3.0,0.0366,BC_3YEAR
2025-09-25,5.0,0.0375,BC_5YEAR
2025-09-25,7.0,0.0394,BC_7YEAR
2025-09-25,10.0,0.0418,BC_10YEAR
2025-09-25,20.0,0.0473,BC_20YEAR
2025-09-25,30.0,0.0475,BC_30YEAR
2025-09-26,0.08333333333333333,0.042199999999999994,BC_1MONTH
2025-09-26,0.16666666666666666,0.0417,BC_2MONTH
2025-09-26,0.25,0.04019999999999999,BC_3MONTH
2025-09-26,0.3333333333333333,0.04,BC_4MONTH
2025-09-26,0.5,0.0383,BC_6MONTH
2025-09-26,1.0,0.036699999999999997,BC_1YEAR
2025-09-26,2.0,0.0363,BC_2YEAR
2025-09-26,3.0,0.0366,BC_3YEAR
2025-09-26,5.0,0.037599999999999995,BC_5YEAR
2025-09-26,7.0,0.039599999999999996,BC_7YEAR
2025-09-26,10.0,0.042,BC_10YEAR
2025-09-26,20.0,0.047400000000000005,BC_20YEAR
2025-09-26,30.0,0.04769999999999999,BC_30YEAR
2025-09-29,0.08333333333333333,0.042199999999999994,BC_1MONTH
2025-09-29,0.16666666666666666,0.0416,BC_2MONTH
2025-09-29,0.25,0.0404,BC_3MONTH
2025-09-29,0.3333333333333333,0.039900000000000005,BC_4MONTH
2025-09-29,0.5,0.0384,BC_6MONTH
2025-09-29,1.0,0.0365,BC_1YEAR
2025-09-29,2.0,0.0363,BC_2YEAR
2025-09-29,3.0,0.0363,BC_3YEAR
2025-09-29,5.0,0.0374,BC_5YEAR
2025-09-29,7.0,0.0392,BC_7YEAR
2025-09-29,10.0,0.0415,BC_10YEAR
2025-09-29,20.0,0.046900000000000004,BC_20YEAR
2025-09-29,30.0,0.0471,BC_30YEAR
2025-09-30,0.08333333333333333,0.042,BC_1MONTH
2025-09-30,0.16666666666666666,0.0415,BC_2MONTH
2025-09-30,0.25,0.04019999999999999,BC_3MONTH
2025-09-30,0.3333333333333333,0.0398,BC_4MONTH
2025-09-30,0.5,0.0383,BC_6MONTH
2025-09-30,1.0,0.0368,BC_1YEAR
2025-09-30,2.0,0.036000000000000004,BC_2YEAR
2025-09-30,3.0,0.0361,BC_3YEAR
2025-09-30,5.0,0.0374,BC_5YEAR
2025-09-30,7.0,0.0393,BC_7YEAR
2025-09-30,10.0,0.0416,BC_10YEAR
2025-09-30,20.0,0.0471,BC_20YEAR
2025-09-30,30.0,0.0473,BC_30YEAR
2025-10-01,0.08333333333333333,0.0417,BC_1MONTH
2025-10-01,0.16666666666666666,0.0412,BC_2MONTH
2025-10-01,0.25,0.0401,BC_3MONTH
2025-10-01,0.3333333333333333,0.0395,BC_4MONTH
2025-10-01,0.5,0.038,BC_6MONTH
2025-10-01,1.0,0.0362,BC_1YEAR
2025-10-01,2.0,0.0355,BC_2YEAR
2025-10-01,3.0,0.0356,BC_3YEAR
2025-10-01,5.0,0.0368,BC_5YEAR
2025-10-01,7.0,0.0388,BC_7YEAR
2025-10-01,10.0,0.0412,BC_10YEAR
2025-10-01,20.0,0.046900000000000004,BC_20YEAR
2025-10-01,30.0,0.0472,BC_30YEAR
2025-10-02,0.08333333333333333,0.042300000000000004,BC_1MONTH
2025-10-02,0.16666666666666666,0.041100000000000005,BC_2MONTH
2025-10-02,0.25,0.04019999999999999,BC_3MONTH
2025-10-02,0.3333333333333333,0.039599999999999996,BC_4MONTH
2025-10-02,0.5,0.0381,BC_6MONTH
2025-10-02,1.0,0.0362,BC_1YEAR
2025-10-02,2.0,0.0355,BC_2YEAR
2025-10-02,3.0,0.0356,BC_3YEAR
2025-10-02,5.0,0.036699999999999997,BC_5YEAR
2025-10-02,7.0,0.038599999999999995,BC_7YEAR
2025-10-02,10.0,0.040999999999999995,BC_10YEAR
2025-10-02,20.0,0.0466,BC_20YEAR
2025-10-02,30.0,0.046900000000000004,BC_30YEAR
2025-10-03,0.08333333333333333,0.0424,BC_1MONTH
2025-10-03,0.16666666666666666,0.041100000000000005,BC_2MONTH
2025-10-03,0.25,0.0403,BC_3MONTH
2025-10-03,0.3333333333333333,0.039599999999999996,BC_4MONTH
2025-10-03,0.5,0.0382,BC_6MONTH
2025-10-03,1.0,0.0364,BC_1YEAR
2025-10-03,2.0,0.0358,BC_2YEAR
2025-10-03,3.0,0.0359,BC_3YEAR
2025-10-03,5.0,0.037200000000000004,BC_5YEAR
2025-10-03,7.0,0.039,BC_7YEAR
2025-10-03,10.0,0.041299999999999996,BC_10YEAR
2025-10-03,20.0,0.046900000000000004,BC_20YEAR
2025-10-03,30.0,0.0471,BC_30YEAR
2025-10-06,0.08333333333333333,0.042199999999999994,BC_1MONTH
2025-10-06,0.16666666666666666,0.041100000000000005,BC_2MONTH
2025-10-06,0.25,0.04019999999999999,BC_3MONTH
2025-10-06,0.3333333333333333,0.0395,BC_4MONTH
2025-10-06,0.5,0.0381,BC_6MONTH
2025-10-06,1.0,0.0366,BC_1YEAR
2025-10-06,2.0,0.036000000000000004,BC_2YEAR
2025-10-06,3.0,0.0363,BC_3YEAR
2025-10-06,5.0,0.0375,BC_5YEAR
2025-10-06,7.0,0.0395,BC_7YEAR
2025-10-06,10.0,0.0418,BC_10YEAR
2025-10-06,20.0,0.0473,BC_20YEAR
2025-10-06,30.0,0.047599999999999996,BC_30YEAR
2025-10-07,0.08333333333333333,0.042,BC_1MONTH
2025-10-07,0.16666666666666666,0.040999999999999995,BC_2MONTH
2025-10-07,0.25,0.0401,BC_3MONTH
2025-10-07,0.3333333333333333,0.0395,BC_4MONTH
2025-10-07,0.5,0.0381,BC_6MONTH
2025-10-07,1.0,0.0365,BC_1YEAR
2025-10-07,2.0,0.035699999999999996,BC_2YEAR
2025-10-07,3.0,0.0356,BC_3YEAR
2025-10-07,5.0,0.0371,BC_5YEAR
2025-10-07,7.0,0.039,BC_7YEAR
2025-10-07,10.0,0.0414,BC_10YEAR
2025-10-07,20.0,0.047,BC_20YEAR
2025-10-07,30.0,0.0473,BC_30YEAR
2025-10-08,0.08333333333333333,0.042,BC_1MONTH
2025-10-08,0.16666666666666666,0.0409,BC_2MONTH
2025-10-08,0.25,0.0401,BC_3MONTH
2025-10-08,0.3333333333333333,0.0394,BC_4MONTH
2025-10-08,0.5,0.0382,BC_6MONTH
2025-10-08,1.0,0.0366,BC_1YEAR
2025-10-08,2.0,0.0358,BC_2YEAR
2025-10-08,3.0,0.0358,BC_3YEAR
2025-10-08,5.0,0.037200000000000004,BC_5YEAR
2025-10-08,7.0,0.0391,BC_7YEAR
2025-10-08,10.0,0.041299999999999996,BC_10YEAR
2025-10-08,20.0,0.046900000000000004,BC_20YEAR
2025-10-08,30.0,0.0472,BC_30YEAR
2025-10-09,0.08333333333333333,0.042,BC_1MONTH
2025-10-09,0.16666666666666666,0.041100000000000005,BC_2MONTH
2025-10-09,0.25,0.0403,BC_3MONTH
2025-10-09,0.3333333333333333,0.0395,BC_4MONTH
2025-10-09,0.5,0.0383,BC_6MONTH
2025-10-09,1.0,0.0366,BC_1YEAR
2025-10-09,2.0,0.036000000000000004,BC_2YEAR
2025-10-09,3.0,0.0359,BC_3YEAR
2025-10-09,5.0,0.0374,BC_5YEAR
2025-10-09,7.0,0.0392,BC_7YEAR
2025-10-09,10.0,0.0414,BC_10YEAR
2025-10-09,20.0,0.047,BC_20YEAR
2025-10-09,30.0,0.0472,BC_30YEAR
2025-10-10,0.08333333333333333,0.04190000000000001,BC_1MONTH
2025-10-10,0.16666666666666666,0.040999999999999995,BC_2MONTH
2025-10-10,0.25,0.04019999999999999,BC_3MONTH
2025-10-10,0.3333333333333333,0.039599999999999996,BC_4MONTH
2025-10-10,0.5,0.0381,BC_6MONTH
2025-10-10,1.0,0.036000000000000004,BC_1YEAR
2025-10-10,2.0,0.0352,BC_2YEAR
2025-10-10,3.0,0.0352,BC_3YEAR
2025-10-10,5.0,0.0365,BC_5YEAR
2025-10-10,7.0,0.0383,BC_7YEAR
2025-10-10,10.0,0.0405,BC_10YEAR
2025-10-10,20.0,0.046,BC_20YEAR
2025-10-10,30.0,0.0463,BC_30YEAR
2025-10-14,0.08333333333333333,0.04190000000000001,BC_1MONTH
2025-10-14,0.16666666666666666,0.0408,BC_2MONTH
2025-10-14,0.25,0.04019999999999999,BC_3MONTH
2025-10-14,0.3333333333333333,0.0395,BC_4MONTH
2025-10-14,0.5,0.038,BC_6MONTH
2025-10-14,1.0,0.0358,BC_1YEAR
2025-10-14,2.0,0.0348,BC_2YEAR
2025-10-14,3.0,0.0347,BC_3YEAR
2025-10-14,5.0,0.036000000000000004,BC_5YEAR
2025-10-14,7.0,0.0379,BC_7YEAR
2025-10-14,10.0,0.0403,BC_10YEAR
2025-10-14,20.0,0.045899999999999996,BC_20YEAR
2025-10-14,30.0,0.0462,BC_30YEAR
2025-10-15,0.08333333333333333,0.042,BC_1MONTH
2025-10-15,0.16666666666666666,0.0409,BC_2MONTH
2025-10-15,0.25,0.0403,BC_3MONTH
2025-10-15,0.3333333333333333,0.0398,BC_4MONTH
2025-10-15,0.5,0.0382,BC_6MONTH
2025-10-15,1.0,0.0361,BC_1YEAR
2025-10-15,2.0,0.035,BC_2YEAR
2025-10-15,3.0,0.0351,BC_3YEAR
2025-10-15,5.0,0.0363,BC_5YEAR
2025-10-15,7.0,0.0382,BC_7YEAR
2025-10-15,10.0,0.0405,BC_10YEAR
2025-10-15,20.0,0.0461,BC_20YEAR
2025-10-15,30.0,0.0464,BC_30YEAR
2025-10-16,0.08333333333333333,0.042,BC_1MONTH
2025-10-16,0.16666666666666666,0.040999999999999995,BC_2MONTH
2025-10-16,0.25,0.04019999999999999,BC_3MONTH
2025-10-16,0.3333333333333333,0.039599999999999996,BC_4MONTH
2025-10-16,0.5,0.0379,BC_6MONTH
2025-10-16,1.0,0.0354,BC_1YEAR
2025-10-16,2.0,0.0341,BC_2YEAR
2025-10-16,3.0,0.0342,BC_3YEAR
2025-10-16,5.0,0.0355,BC_5YEAR
2025-10-16,7.0,0.0374,BC_7YEAR
2025-10-16,10.0,0.039900000000000005,BC_10YEAR
2025-10-16,20.0,0.045599999999999995,BC_20YEAR
2025-10-16,30.0,0.0458,BC_30YEAR
2025-10-17,0.08333333333333333,0.0418,BC_1MONTH
2025-10-17,0.16666666666666666,0.0408,BC_2MONTH
2025-10-17,0.25,0.04,BC_3MONTH
2025-10-17,0.3333333333333333,0.0395,BC_4MONTH
2025-10-17,0.5,0.0379,BC_6MONTH
2025-10-17,1.0,0.0356,BC_1YEAR
2025-10-17,2.0,0.0346,BC_2YEAR
2025-10-17,3.0,0.0347,BC_3YEAR
2025-10-17,5.0,0.0359,BC_5YEAR
2025-10-17,7.0,0.0378,BC_7YEAR
2025-10-17,10.0,0.04019999999999999,BC_10YEAR
2025-10-17,20.0,0.0458,BC_20YEAR
2025-10-17,30.0,0.046,BC_30YEAR
2025-10-20,0.08333333333333333,0.0415,BC_1MONTH
2025-10-20,0.16666666666666666,0.0405,BC_2MONTH
2025-10-20,0.25,0.0397,BC_3MONTH
2025-10-20,0.3333333333333333,0.0392,BC_4MONTH
2025-10-20,0.5,0.0378,BC_6MONTH
2025-10-20,1.0,0.0355,BC_1YEAR
2025-10-20,2.0,0.0346,BC_2YEAR
2025-10-20,3.0,0.0347,BC_3YEAR
2025-10-20,5.0,0.0358,BC_5YEAR
2025-10-20,7.0,0.0377,BC_7YEAR
2025-10-20,10.0,0.04,BC_10YEAR
2025-10-20,20.0,0.045599999999999995,BC_20YEAR
2025-10-20,30.0,0.0458,BC_30YEAR
2025-10-21,0.08333333333333333,0.0412,BC_1MONTH
2025-10-21,0.16666666666666666,0.0405,BC_2MONTH
2025-10-21,0.25,0.039599999999999996,BC_3MONTH
2025-10-21,0.3333333333333333,0.039,BC_4MONTH
2025-10-21,0.5,0.0378,BC_6MONTH
2025-10-21,1.0,0.0356,BC_1YEAR
2025-10-21,2.0,0.0345,BC_2YEAR
2025-10-21,3.0,0.0346,BC_3YEAR
2025-10-21,5.0,0.0356,BC_5YEAR
2025-10-21,7.0,0.0374,BC_7YEAR
2025-10-21,10.0,0.0398,BC_10YEAR
2025-10-21,20.0,0.0453,BC_20YEAR
2025-10-21,30.0,0.0455,BC_30YEAR
2025-10-22,0.08333333333333333,0.041100000000000005,BC_1MONTH
2025-10-22,0.16666666666666666,0.0404,BC_2MONTH
2025-10-22,0.25,0.039599999999999996,BC_3MONTH
2025-10-22,0.3333333333333333,0.039,BC_4MONTH
2025-10-22,0.5,0.0378,BC_6MONTH
2025-10-22,1.0,0.0355,BC_1YEAR
2025-10-22,2.0,0.0345,BC_2YEAR
2025-10-22,3.0,0.0344,BC_3YEAR
2025-10-22,5.0,0.0356,BC_5YEAR
2025-10-22,7.0,0.0374,BC_7YEAR
2025-10-22,10.0,0.0397,BC_10YEAR
2025-10-22,20.0,0.0452,BC_20YEAR
2025-10-22,30.0,0.0454,BC_30YEAR
2025-10-23,0.08333333333333333,0.0412,BC_1MONTH
2025-10-23,0.16666666666666666,0.0405,BC_2MONTH
2025-10-23,0.25,0.0395,BC_3MONTH
2025-10-23,0.3333333333333333,0.039,BC_4MONTH
2025-10-23,0.5,0.0378,BC_6MONTH
2025-10-23,1.0,0.0359,BC_1YEAR
2025-10-23,2.0,0.0348,BC_2YEAR
2025-10-23,3.0,0.0349,BC_3YEAR
2025-10-23,5.0,0.0361,BC_5YEAR
2025-10-23,7.0,0.0379,BC_7YEAR
2025-10-23,10.0,0.0401,BC_10YEAR
2025-10-23,20.0,0.0455,BC_20YEAR
2025-10-23,30.0,0.0458,BC_30YEAR
2025-10-24,0.08333333333333333,0.041100000000000005,BC_1MONTH
2025-10-24,0.16666666666666666,0.04019999999999999,BC_2MONTH
2025-10-24,0.25,0.0393,BC_3MONTH
2025-10-24,0.3333333333333333,0.038900000000000004,BC_4MONTH
2025-10-24,0.5,0.037599999999999995,BC_6MONTH
2025-10-24,1.0,0.0358,BC_1YEAR
2025-10-24,2.0,0.0348,BC_2YEAR
2025-10-24,3.0,0.0349,BC_3YEAR
2025-10-24,5.0,0.0361,BC_5YEAR
2025-10-24,7.0,0.0379,BC_7YEAR
2025-10-24,10.0,0.04019999999999999,BC_10YEAR
2025-10-24,20.0,0.045599999999999995,BC_20YEAR
2025-10-24,30.0,0.045899999999999996,BC_30YEAR
2025-10-27,0.08333333333333333,0.0409,BC_1MONTH
2025-10-27,0.16666666666666666,0.04,BC_2MONTH
2025-10-27,0.25,0.038900000000000004,BC_3MONTH
2025-10-27,0.3333333333333333,0.0387,BC_4MONTH
2025-10-27,0.5,0.0373,BC_6MONTH
2025-10-27,1.0,0.0359,BC_1YEAR
2025-10-27,2.0,0.0348,BC_2YEAR
2025-10-27,3.0,0.035,BC_3YEAR
2025-10-27,5.0,0.0361,BC_5YEAR
2025-10-27,7.0,0.0379,BC_7YEAR
2025-10-27,10.0,0.0401,BC_10YEAR
2025-10-27,20.0,0.0455,BC_20YEAR
2025-10-27,30.0,0.045700000000000005,BC_30YEAR
2025-10-28,0.08333333333333333,0.0407,BC_1MONTH
2025-10-28,0.16666666666666666,0.0397,BC_2MONTH
2025-10-28,0.25,0.038900000000000004,BC_3MONTH
2025-10-28,0.3333333333333333,0.038599999999999995,BC_4MONTH
2025-10-28,0.5,0.037200000000000004,BC_6MONTH
2025-10-28,1.0,0.0359,BC_1YEAR
2025-10-28,2.0,0.0347,BC_2YEAR
2025-10-28,3.0,0.035,BC_3YEAR
2025-10-28,5.0,0.036000000000000004,BC_5YEAR
2025-10-28,7.0,0.0377,BC_7YEAR
2025-10-28,10.0,0.039900000000000005,BC_10YEAR
2025-10-28,20.0,0.0453,BC_20YEAR
2025-10-28,30.0,0.0455,BC_30YEAR
2025-10-29,0.08333333333333333,0.0403,BC_1MONTH
2025-10-29,0.16666666666666666,0.039900000000000005,BC_2MONTH
2025-10-29,0.25,0.0393,BC_3MONTH
2025-10-29,0.3333333333333333,0.038599999999999995,BC_4MONTH
2025-10-29,0.5,0.0379,BC_6MONTH
2025-10-29,1.0,0.037000000000000005,BC_1YEAR
2025-10-29,2.0,0.0359,BC_2YEAR
2025-10-29,3.0,0.036000000000000004,BC_3YEAR
2025-10-29,5.0,0.037000000000000005,BC_5YEAR
2025-10-29,7.0,0.0387,BC_7YEAR
2025-10-29,10.0,0.0408,BC_10YEAR
2025-10-29,20.0,0.045899999999999996,BC_20YEAR
2025-10-29,30.0,0.0461,BC_30YEAR
2025-10-30,0.08333333333333333,0.0405,BC_1MONTH
2025-10-30,0.16666666666666666,0.0404,BC_2MONTH
2025-10-30,0.25,0.0392,BC_3MONTH
2025-10-30,0.3333333333333333,0.0387,BC_4MONTH
2025-10-30,0.5,0.0379,BC_6MONTH
2025-10-30,1.0,0.037000000000000005,BC_1YEAR
2025-10-30,2.0,0.0361,BC_2YEAR
2025-10-30,3.0,0.0361,BC_3YEAR
2025-10-30,5.0,0.037200000000000004,BC_5YEAR
2025-10-30,7.0,0.039,BC_7YEAR
2025-10-30,10.0,0.041100000000000005,BC_10YEAR
2025-10-30,20.0,0.0464,BC_20YEAR
2025-10-30,30.0,0.04650000000000001,BC_30YEAR
2025-10-31,0.08333333333333333,0.0406,BC_1MONTH
2025-10-31,0.16666666666666666,0.0404,BC_2MONTH
2025-10-31,0.25,0.038900000000000004,BC_3MONTH
2025-10-31,0.3333333333333333,0.0387,BC_4MONTH
2025-10-31,0.5,0.0379,BC_6MONTH
2025-10-31,1.0,0.037000000000000005,BC_1YEAR
2025-10-31,2.0,0.036000000000000004,BC_2YEAR
2025-10-31,3.0,0.036000000000000004,BC_3YEAR
2025-10-31,5.0,0.0371,BC_5YEAR
2025-10-31,7.0,0.038900000000000004,BC_7YEAR
2025-10-31,10.0,0.041100000000000005,BC_10YEAR
2025-10-31,20.0,0.04650000000000001,BC_20YEAR
2025-10-31,30.0,0.0467,BC_30YEAR
2025-11-03,0.08333333333333333,0.0406,BC_1MONTH
2025-11-03,0.16666666666666666,0.0405,BC_2MONTH
2025-11-03,0.25,0.0398,BC_3MONTH
2025-11-03,0.3333333333333333,0.0388,BC_4MONTH
2025-11-03,0.5,0.038,BC_6MONTH
2025-11-03,1.0,0.037000000000000005,BC_1YEAR
2025-11-03,2.0,0.036000000000000004,BC_2YEAR
2025-11-03,3.0,0.0361,BC_3YEAR
2025-11-03,5.0,0.037200000000000004,BC_5YEAR
2025-11-03,7.0,0.039,BC_7YEAR
2025-11-03,10.0,0.041299999999999996,BC_10YEAR
2025-11-03,20.0,0.0467,BC_20YEAR
2025-11-03,30.0,0.046900000000000004,BC_30YEAR
2025-11-04,0.08333333333333333,0.04019999999999999,BC_1MONTH
2025-11-04,0.16666666666666666,0.0401,BC_2MONTH
2025-11-04,0.25,0.039599999999999996,BC_3MONTH
2025-11-04,0.3333333333333333,0.0387,BC_4MONTH
2025-11-04,0.5,0.0378,BC_6MONTH
2025-11-04,1.0,0.036699999999999997,BC_1YEAR
2025-11-04,2.0,0.0358,BC_2YEAR
2025-11-04,3.0,0.0359,BC_3YEAR
2025-11-04,5.0,0.0369,BC_5YEAR
2025-11-04,7.0,0.0388,BC_7YEAR
2025-11-04,10.0,0.040999999999999995,BC_10YEAR
2025-11-04,20.0,0.04650000000000001,BC_20YEAR
2025-11-04,30.0,0.0467,BC_30YEAR
2025-11-05,0.08333333333333333,0.04,BC_1MONTH
2025-11-05,0.16666666666666666,0.04,BC_2MONTH
2025-11-05,0.25,0.039599999999999996,BC_3MONTH
2025-11-05,0.3333333333333333,0.0387,BC_4MONTH
2025-11-05,0.5,0.0379,BC_6MONTH
2025-11-05,1.0,0.0371,BC_1YEAR
2025-11-05,2.0,0.0363,BC_2YEAR
2025-11-05,3.0,0.0365,BC_3YEAR
2025-11-05,5.0,0.037599999999999995,BC_5YEAR
2025-11-05,7.0,0.0395,BC_7YEAR
2025-11-05,10.0,0.0417,BC_10YEAR
2025-11-05,20.0,0.0472,BC_20YEAR
2025-11-05,30.0,0.047400000000000005,BC_30YEAR
2025-11-06,0.08333333333333333,0.04019999999999999,BC_1MONTH
2025-11-06,0.16666666666666666,0.0398,BC_2MONTH
2025-11-06,0.25,0.0393,BC_3MONTH
2025-11-06,0.3333333333333333,0.0384,BC_4MONTH
2025-11-06,0.5,0.037599999999999995,BC_6MONTH
2025-11-06,1.0,0.0365,BC_1YEAR
2025-11-06,2.0,0.035699999999999996,BC_2YEAR
2025-11-06,3.0,0.0358,BC_3YEAR
2025-11-06,5.0,0.0369,BC_5YEAR
2025-11-06,7.0,0.0387,BC_7YEAR
2025-11-06,10.0,0.041100000000000005,BC_10YEAR
2025-11-06,20.0,0.0467,BC_20YEAR
2025-11-06,30.0,0.046900000000000004,BC_30YEAR
2025-11-07,0.08333333333333333,0.0401,BC_1MONTH
2025-11-07,0.16666666666666666,0.0398,BC_2MONTH
2025-11-07,0.25,0.0392,BC_3MONTH
2025-11-07,0.3333333333333333,0.0383,BC_4MONTH
2025-11-07,0.5,0.037599999999999995,BC_6MONTH
2025-11-07,1.0,0.0363,BC_1YEAR
2025-11-07,2.0,0.0355,BC_2YEAR
2025-11-07,3.0,0.035699999999999996,BC_3YEAR
2025-11-07,5.0,0.036699999999999997,BC_5YEAR
2025-11-07,7.0,0.0387,BC_7YEAR
2025-11-07,10.0,0.041100000000000005,BC_10YEAR
2025-11-07,20.0,0.046799999999999994,BC_20YEAR
2025-11-07,30.0,0.047,BC_30YEAR
2025-11-10,0.08333333333333333,0.0404,BC_1MONTH
2025-11-10,0.16666666666666666,0.04,BC_2MONTH
2025-11-10,0.25,0.0395,BC_3MONTH
2025-11-10,0.3333333333333333,0.0385,BC_4MONTH
2025-11-10,0.5,0.0379,BC_6MONTH
2025-11-10,1.0,0.0366,BC_1YEAR
2025-11-10,2.0,0.0358,BC_2YEAR
2025-11-10,3.0,0.0356,BC_3YEAR
2025-11-10,5.0,0.037200000000000004,BC_5YEAR
2025-11-10,7.0,0.039,BC_7YEAR
2025-11-10,10.0,0.041299999999999996,BC_10YEAR
2025-11-10,20.0,0.046900000000000004,BC_20YEAR
2025-11-10,30.0,0.0471,BC_30YEAR
2025-11-12,0.08333333333333333,0.0403,BC_1MONTH
2025-11-12,0.16666666666666666,0.0398,BC_2MONTH
2025-11-12,0.25,0.0395,BC_3MONTH
2025-11-12,0.3333333333333333,0.038599999999999995,BC_4MONTH
2025-11-12,0.5,0.0378,BC_6MONTH
2025-11-12,1.0,0.0365,BC_1YEAR
2025-11-12,2.0,0.0356,BC_2YEAR
2025-11-12,3.0,0.0355,BC_3YEAR
2025-11-12,5.0,0.0368,BC_5YEAR
2025-11-12,7.0,0.038599999999999995,BC_7YEAR
2025-11-12,10.0,0.0408,BC_10YEAR
2025-11-12,20.0,0.04650000000000001,BC_20YEAR
2025-11-12,30.0,0.0467,BC_30YEAR
2025-11-13,0.08333333333333333,0.0405,BC_1MONTH
2025-11-13,0.16666666666666666,0.04,BC_2MONTH
2025-11-13,0.25,0.039599999999999996,BC_3MONTH
2025-11-13,0.3333333333333333,0.0388,BC_4MONTH
2025-11-13,0.5,0.038,BC_6MONTH
2025-11-13,1.0,0.0368,BC_1YEAR
2025-11-13,2.0,0.0358,BC_2YEAR
2025-11-13,3.0,0.035699999999999996,BC_3YEAR
2025-11-13,5.0,0.0371,BC_5YEAR
2025-11-13,7.0,0.038900000000000004,BC_7YEAR
2025-11-13,10.0,0.041100000000000005,BC_10YEAR
2025-11-13,20.0,0.046900000000000004,BC_20YEAR
2025-11-13,30.0,0.047,BC_30YEAR
2025-11-14,0.08333333333333333,0.0404,BC_1MONTH
2025-11-14,0.16666666666666666,0.0401,BC_2MONTH
2025-11-14,0.25,0.0395,BC_3MONTH
2025-11-14,0.3333333333333333,0.0388,BC_4MONTH
2025-11-14,0.5,0.038,BC_6MONTH
2025-11-14,1.0,0.037000000000000005,BC_1YEAR
2025-11-14,2.0,0.0362,BC_2YEAR
2025-11-14,3.0,0.0361,BC_3YEAR
2025-11-14,5.0,0.0374,BC_5YEAR
2025-11-14,7.0,0.0392,BC_7YEAR
2025-11-14,10.0,0.0414,BC_10YEAR
2025-11-14,20.0,0.0473,BC_20YEAR
2025-11-14,30.0,0.047400000000000005,BC_30YEAR
2025-11-17,0.08333333333333333,0.0404,BC_1MONTH
2025-11-17,0.16666666666666666,0.0401,BC_2MONTH
2025-11-17,0.25,0.0397,BC_3MONTH
2025-11-17,0.3333333333333333,0.0387,BC_4MONTH
2025-11-17,0.5,0.0381,BC_6MONTH
2025-11-17,1.0,0.0369,BC_1YEAR
2025-11-17,2.0,0.036000000000000004,BC_2YEAR
2025-11-17,3.0,0.036000000000000004,BC_3YEAR
2025-11-17,5.0,0.037200000000000004,BC_5YEAR
2025-11-17,7.0,0.039,BC_7YEAR
2025-11-17,10.0,0.041299999999999996,BC_10YEAR
2025-11-17,20.0,0.0471,BC_20YEAR
2025-11-17,30.0,0.0473,BC_30YEAR
2025-11-18,0.08333333333333333,0.04019999999999999,BC_1MONTH
2025-11-18,0.16666666666666666,0.039900000000000005,BC_2MONTH
2025-11-18,0.25,0.0394,BC_3MONTH
2025-11-18,0.3333333333333333,0.0385,BC_4MONTH
2025-11-18,0.5,0.0379,BC_6MONTH
2025-11-18,1.0,0.036699999999999997,BC_1YEAR
2025-11-18,2.0,0.0358,BC_2YEAR
2025-11-18,3.0,0.0358,BC_3YEAR
2025-11-18,5.0,0.037000000000000005,BC_5YEAR
2025-11-18,7.0,0.038900000000000004,BC_7YEAR
2025-11-18,10.0,0.0412,BC_10YEAR
2025-11-18,20.0,0.0472,BC_20YEAR
2025-11-18,30.0,0.047400000000000005,BC_30YEAR
2025-11-19,0.08333333333333333,0.0401,BC_1MONTH
2025-11-19,0.16666666666666666,0.04,BC_2MONTH
2025-11-19,0.25,0.0395,BC_3MONTH
2025-11-19,0.3333333333333333,0.038599999999999995,BC_4MONTH
2025-11-19,0.5,0.038,BC_6MONTH
2025-11-19,1.0,0.0368,BC_1YEAR
2025-11-19,2.0,0.0358,BC_2YEAR
2025-11-19,3.0,0.0359,BC_3YEAR
2025-11-19,5.0,0.0371,BC_5YEAR
2025-11-19,7.0,0.039,BC_7YEAR
2025-11-19,10.0,0.041299999999999996,BC_10YEAR
2025-11-19,20.0,0.0471,BC_20YEAR
2025-11-19,30.0,0.0475,BC_30YEAR
2025-11-20,0.08333333333333333,0.0404,BC_1MONTH
2025-11-20,0.16666666666666666,0.04019999999999999,BC_2MONTH
2025-11-20,0.25,0.0394,BC_3MONTH
2025-11-20,0.3333333333333333,0.038599999999999995,BC_4MONTH
2025-11-20,0.5,0.0379,BC_6MONTH
2025-11-20,1.0,0.0365,BC_1YEAR
2025-11-20,2.0,0.0355,BC_2YEAR
2025-11-20,3.0,0.0356,BC_3YEAR
2025-11-20,5.0,0.0368,BC_5YEAR
2025-11-20,7.0,0.0387,BC_7YEAR
2025-11-20,10.0,0.040999999999999995,BC_10YEAR
2025-11-20,20.0,0.046799999999999994,BC_20YEAR
2025-11-20,30.0,0.0473,BC_30YEAR
2025-11-21,0.08333333333333333,0.0403,BC_1MONTH
2025-11-21,0.16666666666666666,0.04,BC_2MONTH
2025-11-21,0.25,0.039,BC_3MONTH
2025-11-21,0.3333333333333333,0.0384,BC_4MONTH
2025-11-21,0.5,0.0375,BC_6MONTH
2025-11-21,1.0,0.0362,BC_1YEAR
2025-11-21,2.0,0.0351,BC_2YEAR
2025-11-21,3.0,0.035,BC_3YEAR
2025-11-21,5.0,0.0362,BC_5YEAR
2025-11-21,7.0,0.0382,BC_7YEAR
2025-11-21,10.0,0.0406,BC_10YEAR
2025-11-21,20.0,0.0467,BC_20YEAR
2025-11-21,30.0,0.0471,BC_30YEAR
2025-11-24,0.08333333333333333,0.0403,BC_1MONTH
2025-11-24,0.16666666666666666,0.039900000000000005,BC_2MONTH
2025-11-24,0.25,0.0391,BC_3MONTH
2025-11-24,0.3333333333333333,0.0383,BC_4MONTH
2025-11-24,0.5,0.037599999999999995,BC_6MONTH
2025-11-24,1.0,0.0361,BC_1YEAR
2025-11-24,2.0,0.0346,BC_2YEAR
2025-11-24,3.0,0.0349,BC_3YEAR
2025-11-24,5.0,0.0361,BC_5YEAR
2025-11-24,7.0,0.038,BC_7YEAR
2025-11-24,10.0,0.0404,BC_10YEAR
2025-11-24,20.0,0.0464,BC_20YEAR
2025-11-24,30.0,0.046799999999999994,BC_30YEAR
2025-11-25,0.08333333333333333,0.0404,BC_1MONTH
2025-11-25,0.16666666666666666,0.0397,BC_2MONTH
2025-11-25,0.25,0.039,BC_3MONTH
2025-11-25,0.3333333333333333,0.0382,BC_4MONTH
2025-11-25,0.5,0.0375,BC_6MONTH
2025-11-25,1.0,0.036000000000000004,BC_1YEAR
2025-11-25,2.0,0.034300000000000004,BC_2YEAR
2025-11-25,3.0,0.0346,BC_3YEAR
2025-11-25,5.0,0.0355,BC_5YEAR
2025-11-25,7.0,0.0377,BC_7YEAR
2025-11-25,10.0,0.0401,BC_10YEAR
2025-11-25,20.0,0.0462,BC_20YEAR
2025-11-25,30.0,0.0467,BC_30YEAR
2025-11-26,0.08333333333333333,0.0406,BC_1MONTH
2025-11-26,0.16666666666666666,0.04,BC_2MONTH
2025-11-26,0.25,0.0392,BC_3MONTH
2025-11-26,0.3333333333333333,0.038599999999999995,BC_4MONTH
2025-11-26,0.5,0.037599999999999995,BC_6MONTH
2025-11-26,1.0,0.0361,BC_1YEAR
2025-11-26,2.0,0.0345,BC_2YEAR
2025-11-26,3.0,0.0347,BC_3YEAR
2025-11-26,5.0,0.0356,BC_5YEAR
2025-11-26,7.0,0.0375,BC_7YEAR
2025-11-26,10.0,0.04,BC_10YEAR
2025-11-26,20.0,0.046,BC_20YEAR
2025-11-26,30.0,0.0464,BC_30YEAR
2025-11-28,0.08333333333333333,0.0405,BC_1MONTH
2025-11-28,0.16666666666666666,0.039900000000000005,BC_2MONTH
2025-11-28,0.25,0.0388,BC_3MONTH
2025-11-28,0.3333333333333333,0.038599999999999995,BC_4MONTH
2025-11-28,0.5,0.0374,BC_6MONTH
2025-11-28,1.0,0.0361,BC_1YEAR
2025-11-28,2.0,0.0347,BC_2YEAR
2025-11-28,3.0,0.0349,BC_3YEAR
2025-11-28,5.0,0.0359,BC_5YEAR
2025-11-28,7.0,0.0378,BC_7YEAR
2025-11-28,10.0,0.04019999999999999,BC_10YEAR
2025-11-28,20.0,0.0462,BC_20YEAR
2025-11-28,30.0,0.0467,BC_30YEAR
2025-12-01,0.08333333333333333,0.0398,BC_1MONTH
2025-12-01,0.16666666666666666,0.0392,BC_2MONTH
2025-12-01,0.25,0.0381,BC_3MONTH
2025-12-01,0.3333333333333333,0.0382,BC_4MONTH
2025-12-01,0.5,0.0375,BC_6MONTH
2025-12-01,1.0,0.0362,BC_1YEAR
2025-12-01,2.0,0.0354,BC_2YEAR
2025-12-01,3.0,0.0355,BC_3YEAR
2025-12-01,5.0,0.036699999999999997,BC_5YEAR
2025-12-01,7.0,0.038599999999999995,BC_7YEAR
2025-12-01,10.0,0.0409,BC_10YEAR
2025-12-01,20.0,0.0471,BC_20YEAR
2025-12-01,30.0,0.047400000000000005,BC_30YEAR
2025-12-02,0.08333333333333333,0.039,BC_1MONTH
2025-12-02,0.16666666666666666,0.0383,BC_2MONTH
2025-12-02,0.25,0.0377,BC_3MONTH
2025-12-02,0.3333333333333333,0.0378,BC_4MONTH
2025-12-02,0.5,0.037200000000000004,BC_6MONTH
2025-12-02,1.0,0.0359,BC_1YEAR
2025-12-02,2.0,0.0351,BC_2YEAR
2025-12-02,3.0,0.0354,BC_3YEAR
2025-12-02,5.0,0.0366,BC_5YEAR
2025-12-02,7.0,0.0385,BC_7YEAR
2025-12-02,10.0,0.0409,BC_10YEAR
2025-12-02,20.0,0.047,BC_20YEAR
2025-12-02,30.0,0.047400000000000005,BC_30YEAR
2025-12-03,0.08333333333333333,0.0383,BC_1MONTH
2025-12-03,0.16666666666666666,0.0378,BC_2MONTH
2025-12-03,0.25,0.037200000000000004,BC_3MONTH
2025-12-03,0.3333333333333333,0.0373,BC_4MONTH
2025-12-03,0.5,0.0368,BC_6MONTH
2025-12-03,1.0,0.035699999999999996,BC_1YEAR
2025-12-03,2.0,0.0349,BC_2YEAR
2025-12-03,3.0,0.035,BC_3YEAR
2025-12-03,5.0,0.0362,BC_5YEAR
2025-12-03,7.0,0.0382,BC_7YEAR
2025-12-03,10.0,0.0406,BC_10YEAR
2025-12-03,20.0,0.046799999999999994,BC_20YEAR
2025-12-03,30.0,0.0473,BC_30YEAR
2025-12-04,0.08333333333333333,0.0383,BC_1MONTH
2025-12-04,0.16666666666666666,0.0378,BC_2MONTH
2025-12-04,0.25,0.0371,BC_3MONTH
2025-12-04,0.3333333333333333,0.0373,BC_4MONTH
2025-12-04,0.5,0.0369,BC_6MONTH
2025-12-04,1.0,0.036000000000000004,BC_1YEAR
2025-12-04,2.0,0.0352,BC_2YEAR
2025-12-04,3.0,0.0355,BC_3YEAR
2025-12-04,5.0,0.0368,BC_5YEAR
2025-12-04,7.0,0.0387,BC_7YEAR
2025-12-04,10.0,0.041100000000000005,BC_10YEAR
2025-12-04,20.0,0.0472,BC_20YEAR
2025-12-04,30.0,0.047599999999999996,BC_30YEAR
2025-12-05,0.08333333333333333,0.0382,BC_1MONTH
2025-12-05,0.16666666666666666,0.0377,BC_2MONTH
2025-12-05,0.25,0.0371,BC_3MONTH
2025-12-05,0.3333333333333333,0.0373,BC_4MONTH
2025-12-05,0.5,0.0368,BC_6MONTH
2025-12-05,1.0,0.0361,BC_1YEAR
2025-12-05,2.0,0.0356,BC_2YEAR
2025-12-05,3.0,0.0359,BC_3YEAR
2025-12-05,5.0,0.037200000000000004,BC_5YEAR
2025-12-05,7.0,0.039,BC_7YEAR
2025-12-05,10.0,0.0414,BC_10YEAR
2025-12-05,20.0,0.0475,BC_20YEAR
2025-12-05,30.0,0.0479,BC_30YEAR
2025-12-08,0.08333333333333333,0.0382,BC_1MONTH
2025-12-08,0.16666666666666666,0.0378,BC_2MONTH
2025-12-08,0.25,0.0373,BC_3MONTH
2025-12-08,0.3333333333333333,0.0373,BC_4MONTH
2025-12-08,0.5,0.0369,BC_6MONTH
2025-12-08,1.0,0.0361,BC_1YEAR
2025-12-08,2.0,0.035699999999999996,BC_2YEAR
2025-12-08,3.0,0.0359,BC_3YEAR
2025-12-08,5.0,0.0375,BC_5YEAR
2025-12-08,7.0,0.0394,BC_7YEAR
2025-12-08,10.0,0.0417,BC_10YEAR
2025-12-08,20.0,0.0478,BC_20YEAR
2025-12-08,30.0,0.0481,BC_30YEAR
2025-12-09,0.08333333333333333,0.0381,BC_1MONTH
2025-12-09,0.16666666666666666,0.0378,BC_2MONTH
2025-12-09,0.25,0.0373,BC_3MONTH
2025-12-09,0.3333333333333333,0.0373,BC_4MONTH
2025-12-09,0.5,0.037000000000000005,BC_6MONTH
2025-12-09,1.0,0.0363,BC_1YEAR
2025-12-09,2.0,0.0361,BC_2YEAR
2025-12-09,3.0,0.0362,BC_3YEAR
2025-12-09,5.0,0.0378,BC_5YEAR
2025-12-09,7.0,0.039599999999999996,BC_7YEAR
2025-12-09,10.0,0.0418,BC_10YEAR
2025-12-09,20.0,0.04769999999999999,BC_20YEAR
2025-12-09,30.0,0.048,BC_30YEAR
2025-12-10,0.08333333333333333,0.0379,BC_1MONTH
2025-12-10,0.16666666666666666,0.0375,BC_2MONTH
2025-12-10,0.25,0.0369,BC_3MONTH
2025-12-10,0.3333333333333333,0.0369,BC_4MONTH
2025-12-10,0.5,0.0366,BC_6MONTH
2025-12-10,1.0,0.0358,BC_1YEAR
2025-12-10,2.0,0.0354,BC_2YEAR
2025-12-10,3.0,0.0356,BC_3YEAR
2025-12-10,5.0,0.037200000000000004,BC_5YEAR
2025-12-10,7.0,0.0392,BC_7YEAR
2025-12-10,10.0,0.041299999999999996,BC_10YEAR
2025-12-10,20.0,0.047400000000000005,BC_20YEAR
2025-12-10,30.0,0.0478,BC_30YEAR
2025-12-11,0.08333333333333333,0.0377,BC_1MONTH
2025-12-11,0.16666666666666666,0.037599999999999995,BC_2MONTH
2025-12-11,0.25,0.0366,BC_3MONTH
2025-12-11,0.3333333333333333,0.036699999999999997,BC_4MONTH
2025-12-11,0.5,0.0362,BC_6MONTH
2025-12-11,1.0,0.0356,BC_1YEAR
2025-12-11,2.0,0.0352,BC_2YEAR
2025-12-11,3.0,0.0355,BC_3YEAR
2025-12-11,5.0,0.037200000000000004,BC_5YEAR
2025-12-11,7.0,0.0391,BC_7YEAR
2025-12-11,10.0,0.0414,BC_10YEAR
2025-12-11,20.0,0.0475,BC_20YEAR
2025-12-11,30.0,0.0479,BC_30YEAR
2025-12-12,0.08333333333333333,0.037599999999999995,BC_1MONTH
2025-12-12,0.16666666666666666,0.0375,BC_2MONTH
2025-12-12,0.25,0.0363,BC_3MONTH
2025-12-12,0.3333333333333333,0.0364,BC_4MONTH
2025-12-12,0.5,0.0358,BC_6MONTH
2025-12-12,1.0,0.0354,BC_1YEAR
2025-12-12,2.0,0.0352,BC_2YEAR
2025-12-12,3.0,0.0358,BC_3YEAR
2025-12-12,5.0,0.0375,BC_5YEAR
2025-12-12,7.0,0.0395,BC_7YEAR
2025-12-12,10.0,0.04190000000000001,BC_10YEAR
2025-12-12,20.0,0.0482,BC_20YEAR
2025-12-12,30.0,0.048499999999999995,BC_30YEAR
2025-12-15,0.08333333333333333,0.0377,BC_1MONTH
2025-12-15,0.16666666666666666,0.0375,BC_2MONTH
2025-12-15,0.25,0.0365,BC_3MONTH
2025-12-15,0.3333333333333333,0.0365,BC_4MONTH
2025-12-15,0.5,0.036000000000000004,BC_6MONTH
2025-12-15,1.0,0.0352,BC_1YEAR
2025-12-15,2.0,0.0351,BC_2YEAR
2025-12-15,3.0,0.0356,BC_3YEAR
2025-12-15,5.0,0.0373,BC_5YEAR
2025-12-15,7.0,0.0394,BC_7YEAR
2025-12-15,10.0,0.0418,BC_10YEAR
2025-12-15,20.0,0.048,BC_20YEAR
2025-12-15,30.0,0.0484,BC_30YEAR
2025-12-16,0.08333333333333333,0.037599999999999995,BC_1MONTH
2025-12-16,0.16666666666666666,0.0373,BC_2MONTH
2025-12-16,0.25,0.0364,BC_3MONTH
2025-12-16,0.3333333333333333,0.0364,BC_4MONTH
2025-12-16,0.5,0.036000000000000004,BC_6MONTH
2025-12-16,1.0,0.0351,BC_1YEAR
2025-12-16,2.0,0.0348,BC_2YEAR
2025-12-16,3.0,0.0352,BC_3YEAR
2025-12-16,5.0,0.0369,BC_5YEAR
2025-12-16,7.0,0.039,BC_7YEAR
2025-12-16,10.0,0.0415,BC_10YEAR
2025-12-16,20.0,0.04769999999999999,BC_20YEAR
2025-12-16,30.0,0.0482,BC_30YEAR
2025-12-17,0.08333333333333333,0.0373,BC_1MONTH
2025-12-17,0.16666666666666666,0.0373,BC_2MONTH
2025-12-17,0.25,0.0364,BC_3MONTH
2025-12-17,0.3333333333333333,0.0365,BC_4MONTH
2025-12-17,0.5,0.0359,BC_6MONTH
2025-12-17,1.0,0.0351,BC_1YEAR
2025-12-17,2.0,0.0349,BC_2YEAR
2025-12-17,3.0,0.0353,BC_3YEAR
2025-12-17,5.0,0.037000000000000005,BC_5YEAR
2025-12-17,7.0,0.0391,BC_7YEAR
2025-12-17,10.0,0.0416,BC_10YEAR
2025-12-17,20.0,0.0478,BC_20YEAR
2025-12-17,30.0,0.0483,BC_30YEAR
2025-12-18,0.08333333333333333,0.0371,BC_1MONTH
2025-12-18,0.16666666666666666,0.037200000000000004,BC_2MONTH
2025-12-18,0.25,0.0362,BC_3MONTH
2025-12-18,0.3333333333333333,0.0363,BC_4MONTH
2025-12-18,0.5,0.0358,BC_6MONTH
2025-12-18,1.0,0.0349,BC_1YEAR
2025-12-18,2.0,0.0346,BC_2YEAR
2025-12-18,3.0,0.035,BC_3YEAR
2025-12-18,5.0,0.0366,BC_5YEAR
2025-12-18,7.0,0.0387,BC_7YEAR
2025-12-18,10.0,0.0412,BC_10YEAR
2025-12-18,20.0,0.047400000000000005,BC_20YEAR
2025-12-18,30.0,0.048,BC_30YEAR
2025-12-19,0.08333333333333333,0.0371,BC_1MONTH
2025-12-19,0.16666666666666666,0.037200000000000004,BC_2MONTH
2025-12-19,0.25,0.0362,BC_3MONTH
2025-12-19,0.3333333333333333,0.0364,BC_4MONTH
2025-12-19,0.5,0.036000000000000004,BC_6MONTH
2025-12-19,1.0,0.0351,BC_1YEAR
2025-12-19,2.0,0.0348,BC_2YEAR
2025-12-19,3.0,0.0353,BC_3YEAR
2025-12-19,5.0,0.037000000000000005,BC_5YEAR
2025-12-19,7.0,0.0391,BC_7YEAR
2025-12-19,10.0,0.0416,BC_10YEAR
2025-12-19,20.0,0.04769999999999999,BC_20YEAR
2025-12-19,30.0,0.0482,BC_30YEAR
2025-12-22,0.08333333333333333,0.037200000000000004,BC_1MONTH
2025-12-22,0.16666666666666666,0.0371,BC_2MONTH
2025-12-22,0.25,0.0364,BC_3MONTH
2025-12-22,0.3333333333333333,0.0365,BC_4MONTH
2025-12-22,0.5,0.036000000000000004,BC_6MONTH
2025-12-22,1.0,0.0353,BC_1YEAR
2025-12-22,2.0,0.0344,BC_2YEAR
2025-12-22,3.0,0.0356,BC_3YEAR
2025-12-22,5.0,0.0371,BC_5YEAR
2025-12-22,7.0,0.0393,BC_7YEAR
2025-12-22,10.0,0.0417,BC_10YEAR
2025-12-22,20.0,0.0478,BC_20YEAR
2025-12-22,30.0,0.0484,BC_30YEAR
2025-12-23,0.08333333333333333,0.0371,BC_1MONTH
2025-12-23,0.16666666666666666,0.037000000000000005,BC_2MONTH
2025-12-23,0.25,0.0365,BC_3MONTH
2025-12-23,0.3333333333333333,0.0366,BC_4MONTH
2025-12-23,0.5,0.0359,BC_6MONTH
2025-12-23,1.0,0.0352,BC_1YEAR
2025-12-23,2.0,0.0348,BC_2YEAR
2025-12-23,3.0,0.0358,BC_3YEAR
2025-12-23,5.0,0.037200000000000004,BC_5YEAR
2025-12-23,7.0,0.0394,BC_7YEAR
2025-12-23,10.0,0.0418,BC_10YEAR
2025-12-23,20.0,0.0478,BC_20YEAR
2025-12-23,30.0,0.0483,BC_30YEAR
2025-12-24,0.08333333333333333,0.037200000000000004,BC_1MONTH
2025-12-24,0.16666666666666666,0.0374,BC_2MONTH
2025-12-24,0.25,0.0369,BC_3MONTH
2025-12-24,0.3333333333333333,0.036699999999999997,BC_4MONTH
2025-12-24,0.5,0.0359,BC_6MONTH
2025-12-24,1.0,0.035,BC_1YEAR
2025-12-24,2.0,0.0347,BC_2YEAR
2025-12-24,3.0,0.0356,BC_3YEAR
2025-12-24,5.0,0.037000000000000005,BC_5YEAR
2025-12-24,7.0,0.0391,BC_7YEAR
2025-12-24,10.0,0.0415,BC_10YEAR
2025-12-24,20.0,0.0475,BC_20YEAR
2025-12-24,30.0,0.0479,BC_30YEAR
2025-12-26,0.08333333333333333,0.037000000000000005,BC_1MONTH
2025-12-26,0.16666666666666666,0.037200000000000004,BC_2MONTH
2025-12-26,0.25,0.0364,BC_3MONTH
2025-12-26,0.3333333333333333,0.0366,BC_4MONTH
2025-12-26,0.5,0.0358,BC_6MONTH
2025-12-26,1.0,0.0349,BC_1YEAR
2025-12-26,2.0,0.0346,BC_2YEAR
2025-12-26,3.0,0.0354,BC_3YEAR
2025-12-26,5.0,0.0368,BC_5YEAR
2025-12-26,7.0,0.038900000000000004,BC_7YEAR
2025-12-26,10.0,0.0414,BC_10YEAR
2025-12-26,20.0,0.047599999999999996,BC_20YEAR
2025-12-26,30.0,0.0481,BC_30YEAR
2025-12-29,0.08333333333333333,0.0369,BC_1MONTH
2025-12-29,0.16666666666666666,0.037000000000000005,BC_2MONTH
2025-12-29,0.25,0.0368,BC_3MONTH
2025-12-29,0.3333333333333333,0.0366,BC_4MONTH
2025-12-29,0.5,0.0359,BC_6MONTH
2025-12-29,1.0,0.0348,BC_1YEAR
2025-12-29,2.0,0.0345,BC_2YEAR
2025-12-29,3.0,0.0351,BC_3YEAR
2025-12-29,5.0,0.036699999999999997,BC_5YEAR
2025-12-29,7.0,0.0388,BC_7YEAR
2025-12-29,10.0,0.0412,BC_10YEAR
2025-12-29,20.0,0.0475,BC_20YEAR
2025-12-29,30.0,0.048,BC_30YEAR
2025-12-30,0.08333333333333333,0.0365,BC_1MONTH
2025-12-30,0.16666666666666666,0.0365,BC_2MONTH
2025-12-30,0.25,0.0365,BC_3MONTH
2025-12-30,0.3333333333333333,0.0363,BC_4MONTH
2025-12-30,0.5,0.0359,BC_6MONTH
2025-12-30,1.0,0.0347,BC_1YEAR
2025-12-30,2.0,0.0345,BC_2YEAR
2025-12-30,3.0,0.035,BC_3YEAR
2025-12-30,5.0,0.0368,BC_5YEAR
2025-12-30,7.0,0.038900000000000004,BC_7YEAR
2025-12-30,10.0,0.0414,BC_10YEAR
2025-12-30,20.0,0.047599999999999996,BC_20YEAR
2025-12-30,30.0,0.0481,BC_30YEAR
2025-12-31,0.08333333333333333,0.0374,BC_1MONTH
2025-12-31,0.16666666666666666,0.036699999999999997,BC_2MONTH
2025-12-31,0.25,0.036699999999999997,BC_3MONTH
2025-12-31,0.3333333333333333,0.0363,BC_4MONTH
2025-12-31,0.5,0.0359,BC_6MONTH
2025-12-31,1.0,0.0348,BC_1YEAR
2025-12-31,2.0,0.0347,BC_2YEAR
2025-12-31,3.0,0.0355,BC_3YEAR
2025-12-31,5.0,0.0373,BC_5YEAR
2025-12-31,7.0,0.0394,BC_7YEAR
2025-12-31,10.0,0.0418,BC_10YEAR
2025-12-31,20.0,0.0479,BC_20YEAR
2025-12-31,30.0,0.0484,BC_30YEAR
2026-01-02,0.08333333333333333,0.037200000000000004,BC_1MONTH
2026-01-02,0.16666666666666666,0.0366,BC_2MONTH
2026-01-02,0.25,0.0365,BC_3MONTH
2026-01-02,0.3333333333333333,0.0362,BC_4MONTH
2026-01-02,0.5,0.0358,BC_6MONTH
2026-01-02,1.0,0.0347,BC_1YEAR
2026-01-02,2.0,0.0347,BC_2YEAR
2026-01-02,3.0,0.0355,BC_3YEAR
2026-01-02,5.0,0.0374,BC_5YEAR
2026-01-02,7.0,0.0395,BC_7YEAR
2026-01-02,10.0,0.04190000000000001,BC_10YEAR
2026-01-02,20.0,0.0481,BC_20YEAR
2026-01-02,30.0,0.048600000000000004,BC_30YEAR
2026-01-05,0.08333333333333333,0.0371,BC_1MONTH
2026-01-05,0.16666666666666666,0.0364,BC_2MONTH
2026-01-05,0.25,0.0364,BC_3MONTH
2026-01-05,0.3333333333333333,0.0361,BC_4MONTH
2026-01-05,0.5,0.035699999999999996,BC_6MONTH
2026-01-05,1.0,0.0347,BC_1YEAR
2026-01-05,2.0,0.0346,BC_2YEAR
2026-01-05,3.0,0.0353,BC_3YEAR
2026-01-05,5.0,0.0371,BC_5YEAR
2026-01-05,7.0,0.0392,BC_7YEAR
2026-01-05,10.0,0.0417,BC_10YEAR
2026-01-05,20.0,0.0479,BC_20YEAR
2026-01-05,30.0,0.048499999999999995,BC_30YEAR
2026-01-06,0.08333333333333333,0.037000000000000005,BC_1MONTH
2026-01-06,0.16666666666666666,0.0361,BC_2MONTH
2026-01-06,0.25,0.0363,BC_3MONTH
2026-01-06,0.3333333333333333,0.0358,BC_4MONTH
2026-01-06,0.5,0.0356,BC_6MONTH
2026-01-06,1.0,0.0348,BC_1YEAR
2026-01-06,2.0,0.0347,BC_2YEAR
2026-01-06,3.0,0.0354,BC_3YEAR
2026-01-06,5.0,0.037200000000000004,BC_5YEAR
2026-01-06,7.0,0.0393,BC_7YEAR
2026-01-06,10.0,0.0418,BC_10YEAR
2026-01-06,20.0,0.048,BC_20YEAR
2026-01-06,30.0,0.048600000000000004,BC_30YEAR
2026-01-07,0.08333333333333333,0.037000000000000005,BC_1MONTH
2026-01-07,0.16666666666666666,0.036000000000000004,BC_2MONTH
2026-01-07,0.25,0.0362,BC_3MONTH
2026-01-07,0.3333333333333333,0.036000000000000004,BC_4MONTH
2026-01-07,0.5,0.0356,BC_6MONTH
2026-01-07,1.0,0.0348,BC_1YEAR
2026-01-07,2.0,0.0347,BC_2YEAR
2026-01-07,3.0,0.0353,BC_3YEAR
2026-01-07,5.0,0.037000000000000005,BC_5YEAR
2026-01-07,7.0,0.0391,BC_7YEAR
2026-01-07,10.0,0.0415,BC_10YEAR
2026-01-07,20.0,0.047599999999999996,BC_20YEAR
2026-01-07,30.0,0.0482,BC_30YEAR
2026-01-08,0.08333333333333333,0.037000000000000005,BC_1MONTH
2026-01-08,0.16666666666666666,0.0363,BC_2MONTH
2026-01-08,0.25,0.0362,BC_3MONTH
2026-01-08,0.3333333333333333,0.036000000000000004,BC_4MONTH
2026-01-08,0.5,0.0356,BC_6MONTH
2026-01-08,1.0,0.0348,BC_1YEAR
2026-01-08,2.0,0.0349,BC_2YEAR
2026-01-08,3.0,0.0356,BC_3YEAR
2026-01-08,5.0,0.0374,BC_5YEAR
2026-01-08,7.0,0.0395,BC_7YEAR
2026-01-08,10.0,0.04190000000000001,BC_10YEAR
2026-01-08,20.0,0.0479,BC_20YEAR
2026-01-08,30.0,0.048499999999999995,BC_30YEAR
2026-01-09,0.08333333333333333,0.037000000000000005,BC_1MONTH
2026-01-09,0.16666666666666666,0.0363,BC_2MONTH
2026-01-09,0.25,0.0362,BC_3MONTH
2026-01-09,0.3333333333333333,0.0362,BC_4MONTH
2026-01-09,0.5,0.035699999999999996,BC_6MONTH
2026-01-09,1.0,0.0352,BC_1YEAR
2026-01-09,2.0,0.0354,BC_2YEAR
2026-01-09,3.0,0.0359,BC_3YEAR
2026-01-09,5.0,0.0375,BC_5YEAR
2026-01-09,7.0,0.0395,BC_7YEAR
2026-01-09,10.0,0.0418,BC_10YEAR
2026-01-09,20.0,0.047599999999999996,BC_20YEAR
2026-01-09,30.0,0.0482,BC_30YEAR
2026-01-12,0.08333333333333333,0.0371,BC_1MONTH
2026-01-12,0.16666666666666666,0.0364,BC_2MONTH
2026-01-12,0.25,0.036699999999999997,BC_3MONTH
2026-01-12,0.3333333333333333,0.0363,BC_4MONTH
2026-01-12,0.5,0.0358,BC_6MONTH
2026-01-12,1.0,0.0353,BC_1YEAR
2026-01-12,2.0,0.0354,BC_2YEAR
2026-01-12,3.0,0.0359,BC_3YEAR
2026-01-12,5.0,0.0377,BC_5YEAR
2026-01-12,7.0,0.0397,BC_7YEAR
2026-01-12,10.0,0.04190000000000001,BC_10YEAR
2026-01-12,20.0,0.0478,BC_20YEAR
2026-01-12,30.0,0.0483,BC_30YEAR
2026-01-13,0.08333333333333333,0.037200000000000004,BC_1MONTH
2026-01-13,0.16666666666666666,0.0366,BC_2MONTH
2026-01-13,0.25,0.036699999999999997,BC_3MONTH
2026-01-13,0.3333333333333333,0.0363,BC_4MONTH
2026-01-13,0.5,0.0359,BC_6MONTH
2026-01-13,1.0,0.0351,BC_1YEAR
2026-01-13,2.0,0.0353,BC_2YEAR
2026-01-13,3.0,0.035699999999999996,BC_3YEAR
2026-01-13,5.0,0.0375,BC_5YEAR
2026-01-13,7.0,0.0395,BC_7YEAR
2026-01-13,10.0,0.0418,BC_10YEAR
2026-01-13,20.0,0.04769999999999999,BC_20YEAR
2026-01-13,30.0,0.0483,BC_30YEAR
2026-01-14,0.08333333333333333,0.037200000000000004,BC_1MONTH
2026-01-14,0.16666666666666666,0.0366,BC_2MONTH
2026-01-14,0.25,0.036699999999999997,BC_3MONTH
2026-01-14,0.3333333333333333,0.0365,BC_4MONTH
2026-01-14,0.5,0.0358,BC_6MONTH
2026-01-14,1.0,0.035,BC_1YEAR
2026-01-14,2.0,0.0351,BC_2YEAR
2026-01-14,3.0,0.0356,BC_3YEAR
2026-01-14,5.0,0.037200000000000004,BC_5YEAR
2026-01-14,7.0,0.0392,BC_7YEAR
2026-01-14,10.0,0.0415,BC_10YEAR
2026-01-14,20.0,0.0473,BC_20YEAR
2026-01-14,30.0,0.0479,BC_30YEAR
2026-01-15,0.08333333333333333,0.0375,BC_1MONTH
2026-01-15,0.16666666666666666,0.0369,BC_2MONTH
2026-01-15,0.25,0.0368,BC_3MONTH
2026-01-15,0.3333333333333333,0.0366,BC_4MONTH
2026-01-15,0.5,0.036000000000000004,BC_6MONTH
2026-01-15,1.0,0.0354,BC_1YEAR
2026-01-15,2.0,0.0356,BC_2YEAR
2026-01-15,3.0,0.0362,BC_3YEAR
2026-01-15,5.0,0.0377,BC_5YEAR
2026-01-15,7.0,0.039599999999999996,BC_7YEAR
2026-01-15,10.0,0.0417,BC_10YEAR
2026-01-15,20.0,0.047400000000000005,BC_20YEAR
2026-01-15,30.0,0.0479,BC_30YEAR
2026-01-16,0.08333333333333333,0.0375,BC_1MONTH
2026-01-16,0.16666666666666666,0.0368,BC_2MONTH
2026-01-16,0.25,0.036699999999999997,BC_3MONTH
2026-01-16,0.3333333333333333,0.0366,BC_4MONTH
2026-01-16,0.5,0.036000000000000004,BC_6MONTH
2026-01-16,1.0,0.0355,BC_1YEAR
2026-01-16,2.0,0.0359,BC_2YEAR
2026-01-16,3.0,0.036699999999999997,BC_3YEAR
2026-01-16,5.0,0.0382,BC_5YEAR
2026-01-16,7.0,0.04019999999999999,BC_7YEAR
2026-01-16,10.0,0.0424,BC_10YEAR
2026-01-16,20.0,0.0479,BC_20YEAR
2026-01-16,30.0,0.0483,BC_30YEAR
2026-01-20,0.08333333333333333,0.0375,BC_1MONTH
2026-01-20,0.16666666666666666,0.0369,BC_2MONTH
2026-01-20,0.25,0.037000000000000005,BC_3MONTH
2026-01-20,0.3333333333333333,0.0365,BC_4MONTH
2026-01-20,0.5,0.0361,BC_6MONTH
2026-01-20,1.0,0.0353,BC_1YEAR
2026-01-20,2.0,0.036000000000000004,BC_2YEAR
2026-01-20,3.0,0.0368,BC_3YEAR
2026-01-20,5.0,0.038599999999999995,BC_5YEAR
2026-01-20,7.0,0.0408,BC_7YEAR
2026-01-20,10.0,0.043,BC_10YEAR
2026-01-20,20.0,0.0487,BC_20YEAR
2026-01-20,30.0,0.049100000000000005,BC_30YEAR
2026-01-21,0.08333333333333333,0.0375,BC_1MONTH
2026-01-21,0.16666666666666666,0.037000000000000005,BC_2MONTH
2026-01-21,0.25,0.037000000000000005,BC_3MONTH
2026-01-21,0.3333333333333333,0.036699999999999997,BC_4MONTH
2026-01-21,0.5,0.0362,BC_6MONTH
2026-01-21,1.0,0.0353,BC_1YEAR
2026-01-21,2.0,0.036000000000000004,BC_2YEAR
2026-01-21,3.0,0.0366,BC_3YEAR
2026-01-21,5.0,0.0383,BC_5YEAR
2026-01-21,7.0,0.0404,BC_7YEAR
2026-01-21,10.0,0.0426,BC_10YEAR
2026-01-21,20.0,0.0482,BC_20YEAR
2026-01-21,30.0,0.0487,BC_30YEAR
2026-01-22,0.08333333333333333,0.0379,BC_1MONTH
2026-01-22,0.16666666666666666,0.037200000000000004,BC_2MONTH
2026-01-22,0.25,0.0371,BC_3MONTH
2026-01-22,0.3333333333333333,0.036699999999999997,BC_4MONTH
2026-01-22,0.5,0.0361,BC_6MONTH
2026-01-22,1.0,0.0353,BC_1YEAR
2026-01-22,2.0,0.0361,BC_2YEAR
2026-01-22,3.0,0.0368,BC_3YEAR
2026-01-22,5.0,0.0385,BC_5YEAR
2026-01-22,7.0,0.0405,BC_7YEAR
2026-01-22,10.0,0.0426,BC_10YEAR
2026-01-22,20.0,0.0479,BC_20YEAR
2026-01-22,30.0,0.0484,BC_30YEAR
2026-01-23,0.08333333333333333,0.0378,BC_1MONTH
2026-01-23,0.16666666666666666,0.037200000000000004,BC_2MONTH
2026-01-23,0.25,0.037000000000000005,BC_3MONTH
2026-01-23,0.3333333333333333,0.036699999999999997,BC_4MONTH
2026-01-23,0.5,0.0361,BC_6MONTH
2026-01-23,1.0,0.0353,BC_1YEAR
2026-01-23,2.0,0.036000000000000004,BC_2YEAR
2026-01-23,3.0,0.036699999999999997,BC_3YEAR
2026-01-23,5.0,0.0384,BC_5YEAR
2026-01-23,7.0,0.0403,BC_7YEAR
2026-01-23,10.0,0.0424,BC_10YEAR
2026-01-23,20.0,0.0478,BC_20YEAR
2026-01-23,30.0,0.0482,BC_30YEAR
2026-01-26,0.08333333333333333,0.0377,BC_1MONTH
2026-01-26,0.16666666666666666,0.037000000000000005,BC_2MONTH
2026-01-26,0.25,0.036699999999999997,BC_3MONTH
2026-01-26,0.3333333333333333,0.036699999999999997,BC_4MONTH
2026-01-26,0.5,0.0362,BC_6MONTH
2026-01-26,1.0,0.0352,BC_1YEAR
2026-01-26,2.0,0.0356,BC_2YEAR
2026-01-26,3.0,0.0366,BC_3YEAR
2026-01-26,5.0,0.0382,BC_5YEAR
2026-01-26,7.0,0.04019999999999999,BC_7YEAR
2026-01-26,10.0,0.042199999999999994,BC_10YEAR
2026-01-26,20.0,0.0475,BC_20YEAR
2026-01-26,30.0,0.048,BC_30YEAR
2026-01-27,0.08333333333333333,0.0377,BC_1MONTH
2026-01-27,0.16666666666666666,0.037000000000000005,BC_2MONTH
2026-01-27,0.25,0.036699999999999997,BC_3MONTH
2026-01-27,0.3333333333333333,0.0366,BC_4MONTH
2026-01-27,0.5,0.0361,BC_6MONTH
2026-01-27,1.0,0.035,BC_1YEAR
2026-01-27,2.0,0.0353,BC_2YEAR
2026-01-27,3.0,0.0365,BC_3YEAR
2026-01-27,5.0,0.0381,BC_5YEAR
2026-01-27,7.0,0.0403,BC_7YEAR
2026-01-27,10.0,0.0424,BC_10YEAR
2026-01-27,20.0,0.0479,BC_20YEAR
2026-01-27,30.0,0.0483,BC_30YEAR
2026-01-28,0.08333333333333333,0.037599999999999995,BC_1MONTH
2026-01-28,0.16666666666666666,0.0371,BC_2MONTH
2026-01-28,0.25,0.0368,BC_3MONTH
2026-01-28,0.3333333333333333,0.037000000000000005,BC_4MONTH
2026-01-28,0.5,0.0363,BC_6MONTH
2026-01-28,1.0,0.0352,BC_1YEAR
2026-01-28,2.0,0.0356,BC_2YEAR
2026-01-28,3.0,0.0366,BC_3YEAR
2026-01-28,5.0,0.0383,BC_5YEAR
2026-01-28,7.0,0.0405,BC_7YEAR
2026-01-28,10.0,0.0426,BC_10YEAR
2026-01-28,20.0,0.0481,BC_20YEAR
2026-01-28,30.0,0.048499999999999995,BC_30YEAR
2026-01-29,0.08333333333333333,0.037200000000000004,BC_1MONTH
2026-01-29,0.16666666666666666,0.0375,BC_2MONTH
2026-01-29,0.25,0.036699999999999997,BC_3MONTH
2026-01-29,0.3333333333333333,0.0369,BC_4MONTH
2026-01-29,0.5,0.0362,BC_6MONTH
2026-01-29,1.0,0.035,BC_1YEAR
2026-01-29,2.0,0.0353,BC_2YEAR
2026-01-29,3.0,0.0363,BC_3YEAR
2026-01-29,5.0,0.038,BC_5YEAR
2026-01-29,7.0,0.0401,BC_7YEAR
2026-01-29,10.0,0.0424,BC_10YEAR
2026-01-29,20.0,0.048,BC_20YEAR
2026-01-29,30.0,0.048499999999999995,BC_30YEAR
2026-01-30,0.08333333333333333,0.037200000000000004,BC_1MONTH
2026-01-30,0.16666666666666666,0.0375,BC_2MONTH
2026-01-30,0.25,0.036699999999999997,BC_3MONTH
2026-01-30,0.3333333333333333,0.0369,BC_4MONTH
2026-01-30,0.5,0.0361,BC_6MONTH
2026-01-30,1.0,0.0348,BC_1YEAR
2026-01-30,2.0,0.0352,BC_2YEAR
2026-01-30,3.0,0.036000000000000004,BC_3YEAR
2026-01-30,5.0,0.0379,BC_5YEAR
2026-01-30,7.0,0.0401,BC_7YEAR
2026-01-30,10.0,0.0426,BC_10YEAR
2026-01-30,20.0,0.0482,BC_20YEAR
2026-01-30,30.0,0.0487,BC_30YEAR
2026-02-02,0.08333333333333333,0.037200000000000004,BC_1MONTH
2026-02-02,0.16666666666666666,0.0374,BC_2MONTH
2026-02-02,0.25,0.0369,BC_3MONTH
2026-02-02,0.3333333333333333,0.037000000000000005,BC_4MONTH
2026-02-02,0.5,0.0362,BC_6MONTH
2026-02-02,1.0,0.0349,BC_1YEAR
2026-02-02,2.0,0.035699999999999996,BC_2YEAR
2026-02-02,3.0,0.0364,BC_3YEAR
2026-02-02,5.0,0.0383,BC_5YEAR
2026-02-02,7.0,0.0405,BC_7YEAR
2026-02-02,10.0,0.0429,BC_10YEAR
2026-02-02,20.0,0.048499999999999995,BC_20YEAR
2026-02-02,30.0,0.049,BC_30YEAR
2026-02-03,0.08333333333333333,0.037200000000000004,BC_1MONTH
2026-02-03,0.16666666666666666,0.0374,BC_2MONTH
2026-02-03,0.25,0.0369,BC_3MONTH
2026-02-03,0.3333333333333333,0.037000000000000005,BC_4MONTH
2026-02-03,0.5,0.0362,BC_6MONTH
2026-02-03,1.0,0.0349,BC_1YEAR
2026-02-03,2.0,0.035699999999999996,BC_2YEAR
2026-02-03,3.0,0.0364,BC_3YEAR
2026-02-03,5.0,0.0383,BC_5YEAR
2026-02-03,7.0,0.0404,BC_7YEAR
2026-02-03,10.0,0.042800000000000005,BC_10YEAR
2026-02-03,20.0,0.048499999999999995,BC_20YEAR
2026-02-03,30.0,0.049,BC_30YEAR
2026-02-04,0.08333333333333333,0.037200000000000004,BC_1MONTH
2026-02-04,0.16666666666666666,0.0374,BC_2MONTH
2026-02-04,0.25,0.0369,BC_3MONTH
2026-02-04,0.3333333333333333,0.037000000000000005,BC_4MONTH
2026-02-04,0.5,0.0362,BC_6MONTH
2026-02-04,1.0,0.0349,BC_1YEAR
2026-02-04,2.0,0.035699999999999996,BC_2YEAR
2026-02-04,3.0,0.0364,BC_3YEAR
2026-02-04,5.0,0.0383,BC_5YEAR
2026-02-04,7.0,0.0405,BC_7YEAR
2026-02-04,10.0,0.0429,BC_10YEAR
2026-02-04,20.0,0.048600000000000004,BC_20YEAR
2026-02-04,30.0,0.049100000000000005,BC_30YEAR
2026-02-05,0.08333333333333333,0.037200000000000004,BC_1MONTH
2026-02-05,0.16666666666666666,0.0374,BC_2MONTH
2026-02-05,0.25,0.036699999999999997,BC_3MONTH
2026-02-05,0.3333333333333333,0.0368,BC_4MONTH
2026-02-05,0.5,0.0358,BC_6MONTH
2026-02-05,1.0,0.0344,BC_1YEAR
2026-02-05,2.0,0.0347,BC_2YEAR
2026-02-05,3.0,0.0355,BC_3YEAR
2026-02-05,5.0,0.0374,BC_5YEAR
2026-02-05,7.0,0.0397,BC_7YEAR
2026-02-05,10.0,0.0421,BC_10YEAR
2026-02-05,20.0,0.0479,BC_20YEAR
2026-02-05,30.0,0.048499999999999995,BC_30YEAR
2026-02-06,0.08333333333333333,0.037200000000000004,BC_1MONTH
2026-02-06,0.16666666666666666,0.0374,BC_2MONTH
2026-02-06,0.25,0.0368,BC_3MONTH
2026-02-06,0.3333333333333333,0.037000000000000005,BC_4MONTH
2026-02-06,0.5,0.0359,BC_6MONTH
2026-02-06,1.0,0.0345,BC_1YEAR
2026-02-06,2.0,0.035,BC_2YEAR
2026-02-06,3.0,0.035699999999999996,BC_3YEAR
2026-02-06,5.0,0.037599999999999995,BC_5YEAR
2026-02-06,7.0,0.0398,BC_7YEAR
2026-02-06,10.0,0.042199999999999994,BC_10YEAR
2026-02-06,20.0,0.048,BC_20YEAR
2026-02-06,30.0,0.048499999999999995,BC_30YEAR
2026-02-09,0.08333333333333333,0.037200000000000004,BC_1MONTH
2026-02-09,0.16666666666666666,0.0373,BC_2MONTH
2026-02-09,0.25,0.0369,BC_3MONTH
2026-02-09,0.3333333333333333,0.037000000000000005,BC_4MONTH
2026-02-09,0.5,0.0359,BC_6MONTH
2026-02-09,1.0,0.034300000000000004,BC_1YEAR
2026-02-09,2.0,0.0348,BC_2YEAR
2026-02-09,3.0,0.0356,BC_3YEAR
2026-02-09,5.0,0.0375,BC_5YEAR
2026-02-09,7.0,0.0397,BC_7YEAR
2026-02-09,10.0,0.042199999999999994,BC_10YEAR
2026-02-09,20.0,0.0479,BC_20YEAR
2026-02-09,30.0,0.048499999999999995,BC_30YEAR
2026-02-10,0.08333333333333333,0.037200000000000004,BC_1MONTH
2026-02-10,0.16666666666666666,0.0374,BC_2MONTH
2026-02-10,0.25,0.0369,BC_3MONTH
2026-02-10,0.3333333333333333,0.0369,BC_4MONTH
2026-02-10,0.5,0.0358,BC_6MONTH
2026-02-10,1.0,0.034,BC_1YEAR
2026-02-10,2.0,0.0345,BC_2YEAR
2026-02-10,3.0,0.035,BC_3YEAR
2026-02-10,5.0,0.037000000000000005,BC_5YEAR
2026-02-10,7.0,0.0392,BC_7YEAR
2026-02-10,10.0,0.0416,BC_10YEAR
2026-02-10,20.0,0.0473,BC_20YEAR
2026-02-10,30.0,0.0478,BC_30YEAR
2026-02-11,0.08333333333333333,0.0371,BC_1MONTH
2026-02-11,0.16666666666666666,0.0373,BC_2MONTH
2026-02-11,0.25,0.037000000000000005,BC_3MONTH
2026-02-11,0.3333333333333333,0.037000000000000005,BC_4MONTH
2026-02-11,0.5,0.036000000000000004,BC_6MONTH
2026-02-11,1.0,0.0347,BC_1YEAR
2026-02-11,2.0,0.0352,BC_2YEAR
2026-02-11,3.0,0.0355,BC_3YEAR
2026-02-11,5.0,0.0375,BC_5YEAR
2026-02-11,7.0,0.039599999999999996,BC_7YEAR
2026-02-11,10.0,0.0418,BC_10YEAR
2026-02-11,20.0,0.047599999999999996,BC_20YEAR
2026-02-11,30.0,0.0482,BC_30YEAR
2026-02-12,0.08333333333333333,0.037200000000000004,BC_1MONTH
2026-02-12,0.16666666666666666,0.0374,BC_2MONTH
2026-02-12,0.25,0.037000000000000005,BC_3MONTH
2026-02-12,0.3333333333333333,0.037000000000000005,BC_4MONTH
2026-02-12,0.5,0.0358,BC_6MONTH
2026-02-12,1.0,0.0345,BC_1YEAR
2026-02-12,2.0,0.0347,BC_2YEAR
2026-02-12,3.0,0.0349,BC_3YEAR
2026-02-12,5.0,0.036699999999999997,BC_5YEAR
2026-02-12,7.0,0.0387,BC_7YEAR
2026-02-12,10.0,0.0409,BC_10YEAR
2026-02-12,20.0,0.046799999999999994,BC_20YEAR
2026-02-12,30.0,0.0472,BC_30YEAR
2026-02-13,0.08333333333333333,0.037200000000000004,BC_1MONTH
2026-02-13,0.16666666666666666,0.0373,BC_2MONTH
2026-02-13,0.25,0.0368,BC_3MONTH
2026-02-13,0.3333333333333333,0.037000000000000005,BC_4MONTH
2026-02-13,0.5,0.0359,BC_6MONTH
2026-02-13,1.0,0.0342,BC_1YEAR
2026-02-13,2.0,0.034,BC_2YEAR
2026-02-13,3.0,0.034300000000000004,BC_3YEAR
2026-02-13,5.0,0.0361,BC_5YEAR
2026-02-13,7.0,0.0381,BC_7YEAR
2026-02-13,10.0,0.0404,BC_10YEAR
2026-02-13,20.0,0.0464,BC_20YEAR
2026-02-13,30.0,0.046900000000000004,BC_30YEAR
2026-02-17,0.08333333333333333,0.037200000000000004,BC_1MONTH
2026-02-17,0.16666666666666666,0.0373,BC_2MONTH
2026-02-17,0.25,0.0369,BC_3MONTH
2026-02-17,0.3333333333333333,0.037000000000000005,BC_4MONTH
2026-02-17,0.5,0.0359,BC_6MONTH
2026-02-17,1.0,0.0348,BC_1YEAR
2026-02-17,2.0,0.034300000000000004,BC_2YEAR
2026-02-17,3.0,0.0347,BC_3YEAR
2026-02-17,5.0,0.0363,BC_5YEAR
2026-02-17,7.0,0.0382,BC_7YEAR
2026-02-17,10.0,0.0405,BC_10YEAR
2026-02-17,20.0,0.0463,BC_20YEAR
2026-02-17,30.0,0.046799999999999994,BC_30YEAR
2026-02-18,0.08333333333333333,0.0371,BC_1MONTH
2026-02-18,0.16666666666666666,0.0373,BC_2MONTH
2026-02-18,0.25,0.037000000000000005,BC_3MONTH
2026-02-18,0.3333333333333333,0.037000000000000005,BC_4MONTH
2026-02-18,0.5,0.036000000000000004,BC_6MONTH
2026-02-18,1.0,0.0349,BC_1YEAR
2026-02-18,2.0,0.0347,BC_2YEAR
2026-02-18,3.0,0.035,BC_3YEAR
2026-02-18,5.0,0.0366,BC_5YEAR
2026-02-18,7.0,0.038599999999999995,BC_7YEAR
2026-02-18,10.0,0.0409,BC_10YEAR
2026-02-18,20.0,0.04650000000000001,BC_20YEAR
2026-02-18,30.0,0.0471,BC_30YEAR
2026-02-19,0.08333333333333333,0.037200000000000004,BC_1MONTH
2026-02-19,0.16666666666666666,0.0375,BC_2MONTH
2026-02-19,0.25,0.0369,BC_3MONTH
2026-02-19,0.3333333333333333,0.037000000000000005,BC_4MONTH
2026-02-19,0.5,0.036000000000000004,BC_6MONTH
2026-02-19,1.0,0.035,BC_1YEAR
2026-02-19,2.0,0.0347,BC_2YEAR
2026-02-19,3.0,0.035,BC_3YEAR
2026-02-19,5.0,0.0365,BC_5YEAR
2026-02-19,7.0,0.0385,BC_7YEAR
2026-02-19,10.0,0.0408,BC_10YEAR
2026-02-19,20.0,0.0464,BC_20YEAR
2026-02-19,30.0,0.047,BC_30YEAR
2026-02-20,0.08333333333333333,0.037200000000000004,BC_1MONTH
2026-02-20,0.16666666666666666,0.0374,BC_2MONTH
2026-02-20,0.25,0.0369,BC_3MONTH
2026-02-20,0.3333333333333333,0.0371,BC_4MONTH
2026-02-20,0.5,0.0361,BC_6MONTH
2026-02-20,1.0,0.0351,BC_1YEAR
2026-02-20,2.0,0.0348,BC_2YEAR
2026-02-20,3.0,0.035,BC_3YEAR
2026-02-20,5.0,0.0365,BC_5YEAR
2026-02-20,7.0,0.0385,BC_7YEAR
2026-02-20,10.0,0.0408,BC_10YEAR
2026-02-20,20.0,0.0466,BC_20YEAR
2026-02-20,30.0,0.0472,BC_30YEAR
2026-02-23,0.08333333333333333,0.037200000000000004,BC_1MONTH
2026-02-23,0.16666666666666666,0.0374,BC_2MONTH
2026-02-23,0.25,0.0369,BC_3MONTH
2026-02-23,0.3333333333333333,0.037000000000000005,BC_4MONTH
2026-02-23,0.5,0.0362,BC_6MONTH
2026-02-23,1.0,0.035,BC_1YEAR
2026-02-23,2.0,0.034300000000000004,BC_2YEAR
2026-02-23,3.0,0.0345,BC_3YEAR
2026-02-23,5.0,0.0359,BC_5YEAR
2026-02-23,7.0,0.0379,BC_7YEAR
2026-02-23,10.0,0.0403,BC_10YEAR
2026-02-23,20.0,0.0463,BC_20YEAR
2026-02-23,30.0,0.047,BC_30YEAR
2026-02-24,0.08333333333333333,0.037200000000000004,BC_1MONTH
2026-02-24,0.16666666666666666,0.0373,BC_2MONTH
2026-02-24,0.25,0.0369,BC_3MONTH
2026-02-24,0.3333333333333333,0.037000000000000005,BC_4MONTH
2026-02-24,0.5,0.0362,BC_6MONTH
2026-02-24,1.0,0.0352,BC_1YEAR
2026-02-24,2.0,0.034300000000000004,BC_2YEAR
2026-02-24,3.0,0.0347,BC_3YEAR
2026-02-24,5.0,0.0361,BC_5YEAR
2026-02-24,7.0,0.0381,BC_7YEAR
2026-02-24,10.0,0.0404,BC_10YEAR
2026-02-24,20.0,0.0463,BC_20YEAR
2026-02-24,30.0,0.047,BC_30YEAR
2026-02-25,0.08333333333333333,0.0371,BC_1MONTH
2026-02-25,0.16666666666666666,0.0373,BC_2MONTH
2026-02-25,0.25,0.0369,BC_3MONTH
2026-02-25,0.3333333333333333,0.0368,BC_4MONTH
2026-02-25,0.5,0.0362,BC_6MONTH
2026-02-25,1.0,0.0353,BC_1YEAR
2026-02-25,2.0,0.0345,BC_2YEAR
2026-02-25,3.0,0.0349,BC_3YEAR
2026-02-25,5.0,0.0361,BC_5YEAR
2026-02-25,7.0,0.0382,BC_7YEAR
2026-02-25,10.0,0.0405,BC_10YEAR
2026-02-25,20.0,0.0463,BC_20YEAR
2026-02-25,30.0,0.047,BC_30YEAR
2026-02-26,0.08333333333333333,0.0374,BC_1MONTH
2026-02-26,0.16666666666666666,0.0375,BC_2MONTH
2026-02-26,0.25,0.0368,BC_3MONTH
2026-02-26,0.3333333333333333,0.0368,BC_4MONTH
2026-02-26,0.5,0.0361,BC_6MONTH
2026-02-26,1.0,0.0352,BC_1YEAR
2026-02-26,2.0,0.0342,BC_2YEAR
2026-02-26,3.0,0.0346,BC_3YEAR
2026-02-26,5.0,0.035699999999999996,BC_5YEAR
2026-02-26,7.0,0.0378,BC_7YEAR
2026-02-26,10.0,0.04019999999999999,BC_10YEAR
2026-02-26,20.0,0.046,BC_20YEAR
2026-02-26,30.0,0.0467,BC_30YEAR
2026-02-27,0.08333333333333333,0.0374,BC_1MONTH
2026-02-27,0.16666666666666666,0.0373,BC_2MONTH
2026-02-27,0.25,0.036699999999999997,BC_3MONTH
2026-02-27,0.3333333333333333,0.036699999999999997,BC_4MONTH
2026-02-27,0.5,0.036000000000000004,BC_6MONTH
2026-02-27,1.0,0.0348,BC_1YEAR
2026-02-27,2.0,0.0338,BC_2YEAR
2026-02-27,3.0,0.0339,BC_3YEAR
2026-02-27,5.0,0.0351,BC_5YEAR
2026-02-27,7.0,0.037200000000000004,BC_7YEAR
2026-02-27,10.0,0.0397,BC_10YEAR
2026-02-27,20.0,0.045700000000000005,BC_20YEAR
2026-02-27,30.0,0.0464,BC_30YEAR
2026-03-02,0.08333333333333333,0.0374,BC_1MONTH
2026-03-02,0.16666666666666666,0.0374,BC_2MONTH
2026-03-02,0.25,0.037200000000000004,BC_3MONTH
2026-03-02,0.3333333333333333,0.0368,BC_4MONTH
2026-03-02,0.5,0.0368,BC_6MONTH
2026-03-02,1.0,0.0354,BC_1YEAR
2026-03-02,2.0,0.0347,BC_2YEAR
2026-03-02,3.0,0.0349,BC_3YEAR
2026-03-02,5.0,0.0362,BC_5YEAR
2026-03-02,7.0,0.0382,BC_7YEAR
2026-03-02,10.0,0.0405,BC_10YEAR
2026-03-02,20.0,0.0464,BC_20YEAR
2026-03-02,30.0,0.047,BC_30YEAR
2026-03-03,0.08333333333333333,0.0375,BC_1MONTH
2026-03-03,0.16666666666666666,0.0374,BC_2MONTH
2026-03-03,0.25,0.0371,BC_3MONTH
2026-03-03,0.3333333333333333,0.036699999999999997,BC_4MONTH
2026-03-03,0.5,0.0368,BC_6MONTH
2026-03-03,1.0,0.0355,BC_1YEAR
2026-03-03,2.0,0.0351,BC_2YEAR
2026-03-03,3.0,0.035,BC_3YEAR
2026-03-03,5.0,0.0363,BC_5YEAR
2026-03-03,7.0,0.0383,BC_7YEAR
2026-03-03,10.0,0.0406,BC_10YEAR
2026-03-03,20.0,0.04650000000000001,BC_20YEAR
2026-03-03,30.0,0.047,BC_30YEAR
2026-03-04,0.08333333333333333,0.0375,BC_1MONTH
2026-03-04,0.16666666666666666,0.0375,BC_2MONTH
2026-03-04,0.25,0.0371,BC_3MONTH
2026-03-04,0.3333333333333333,0.0368,BC_4MONTH
2026-03-04,0.5,0.0368,BC_6MONTH
2026-03-04,1.0,0.0358,BC_1YEAR
2026-03-04,2.0,0.0354,BC_2YEAR
2026-03-04,3.0,0.0355,BC_3YEAR
2026-03-04,5.0,0.036699999999999997,BC_5YEAR
2026-03-04,7.0,0.0387,BC_7YEAR
2026-03-04,10.0,0.0409,BC_10YEAR
2026-03-04,20.0,0.0467,BC_20YEAR
2026-03-04,30.0,0.0472,BC_30YEAR
2026-03-05,0.08333333333333333,0.0375,BC_1MONTH
2026-03-05,0.16666666666666666,0.037200000000000004,BC_2MONTH
2026-03-05,0.25,0.037000000000000005,BC_3MONTH
2026-03-05,0.3333333333333333,0.0368,BC_4MONTH
2026-03-05,0.5,0.0368,BC_6MONTH
2026-03-05,1.0,0.0359,BC_1YEAR
2026-03-05,2.0,0.035699999999999996,BC_2YEAR
2026-03-05,3.0,0.0359,BC_3YEAR
2026-03-05,5.0,0.037200000000000004,BC_5YEAR
2026-03-05,7.0,0.0392,BC_7YEAR
2026-03-05,10.0,0.041299999999999996,BC_10YEAR
2026-03-05,20.0,0.0471,BC_20YEAR
2026-03-05,30.0,0.047400000000000005,BC_30YEAR
2026-03-06,0.08333333333333333,0.0375,BC_1MONTH
2026-03-06,0.16666666666666666,0.037200000000000004,BC_2MONTH
2026-03-06,0.25,0.0369,BC_3MONTH
2026-03-06,0.3333333333333333,0.036699999999999997,BC_4MONTH
2026-03-06,0.5,0.0366,BC_6MONTH
2026-03-06,1.0,0.0355,BC_1YEAR
2026-03-06,2.0,0.0356,BC_2YEAR
2026-03-06,3.0,0.0359,BC_3YEAR
2026-03-06,5.0,0.037200000000000004,BC_5YEAR
2026-03-06,7.0,0.0393,BC_7YEAR
2026-03-06,10.0,0.0415,BC_10YEAR
2026-03-06,20.0,0.047400000000000005,BC_20YEAR
2026-03-06,30.0,0.04769999999999999,BC_30YEAR
2026-03-09,0.08333333333333333,0.0375,BC_1MONTH
2026-03-09,0.16666666666666666,0.037200000000000004,BC_2MONTH
2026-03-09,0.25,0.0371,BC_3MONTH
2026-03-09,0.3333333333333333,0.0368,BC_4MONTH
2026-03-09,0.5,0.0368,BC_6MONTH
2026-03-09,1.0,0.0356,BC_1YEAR
2026-03-09,2.0,0.0356,BC_2YEAR
2026-03-09,3.0,0.0358,BC_3YEAR
2026-03-09,5.0,0.0371,BC_5YEAR
2026-03-09,7.0,0.039,BC_7YEAR
2026-03-09,10.0,0.0412,BC_10YEAR
2026-03-09,20.0,0.047,BC_20YEAR
2026-03-09,30.0,0.0472,BC_30YEAR
2026-03-10,0.08333333333333333,0.0375,BC_1MONTH
2026-03-10,0.16666666666666666,0.0371,BC_2MONTH
2026-03-10,0.25,0.0371,BC_3MONTH
2026-03-10,0.3333333333333333,0.0369,BC_4MONTH
2026-03-10,0.5,0.0368,BC_6MONTH
2026-03-10,1.0,0.0356,BC_1YEAR
2026-03-10,2.0,0.035699999999999996,BC_2YEAR
2026-03-10,3.0,0.0358,BC_3YEAR
2026-03-10,5.0,0.0373,BC_5YEAR
2026-03-10,7.0,0.0393,BC_7YEAR
2026-03-10,10.0,0.0415,BC_10YEAR
2026-03-10,20.0,0.047400000000000005,BC_20YEAR
2026-03-10,30.0,0.0478,BC_30YEAR
2026-03-11,0.08333333333333333,0.0375,BC_1MONTH
2026-03-11,0.16666666666666666,0.037000000000000005,BC_2MONTH
2026-03-11,0.25,0.0371,BC_3MONTH
2026-03-11,0.3333333333333333,0.0369,BC_4MONTH
2026-03-11,0.5,0.0368,BC_6MONTH
2026-03-11,1.0,0.036000000000000004,BC_1YEAR
2026-03-11,2.0,0.0364,BC_2YEAR
2026-03-11,3.0,0.0364,BC_3YEAR
2026-03-11,5.0,0.0379,BC_5YEAR
2026-03-11,7.0,0.0398,BC_7YEAR
2026-03-11,10.0,0.0421,BC_10YEAR
2026-03-11,20.0,0.0482,BC_20YEAR
2026-03-11,30.0,0.048600000000000004,BC_30YEAR
2026-03-12,0.08333333333333333,0.037599999999999995,BC_1MONTH
2026-03-12,0.16666666666666666,0.037200000000000004,BC_2MONTH
2026-03-12,0.25,0.037200000000000004,BC_3MONTH
2026-03-12,0.3333333333333333,0.0369,BC_4MONTH
2026-03-12,0.5,0.037000000000000005,BC_6MONTH
2026-03-12,1.0,0.0366,BC_1YEAR
2026-03-12,2.0,0.037599999999999995,BC_2YEAR
2026-03-12,3.0,0.0375,BC_3YEAR
2026-03-12,5.0,0.0388,BC_5YEAR
2026-03-12,7.0,0.0406,BC_7YEAR
2026-03-12,10.0,0.042699999999999995,BC_10YEAR
2026-03-12,20.0,0.048600000000000004,BC_20YEAR
2026-03-12,30.0,0.048799999999999996,BC_30YEAR
2026-03-13,0.08333333333333333,0.0375,BC_1MONTH
2026-03-13,0.16666666666666666,0.0371,BC_2MONTH
2026-03-13,0.25,0.037200000000000004,BC_3MONTH
2026-03-13,0.3333333333333333,0.0369,BC_4MONTH
2026-03-13,0.5,0.037000000000000005,BC_6MONTH
2026-03-13,1.0,0.0366,BC_1YEAR
2026-03-13,2.0,0.0373,BC_2YEAR
2026-03-13,3.0,0.0374,BC_3YEAR
2026-03-13,5.0,0.0387,BC_5YEAR
2026-03-13,7.0,0.0407,BC_7YEAR
2026-03-13,10.0,0.042800000000000005,BC_10YEAR
2026-03-13,20.0,0.0489,BC_20YEAR
2026-03-13,30.0,0.049,BC_30YEAR
2026-03-16,0.08333333333333333,0.0375,BC_1MONTH
2026-03-16,0.16666666666666666,0.037200000000000004,BC_2MONTH
2026-03-16,0.25,0.037200000000000004,BC_3MONTH
2026-03-16,0.3333333333333333,0.0369,BC_4MONTH
2026-03-16,0.5,0.037200000000000004,BC_6MONTH
2026-03-16,1.0,0.0364,BC_1YEAR
2026-03-16,2.0,0.0368,BC_2YEAR
2026-03-16,3.0,0.0369,BC_3YEAR
2026-03-16,5.0,0.038,BC_5YEAR
2026-03-16,7.0,0.04,BC_7YEAR
2026-03-16,10.0,0.042300000000000004,BC_10YEAR
2026-03-16,20.0,0.0483,BC_20YEAR
2026-03-16,30.0,0.048600000000000004,BC_30YEAR
2026-03-17,0.08333333333333333,0.0374,BC_1MONTH
2026-03-17,0.16666666666666666,0.037200000000000004,BC_2MONTH
2026-03-17,0.25,0.037200000000000004,BC_3MONTH
2026-03-17,0.3333333333333333,0.0369,BC_4MONTH
2026-03-17,0.5,0.0371,BC_6MONTH
2026-03-17,1.0,0.0363,BC_1YEAR
2026-03-17,2.0,0.0368,BC_2YEAR
2026-03-17,3.0,0.0368,BC_3YEAR
2026-03-17,5.0,0.0379,BC_5YEAR
2026-03-17,7.0,0.0398,BC_7YEAR
2026-03-17,10.0,0.042,BC_10YEAR
2026-03-17,20.0,0.0481,BC_20YEAR
2026-03-17,30.0,0.048499999999999995,BC_30YEAR
2026-03-18,0.08333333333333333,0.0373,BC_1MONTH
2026-03-18,0.16666666666666666,0.037200000000000004,BC_2MONTH
2026-03-18,0.25,0.0373,BC_3MONTH
2026-03-18,0.3333333333333333,0.0371,BC_4MONTH
2026-03-18,0.5,0.0374,BC_6MONTH
2026-03-18,1.0,0.0368,BC_1YEAR
2026-03-18,2.0,0.037599999999999995,BC_2YEAR
2026-03-18,3.0,0.037599999999999995,BC_3YEAR
2026-03-18,5.0,0.0387,BC_5YEAR
2026-03-18,7.0,0.0405,BC_7YEAR
2026-03-18,10.0,0.0426,BC_10YEAR
2026-03-18,20.0,0.0484,BC_20YEAR
2026-03-18,30.0,0.048799999999999996,BC_30YEAR
2026-03-19,0.08333333333333333,0.0373,BC_1MONTH
2026-03-19,0.16666666666666666,0.037200000000000004,BC_2MONTH
2026-03-19,0.25,0.0373,BC_3MONTH
2026-03-19,0.3333333333333333,0.0371,BC_4MONTH
2026-03-19,0.5,0.037599999999999995,BC_6MONTH
2026-03-19,1.0,0.0373,BC_1YEAR
2026-03-19,2.0,0.0379,BC_2YEAR
2026-03-19,3.0,0.0379,BC_3YEAR
2026-03-19,5.0,0.0388,BC_5YEAR
2026-03-19,7.0,0.0406,BC_7YEAR
2026-03-19,10.0,0.0425,BC_10YEAR
2026-03-19,20.0,0.0482,BC_20YEAR
2026-03-19,30.0,0.0483,BC_30YEAR
2026-03-20,0.08333333333333333,0.0373,BC_1MONTH
2026-03-20,0.16666666666666666,0.037200000000000004,BC_2MONTH
2026-03-20,0.25,0.0374,BC_3MONTH
2026-03-20,0.3333333333333333,0.0373,BC_4MONTH
2026-03-20,0.5,0.0379,BC_6MONTH
2026-03-20,1.0,0.038,BC_1YEAR
2026-03-20,2.0,0.0388,BC_2YEAR
2026-03-20,3.0,0.039,BC_3YEAR
2026-03-20,5.0,0.0401,BC_5YEAR
2026-03-20,7.0,0.042,BC_7YEAR
2026-03-20,10.0,0.043899999999999995,BC_10YEAR
2026-03-20,20.0,0.049699999999999994,BC_20YEAR
2026-03-20,30.0,0.0496,BC_30YEAR
2026-03-23,0.08333333333333333,0.0373,BC_1MONTH
2026-03-23,0.16666666666666666,0.037200000000000004,BC_2MONTH
2026-03-23,0.25,0.0374,BC_3MONTH
2026-03-23,0.3333333333333333,0.037200000000000004,BC_4MONTH
2026-03-23,0.5,0.0377,BC_6MONTH
2026-03-23,1.0,0.037599999999999995,BC_1YEAR
2026-03-23,2.0,0.0383,BC_2YEAR
2026-03-23,3.0,0.0385,BC_3YEAR
2026-03-23,5.0,0.0395,BC_5YEAR
2026-03-23,7.0,0.0415,BC_7YEAR
2026-03-23,10.0,0.0434,BC_10YEAR
2026-03-23,20.0,0.0493,BC_20YEAR
2026-03-23,30.0,0.049100000000000005,BC_30YEAR
2026-03-24,0.08333333333333333,0.0374,BC_1MONTH
2026-03-24,0.16666666666666666,0.037200000000000004,BC_2MONTH
2026-03-24,0.25,0.0374,BC_3MONTH
2026-03-24,0.3333333333333333,0.0373,BC_4MONTH
2026-03-24,0.5,0.0378,BC_6MONTH
2026-03-24,1.0,0.0381,BC_1YEAR
2026-03-24,2.0,0.039,BC_2YEAR
2026-03-24,3.0,0.0393,BC_3YEAR
2026-03-24,5.0,0.0403,BC_5YEAR
2026-03-24,7.0,0.0421,BC_7YEAR
2026-03-24,10.0,0.043899999999999995,BC_10YEAR
2026-03-24,20.0,0.0495,BC_20YEAR
2026-03-24,30.0,0.049400000000000006,BC_30YEAR
2026-03-25,0.08333333333333333,0.0373,BC_1MONTH
2026-03-25,0.16666666666666666,0.037200000000000004,BC_2MONTH
2026-03-25,0.25,0.0373,BC_3MONTH
2026-03-25,0.3333333333333333,0.037200000000000004,BC_4MONTH
2026-03-25,0.5,0.037599999999999995,BC_6MONTH
2026-03-25,1.0,0.0377,BC_1YEAR
2026-03-25,2.0,0.0384,BC_2YEAR
2026-03-25,3.0,0.0388,BC_3YEAR
2026-03-25,5.0,0.039599999999999996,BC_5YEAR
2026-03-25,7.0,0.0415,BC_7YEAR
2026-03-25,10.0,0.0433,BC_10YEAR
2026-03-25,20.0,0.049,BC_20YEAR
2026-03-25,30.0,0.0489,BC_30YEAR
2026-03-26,0.08333333333333333,0.0374,BC_1MONTH
2026-03-26,0.16666666666666666,0.0373,BC_2MONTH
2026-03-26,0.25,0.0373,BC_3MONTH
2026-03-26,0.3333333333333333,0.0373,BC_4MONTH
2026-03-26,0.5,0.0377,BC_6MONTH
2026-03-26,1.0,0.0383,BC_1YEAR
2026-03-26,2.0,0.039599999999999996,BC_2YEAR
2026-03-26,3.0,0.04,BC_3YEAR
2026-03-26,5.0,0.0408,BC_5YEAR
2026-03-26,7.0,0.0425,BC_7YEAR
2026-03-26,10.0,0.044199999999999996,BC_10YEAR
2026-03-26,20.0,0.0496,BC_20YEAR
2026-03-26,30.0,0.0493,BC_30YEAR
2026-03-27,0.08333333333333333,0.0374,BC_1MONTH
2026-03-27,0.16666666666666666,0.037200000000000004,BC_2MONTH
2026-03-27,0.25,0.0373,BC_3MONTH
2026-03-27,0.3333333333333333,0.037200000000000004,BC_4MONTH
2026-03-27,0.5,0.0375,BC_6MONTH
2026-03-27,1.0,0.0377,BC_1YEAR
2026-03-27,2.0,0.0388,BC_2YEAR
2026-03-27,3.0,0.0394,BC_3YEAR
2026-03-27,5.0,0.0406,BC_5YEAR
2026-03-27,7.0,0.0425,BC_7YEAR
2026-03-27,10.0,0.0444,BC_10YEAR
2026-03-27,20.0,0.0499,BC_20YEAR
2026-03-27,30.0,0.049800000000000004,BC_30YEAR
2026-03-30,0.08333333333333333,0.0374,BC_1MONTH
2026-03-30,0.16666666666666666,0.0371,BC_2MONTH
2026-03-30,0.25,0.0371,BC_3MONTH
2026-03-30,0.3333333333333333,0.0371,BC_4MONTH
2026-03-30,0.5,0.0373,BC_6MONTH
2026-03-30,1.0,0.0371,BC_1YEAR
2026-03-30,2.0,0.0382,BC_2YEAR
2026-03-30,3.0,0.0385,BC_3YEAR
2026-03-30,5.0,0.0397,BC_5YEAR
2026-03-30,7.0,0.0416,BC_7YEAR
2026-03-30,10.0,0.0435,BC_10YEAR
2026-03-30,20.0,0.0492,BC_20YEAR
2026-03-30,30.0,0.049100000000000005,BC_30YEAR
2026-03-31,0.08333333333333333,0.0374,BC_1MONTH
2026-03-31,0.16666666666666666,0.037200000000000004,BC_2MONTH
2026-03-31,0.25,0.037000000000000005,BC_3MONTH
2026-03-31,0.3333333333333333,0.037000000000000005,BC_4MONTH
2026-03-31,0.5,0.037200000000000004,BC_6MONTH
2026-03-31,1.0,0.0368,BC_1YEAR
2026-03-31,2.0,0.0379,BC_2YEAR
2026-03-31,3.0,0.0381,BC_3YEAR
2026-03-31,5.0,0.0392,BC_5YEAR
2026-03-31,7.0,0.041100000000000005,BC_7YEAR
2026-03-31,10.0,0.043,BC_10YEAR
2026-03-31,20.0,0.048799999999999996,BC_20YEAR
2026-03-31,30.0,0.048799999999999996,BC_30YEAR
2026-04-01,0.08333333333333333,0.0374,BC_1MONTH
2026-04-01,0.16666666666666666,0.0371,BC_2MONTH
2026-04-01,0.25,0.037000000000000005,BC_3MONTH
2026-04-01,0.3333333333333333,0.037000000000000005,BC_4MONTH
2026-04-01,0.5,0.037200000000000004,BC_6MONTH
2026-04-01,1.0,0.0368,BC_1YEAR
2026-04-01,2.0,0.0381,BC_2YEAR
2026-04-01,3.0,0.0384,BC_3YEAR
2026-04-01,5.0,0.0397,BC_5YEAR
2026-04-01,7.0,0.0415,BC_7YEAR
2026-04-01,10.0,0.0433,BC_10YEAR
2026-04-01,20.0,0.049100000000000005,BC_20YEAR
2026-04-01,30.0,0.049100000000000005,BC_30YEAR
2026-04-02,0.08333333333333333,0.037200000000000004,BC_1MONTH
2026-04-02,0.16666666666666666,0.0373,BC_2MONTH
2026-04-02,0.25,0.037000000000000005,BC_3MONTH
2026-04-02,0.3333333333333333,0.0371,BC_4MONTH
2026-04-02,0.5,0.037200000000000004,BC_6MONTH
2026-04-02,1.0,0.0368,BC_1YEAR
2026-04-02,2.0,0.0379,BC_2YEAR
2026-04-02,3.0,0.0382,BC_3YEAR
2026-04-02,5.0,0.0394,BC_5YEAR
2026-04-02,7.0,0.0412,BC_7YEAR
2026-04-02,10.0,0.0431,BC_10YEAR
2026-04-02,20.0,0.048799999999999996,BC_20YEAR
2026-04-02,30.0,0.048799999999999996,BC_30YEAR
2026-04-03,0.08333333333333333,0.0371,BC_1MONTH
2026-04-03,0.16666666666666666,0.0373,BC_2MONTH
2026-04-03,0.25,0.0371,BC_3MONTH
2026-04-03,0.3333333333333333,0.0371,BC_4MONTH
2026-04-03,0.5,0.0373,BC_6MONTH
2026-04-03,1.0,0.037200000000000004,BC_1YEAR
2026-04-03,2.0,0.0384,BC_2YEAR
2026-04-03,3.0,0.0388,BC_3YEAR
2026-04-03,5.0,0.039900000000000005,BC_5YEAR
2026-04-03,7.0,0.0417,BC_7YEAR
2026-04-03,10.0,0.0435,BC_10YEAR
2026-04-03,20.0,0.049100000000000005,BC_20YEAR
2026-04-03,30.0,0.049100000000000005,BC_30YEAR
2026-04-06,0.08333333333333333,0.037200000000000004,BC_1MONTH
2026-04-06,0.16666666666666666,0.0374,BC_2MONTH
2026-04-06,0.25,0.037200000000000004,BC_3MONTH
2026-04-06,0.3333333333333333,0.037200000000000004,BC_4MONTH
2026-04-06,0.5,0.0374,BC_6MONTH
2026-04-06,1.0,0.037200000000000004,BC_1YEAR
2026-04-06,2.0,0.0384,BC_2YEAR
2026-04-06,3.0,0.0388,BC_3YEAR
2026-04-06,5.0,0.0398,BC_5YEAR
2026-04-06,7.0,0.0416,BC_7YEAR
2026-04-06,10.0,0.0434,BC_10YEAR
2026-04-06,20.0,0.0489,BC_20YEAR
2026-04-06,30.0,0.0489,BC_30YEAR
2026-04-07,0.08333333333333333,0.0368,BC_1MONTH
2026-04-07,0.16666666666666666,0.037200000000000004,BC_2MONTH
2026-04-07,0.25,0.0371,BC_3MONTH
2026-04-07,0.3333333333333333,0.0371,BC_4MONTH
2026-04-07,0.5,0.0373,BC_6MONTH
2026-04-07,1.0,0.0368,BC_1YEAR
2026-04-07,2.0,0.0381,BC_2YEAR
2026-04-07,3.0,0.0382,BC_3YEAR
2026-04-07,5.0,0.0395,BC_5YEAR
2026-04-07,7.0,0.041299999999999996,BC_7YEAR
2026-04-07,10.0,0.0433,BC_10YEAR
2026-04-07,20.0,0.049,BC_20YEAR
2026-04-07,30.0,0.049,BC_30YEAR
2026-04-08,0.08333333333333333,0.036699999999999997,BC_1MONTH
2026-04-08,0.16666666666666666,0.0371,BC_2MONTH
2026-04-08,0.25,0.0369,BC_3MONTH
2026-04-08,0.3333333333333333,0.0369,BC_4MONTH
2026-04-08,0.5,0.0373,BC_6MONTH
2026-04-08,1.0,0.0369,BC_1YEAR
2026-04-08,2.0,0.0379,BC_2YEAR
2026-04-08,3.0,0.0378,BC_3YEAR
2026-04-08,5.0,0.0392,BC_5YEAR
2026-04-08,7.0,0.040999999999999995,BC_7YEAR
2026-04-08,10.0,0.0429,BC_10YEAR
2026-04-08,20.0,0.0487,BC_20YEAR
2026-04-08,30.0,0.0489,BC_30YEAR
2026-04-09,0.08333333333333333,0.0366,BC_1MONTH
2026-04-09,0.16666666666666666,0.0369,BC_2MONTH
2026-04-09,0.25,0.0368,BC_3MONTH
2026-04-09,0.3333333333333333,0.0368,BC_4MONTH
2026-04-09,0.5,0.0371,BC_6MONTH
2026-04-09,1.0,0.0368,BC_1YEAR
2026-04-09,2.0,0.0378,BC_2YEAR
2026-04-09,3.0,0.0377,BC_3YEAR
2026-04-09,5.0,0.0391,BC_5YEAR
2026-04-09,7.0,0.040999999999999995,BC_7YEAR
2026-04-09,10.0,0.0429,BC_10YEAR
2026-04-09,20.0,0.048799999999999996,BC_20YEAR
2026-04-09,30.0,0.049,BC_30YEAR
2026-04-10,0.08333333333333333,0.036699999999999997,BC_1MONTH
2026-04-10,0.16666666666666666,0.037000000000000005,BC_2MONTH
2026-04-10,0.25,0.0369,BC_3MONTH
2026-04-10,0.3333333333333333,0.0369,BC_4MONTH
2026-04-10,0.5,0.037200000000000004,BC_6MONTH
2026-04-10,1.0,0.037000000000000005,BC_1YEAR
2026-04-10,2.0,0.0381,BC_2YEAR
2026-04-10,3.0,0.038,BC_3YEAR
2026-04-10,5.0,0.0394,BC_5YEAR
2026-04-10,7.0,0.0412,BC_7YEAR
2026-04-10,10.0,0.0431,BC_10YEAR
2026-04-10,20.0,0.0489,BC_20YEAR
2026-04-10,30.0,0.049100000000000005,BC_30YEAR
2026-04-13,0.08333333333333333,0.0369,BC_1MONTH
2026-04-13,0.16666666666666666,0.0371,BC_2MONTH
2026-04-13,0.25,0.0371,BC_3MONTH
2026-04-13,0.3333333333333333,0.037000000000000005,BC_4MONTH
2026-04-13,0.5,0.0374,BC_6MONTH
2026-04-13,1.0,0.037000000000000005,BC_1YEAR
2026-04-13,2.0,0.0378,BC_2YEAR
2026-04-13,3.0,0.0379,BC_3YEAR
2026-04-13,5.0,0.0392,BC_5YEAR
2026-04-13,7.0,0.040999999999999995,BC_7YEAR
2026-04-13,10.0,0.043,BC_10YEAR
2026-04-13,20.0,0.048799999999999996,BC_20YEAR
2026-04-13,30.0,0.049,BC_30YEAR
2026-04-14,0.08333333333333333,0.0371,BC_1MONTH
2026-04-14,0.16666666666666666,0.037200000000000004,BC_2MONTH
2026-04-14,0.25,0.0371,BC_3MONTH
2026-04-14,0.3333333333333333,0.037000000000000005,BC_4MONTH
2026-04-14,0.5,0.0373,BC_6MONTH
2026-04-14,1.0,0.0371,BC_1YEAR
2026-04-14,2.0,0.037599999999999995,BC_2YEAR
2026-04-14,3.0,0.037599999999999995,BC_3YEAR
2026-04-14,5.0,0.0387,BC_5YEAR
2026-04-14,7.0,0.0406,BC_7YEAR
2026-04-14,10.0,0.0426,BC_10YEAR
2026-04-14,20.0,0.0484,BC_20YEAR
2026-04-14,30.0,0.0487,BC_30YEAR
2026-04-15,0.08333333333333333,0.037200000000000004,BC_1MONTH
2026-04-15,0.16666666666666666,0.0374,BC_2MONTH
2026-04-15,0.25,0.0371,BC_3MONTH
2026-04-15,0.3333333333333333,0.0371,BC_4MONTH
2026-04-15,0.5,0.037200000000000004,BC_6MONTH
2026-04-15,1.0,0.037000000000000005,BC_1YEAR
2026-04-15,2.0,0.037599999999999995,BC_2YEAR
2026-04-15,3.0,0.0379,BC_3YEAR
2026-04-15,5.0,0.039,BC_5YEAR
2026-04-15,7.0,0.0408,BC_7YEAR
2026-04-15,10.0,0.0429,BC_10YEAR
2026-04-15,20.0,0.0487,BC_20YEAR
2026-04-15,30.0,0.0489,BC_30YEAR
2026-04-16,0.08333333333333333,0.0369,BC_1MONTH
2026-04-16,0.16666666666666666,0.0373,BC_2MONTH
2026-04-16,0.25,0.037000000000000005,BC_3MONTH
2026-04-16,0.3333333333333333,0.037000000000000005,BC_4MONTH
2026-04-16,0.5,0.0371,BC_6MONTH
2026-04-16,1.0,0.0369,BC_1YEAR
2026-04-16,2.0,0.0378,BC_2YEAR
2026-04-16,3.0,0.038,BC_3YEAR
2026-04-16,5.0,0.0391,BC_5YEAR
2026-04-16,7.0,0.040999999999999995,BC_7YEAR
2026-04-16,10.0,0.0432,BC_10YEAR
2026-04-16,20.0,0.049,BC_20YEAR
2026-04-16,30.0,0.0493,BC_30YEAR
2026-04-17,0.08333333333333333,0.0369,BC_1MONTH
2026-04-17,0.16666666666666666,0.0373,BC_2MONTH
2026-04-17,0.25,0.037000000000000005,BC_3MONTH
2026-04-17,0.3333333333333333,0.0369,BC_4MONTH
2026-04-17,0.5,0.0369,BC_6MONTH
2026-04-17,1.0,0.0364,BC_1YEAR
2026-04-17,2.0,0.0371,BC_2YEAR
2026-04-17,3.0,0.037200000000000004,BC_3YEAR
2026-04-17,5.0,0.0384,BC_5YEAR
2026-04-17,7.0,0.0404,BC_7YEAR
2026-04-17,10.0,0.0426,BC_10YEAR
2026-04-17,20.0,0.048499999999999995,BC_20YEAR
2026-04-17,30.0,0.048799999999999996,BC_30YEAR
2026-04-20,0.08333333333333333,0.0369,BC_1MONTH
2026-04-20,0.16666666666666666,0.037200000000000004,BC_2MONTH
2026-04-20,0.25,0.0371,BC_3MONTH
2026-04-20,0.3333333333333333,0.037000000000000005,BC_4MONTH
2026-04-20,0.5,0.037200000000000004,BC_6MONTH
2026-04-20,1.0,0.0365,BC_1YEAR
2026-04-20,2.0,0.037200000000000004,BC_2YEAR
2026-04-20,3.0,0.0373,BC_3YEAR
2026-04-20,5.0,0.038599999999999995,BC_5YEAR
2026-04-20,7.0,0.0404,BC_7YEAR
2026-04-20,10.0,0.0426,BC_10YEAR
2026-04-20,20.0,0.048499999999999995,BC_20YEAR
2026-04-20,30.0,0.048799999999999996,BC_30YEAR
2026-04-21,0.08333333333333333,0.036699999999999997,BC_1MONTH
2026-04-21,0.16666666666666666,0.0371,BC_2MONTH
2026-04-21,0.25,0.0369,BC_3MONTH
2026-04-21,0.3333333333333333,0.037000000000000005,BC_4MONTH
2026-04-21,0.5,0.0373,BC_6MONTH
2026-04-21,1.0,0.0369,BC_1YEAR
2026-04-21,2.0,0.0378,BC_2YEAR
2026-04-21,3.0,0.038,BC_3YEAR
2026-04-21,5.0,0.0391,BC_5YEAR
2026-04-21,7.0,0.0409,BC_7YEAR
2026-04-21,10.0,0.043,BC_10YEAR
2026-04-21,20.0,0.0487,BC_20YEAR
2026-04-21,30.0,0.0489,BC_30YEAR
2026-04-22,0.08333333333333333,0.0368,BC_1MONTH
2026-04-22,0.16666666666666666,0.037000000000000005,BC_2MONTH
2026-04-22,0.25,0.0369,BC_3MONTH
2026-04-22,0.3333333333333333,0.0369,BC_4MONTH
2026-04-22,0.5,0.037200000000000004,BC_6MONTH
2026-04-22,1.0,0.0369,BC_1YEAR
2026-04-22,2.0,0.0379,BC_2YEAR
2026-04-22,3.0,0.0381,BC_3YEAR
2026-04-22,5.0,0.0391,BC_5YEAR
2026-04-22,7.0,0.040999999999999995,BC_7YEAR
2026-04-22,10.0,0.043,BC_10YEAR
2026-04-22,20.0,0.0487,BC_20YEAR
2026-04-22,30.0,0.049,BC_30YEAR
2026-04-23,0.08333333333333333,0.0369,BC_1MONTH
2026-04-23,0.16666666666666666,0.037200000000000004,BC_2MONTH
2026-04-23,0.25,0.0369,BC_3MONTH
2026-04-23,0.3333333333333333,0.037000000000000005,BC_4MONTH
2026-04-23,0.5,0.037200000000000004,BC_6MONTH
2026-04-23,1.0,0.037000000000000005,BC_1YEAR
2026-04-23,2.0,0.0383,BC_2YEAR
2026-04-23,3.0,0.0384,BC_3YEAR
2026-04-23,5.0,0.039599999999999996,BC_5YEAR
2026-04-23,7.0,0.041299999999999996,BC_7YEAR
2026-04-23,10.0,0.0434,BC_10YEAR
2026-04-23,20.0,0.049,BC_20YEAR
2026-04-23,30.0,0.0492,BC_30YEAR
2026-04-24,0.08333333333333333,0.0369,BC_1MONTH
2026-04-24,0.16666666666666666,0.0371,BC_2MONTH
2026-04-24,0.25,0.0369,BC_3MONTH
2026-04-24,0.3333333333333333,0.0369,BC_4MONTH
2026-04-24,0.5,0.0371,BC_6MONTH
2026-04-24,1.0,0.036699999999999997,BC_1YEAR
2026-04-24,2.0,0.0378,BC_2YEAR
2026-04-24,3.0,0.038,BC_3YEAR
2026-04-24,5.0,0.0392,BC_5YEAR
2026-04-24,7.0,0.040999999999999995,BC_7YEAR
2026-04-24,10.0,0.0431,BC_10YEAR
2026-04-24,20.0,0.048799999999999996,BC_20YEAR
2026-04-24,30.0,0.049100000000000005,BC_30YEAR
2026-04-27,0.08333333333333333,0.037000000000000005,BC_1MONTH
2026-04-27,0.16666666666666666,0.037200000000000004,BC_2MONTH
2026-04-27,0.25,0.0368,BC_3MONTH
2026-04-27,0.3333333333333333,0.037000000000000005,BC_4MONTH
2026-04-27,0.5,0.037200000000000004,BC_6MONTH
2026-04-27,1.0,0.0369,BC_1YEAR
2026-04-27,2.0,0.0378,BC_2YEAR
2026-04-27,3.0,0.0383,BC_3YEAR
2026-04-27,5.0,0.0394,BC_5YEAR
2026-04-27,7.0,0.0414,BC_7YEAR
2026-04-27,10.0,0.0435,BC_10YEAR
2026-04-27,20.0,0.0492,BC_20YEAR
2026-04-27,30.0,0.049400000000000006,BC_30YEAR
2026-04-28,0.08333333333333333,0.0368,BC_1MONTH
2026-04-28,0.16666666666666666,0.037200000000000004,BC_2MONTH
2026-04-28,0.25,0.0368,BC_3MONTH
2026-04-28,0.3333333333333333,0.0369,BC_4MONTH
2026-04-28,0.5,0.037200000000000004,BC_6MONTH
2026-04-28,1.0,0.0371,BC_1YEAR
2026-04-28,2.0,0.0384,BC_2YEAR
2026-04-28,3.0,0.038599999999999995,BC_3YEAR
2026-04-28,5.0,0.0397,BC_5YEAR
2026-04-28,7.0,0.0416,BC_7YEAR
2026-04-28,10.0,0.0436,BC_10YEAR
2026-04-28,20.0,0.0492,BC_20YEAR
2026-04-28,30.0,0.049400000000000006,BC_30YEAR
2026-04-29,0.08333333333333333,0.0368,BC_1MONTH
2026-04-29,0.16666666666666666,0.037200000000000004,BC_2MONTH
2026-04-29,0.25,0.0368,BC_3MONTH
2026-04-29,0.3333333333333333,0.0377,BC_4MONTH
2026-04-29,0.5,0.0373,BC_6MONTH
2026-04-29,1.0,0.0375,BC_1YEAR
2026-04-29,2.0,0.0392,BC_2YEAR
2026-04-29,3.0,0.0394,BC_3YEAR
2026-04-29,5.0,0.0405,BC_5YEAR
2026-04-29,7.0,0.042300000000000004,BC_7YEAR
2026-04-29,10.0,0.044199999999999996,BC_10YEAR
2026-04-29,20.0,0.049699999999999994,BC_20YEAR
2026-04-29,30.0,0.049800000000000004,BC_30YEAR
2026-04-30,0.08333333333333333,0.037200000000000004,BC_1MONTH
2026-04-30,0.16666666666666666,0.0371,BC_2MONTH
2026-04-30,0.25,0.0368,BC_3MONTH
2026-04-30,0.3333333333333333,0.037599999999999995,BC_4MONTH
2026-04-30,0.5,0.0371,BC_6MONTH
2026-04-30,1.0,0.037200000000000004,BC_1YEAR
2026-04-30,2.0,0.0388,BC_2YEAR
2026-04-30,3.0,0.0391,BC_3YEAR
2026-04-30,5.0,0.04019999999999999,BC_5YEAR
2026-04-30,7.0,0.042,BC_7YEAR
2026-04-30,10.0,0.044000000000000004,BC_10YEAR
2026-04-30,20.0,0.049699999999999994,BC_20YEAR
2026-04-30,30.0,0.049800000000000004,BC_30YEAR
2026-05-01,0.08333333333333333,0.0371,BC_1MONTH
2026-05-01,0.16666666666666666,0.037000000000000005,BC_2MONTH
2026-05-01,0.25,0.0368,BC_3MONTH
2026-05-01,0.3333333333333333,0.037599999999999995,BC_4MONTH
2026-05-01,0.5,0.0371,BC_6MONTH
2026-05-01,1.0,0.0373,BC_1YEAR
2026-05-01,2.0,0.0388,BC_2YEAR
2026-05-01,3.0,0.0391,BC_3YEAR
2026-05-01,5.0,0.04019999999999999,BC_5YEAR
2026-05-01,7.0,0.042,BC_7YEAR
2026-05-01,10.0,0.043899999999999995,BC_10YEAR
2026-05-01,20.0,0.0496,BC_20YEAR
2026-05-01,30.0,0.049699999999999994,BC_30YEAR
2026-05-04,0.08333333333333333,0.0371,BC_1MONTH
2026-05-04,0.16666666666666666,0.037000000000000005,BC_2MONTH
2026-05-04,0.25,0.037000000000000005,BC_3MONTH
2026-05-04,0.3333333333333333,0.037599999999999995,BC_4MONTH
2026-05-04,0.5,0.037599999999999995,BC_6MONTH
2026-05-04,1.0,0.0378,BC_1YEAR
2026-05-04,2.0,0.0395,BC_2YEAR
2026-05-04,3.0,0.0398,BC_3YEAR
2026-05-04,5.0,0.0408,BC_5YEAR
2026-05-04,7.0,0.0426,BC_7YEAR
2026-05-04,10.0,0.044500000000000005,BC_10YEAR
2026-05-04,20.0,0.0501,BC_20YEAR
2026-05-04,30.0,0.050199999999999995,BC_30YEAR
2026-05-05,0.08333333333333333,0.037000000000000005,BC_1MONTH
2026-05-05,0.16666666666666666,0.037000000000000005,BC_2MONTH
2026-05-05,0.25,0.0369,BC_3MONTH
2026-05-05,0.3333333333333333,0.0375,BC_4MONTH
2026-05-05,0.5,0.0375,BC_6MONTH
2026-05-05,1.0,0.0377,BC_1YEAR
2026-05-05,2.0,0.0393,BC_2YEAR
2026-05-05,3.0,0.0397,BC_3YEAR
2026-05-05,5.0,0.0408,BC_5YEAR
2026-05-05,7.0,0.0425,BC_7YEAR
2026-05-05,10.0,0.0443,BC_10YEAR
2026-05-05,20.0,0.049800000000000004,BC_20YEAR
2026-05-05,30.0,0.049800000000000004,BC_30YEAR
2026-05-06,0.08333333333333333,0.037000000000000005,BC_1MONTH
2026-05-06,0.16666666666666666,0.0369,BC_2MONTH
2026-05-06,0.25,0.0369,BC_3MONTH
2026-05-06,0.3333333333333333,0.0375,BC_4MONTH
2026-05-06,0.5,0.0374,BC_6MONTH
2026-05-06,1.0,0.0373,BC_1YEAR
2026-05-06,2.0,0.0387,BC_2YEAR
2026-05-06,3.0,0.038900000000000004,BC_3YEAR
2026-05-06,5.0,0.039900000000000005,BC_5YEAR
2026-05-06,7.0,0.0417,BC_7YEAR
2026-05-06,10.0,0.0436,BC_10YEAR
2026-05-06,20.0,0.0492,BC_20YEAR
2026-05-06,30.0,0.049400000000000006,BC_30YEAR
2026-05-07,0.08333333333333333,0.037200000000000004,BC_1MONTH
2026-05-07,0.16666666666666666,0.0369,BC_2MONTH
2026-05-07,0.25,0.0369,BC_3MONTH
2026-05-07,0.3333333333333333,0.0375,BC_4MONTH
2026-05-07,0.5,0.0374,BC_6MONTH
2026-05-07,1.0,0.037599999999999995,BC_1YEAR
2026-05-07,2.0,0.0392,BC_2YEAR
2026-05-07,3.0,0.0394,BC_3YEAR
2026-05-07,5.0,0.0404,BC_5YEAR
2026-05-07,7.0,0.042199999999999994,BC_7YEAR
2026-05-07,10.0,0.0441,BC_10YEAR
2026-05-07,20.0,0.0496,BC_20YEAR
2026-05-07,30.0,0.049699999999999994,BC_30YEAR
2026-05-08,0.08333333333333333,0.0371,BC_1MONTH
2026-05-08,0.16666666666666666,0.0368,BC_2MONTH
2026-05-08,0.25,0.0369,BC_3MONTH
2026-05-08,0.3333333333333333,0.0375,BC_4MONTH
2026-05-08,0.5,0.0374,BC_6MONTH
2026-05-08,1.0,0.0375,BC_1YEAR
2026-05-08,2.0,0.039,BC_2YEAR
2026-05-08,3.0,0.0392,BC_3YEAR
2026-05-08,5.0,0.04019999999999999,BC_5YEAR
2026-05-08,7.0,0.04190000000000001,BC_7YEAR
2026-05-08,10.0,0.0438,BC_10YEAR
2026-05-08,20.0,0.0493,BC_20YEAR
2026-05-08,30.0,0.0495,BC_30YEAR
2026-05-11,0.08333333333333333,0.0371,BC_1MONTH
2026-05-11,0.16666666666666666,0.0369,BC_2MONTH
2026-05-11,0.25,0.037000000000000005,BC_3MONTH
2026-05-11,0.3333333333333333,0.0377,BC_4MONTH
2026-05-11,0.5,0.0377,BC_6MONTH
2026-05-11,1.0,0.0379,BC_1YEAR
2026-05-11,2.0,0.0395,BC_2YEAR
2026-05-11,3.0,0.039599999999999996,BC_3YEAR
2026-05-11,5.0,0.0407,BC_5YEAR
2026-05-11,7.0,0.0424,BC_7YEAR
2026-05-11,10.0,0.044199999999999996,BC_10YEAR
2026-05-11,20.0,0.049699999999999994,BC_20YEAR
2026-05-11,30.0,0.049800000000000004,BC_30YEAR
2026-05-12,0.08333333333333333,0.0371,BC_1MONTH
2026-05-12,0.16666666666666666,0.0369,BC_2MONTH
2026-05-12,0.25,0.037000000000000005,BC_3MONTH
2026-05-12,0.3333333333333333,0.0377,BC_4MONTH
2026-05-12,0.5,0.0377,BC_6MONTH
2026-05-12,1.0,0.038,BC_1YEAR
2026-05-12,2.0,0.04,BC_2YEAR
2026-05-12,3.0,0.0401,BC_3YEAR
2026-05-12,5.0,0.0412,BC_5YEAR
2026-05-12,7.0,0.0429,BC_7YEAR
2026-05-12,10.0,0.0446,BC_10YEAR
2026-05-12,20.0,0.050199999999999995,BC_20YEAR
2026-05-12,30.0,0.050300000000000004,BC_30YEAR
2026-05-13,0.08333333333333333,0.0371,BC_1MONTH
2026-05-13,0.16666666666666666,0.037000000000000005,BC_2MONTH
2026-05-13,0.25,0.0369,BC_3MONTH
2026-05-13,0.3333333333333333,0.037599999999999995,BC_4MONTH
2026-05-13,0.5,0.0377,BC_6MONTH
2026-05-13,1.0,0.0379,BC_1YEAR
2026-05-13,2.0,0.0398,BC_2YEAR
2026-05-13,3.0,0.04,BC_3YEAR
2026-05-13,5.0,0.0412,BC_5YEAR
2026-05-13,7.0,0.042800000000000005,BC_7YEAR
2026-05-13,10.0,0.0446,BC_10YEAR
2026-05-13,20.0,0.050300000000000004,BC_20YEAR
2026-05-13,30.0,0.050300000000000004,BC_30YEAR
2026-05-14,0.08333333333333333,0.037200000000000004,BC_1MONTH
2026-05-14,0.16666666666666666,0.037000000000000005,BC_2MONTH
2026-05-14,0.25,0.0369,BC_3MONTH
2026-05-14,0.3333333333333333,0.037599999999999995,BC_4MONTH
2026-05-14,0.5,0.037599999999999995,BC_6MONTH
2026-05-14,1.0,0.0379,BC_1YEAR
2026-05-14,2.0,0.04,BC_2YEAR
2026-05-14,3.0,0.0404,BC_3YEAR
2026-05-14,5.0,0.041299999999999996,BC_5YEAR
2026-05-14,7.0,0.0429,BC_7YEAR
2026-05-14,10.0,0.0447,BC_10YEAR
2026-05-14,20.0,0.0501,BC_20YEAR
2026-05-14,30.0,0.050199999999999995,BC_30YEAR
2026-05-15,0.08333333333333333,0.0371,BC_1MONTH
2026-05-15,0.16666666666666666,0.0369,BC_2MONTH
2026-05-15,0.25,0.0369,BC_3MONTH
2026-05-15,0.3333333333333333,0.037599999999999995,BC_4MONTH
2026-05-15,0.5,0.0377,BC_6MONTH
2026-05-15,1.0,0.0382,BC_1YEAR
2026-05-15,2.0,0.0409,BC_2YEAR
2026-05-15,3.0,0.0414,BC_3YEAR
2026-05-15,5.0,0.0426,BC_5YEAR
2026-05-15,7.0,0.0443,BC_7YEAR
2026-05-15,10.0,0.045899999999999996,BC_10YEAR
2026-05-15,20.0,0.051399999999999994,BC_20YEAR
2026-05-15,30.0,0.0512,BC_30YEAR
2026-05-18,0.08333333333333333,0.0369,BC_1MONTH
2026-05-18,0.16666666666666666,0.0368,BC_2MONTH
2026-05-18,0.25,0.0368,BC_3MONTH
2026-05-18,0.3333333333333333,0.037599999999999995,BC_4MONTH
2026-05-18,0.5,0.0377,BC_6MONTH
2026-05-18,1.0,0.0381,BC_1YEAR
2026-05-18,2.0,0.0407,BC_2YEAR
2026-05-18,3.0,0.0414,BC_3YEAR
2026-05-18,5.0,0.042699999999999995,BC_5YEAR
2026-05-18,7.0,0.0443,BC_7YEAR
2026-05-18,10.0,0.0461,BC_10YEAR
2026-05-18,20.0,0.051399999999999994,BC_20YEAR
2026-05-18,30.0,0.051399999999999994,BC_30YEAR
2026-05-19,0.08333333333333333,0.0366,BC_1MONTH
2026-05-19,0.16666666666666666,0.0366,BC_2MONTH
2026-05-19,0.25,0.036699999999999997,BC_3MONTH
2026-05-19,0.3333333333333333,0.0375,BC_4MONTH
2026-05-19,0.5,0.0377,BC_6MONTH
2026-05-19,1.0,0.0383,BC_1YEAR
2026-05-19,2.0,0.041299999999999996,BC_2YEAR
2026-05-19,3.0,0.042,BC_3YEAR
2026-05-19,5.0,0.0432,BC_5YEAR
2026-05-19,7.0,0.045,BC_7YEAR
2026-05-19,10.0,0.0467,BC_10YEAR
2026-05-19,20.0,0.0519,BC_20YEAR
2026-05-19,30.0,0.0518,BC_30YEAR
2026-05-20,0.08333333333333333,0.0365,BC_1MONTH
2026-05-20,0.16666666666666666,0.0365,BC_2MONTH
2026-05-20,0.25,0.0365,BC_3MONTH
2026-05-20,0.3333333333333333,0.0374,BC_4MONTH
2026-05-20,0.5,0.0375,BC_6MONTH
2026-05-20,1.0,0.0379,BC_1YEAR
2026-05-20,2.0,0.0404,BC_2YEAR
2026-05-20,3.0,0.041100000000000005,BC_3YEAR
2026-05-20,5.0,0.042199999999999994,BC_5YEAR
2026-05-20,7.0,0.043899999999999995,BC_7YEAR
2026-05-20,10.0,0.045700000000000005,BC_10YEAR
2026-05-20,20.0,0.051,BC_20YEAR
2026-05-20,30.0,0.051100000000000007,BC_30YEAR
2026-05-21,0.08333333333333333,0.037200000000000004,BC_1MONTH
2026-05-21,0.16666666666666666,0.0369,BC_2MONTH
2026-05-21,0.25,0.0368,BC_3MONTH
2026-05-21,0.3333333333333333,0.037599999999999995,BC_4MONTH
2026-05-21,0.5,0.0378,BC_6MONTH
2026-05-21,1.0,0.0383,BC_1YEAR
2026-05-21,2.0,0.0408,BC_2YEAR
2026-05-21,3.0,0.041299999999999996,BC_3YEAR
2026-05-21,5.0,0.0425,BC_5YEAR
2026-05-21,7.0,0.0441,BC_7YEAR
2026-05-21,10.0,0.045700000000000005,BC_10YEAR
2026-05-21,20.0,0.0509,BC_20YEAR
2026-05-21,30.0,0.051,BC_30YEAR
2026-05-22,0.08333333333333333,0.037200000000000004,BC_1MONTH
2026-05-22,0.16666666666666666,0.0369,BC_2MONTH
2026-05-22,0.25,0.0368,BC_3MONTH
2026-05-22,0.3333333333333333,0.0378,BC_4MONTH
2026-05-22,0.5,0.0379,BC_6MONTH
2026-05-22,1.0,0.038599999999999995,BC_1YEAR
2026-05-22,2.0,0.041299999999999996,BC_2YEAR
2026-05-22,3.0,0.0418,BC_3YEAR
2026-05-22,5.0,0.042699999999999995,BC_5YEAR
2026-05-22,7.0,0.0441,BC_7YEAR
2026-05-22,10.0,0.045599999999999995,BC_10YEAR
2026-05-22,20.0,0.0506,BC_20YEAR
2026-05-22,30.0,0.0507,BC_30YEAR
2026-05-26,0.08333333333333333,0.037200000000000004,BC_1MONTH
2026-05-26,0.16666666666666666,0.0369,BC_2MONTH
2026-05-26,0.25,0.0368,BC_3MONTH
2026-05-26,0.3333333333333333,0.0378,BC_4MONTH
2026-05-26,0.5,0.038,BC_6MONTH
2026-05-26,1.0,0.0382,BC_1YEAR
2026-05-26,2.0,0.0401,BC_2YEAR
2026-05-26,3.0,0.040999999999999995,BC_3YEAR
2026-05-26,5.0,0.04190000000000001,BC_5YEAR
2026-05-26,7.0,0.0433,BC_7YEAR
2026-05-26,10.0,0.045,BC_10YEAR
2026-05-26,20.0,0.050300000000000004,BC_20YEAR
2026-05-26,30.0,0.050300000000000004,BC_30YEAR
2026-05-27,0.08333333333333333,0.037200000000000004,BC_1MONTH
2026-05-27,0.16666666666666666,0.0369,BC_2MONTH
2026-05-27,0.25,0.0368,BC_3MONTH
2026-05-27,0.3333333333333333,0.0377,BC_4MONTH
2026-05-27,0.5,0.0379,BC_6MONTH
2026-05-27,1.0,0.038,BC_1YEAR
2026-05-27,2.0,0.04,BC_2YEAR
2026-05-27,3.0,0.0409,BC_3YEAR
2026-05-27,5.0,0.0417,BC_5YEAR
2026-05-27,7.0,0.0432,BC_7YEAR
2026-05-27,10.0,0.044800000000000006,BC_10YEAR
2026-05-27,20.0,0.0501,BC_20YEAR
2026-05-27,30.0,0.0501,BC_30YEAR
2026-05-28,0.08333333333333333,0.037200000000000004,BC_1MONTH
2026-05-28,0.16666666666666666,0.0371,BC_2MONTH
2026-05-28,0.25,0.0369,BC_3MONTH
2026-05-28,0.3333333333333333,0.0378,BC_4MONTH
2026-05-28,0.5,0.0379,BC_6MONTH
2026-05-28,1.0,0.038,BC_1YEAR
2026-05-28,2.0,0.039900000000000005,BC_2YEAR
2026-05-28,3.0,0.0407,BC_3YEAR
2026-05-28,5.0,0.0415,BC_5YEAR
2026-05-28,7.0,0.0429,BC_7YEAR
2026-05-28,10.0,0.044500000000000005,BC_10YEAR
2026-05-28,20.0,0.049800000000000004,BC_20YEAR
2026-05-28,30.0,0.049800000000000004,BC_30YEAR
2026-05-29,0.08333333333333333,0.037200000000000004,BC_1MONTH
2026-05-29,0.16666666666666666,0.0371,BC_2MONTH
2026-05-29,0.25,0.0369,BC_3MONTH
2026-05-29,0.3333333333333333,0.0378,BC_4MONTH
2026-05-29,0.5,0.0378,BC_6MONTH
2026-05-29,1.0,0.0379,BC_1YEAR
2026-05-29,2.0,0.0398,BC_2YEAR
2026-05-29,3.0,0.0406,BC_3YEAR
2026-05-29,5.0,0.041299999999999996,BC_5YEAR
2026-05-29,7.0,0.042699999999999995,BC_7YEAR
2026-05-29,10.0,0.044500000000000005,BC_10YEAR
2026-05-29,20.0,0.049800000000000004,BC_20YEAR
2026-05-29,30.0,0.0499,BC_30YEAR
2026-06-01,0.08333333333333333,0.037200000000000004,BC_1MONTH
2026-06-01,0.16666666666666666,0.0373,BC_2MONTH
2026-06-01,0.25,0.0378,BC_3MONTH
2026-06-01,0.3333333333333333,0.038,BC_4MONTH
2026-06-01,0.5,0.0379,BC_6MONTH
2026-06-01,1.0,0.0383,BC_1YEAR
2026-06-01,2.0,0.0405,BC_2YEAR
2026-06-01,3.0,0.0409,BC_3YEAR
2026-06-01,5.0,0.0418,BC_5YEAR
2026-06-01,7.0,0.0432,BC_7YEAR
2026-06-01,10.0,0.0447,BC_10YEAR
2026-06-01,20.0,0.0499,BC_20YEAR
2026-06-01,30.0,0.0499,BC_30YEAR
2026-06-02,0.08333333333333333,0.037200000000000004,BC_1MONTH
2026-06-02,0.16666666666666666,0.0373,BC_2MONTH
2026-06-02,0.25,0.0377,BC_3MONTH
2026-06-02,0.3333333333333333,0.0379,BC_4MONTH
2026-06-02,0.5,0.0378,BC_6MONTH
2026-06-02,1.0,0.0382,BC_1YEAR
2026-06-02,2.0,0.0405,BC_2YEAR
2026-06-02,3.0,0.0409,BC_3YEAR
2026-06-02,5.0,0.0417,BC_5YEAR
2026-06-02,7.0,0.0431,BC_7YEAR
2026-06-02,10.0,0.0446,BC_10YEAR
2026-06-02,20.0,0.049699999999999994,BC_20YEAR
2026-06-02,30.0,0.049699999999999994,BC_30YEAR
2026-06-03,0.08333333333333333,0.0371,BC_1MONTH
2026-06-03,0.16666666666666666,0.037200000000000004,BC_2MONTH
2026-06-03,0.25,0.0378,BC_3MONTH
2026-06-03,0.3333333333333333,0.0377,BC_4MONTH
2026-06-03,0.5,0.0378,BC_6MONTH
2026-06-03,1.0,0.0384,BC_1YEAR
2026-06-03,2.0,0.0408,BC_2YEAR
2026-06-03,3.0,0.0414,BC_3YEAR
2026-06-03,5.0,0.0421,BC_5YEAR
2026-06-03,7.0,0.0434,BC_7YEAR
2026-06-03,10.0,0.0449,BC_10YEAR
2026-06-03,20.0,0.05,BC_20YEAR
2026-06-03,30.0,0.0499,BC_30YEAR
2026-06-04,0.08333333333333333,0.0371,BC_1MONTH
2026-06-04,0.16666666666666666,0.037000000000000005,BC_2MONTH
2026-06-04,0.25,0.0378,BC_3MONTH
2026-06-04,0.3333333333333333,0.037599999999999995,BC_4MONTH
2026-06-04,0.5,0.0378,BC_6MONTH
2026-06-04,1.0,0.0382,BC_1YEAR
2026-06-04,2.0,0.0405,BC_2YEAR
2026-06-04,3.0,0.040999999999999995,BC_3YEAR
2026-06-04,5.0,0.0418,BC_5YEAR
2026-06-04,7.0,0.0432,BC_7YEAR
2026-06-04,10.0,0.0447,BC_10YEAR
2026-06-04,20.0,0.049800000000000004,BC_20YEAR
2026-06-04,30.0,0.049699999999999994,BC_30YEAR
2026-06-05,0.08333333333333333,0.0371,BC_1MONTH
2026-06-05,0.16666666666666666,0.0371,BC_2MONTH
2026-06-05,0.25,0.0378,BC_3MONTH
2026-06-05,0.3333333333333333,0.0378,BC_4MONTH
2026-06-05,0.5,0.0381,BC_6MONTH
2026-06-05,1.0,0.0388,BC_1YEAR
2026-06-05,2.0,0.0417,BC_2YEAR
2026-06-05,3.0,0.042199999999999994,BC_3YEAR
2026-06-05,5.0,0.0429,BC_5YEAR
2026-06-05,7.0,0.0441,BC_7YEAR
2026-06-05,10.0,0.0455,BC_10YEAR
2026-06-05,20.0,0.050300000000000004,BC_20YEAR
2026-06-05,30.0,0.0501,BC_30YEAR
2026-06-08,0.08333333333333333,0.037000000000000005,BC_1MONTH
2026-06-08,0.16666666666666666,0.0371,BC_2MONTH
2026-06-08,0.25,0.038,BC_3MONTH
2026-06-08,0.3333333333333333,0.0379,BC_4MONTH
2026-06-08,0.5,0.0383,BC_6MONTH
2026-06-08,1.0,0.0385,BC_1YEAR
2026-06-08,2.0,0.0415,BC_2YEAR
2026-06-08,3.0,0.0421,BC_3YEAR
2026-06-08,5.0,0.0429,BC_5YEAR
2026-06-08,7.0,0.044199999999999996,BC_7YEAR
2026-06-08,10.0,0.045599999999999995,BC_10YEAR
2026-06-08,20.0,0.050499999999999996,BC_20YEAR
2026-06-08,30.0,0.050300000000000004,BC_30YEAR
2026-06-09,0.08333333333333333,0.0369,BC_1MONTH
2026-06-09,0.16666666666666666,0.0371,BC_2MONTH
2026-06-09,0.25,0.0379,BC_3MONTH
2026-06-09,0.3333333333333333,0.0379,BC_4MONTH
2026-06-09,0.5,0.0382,BC_6MONTH
2026-06-09,1.0,0.039,BC_1YEAR
2026-06-09,2.0,0.041299999999999996,BC_2YEAR
2026-06-09,3.0,0.0416,BC_3YEAR
2026-06-09,5.0,0.0426,BC_5YEAR
2026-06-09,7.0,0.043899999999999995,BC_7YEAR
2026-06-09,10.0,0.0453,BC_10YEAR
2026-06-09,20.0,0.050199999999999995,BC_20YEAR
2026-06-09,30.0,0.0501,BC_30YEAR
2026-06-10,0.08333333333333333,0.0369,BC_1MONTH
2026-06-10,0.16666666666666666,0.037200000000000004,BC_2MONTH
2026-06-10,0.25,0.0379,BC_3MONTH
2026-06-10,0.3333333333333333,0.038,BC_4MONTH
2026-06-10,0.5,0.0382,BC_6MONTH
2026-06-10,1.0,0.039,BC_1YEAR
2026-06-10,2.0,0.041299999999999996,BC_2YEAR
2026-06-10,3.0,0.0417,BC_3YEAR
2026-06-10,5.0,0.042699999999999995,BC_5YEAR
2026-06-10,7.0,0.044000000000000004,BC_7YEAR
2026-06-10,10.0,0.0455,BC_10YEAR
2026-06-10,20.0,0.0504,BC_20YEAR
2026-06-10,30.0,0.050300000000000004,BC_30YEAR
2026-06-11,0.08333333333333333,0.0369,BC_1MONTH
2026-06-11,0.16666666666666666,0.037000000000000005,BC_2MONTH
2026-06-11,0.25,0.0378,BC_3MONTH
2026-06-11,0.3333333333333333,0.0379,BC_4MONTH
2026-06-11,0.5,0.0381,BC_6MONTH
2026-06-11,1.0,0.0385,BC_1YEAR
2026-06-11,2.0,0.0405,BC_2YEAR
2026-06-11,3.0,0.0409,BC_3YEAR
2026-06-11,5.0,0.0418,BC_5YEAR
2026-06-11,7.0,0.0431,BC_7YEAR
2026-06-11,10.0,0.044500000000000005,BC_10YEAR
2026-06-11,20.0,0.0496,BC_20YEAR
2026-06-11,30.0,0.0495,BC_30YEAR
2026-06-12,0.08333333333333333,0.0369,BC_1MONTH
2026-06-12,0.16666666666666666,0.037000000000000005,BC_2MONTH
2026-06-12,0.25,0.0378,BC_3MONTH
2026-06-12,0.3333333333333333,0.0379,BC_4MONTH
2026-06-12,0.5,0.0382,BC_6MONTH
2026-06-12,1.0,0.038599999999999995,BC_1YEAR
2026-06-12,2.0,0.0409,BC_2YEAR
2026-06-12,3.0,0.0412,BC_3YEAR
2026-06-12,5.0,0.0421,BC_5YEAR
2026-06-12,7.0,0.0434,BC_7YEAR
2026-06-12,10.0,0.044800000000000006,BC_10YEAR
2026-06-12,20.0,0.049800000000000004,BC_20YEAR
2026-06-12,30.0,0.049699999999999994,BC_30YEAR
2026-06-15,0.08333333333333333,0.0369,BC_1MONTH
2026-06-15,0.16666666666666666,0.0371,BC_2MONTH
2026-06-15,0.25,0.0379,BC_3MONTH
2026-06-15,0.3333333333333333,0.0379,BC_4MONTH
2026-06-15,0.5,0.0381,BC_6MONTH
2026-06-15,1.0,0.0384,BC_1YEAR
2026-06-15,2.0,0.0407,BC_2YEAR
2026-06-15,3.0,0.040999999999999995,BC_3YEAR
2026-06-15,5.0,0.0418,BC_5YEAR
2026-06-15,7.0,0.0432,BC_7YEAR
2026-06-15,10.0,0.0447,BC_10YEAR
2026-06-15,20.0,0.049699999999999994,BC_20YEAR
2026-06-15,30.0,0.049699999999999994,BC_30YEAR
2026-06-16,0.08333333333333333,0.036699999999999997,BC_1MONTH
2026-06-16,0.16666666666666666,0.0371,BC_2MONTH
2026-06-16,0.25,0.0379,BC_3MONTH
2026-06-16,0.3333333333333333,0.0379,BC_4MONTH
2026-06-16,0.5,0.0381,BC_6MONTH
2026-06-16,1.0,0.0384,BC_1YEAR
2026-06-16,2.0,0.0405,BC_2YEAR
2026-06-16,3.0,0.0408,BC_3YEAR
2026-06-16,5.0,0.0416,BC_5YEAR
2026-06-16,7.0,0.042800000000000005,BC_7YEAR
2026-06-16,10.0,0.0443,BC_10YEAR
2026-06-16,20.0,0.0492,BC_20YEAR
2026-06-16,30.0,0.0493,BC_30YEAR
2026-06-17,0.08333333333333333,0.0368,BC_1MONTH
2026-06-17,0.16666666666666666,0.0374,BC_2MONTH
2026-06-17,0.25,0.0383,BC_3MONTH
2026-06-17,0.3333333333333333,0.0385,BC_4MONTH
2026-06-17,0.5,0.0391,BC_6MONTH
2026-06-17,1.0,0.0398,BC_1YEAR
2026-06-17,2.0,0.042,BC_2YEAR
2026-06-17,3.0,0.042300000000000004,BC_3YEAR
2026-06-17,5.0,0.042699999999999995,BC_5YEAR
2026-06-17,7.0,0.0437,BC_7YEAR
2026-06-17,10.0,0.0449,BC_10YEAR
2026-06-17,20.0,0.0495,BC_20YEAR
2026-06-17,30.0,0.0493,BC_30YEAR
2026-06-18,0.08333333333333333,0.0369,BC_1MONTH
2026-06-18,0.16666666666666666,0.0374,BC_2MONTH
2026-06-18,0.25,0.0383,BC_3MONTH
2026-06-18,0.3333333333333333,0.0385,BC_4MONTH
2026-06-18,0.5,0.0392,BC_6MONTH
2026-06-18,1.0,0.04,BC_1YEAR
2026-06-18,2.0,0.04190000000000001,BC_2YEAR
2026-06-18,3.0,0.04190000000000001,BC_3YEAR
2026-06-18,5.0,0.042300000000000004,BC_5YEAR
2026-06-18,7.0,0.0434,BC_7YEAR
2026-06-18,10.0,0.0446,BC_10YEAR
2026-06-18,20.0,0.049100000000000005,BC_20YEAR
2026-06-18,30.0,0.049,BC_30YEAR
2026-06-22,0.08333333333333333,0.0366,BC_1MONTH
2026-06-22,0.16666666666666666,0.0377,BC_2MONTH
2026-06-22,0.25,0.0385,BC_3MONTH
2026-06-22,0.3333333333333333,0.038900000000000004,BC_4MONTH
2026-06-22,0.5,0.0398,BC_6MONTH
2026-06-22,1.0,0.0404,BC_1YEAR
2026-06-22,2.0,0.0424,BC_2YEAR
2026-06-22,3.0,0.0425,BC_3YEAR
2026-06-22,5.0,0.0429,BC_5YEAR
2026-06-22,7.0,0.043899999999999995,BC_7YEAR
2026-06-22,10.0,0.0451,BC_10YEAR
2026-06-22,20.0,0.049699999999999994,BC_20YEAR
2026-06-22,30.0,0.0495,BC_30YEAR
2026-06-23,0.08333333333333333,0.0365,BC_1MONTH
2026-06-23,0.16666666666666666,0.037599999999999995,BC_2MONTH
2026-06-23,0.25,0.0385,BC_3MONTH
2026-06-23,0.3333333333333333,0.038900000000000004,BC_4MONTH
2026-06-23,0.5,0.039599999999999996,BC_6MONTH
2026-06-23,1.0,0.0401,BC_1YEAR
2026-06-23,2.0,0.0416,BC_2YEAR
2026-06-23,3.0,0.042199999999999994,BC_3YEAR
2026-06-23,5.0,0.042699999999999995,BC_5YEAR
2026-06-23,7.0,0.0438,BC_7YEAR
2026-06-23,10.0,0.045,BC_10YEAR
2026-06-23,20.0,0.0496,BC_20YEAR
2026-06-23,30.0,0.049400000000000006,BC_30YEAR
2026-06-24,0.08333333333333333,0.0366,BC_1MONTH
2026-06-24,0.16666666666666666,0.037599999999999995,BC_2MONTH
2026-06-24,0.25,0.0385,BC_3MONTH
2026-06-24,0.3333333333333333,0.039,BC_4MONTH
2026-06-24,0.5,0.0395,BC_6MONTH
2026-06-24,1.0,0.039900000000000005,BC_1YEAR
2026-06-24,2.0,0.041100000000000005,BC_2YEAR
2026-06-24,3.0,0.0415,BC_3YEAR
2026-06-24,5.0,0.0417,BC_5YEAR
2026-06-24,7.0,0.042800000000000005,BC_7YEAR
2026-06-24,10.0,0.0441,BC_10YEAR
2026-06-24,20.0,0.0487,BC_20YEAR
2026-06-24,30.0,0.048600000000000004,BC_30YEAR
2026-06-25,0.08333333333333333,0.037000000000000005,BC_1MONTH
2026-06-25,0.16666666666666666,0.0375,BC_2MONTH
2026-06-25,0.25,0.0384,BC_3MONTH
2026-06-25,0.3333333333333333,0.039,BC_4MONTH
2026-06-25,0.5,0.0395,BC_6MONTH
2026-06-25,1.0,0.039599999999999996,BC_1YEAR
2026-06-25,2.0,0.0409,BC_2YEAR
2026-06-25,3.0,0.041299999999999996,BC_3YEAR
2026-06-25,5.0,0.0415,BC_5YEAR
2026-06-25,7.0,0.0426,BC_7YEAR
2026-06-25,10.0,0.044000000000000004,BC_10YEAR
2026-06-25,20.0,0.0487,BC_20YEAR
2026-06-25,30.0,0.048600000000000004,BC_30YEAR
2026-06-26,0.08333333333333333,0.037000000000000005,BC_1MONTH
2026-06-26,0.16666666666666666,0.0375,BC_2MONTH
2026-06-26,0.25,0.0383,BC_3MONTH
2026-06-26,0.3333333333333333,0.038900000000000004,BC_4MONTH
2026-06-26,0.5,0.0394,BC_6MONTH
2026-06-26,1.0,0.0394,BC_1YEAR
2026-06-26,2.0,0.0407,BC_2YEAR
2026-06-26,3.0,0.0409,BC_3YEAR
2026-06-26,5.0,0.0412,BC_5YEAR
2026-06-26,7.0,0.042300000000000004,BC_7YEAR
2026-06-26,10.0,0.0438,BC_10YEAR
2026-06-26,20.0,0.0487,BC_20YEAR
2026-06-26,30.0,0.0487,BC_30YEAR
2026-06-29,0.08333333333333333,0.0371,BC_1MONTH
2026-06-29,0.16666666666666666,0.037599999999999995,BC_2MONTH
2026-06-29,0.25,0.0387,BC_3MONTH
2026-06-29,0.3333333333333333,0.0392,BC_4MONTH
2026-06-29,0.5,0.04,BC_6MONTH
2026-06-29,1.0,0.0397,BC_1YEAR
2026-06-29,2.0,0.040999999999999995,BC_2YEAR
2026-06-29,3.0,0.040999999999999995,BC_3YEAR
2026-06-29,5.0,0.0414,BC_5YEAR
2026-06-29,7.0,0.0424,BC_7YEAR
2026-06-29,10.0,0.0438,BC_10YEAR
2026-06-29,20.0,0.048600000000000004,BC_20YEAR
2026-06-29,30.0,0.048600000000000004,BC_30YEAR
2026-06-30,0.08333333333333333,0.037000000000000005,BC_1MONTH
2026-06-30,0.16666666666666666,0.0377,BC_2MONTH
2026-06-30,0.25,0.0387,BC_3MONTH
2026-06-30,0.3333333333333333,0.0392,BC_4MONTH
2026-06-30,0.5,0.0401,BC_6MONTH
2026-06-30,1.0,0.0398,BC_1YEAR
2026-06-30,2.0,0.0414,BC_2YEAR
2026-06-30,3.0,0.0415,BC_3YEAR
2026-06-30,5.0,0.04190000000000001,BC_5YEAR
2026-06-30,7.0,0.043,BC_7YEAR
2026-06-30,10.0,0.0444,BC_10YEAR
2026-06-30,20.0,0.0493,BC_20YEAR
2026-06-30,30.0,0.049100000000000005,BC_30YEAR
2026-07-01,0.08333333333333333,0.036699999999999997,BC_1MONTH
2026-07-01,0.16666666666666666,0.037200000000000004,BC_2MONTH
2026-07-01,0.25,0.0385,BC_3MONTH
2026-07-01,0.3333333333333333,0.0395,BC_4MONTH
2026-07-01,0.5,0.04,BC_6MONTH
2026-07-01,1.0,0.04,BC_1YEAR
2026-07-01,2.0,0.0417,BC_2YEAR
2026-07-01,3.0,0.04190000000000001,BC_3YEAR
2026-07-01,5.0,0.0424,BC_5YEAR
2026-07-01,7.0,0.0435,BC_7YEAR
2026-07-01,10.0,0.044800000000000006,BC_10YEAR
2026-07-01,20.0,0.049699999999999994,BC_20YEAR
2026-07-01,30.0,0.049699999999999994,BC_30YEAR
2026-07-02,0.08333333333333333,0.037000000000000005,BC_1MONTH
2026-07-02,0.16666666666666666,0.0381,BC_2MONTH
2026-07-02,0.25,0.0382,BC_3MONTH
2026-07-02,0.3333333333333333,0.0391,BC_4MONTH
2026-07-02,0.5,0.0398,BC_6MONTH
2026-07-02,1.0,0.039599999999999996,BC_1YEAR
2026-07-02,2.0,0.0414,BC_2YEAR
2026-07-02,3.0,0.0416,BC_3YEAR
2026-07-02,5.0,0.042300000000000004,BC_5YEAR
2026-07-02,7.0,0.0435,BC_7YEAR
2026-07-02,10.0,0.0449,BC_10YEAR
2026-07-02,20.0,0.0499,BC_20YEAR
2026-07-02,30.0,0.049800000000000004,BC_30YEAR
2026-07-06,0.08333333333333333,0.0369,BC_1MONTH
2026-07-06,0.16666666666666666,0.0381,BC_2MONTH
2026-07-06,0.25,0.0387,BC_3MONTH
2026-07-06,0.3333333333333333,0.0393,BC_4MONTH
2026-07-06,0.5,0.0398,BC_6MONTH
2026-07-06,1.0,0.0395,BC_1YEAR
2026-07-06,2.0,0.041299999999999996,BC_2YEAR
2026-07-06,3.0,0.0414,BC_3YEAR
2026-07-06,5.0,0.0421,BC_5YEAR
2026-07-06,7.0,0.0433,BC_7YEAR
2026-07-06,10.0,0.044800000000000006,BC_10YEAR
2026-07-06,20.0,0.0499,BC_20YEAR
2026-07-06,30.0,0.0499,BC_30YEAR
2026-07-07,0.08333333333333333,0.0369,BC_1MONTH
2026-07-07,0.16666666666666666,0.0382,BC_2MONTH
2026-07-07,0.25,0.038599999999999995,BC_3MONTH
2026-07-07,0.3333333333333333,0.0394,BC_4MONTH
2026-07-07,0.5,0.039900000000000005,BC_6MONTH
2026-07-07,1.0,0.0406,BC_1YEAR
2026-07-07,2.0,0.04190000000000001,BC_2YEAR
2026-07-07,3.0,0.0418,BC_3YEAR
2026-07-07,5.0,0.042699999999999995,BC_5YEAR
2026-07-07,7.0,0.044000000000000004,BC_7YEAR
2026-07-07,10.0,0.0455,BC_10YEAR
2026-07-07,20.0,0.050499999999999996,BC_20YEAR
2026-07-07,30.0,0.050499999999999996,BC_30YEAR
2026-07-08,0.08333333333333333,0.036699999999999997,BC_1MONTH
2026-07-08,0.16666666666666666,0.0382,BC_2MONTH
2026-07-08,0.25,0.0387,BC_3MONTH
2026-07-08,0.3333333333333333,0.0394,BC_4MONTH
2026-07-08,0.5,0.039900000000000005,BC_6MONTH
2026-07-08,1.0,0.0406,BC_1YEAR
2026-07-08,2.0,0.0421,BC_2YEAR
2026-07-08,3.0,0.0421,BC_3YEAR
2026-07-08,5.0,0.0431,BC_5YEAR
2026-07-08,7.0,0.0443,BC_7YEAR
2026-07-08,10.0,0.045599999999999995,BC_10YEAR
2026-07-08,20.0,0.0507,BC_20YEAR
2026-07-08,30.0,0.0506,BC_30YEAR
2026-07-09,0.08333333333333333,0.037200000000000004,BC_1MONTH
2026-07-09,0.16666666666666666,0.0379,BC_2MONTH
2026-07-09,0.25,0.0383,BC_3MONTH
2026-07-09,0.3333333333333333,0.0391,BC_4MONTH
2026-07-09,0.5,0.039599999999999996,BC_6MONTH
2026-07-09,1.0,0.04019999999999999,BC_1YEAR
2026-07-09,2.0,0.0416,BC_2YEAR
2026-07-09,3.0,0.0418,BC_3YEAR
2026-07-09,5.0,0.042699999999999995,BC_5YEAR
2026-07-09,7.0,0.044000000000000004,BC_7YEAR
2026-07-09,10.0,0.0454,BC_10YEAR
2026-07-09,20.0,0.0506,BC_20YEAR
2026-07-09,30.0,0.050499999999999996,BC_30YEAR
2026-07-10,0.08333333333333333,0.0371,BC_1MONTH
2026-07-10,0.16666666666666666,0.0381,BC_2MONTH
2026-07-10,0.25,0.0385,BC_3MONTH
2026-07-10,0.3333333333333333,0.0394,BC_4MONTH
2026-07-10,0.5,0.039900000000000005,BC_6MONTH
2026-07-10,1.0,0.0406,BC_1YEAR
2026-07-10,2.0,0.0421,BC_2YEAR
2026-07-10,3.0,0.042199999999999994,BC_3YEAR
2026-07-10,5.0,0.043,BC_5YEAR
2026-07-10,7.0,0.044199999999999996,BC_7YEAR
2026-07-10,10.0,0.045599999999999995,BC_10YEAR
2026-07-10,20.0,0.0508,BC_20YEAR
2026-07-10,30.0,0.0506,BC_30YEAR
2026-07-13,0.08333333333333333,0.0373,BC_1MONTH
2026-07-13,0.16666666666666666,0.0382,BC_2MONTH
2026-07-13,0.25,0.038900000000000004,BC_3MONTH
2026-07-13,0.3333333333333333,0.0397,BC_4MONTH
2026-07-13,0.5,0.0403,BC_6MONTH
2026-07-13,1.0,0.0412,BC_1YEAR
2026-07-13,2.0,0.0426,BC_2YEAR
2026-07-13,3.0,0.043,BC_3YEAR
2026-07-13,5.0,0.0437,BC_5YEAR
2026-07-13,7.0,0.044800000000000006,BC_7YEAR
2026-07-13,10.0,0.0462,BC_10YEAR
2026-07-13,20.0,0.051100000000000007,BC_20YEAR
2026-07-13,30.0,0.051,BC_30YEAR
2026-07-14,0.08333333333333333,0.0373,BC_1MONTH
2026-07-14,0.16666666666666666,0.0382,BC_2MONTH
2026-07-14,0.25,0.0384,BC_3MONTH
2026-07-14,0.3333333333333333,0.0391,BC_4MONTH
2026-07-14,0.5,0.0395,BC_6MONTH
2026-07-14,1.0,0.04019999999999999,BC_1YEAR
2026-07-14,2.0,0.0418,BC_2YEAR
2026-07-14,3.0,0.042300000000000004,BC_3YEAR
2026-07-14,5.0,0.0431,BC_5YEAR
2026-07-14,7.0,0.0444,BC_7YEAR
2026-07-14,10.0,0.0458,BC_10YEAR
2026-07-14,20.0,0.0509,BC_20YEAR
2026-07-14,30.0,0.0508,BC_30YEAR
2026-07-15,0.08333333333333333,0.0373,BC_1MONTH
2026-07-15,0.16666666666666666,0.0382,BC_2MONTH
2026-07-15,0.25,0.0383,BC_3MONTH
2026-07-15,0.3333333333333333,0.038900000000000004,BC_4MONTH
2026-07-15,0.5,0.0393,BC_6MONTH
2026-07-15,1.0,0.0397,BC_1YEAR
2026-07-15,2.0,0.041299999999999996,BC_2YEAR
2026-07-15,3.0,0.0418,BC_3YEAR
2026-07-15,5.0,0.0426,BC_5YEAR
2026-07-15,7.0,0.043899999999999995,BC_7YEAR
2026-07-15,10.0,0.0455,BC_10YEAR
2026-07-15,20.0,0.0507,BC_20YEAR
2026-07-15,30.0,0.0508,BC_30YEAR
2026-07-16,0.08333333333333333,0.037599999999999995,BC_1MONTH
2026-07-16,0.16666666666666666,0.0381,BC_2MONTH
2026-07-16,0.25,0.0384,BC_3MONTH
2026-07-16,0.3333333333333333,0.039,BC_4MONTH
2026-07-16,0.5,0.0394,BC_6MONTH
2026-07-16,1.0,0.039900000000000005,BC_1YEAR
2026-07-16,2.0,0.0416,BC_2YEAR
2026-07-16,3.0,0.042,BC_3YEAR
2026-07-16,5.0,0.042800000000000005,BC_5YEAR
2026-07-16,7.0,0.0441,BC_7YEAR
2026-07-16,10.0,0.045700000000000005,BC_10YEAR
2026-07-16,20.0,0.0509,BC_20YEAR
2026-07-16,30.0,0.0509,BC_30YEAR
2026-07-17,0.08333333333333333,0.0373,BC_1MONTH
2026-07-17,0.16666666666666666,0.038,BC_2MONTH
2026-07-17,0.25,0.0385,BC_3MONTH
2026-07-17,0.3333333333333333,0.0391,BC_4MONTH
2026-07-17,0.5,0.039599999999999996,BC_6MONTH
2026-07-17,1.0,0.0401,BC_1YEAR
2026-07-17,2.0,0.0418,BC_2YEAR
2026-07-17,3.0,0.0421,BC_3YEAR
2026-07-17,5.0,0.042800000000000005,BC_5YEAR
2026-07-17,7.0,0.044000000000000004,BC_7YEAR
2026-07-17,10.0,0.0455,BC_10YEAR
2026-07-17,20.0,0.0507,BC_20YEAR
2026-07-17,30.0,0.0506,BC_30YEAR
2026-07-20,0.08333333333333333,0.037200000000000004,BC_1MONTH
2026-07-20,0.16666666666666666,0.0381,BC_2MONTH
2026-07-20,0.25,0.038599999999999995,BC_3MONTH
2026-07-20,0.3333333333333333,0.0393,BC_4MONTH
2026-07-20,0.5,0.04,BC_6MONTH
2026-07-20,1.0,0.0403,BC_1YEAR
2026-07-20,2.0,0.0421,BC_2YEAR
2026-07-20,3.0,0.0425,BC_3YEAR
2026-07-20,5.0,0.0433,BC_5YEAR
2026-07-20,7.0,0.044500000000000005,BC_7YEAR
2026-07-20,10.0,0.046,BC_10YEAR
2026-07-20,20.0,0.0512,BC_20YEAR
2026-07-20,30.0,0.051100000000000007,BC_30YEAR
2026-07-21,0.08333333333333333,0.0375,BC_1MONTH
2026-07-21,0.16666666666666666,0.0381,BC_2MONTH
2026-07-21,0.25,0.0387,BC_3MONTH
2026-07-21,0.3333333333333333,0.039599999999999996,BC_4MONTH
2026-07-21,0.5,0.04019999999999999,BC_6MONTH
2026-07-21,1.0,0.0408,BC_1YEAR
2026-07-21,2.0,0.0426,BC_2YEAR
2026-07-21,3.0,0.0431,BC_3YEAR
2026-07-21,5.0,0.0437,BC_5YEAR
2026-07-21,7.0,0.045,BC_7YEAR
2026-07-21,10.0,0.0463,BC_10YEAR
2026-07-21,20.0,0.051399999999999994,BC_20YEAR
2026-07-21,30.0,0.0513,BC_30YEAR
2026-07-22,0.08333333333333333,0.037599999999999995,BC_1MONTH
2026-07-22,0.16666666666666666,0.0382,BC_2MONTH
2026-07-22,0.25,0.038900000000000004,BC_3MONTH
2026-07-22,0.3333333333333333,0.04,BC_4MONTH
2026-07-22,0.5,0.0405,BC_6MONTH
2026-07-22,1.0,0.041100000000000005,BC_1YEAR
2026-07-22,2.0,0.0431,BC_2YEAR
2026-07-22,3.0,0.0434,BC_3YEAR
2026-07-22,5.0,0.0441,BC_5YEAR
2026-07-22,7.0,0.0453,BC_7YEAR
2026-07-22,10.0,0.0467,BC_10YEAR
2026-07-22,20.0,0.051699999999999996,BC_20YEAR
2026-07-22,30.0,0.051500000000000004,BC_30YEAR
2026-07-23,0.08333333333333333,0.0382,BC_1MONTH
2026-07-23,0.16666666666666666,0.0395,BC_2MONTH
2026-07-23,0.25,0.0395,BC_3MONTH
2026-07-23,0.3333333333333333,0.0404,BC_4MONTH
2026-07-23,0.5,0.0409,BC_6MONTH
2026-07-23,1.0,0.0415,BC_1YEAR
2026-07-23,2.0,0.0437,BC_2YEAR
2026-07-23,3.0,0.044000000000000004,BC_3YEAR
2026-07-23,5.0,0.0446,BC_5YEAR
2026-07-23,7.0,0.0458,BC_7YEAR
2026-07-23,10.0,0.0471,BC_10YEAR
2026-07-23,20.0,0.052000000000000005,BC_20YEAR
2026-07-23,30.0,0.051699999999999996,BC_30YEAR
2026-07-24,0.08333333333333333,0.038,BC_1MONTH
2026-07-24,0.16666666666666666,0.0395,BC_2MONTH
2026-07-24,0.25,0.039599999999999996,BC_3MONTH
2026-07-24,0.3333333333333333,0.0404,BC_4MONTH
2026-07-24,0.5,0.0408,BC_6MONTH
2026-07-24,1.0,0.0414,BC_1YEAR
2026-07-24,2.0,0.0433,BC_2YEAR
2026-07-24,3.0,0.0436,BC_3YEAR
2026-07-24,5.0,0.0443,BC_5YEAR
2026-07-24,7.0,0.0455,BC_7YEAR
2026-07-24,10.0,0.046900000000000004,BC_10YEAR
2026-07-24,20.0,0.0518,BC_20YEAR
2026-07-24,30.0,0.0516,BC_30YEAR
2026-07-27,0.08333333333333333,0.038,BC_1MONTH
2026-07-27,0.16666666666666666,0.0395,BC_2MONTH
2026-07-27,0.25,0.039599999999999996,BC_3MONTH
2026-07-27,0.3333333333333333,0.0405,BC_4MONTH
2026-07-27,0.5,0.040999999999999995,BC_6MONTH
2026-07-27,1.0,0.0414,BC_1YEAR
2026-07-27,2.0,0.0431,BC_2YEAR
2026-07-27,3.0,0.0435,BC_3YEAR
2026-07-27,5.0,0.044000000000000004,BC_5YEAR
2026-07-27,7.0,0.0452,BC_7YEAR
2026-07-27,10.0,0.04650000000000001,BC_10YEAR
2026-07-27,20.0,0.051500000000000004,BC_20YEAR
2026-07-27,30.0,0.0512,BC_30YEAR
2026-07-28,0.08333333333333333,0.037599999999999995,BC_1MONTH
2026-07-28,0.16666666666666666,0.039,BC_2MONTH
2026-07-28,0.25,0.039,BC_3MONTH
2026-07-28,0.3333333333333333,0.04019999999999999,BC_4MONTH
2026-07-28,0.5,0.0407,BC_6MONTH
2026-07-28,1.0,0.0409,BC_1YEAR
2026-07-28,2.0,0.0426,BC_2YEAR
2026-07-28,3.0,0.0431,BC_3YEAR
2026-07-28,5.0,0.0435,BC_5YEAR
2026-07-28,7.0,0.0447,BC_7YEAR
2026-07-28,10.0,0.0461,BC_10YEAR
2026-07-28,20.0,0.051100000000000007,BC_20YEAR
2026-07-28,30.0,0.0509,BC_30YEAR
2026-07-29,0.08333333333333333,0.0373,BC_1MONTH
2026-07-29,0.16666666666666666,0.0383,BC_2MONTH
2026-07-29,0.25,0.0383,BC_3MONTH
2026-07-29,0.3333333333333333,0.0391,BC_4MONTH
2026-07-29,0.5,0.0397,BC_6MONTH
2026-07-29,1.0,0.0404,BC_1YEAR
2026-07-29,2.0,0.042199999999999994,BC_2YEAR
2026-07-29,3.0,0.0429,BC_3YEAR
2026-07-29,5.0,0.0437,BC_5YEAR
2026-07-29,7.0,0.0451,BC_7YEAR
2026-07-29,10.0,0.0467,BC_10YEAR
2026-07-29,20.0,0.0521,BC_20YEAR
2026-07-29,30.0,0.052000000000000005,BC_30YEAR
2026-07-30,0.08333333333333333,0.0379,BC_1MONTH
2026-07-30,0.16666666666666666,0.0384,BC_2MONTH
2026-07-30,0.25,0.0382,BC_3MONTH
2026-07-30,0.3333333333333333,0.0392,BC_4MONTH
2026-07-30,0.5,0.0398,BC_6MONTH
2026-07-30,1.0,0.0404,BC_1YEAR
2026-07-30,2.0,0.042300000000000004,BC_2YEAR
2026-07-30,3.0,0.043,BC_3YEAR
2026-07-30,5.0,0.0438,BC_5YEAR
2026-07-30,7.0,0.0452,BC_7YEAR
2026-07-30,10.0,0.046799999999999994,BC_10YEAR
2026-07-30,20.0,0.052199999999999996,BC_20YEAR
2026-07-30,30.0,0.0521,BC_30YEAR
2026-07-31,0.08333333333333333,0.0378,BC_1MONTH
2026-07-31,0.16666666666666666,0.0385,BC_2MONTH
2026-07-31,0.25,0.0383,BC_3MONTH
2026-07-31,0.3333333333333333,0.0392,BC_4MONTH
2026-07-31,0.5,0.0398,BC_6MONTH
2026-07-31,1.0,0.0408,BC_1YEAR
2026-07-31,2.0,0.042800000000000005,BC_2YEAR
2026-07-31,3.0,0.0434,BC_3YEAR
2026-07-31,5.0,0.044500000000000005,BC_5YEAR
2026-07-31,7.0,0.045899999999999996,BC_7YEAR
2026-07-31,10.0,0.0475,BC_10YEAR
2026-07-31,20.0,0.0528,BC_20YEAR
2026-07-31,30.0,0.0527,BC_30YEAR
2026-08-03,0.08333333333333333,0.0379,BC_1MONTH
2026-08-03,0.16666666666666666,0.0387,BC_2MONTH
2026-08-03,0.25,0.0391,BC_3MONTH
2026-08-03,0.3333333333333333,0.0394,BC_4MONTH
2026-08-03,0.5,0.04019999999999999,BC_6MONTH
2026-08-03,1.0,0.0407,BC_1YEAR
2026-08-03,2.0,0.0425,BC_2YEAR
2026-08-03,3.0,0.0432,BC_3YEAR
2026-08-03,5.0,0.044000000000000004,BC_5YEAR
2026-08-03,7.0,0.0454,BC_7YEAR
2026-08-03,10.0,0.047,BC_10YEAR
2026-08-03,20.0,0.052300000000000006,BC_20YEAR
2026-08-03,30.0,0.052300000000000006,BC_30YEAR
2026-08-04,0.08333333333333333,0.0378,BC_1MONTH
2026-08-04,0.16666666666666666,0.0385,BC_2MONTH
2026-08-04,0.25,0.038900000000000004,BC_3MONTH
2026-08-04,0.3333333333333333,0.0391,BC_4MONTH
2026-08-04,0.5,0.04,BC_6MONTH
2026-08-04,1.0,0.0404,BC_1YEAR
2026-08-04,2.0,0.042,BC_2YEAR
2026-08-04,3.0,0.0425,BC_3YEAR
2026-08-04,5.0,0.0433,BC_5YEAR
2026-08-04,7.0,0.0447,BC_7YEAR
2026-08-04,10.0,0.0463,BC_10YEAR
2026-08-04,20.0,0.0518,BC_20YEAR
2026-08-04,30.0,0.0518,BC_30YEAR
2026-08-05,0.08333333333333333,0.0377,BC_1MONTH
2026-08-05,0.16666666666666666,0.0384,BC_2MONTH
2026-08-05,0.25,0.038900000000000004,BC_3MONTH
2026-08-05,0.3333333333333333,0.0391,BC_4MONTH
2026-08-05,0.5,0.0398,BC_6MONTH
2026-08-05,1.0,0.0403,BC_1YEAR
2026-08-05,2.0,0.0418,BC_2YEAR
2026-08-05,3.0,0.0424,BC_3YEAR
2026-08-05,5.0,0.0433,BC_5YEAR
2026-08-05,7.0,0.0447,BC_7YEAR
2026-08-05,10.0,0.0463,BC_10YEAR
2026-08-05,20.0,0.0518,BC_20YEAR
2026-08-05,30.0,0.051699999999999996,BC_30YEAR
2026-08-06,0.08333333333333333,0.038,BC_1MONTH
2026-08-06,0.16666666666666666,0.0384,BC_2MONTH
2026-08-06,0.25,0.039,BC_3MONTH
2026-08-06,0.3333333333333333,0.0392,BC_4MONTH
2026-08-06,0.5,0.039900000000000005,BC_6MONTH
2026-08-06,1.0,0.0406,BC_1YEAR
2026-08-06,2.0,0.0425,BC_2YEAR
2026-08-06,3.0,0.0431,BC_3YEAR
2026-08-06,5.0,0.044000000000000004,BC_5YEAR
2026-08-06,7.0,0.0453,BC_7YEAR
2026-08-06,10.0,0.046900000000000004,BC_10YEAR
2026-08-06,20.0,0.052199999999999996,BC_20YEAR
2026-08-06,30.0,0.052199999999999996,BC_30YEAR
2026-08-07,0.08333333333333333,0.0379,BC_1MONTH
2026-08-07,0.16666666666666666,0.0383,BC_2MONTH
2026-08-07,0.25,0.0387,BC_3MONTH
2026-08-07,0.3333333333333333,0.038900000000000004,BC_4MONTH
2026-08-07,0.5,0.039599999999999996,BC_6MONTH
2026-08-07,1.0,0.0401,BC_1YEAR
2026-08-07,2.0,0.04190000000000001,BC_2YEAR
2026-08-07,3.0,0.0425,BC_3YEAR
2026-08-07,5.0,0.0435,BC_5YEAR
2026-08-07,7.0,0.0449,BC_7YEAR
2026-08-07,10.0,0.04650000000000001,BC_10YEAR
2026-08-07,20.0,0.052000000000000005,BC_20YEAR
2026-08-07,30.0,0.0519,BC_30YEAR
2026-08-10,0.08333333333333333,0.0379,BC_1MONTH
2026-08-10,0.16666666666666666,0.0384,BC_2MONTH
2026-08-10,0.25,0.038900000000000004,BC_3MONTH
2026-08-10,0.3333333333333333,0.0391,BC_4MONTH
2026-08-10,0.5,0.04,BC_6MONTH
2026-08-10,1.0,0.0404,BC_1YEAR
2026-08-10,2.0,0.0425,BC_2YEAR
2026-08-10,3.0,0.0431,BC_3YEAR
2026-08-10,5.0,0.0441,BC_5YEAR
2026-08-10,7.0,0.045599999999999995,BC_7YEAR
2026-08-10,10.0,0.0472,BC_10YEAR
2026-08-10,20.0,0.0525,BC_20YEAR
2026-08-10,30.0,0.0525,BC_30YEAR
2026-08-11,0.08333333333333333,0.0379,BC_1MONTH
2026-08-11,0.16666666666666666,0.0383,BC_2MONTH
2026-08-11,0.25,0.038900000000000004,BC_3MONTH
2026-08-11,0.3333333333333333,0.039,BC_4MONTH
2026-08-11,0.5,0.039900000000000005,BC_6MONTH
2026-08-11,1.0,0.0403,BC_1YEAR
2026-08-11,2.0,0.042199999999999994,BC_2YEAR
2026-08-11,3.0,0.042699999999999995,BC_3YEAR
2026-08-11,5.0,0.043899999999999995,BC_5YEAR
2026-08-11,7.0,0.0454,BC_7YEAR
2026-08-11,10.0,0.047,BC_10YEAR
2026-08-11,20.0,0.0525,BC_20YEAR
2026-08-11,30.0,0.0524,BC_30YEAR
2026-08-12,0.08333333333333333,0.0378,BC_1MONTH
2026-08-12,0.16666666666666666,0.038,BC_2MONTH
2026-08-12,0.25,0.0387,BC_3MONTH
2026-08-12,0.3333333333333333,0.038900000000000004,BC_4MONTH
2026-08-12,0.5,0.0397,BC_6MONTH
2026-08-12,1.0,0.04,BC_1YEAR
2026-08-12,2.0,0.042,BC_2YEAR
2026-08-12,3.0,0.0425,BC_3YEAR
2026-08-12,5.0,0.0438,BC_5YEAR
2026-08-12,7.0,0.0452,BC_7YEAR
2026-08-12,10.0,0.046799999999999994,BC_10YEAR
2026-08-12,20.0,0.0524,BC_20YEAR
2026-08-12,30.0,0.0524,BC_30YEAR
2026-08-13,0.08333333333333333,0.0379,BC_1MONTH
2026-08-13,0.16666666666666666,0.0381,BC_2MONTH
2026-08-13,0.25,0.0387,BC_3MONTH
2026-08-13,0.3333333333333333,0.0388,BC_4MONTH
2026-08-13,0.5,0.0394,BC_6MONTH
2026-08-13,1.0,0.0397,BC_1YEAR
2026-08-13,2.0,0.0415,BC_2YEAR
2026-08-13,3.0,0.042,BC_3YEAR
2026-08-13,5.0,0.0432,BC_5YEAR
2026-08-13,7.0,0.0447,BC_7YEAR
2026-08-13,10.0,0.0463,BC_10YEAR
2026-08-13,20.0,0.052000000000000005,BC_20YEAR
2026-08-13,30.0,0.0521,BC_30YEAR
2026-08-14,0.08333333333333333,0.0379,BC_1MONTH
2026-08-14,0.16666666666666666,0.0381,BC_2MONTH
2026-08-14,0.25,0.038599999999999995,BC_3MONTH
2026-08-14,0.3333333333333333,0.0388,BC_4MONTH
2026-08-14,0.5,0.0395,BC_6MONTH
2026-08-14,1.0,0.0398,BC_1YEAR
2026-08-14,2.0,0.0417,BC_2YEAR
2026-08-14,3.0,0.0424,BC_3YEAR
2026-08-14,5.0,0.0436,BC_5YEAR
2026-08-14,7.0,0.0451,BC_7YEAR
2026-08-14,10.0,0.046799999999999994,BC_10YEAR
2026-08-14,20.0,0.0525,BC_20YEAR
2026-08-14,30.0,0.0525,BC_30YEAR
2026-08-17,0.08333333333333333,0.0379,BC_1MONTH
2026-08-17,0.16666666666666666,0.0382,BC_2MONTH
2026-08-17,0.25,0.0387,BC_3MONTH
2026-08-17,0.3333333333333333,0.038900000000000004,BC_4MONTH
2026-08-17,0.5,0.0395,BC_6MONTH
2026-08-17,1.0,0.04,BC_1YEAR
2026-08-17,2.0,0.04190000000000001,BC_2YEAR
2026-08-17,3.0,0.0425,BC_3YEAR
2026-08-17,5.0,0.0438,BC_5YEAR
2026-08-17,7.0,0.0454,BC_7YEAR
2026-08-17,10.0,0.0472,BC_10YEAR
2026-08-17,20.0,0.053,BC_20YEAR
2026-08-17,30.0,0.053099999999999994,BC_30YEAR
2026-08-18,0.08333333333333333,0.0378,BC_1MONTH
2026-08-18,0.16666666666666666,0.0382,BC_2MONTH
2026-08-18,0.25,0.038599999999999995,BC_3MONTH
2026-08-18,0.3333333333333333,0.0388,BC_4MONTH
2026-08-18,0.5,0.0394,BC_6MONTH
2026-08-18,1.0,0.039900000000000005,BC_1YEAR
2026-08-18,2.0,0.04190000000000001,BC_2YEAR
2026-08-18,3.0,0.0426,BC_3YEAR
2026-08-18,5.0,0.0437,BC_5YEAR
2026-08-18,7.0,0.0453,BC_7YEAR
2026-08-18,10.0,0.0471,BC_10YEAR
2026-08-18,20.0,0.0528,BC_20YEAR
2026-08-18,30.0,0.0528,BC_30YEAR
2026-08-19,0.08333333333333333,0.0377,BC_1MONTH
2026-08-19,0.16666666666666666,0.0381,BC_2MONTH
2026-08-19,0.25,0.038599999999999995,BC_3MONTH
2026-08-19,0.3333333333333333,0.0388,BC_4MONTH
2026-08-19,0.5,0.0394,BC_6MONTH
2026-08-19,1.0,0.04,BC_1YEAR
2026-08-19,2.0,0.04190000000000001,BC_2YEAR
2026-08-19,3.0,0.0425,BC_3YEAR
2026-08-19,5.0,0.0435,BC_5YEAR
2026-08-19,7.0,0.044800000000000006,BC_7YEAR
2026-08-19,10.0,0.04650000000000001,BC_10YEAR
2026-08-19,20.0,0.051699999999999996,BC_20YEAR
2026-08-19,30.0,0.0519,BC_30YEAR
2026-08-20,0.08333333333333333,0.038,BC_1MONTH
2026-08-20,0.16666666666666666,0.0379,BC_2MONTH
2026-08-20,0.25,0.0387,BC_3MONTH
2026-08-20,0.3333333333333333,0.0388,BC_4MONTH
2026-08-20,0.5,0.0394,BC_6MONTH
2026-08-20,1.0,0.039900000000000005,BC_1YEAR
2026-08-20,2.0,0.04190000000000001,BC_2YEAR
2026-08-20,3.0,0.0426,BC_3YEAR
2026-08-20,5.0,0.043899999999999995,BC_5YEAR
2026-08-20,7.0,0.0453,BC_7YEAR
2026-08-20,10.0,0.046900000000000004,BC_10YEAR
2026-08-20,20.0,0.052000000000000005,BC_20YEAR
2026-08-20,30.0,0.052300000000000006,BC_30YEAR
2026-08-21,0.08333333333333333,0.038,BC_1MONTH
2026-08-21,0.16666666666666666,0.038,BC_2MONTH
2026-08-21,0.25,0.0388,BC_3MONTH
2026-08-21,0.3333333333333333,0.039,BC_4MONTH
2026-08-21,0.5,0.0395,BC_6MONTH
2026-08-21,1.0,0.0403,BC_1YEAR
2026-08-21,2.0,0.0424,BC_2YEAR
2026-08-21,3.0,0.0431,BC_3YEAR
2026-08-21,5.0,0.0443,BC_5YEAR
2026-08-21,7.0,0.045700000000000005,BC_7YEAR
2026-08-21,10.0,0.047400000000000005,BC_10YEAR
2026-08-21,20.0,0.0525,BC_20YEAR
2026-08-21,30.0,0.0527,BC_30YEAR
2026-08-24,0.08333333333333333,0.0379,BC_1MONTH
2026-08-24,0.16666666666666666,0.038,BC_2MONTH
2026-08-24,0.25,0.0387,BC_3MONTH
2026-08-24,0.3333333333333333,0.039,BC_4MONTH
2026-08-24,0.5,0.039599999999999996,BC_6MONTH
2026-08-24,1.0,0.0404,BC_1YEAR
2026-08-24,2.0,0.0424,BC_2YEAR
2026-08-24,3.0,0.0431,BC_3YEAR
2026-08-24,5.0,0.0441,BC_5YEAR
2026-08-24,7.0,0.0455,BC_7YEAR
2026-08-24,10.0,0.047,BC_10YEAR
2026-08-24,20.0,0.0521,BC_20YEAR
2026-08-24,30.0,0.052300000000000006,BC_30YEAR
2026-08-25,0.08333333333333333,0.0379,BC_1MONTH
2026-08-25,0.16666666666666666,0.038,BC_2MONTH
2026-08-25,0.25,0.038599999999999995,BC_3MONTH
2026-08-25,0.3333333333333333,0.038900000000000004,BC_4MONTH
2026-08-25,0.5,0.0395,BC_6MONTH
2026-08-25,1.0,0.0401,BC_1YEAR
2026-08-25,2.0,0.0417,BC_2YEAR
2026-08-25,3.0,0.0425,BC_3YEAR
2026-08-25,5.0,0.0435,BC_5YEAR
2026-08-25,7.0,0.044800000000000006,BC_7YEAR
2026-08-25,10.0,0.0464,BC_10YEAR
2026-08-25,20.0,0.0516,BC_20YEAR
2026-08-25,30.0,0.051699999999999996,BC_30YEAR
2026-08-26,0.08333333333333333,0.038,BC_1MONTH
2026-08-26,0.16666666666666666,0.038,BC_2MONTH
2026-08-26,0.25,0.0385,BC_3MONTH
2026-08-26,0.3333333333333333,0.0388,BC_4MONTH
2026-08-26,0.5,0.0394,BC_6MONTH
2026-08-26,1.0,0.04019999999999999,BC_1YEAR
2026-08-26,2.0,0.04190000000000001,BC_2YEAR
2026-08-26,3.0,0.0429,BC_3YEAR
2026-08-26,5.0,0.0437,BC_5YEAR
2026-08-26,7.0,0.0451,BC_7YEAR
2026-08-26,10.0,0.0466,BC_10YEAR
2026-08-26,20.0,0.051699999999999996,BC_20YEAR
2026-08-26,30.0,0.0518,BC_30YEAR
2026-08-27,0.08333333333333333,0.0381,BC_1MONTH
2026-08-27,0.16666666666666666,0.0381,BC_2MONTH
2026-08-27,0.25,0.0384,BC_3MONTH
2026-08-27,0.3333333333333333,0.0388,BC_4MONTH
2026-08-27,0.5,0.0394,BC_6MONTH
2026-08-27,1.0,0.0404,BC_1YEAR
2026-08-27,2.0,0.042,BC_2YEAR
2026-08-27,3.0,0.043,BC_3YEAR
2026-08-27,5.0,0.0438,BC_5YEAR
2026-08-27,7.0,0.0452,BC_7YEAR
2026-08-27,10.0,0.0467,BC_10YEAR
2026-08-27,20.0,0.0518,BC_20YEAR
2026-08-27,30.0,0.0519,BC_30YEAR
2026-08-28,0.08333333333333333,0.0384,BC_1MONTH
2026-08-28,0.16666666666666666,0.038599999999999995,BC_2MONTH
2026-08-28,0.25,0.039,BC_3MONTH
2026-08-28,0.3333333333333333,0.0394,BC_4MONTH
2026-08-28,0.5,0.04019999999999999,BC_6MONTH
2026-08-28,1.0,0.0415,BC_1YEAR
2026-08-28,2.0,0.0434,BC_2YEAR
2026-08-28,3.0,0.0441,BC_3YEAR
2026-08-28,5.0,0.044800000000000006,BC_5YEAR
2026-08-28,7.0,0.045899999999999996,BC_7YEAR
2026-08-28,10.0,0.0473,BC_10YEAR
2026-08-28,20.0,0.0521,BC_20YEAR
2026-08-28,30.0,0.052199999999999996,BC_30YEAR
2026-08-31,0.08333333333333333,0.0385,BC_1MONTH
2026-08-31,0.16666666666666666,0.0388,BC_2MONTH
2026-08-31,0.25,0.0391,BC_3MONTH
2026-08-31,0.3333333333333333,0.039599999999999996,BC_4MONTH
2026-08-31,0.5,0.039900000000000005,BC_6MONTH
2026-08-31,1.0,0.0416,BC_1YEAR
2026-08-31,2.0,0.0434,BC_2YEAR
2026-08-31,3.0,0.044000000000000004,BC_3YEAR
2026-08-31,5.0,0.0449,BC_5YEAR
2026-08-31,7.0,0.0462,BC_7YEAR
2026-08-31,10.0,0.0475,BC_10YEAR
2026-08-31,20.0,0.0524,BC_20YEAR
2026-08-31,30.0,0.0525,BC_30YEAR
2026-09-01,0.08333333333333333,0.0385,BC_1MONTH
2026-09-01,0.16666666666666666,0.038900000000000004,BC_2MONTH
2026-09-01,0.25,0.0392,BC_3MONTH
2026-09-01,0.3333333333333333,0.0397,BC_4MONTH
2026-09-01,0.5,0.04,BC_6MONTH
2026-09-01,1.0,0.0418,BC_1YEAR
2026-09-01,2.0,0.043899999999999995,BC_2YEAR
2026-09-01,3.0,0.0446,BC_3YEAR
2026-09-01,5.0,0.0455,BC_5YEAR
2026-09-01,7.0,0.0466,BC_7YEAR
2026-09-01,10.0,0.0479,BC_10YEAR
2026-09-01,20.0,0.0527,BC_20YEAR
2026-09-01,30.0,0.0527,BC_30YEAR
2026-09-02,0.08333333333333333,0.0383,BC_1MONTH
2026-09-02,0.16666666666666666,0.038900000000000004,BC_2MONTH
2026-09-02,0.25,0.0392,BC_3MONTH
2026-09-02,0.3333333333333333,0.04019999999999999,BC_4MONTH
2026-09-02,0.5,0.04,BC_6MONTH
2026-09-02,1.0,0.0416,BC_1YEAR
2026-09-02,2.0,0.043899999999999995,BC_2YEAR
2026-09-02,3.0,0.044500000000000005,BC_3YEAR
2026-09-02,5.0,0.0454,BC_5YEAR
2026-09-02,7.0,0.0466,BC_7YEAR
2026-09-02,10.0,0.0479,BC_10YEAR
2026-09-02,20.0,0.0527,BC_20YEAR
2026-09-02,30.0,0.0527,BC_30YEAR
2026-09-03,0.08333333333333333,0.0383,BC_1MONTH
2026-09-03,0.16666666666666666,0.0391,BC_2MONTH
2026-09-03,0.25,0.038900000000000004,BC_3MONTH
2026-09-03,0.3333333333333333,0.039900000000000005,BC_4MONTH
2026-09-03,0.5,0.0395,BC_6MONTH
2026-09-03,1.0,0.041100000000000005,BC_1YEAR
2026-09-03,2.0,0.0434,BC_2YEAR
2026-09-03,3.0,0.0441,BC_3YEAR
2026-09-03,5.0,0.0452,BC_5YEAR
2026-09-03,7.0,0.0463,BC_7YEAR
2026-09-03,10.0,0.04769999999999999,BC_10YEAR
2026-09-03,20.0,0.0525,BC_20YEAR
2026-09-03,30.0,0.0525,BC_30YEAR
2026-09-04,0.08333333333333333,0.0379,BC_1MONTH
2026-09-04,0.16666666666666666,0.039,BC_2MONTH
2026-09-04,0.25,0.0391,BC_3MONTH
2026-09-04,0.3333333333333333,0.04,BC_4MONTH
2026-09-04,0.5,0.0398,BC_6MONTH
2026-09-04,1.0,0.041299999999999996,BC_1YEAR
2026-09-04,2.0,0.0437,BC_2YEAR
2026-09-04,3.0,0.044500000000000005,BC_3YEAR
2026-09-04,5.0,0.0454,BC_5YEAR
2026-09-04,7.0,0.04650000000000001,BC_7YEAR
2026-09-04,10.0,0.0478,BC_10YEAR
2026-09-04,20.0,0.0525,BC_20YEAR
2026-09-04,30.0,0.0524,BC_30YEAR
2026-09-08,0.08333333333333333,0.0381,BC_1MONTH
2026-09-08,0.16666666666666666,0.0391,BC_2MONTH
2026-09-08,0.25,0.0394,BC_3MONTH
2026-09-08,0.3333333333333333,0.04019999999999999,BC_4MONTH
2026-09-08,0.5,0.04,BC_6MONTH
2026-09-08,1.0,0.0415,BC_1YEAR
2026-09-08,2.0,0.043899999999999995,BC_2YEAR
2026-09-08,3.0,0.0444,BC_3YEAR
2026-09-08,5.0,0.045700000000000005,BC_5YEAR
2026-09-08,7.0,0.046799999999999994,BC_7YEAR
2026-09-08,10.0,0.048,BC_10YEAR
2026-09-08,20.0,0.0526,BC_20YEAR
2026-09-08,30.0,0.0525,BC_30YEAR
2026-09-09,0.08333333333333333,0.0381,BC_1MONTH
2026-09-09,0.16666666666666666,0.0393,BC_2MONTH
2026-09-09,0.25,0.0395,BC_3MONTH
2026-09-09,0.3333333333333333,0.0406,BC_4MONTH
2026-09-09,0.5,0.0401,BC_6MONTH
2026-09-09,1.0,0.0417,BC_1YEAR
2026-09-09,2.0,0.0443,BC_2YEAR
2026-09-09,3.0,0.0449,BC_3YEAR
2026-09-09,5.0,0.0461,BC_5YEAR
2026-09-09,7.0,0.0471,BC_7YEAR
2026-09-09,10.0,0.0483,BC_10YEAR
2026-09-09,20.0,0.0528,BC_20YEAR
2026-09-09,30.0,0.0528,BC_30YEAR
2026-09-10,0.08333333333333333,0.0391,BC_1MONTH
2026-09-10,0.16666666666666666,0.0401,BC_2MONTH
2026-09-10,0.25,0.04,BC_3MONTH
2026-09-10,0.3333333333333333,0.041100000000000005,BC_4MONTH
2026-09-10,0.5,0.0407,BC_6MONTH
2026-09-10,1.0,0.042800000000000005,BC_1YEAR
2026-09-10,2.0,0.045599999999999995,BC_2YEAR
2026-09-10,3.0,0.0463,BC_3YEAR
2026-09-10,5.0,0.0475,BC_5YEAR
2026-09-10,7.0,0.0484,BC_7YEAR
2026-09-10,10.0,0.0495,BC_10YEAR
2026-09-10,20.0,0.053899999999999997,BC_20YEAR
2026-09-10,30.0,0.0537,BC_30YEAR
